predicted_probability,risk_group
0.5809717021478806,High
0.23488814387831658,Medium
0.17899882133621003,Medium
0.22465968044416973,Medium
0.12330843205931369,Low
0.22258213018600223,Medium
0.06318916907432554,Low
0.19099561610223897,Medium
0.2563035729915334,Medium
0.12822175000924524,Low
0.2404632273268295,Medium
0.06273758511498463,Low
0.06760939400783635,Low
0.4635055905503187,High
0.15195056150776615,Low
0.38740106321791973,High
0.41713776143138775,High
0.1100851126914911,Low
0.40091206087570774,High
0.35625500321125714,High
0.12367613974249815,Low
0.1818158804218323,Medium
0.5346752863747557,High
0.042865688680357054,Low
0.1789139464518437,Medium
0.18839384126578854,Medium
0.3528645099326564,High
0.1919375765306563,Medium
0.08932558829339884,Low
0.23565095696993185,Medium
0.04177391450103717,Low
0.419682656464592,High
0.16290005754536352,Low
0.01956335264156626,Low
0.04244828162075022,Low
0.08392915749255161,Low
0.1227283923126603,Low
0.20827800712803343,Medium
0.39816063478127284,High
0.11006521162190931,Low
0.09665573466598029,Low
0.14546768005979693,Low
0.23031343071424856,Medium
0.1698284739727451,Medium
0.25502829573697067,Medium
0.1259302405167881,Low
0.20412639502360305,Medium
0.11223366230224127,Low
0.030716888055502045,Low
0.24332133748502247,Medium
0.4832494481713499,High
0.20037570353899814,Medium
0.027912480210944373,Low
0.3005069171070029,Medium
0.33896791858615827,High
0.07242573858053203,Low
0.14236504860782218,Low
0.12297088390147297,Low
0.4204122131090116,High
0.06799596321940868,Low
0.17331287991762567,Medium
0.18583134066318976,Medium
0.7167390269603471,High
0.25709574764563053,Medium
0.19656695987942394,Medium
0.149003676354845,Low
0.7177580228388957,High
0.3479311080068642,High
0.23915872322600837,Medium
0.2621466246503662,Medium
0.1632946941486364,Low
0.5598878968939359,High
0.0960778521218655,Low
0.29819530367185254,Medium
0.045785701765915524,Low
0.3224667843682289,Medium
0.13325759872441298,Low
0.1588751175099326,Low
0.19282855608963706,Medium
0.3541676026356784,High
0.1232794950254907,Low
0.08209513972621763,Low
0.23225172068957234,Medium
0.20072729016590332,Medium
0.19853299632351143,Medium
0.11470830507738111,Low
0.2252086349551754,Medium
0.16520033930694084,Low
0.09683182894879051,Low
0.6187088575437388,High
0.5034268148881955,High
0.1677709440513415,Medium
0.08731828154360541,Low
0.12295234878797616,Low
0.19279820502930017,Medium
0.1804509501490144,Medium
0.07759247828847315,Low
0.13173378773456898,Low
0.23768856996805057,Medium
0.24222660922716646,Medium
0.05776103545409444,Low
0.0682463167429517,Low
0.11647218231750638,Low
0.17937516416945037,Medium
0.5327322133035111,High
0.15107920391355312,Low
0.08954205087404353,Low
0.10607688636732465,Low
0.12344698614484483,Low
0.3955366939781176,High
0.21621212402160334,Medium
0.2820218010695355,Medium
0.6281332479989917,High
0.1561637568037998,Low
0.2459276110838014,Medium
0.2899443023576269,Medium
0.11662426702658218,Low
0.4043751568804357,High
0.0433561177265644,Low
0.13943182365681117,Low
0.6034647678027605,High
0.4106528707207093,High
0.4313829194824272,High
0.21277476567832238,Medium
0.2774371176554256,Medium
0.3942785550778198,High
0.14369713150490293,Low
0.18558531506433684,Medium
0.29502225795982034,Medium
0.7014007035003679,High
0.1398668773100044,Low
0.3252608834372697,Medium
0.10276344082554414,Low
0.10896510589780137,Low
0.1859335092627991,Medium
0.39765156726116907,High
0.16513886274745204,Low
0.21682992472216536,Medium
0.16603528257777064,Low
0.20380844208930574,Medium
0.39468963546283964,High
0.12360826218246934,Low
0.39019162249319794,High
0.01855530298130672,Low
0.09715432819395231,Low
0.2781755192604369,Medium
0.2166934064283053,Medium
0.16973525857442626,Medium
0.5791254106239191,High
0.33334888812449376,High
0.20498262148753987,Medium
0.12154551149257005,Low
0.29500925596909006,Medium
0.11294123780950371,Low
0.19125059258516103,Medium
0.1608064047031956,Low
0.1385861824439294,Low
0.09030247549671984,Low
0.5737893545254916,High
0.7183766058426317,High
0.6705106677570762,High
0.4675540687446798,High
0.1518864849984296,Low
0.19064940950793535,Medium
0.22843671138161667,Medium
0.13849594026773562,Low
0.021795181589415444,Low
0.16106323265089553,Low
0.20061465041963672,Medium
0.19617992014331317,Medium
0.1490242523048606,Low
0.08986650378354583,Low
0.11252785567251153,Low
0.37288020176732306,High
0.37317906820067154,High
0.5417172415424667,High
0.10369329233885582,Low
0.4724069629913514,High
0.20959147865448655,Medium
0.24859703248270498,Medium
0.11062457553853887,Low
0.09443986223368231,Low
0.07650001177448794,Low
0.18947506103721912,Medium
0.23984851937136795,Medium
0.4798451874823234,High
0.09347775620953865,Low
0.4356202473287581,High
0.29333409650949344,Medium
0.7706296118686208,High
0.10630466497914379,Low
0.45076717509029307,High
0.11855101041106764,Low
0.16256853896934909,Low
0.18531096384976245,Medium
0.4715881559679991,High
0.12788929142476382,Low
0.20418947111877797,Medium
0.057664411619707576,Low
0.39905725693363414,High
0.12288199686473794,Low
0.24207909265918723,Medium
0.04388129962109101,Low
0.12990306285613187,Low
0.11434711701051252,Low
0.15632415146309891,Low
0.15863836525442468,Low
0.10333294155171246,Low
0.15054520474200986,Low
0.0978827459028897,Low
0.1740346305246751,Medium
0.36690819854113454,High
0.22448840853395485,Medium
0.2676700404126505,Medium
0.3320504353493051,High
0.22818459783739126,Medium
0.3845156023327471,High
0.33452990659354487,High
0.054207649932289444,Low
0.12962522714276445,Low
0.45460430132555624,High
0.06912273778655093,Low
0.07292156051143776,Low
0.08931082034252824,Low
0.4563040315780804,High
0.10424384841305268,Low
0.12570256140767655,Low
0.2676367088804882,Medium
0.3713688476673473,High
0.3638385559373647,High
0.1725877832297932,Medium
0.4431204259446107,High
0.17868311933582917,Medium
0.3240391543853497,Medium
0.21746053882553923,Medium
0.082899954793897,Low
0.13691561897074794,Low
0.0455067092043781,Low
0.1010121659190627,Low
0.19395951661428806,Medium
0.4621995664950327,High
0.19358216010250948,Medium
0.19544489586629582,Medium
0.1747624072379363,Medium
0.34906645501735284,High
0.23679285494239416,Medium
0.11090867410524623,Low
0.19147916467610054,Medium
0.16852718846497958,Medium
0.24276196391223356,Medium
0.36819570786093064,High
0.18342416281541557,Medium
0.12112188048710272,Low
0.10498460103810474,Low
0.06285150581998712,Low
0.24521800075716096,Medium
0.18238989342040934,Medium
0.07237617309544543,Low
0.22913130601835113,Medium
0.28444611115689733,Medium
0.06273942580447098,Low
0.18184656527124532,Medium
0.0821339494235938,Low
0.05525599922252734,Low
0.09350139399589452,Low
0.14345427506805752,Low
0.28786877124544485,Medium
0.17752082182474024,Medium
0.21784159942761447,Medium
0.6442282493737347,High
0.16761761512319978,Medium
0.30268375327438996,Medium
0.3736117982988137,High
0.16951996452229895,Medium
0.10246531857420575,Low
0.12291879757957314,Low
0.4882810553443103,High
0.13521681932956767,Low
0.23293687146111036,Medium
0.13417766490862693,Low
0.2527571827458709,Medium
0.09189691213983513,Low
0.10067308130635905,Low
0.15180602029330134,Low
0.11225303523066386,Low
0.028618529552825348,Low
0.3548689668902682,High
0.11986365396103234,Low
0.31597774554369534,Medium
0.21844588094670658,Medium
0.10582239459481674,Low
0.3566936410942904,High
0.8555401670421502,High
0.3220282375006262,Medium
0.3574555434336392,High
0.11504478490547744,Low
0.12676620074906822,Low
0.12840342273062696,Low
0.18664708797920226,Medium
0.27598032541438183,Medium
0.1654884581815669,Low
0.0782350974553716,Low
0.20171330408019236,Medium
0.2670883285457654,Medium
0.10645379661516498,Low
0.05596699072192104,Low
0.06777767131993652,Low
0.32971729327555427,High
0.7032966193748457,High
0.061445409312061015,Low
0.09392721689902739,Low
0.13141052022264643,Low
0.3146955426568757,Medium
0.24084417976907385,Medium
0.2108051109066995,Medium
0.19066720512388804,Medium
0.1671363629665652,Medium
0.2990322331708841,Medium
0.6788643699546092,High
0.36567718434793894,High
0.4051584059097284,High
0.08740441953904987,Low
0.14196810565612095,Low
0.1414474401229492,Low
0.08278021886456591,Low
0.2661431542827179,Medium
0.30081559690008863,Medium
0.6408950061991086,High
0.02130088615681569,Low
0.613732553382624,High
0.2800376535844673,Medium
0.27237801550642216,Medium
0.35733818285825114,High
0.4063998547364479,High
0.2485867307177207,Medium
0.10868416589716531,Low
0.09707227530644379,Low
0.10165899717554029,Low
0.20450038171776383,Medium
0.07876477521089362,Low
0.07074599396590926,Low
0.304704693738298,Medium
0.15743597307578208,Low
0.1054570912276094,Low
0.11820123479698058,Low
0.1019411157868615,Low
0.09640666737566284,Low
0.17154642242368237,Medium
0.1096655665466995,Low
0.21413190877833319,Medium
0.20809339594866907,Medium
0.1871821768724191,Medium
0.36097877261411504,High
0.1706052481608396,Medium
0.6530007488726957,High
0.15882827986082948,Low
0.1057450496688495,Low
0.0903433099608561,Low
0.06374815322684559,Low
0.05168639857501399,Low
0.5525044783074062,High
0.1393164964821086,Low
0.8220351921051537,High
0.4408472676287994,High
0.05592453800125492,Low
0.289747926670379,Medium
0.22431812347469832,Medium
0.35858419834866867,High
0.42185172795983816,High
0.7062052600980225,High
0.5045105701479179,High
0.06220202522215438,Low
0.3031995484812557,Medium
0.2619233253165829,Medium
0.17087220322947264,Medium
0.2620098535347852,Medium
0.5554643739906481,High
0.06079130577480734,Low
0.14577288750290981,Low
0.1872172219628951,Medium
0.13695125890827975,Low
0.6125490554912603,High
0.13097037252612004,Low
0.18612431266809673,Medium
0.18688381533213896,Medium
0.03262040591003284,Low
0.3060688258291305,Medium
0.16515373828527136,Low
0.14147145482118578,Low
0.17229197318594727,Medium
0.4147912936745808,High
0.306602332113428,Medium
0.16293352330526403,Low
0.14765895088415742,Low
0.11402219742490154,Low
0.09948418235187063,Low
0.2547118863075312,Medium
0.10319076686517929,Low
0.14114709843147924,Low
0.5804837602075008,High
0.1402809325424213,Low
0.21193673167725915,Medium
0.170496941237751,Medium
0.2626753142090564,Medium
0.5676130273528667,High
0.09495076304728706,Low
0.1981658618797592,Medium
0.2142209615676897,Medium
0.08071267683278704,Low
0.10691158373305627,Low
0.4829512499075336,High
0.20804202170384858,Medium
0.30008745880391546,Medium
0.35248704873889497,High
0.019413693678730005,Low
0.11540244599412389,Low
0.0443877006165184,Low
0.2572943181097349,Medium
0.20711962759177885,Medium
0.35706187225449,High
0.4922299814398635,High
0.08981416946764634,Low
0.07115119134642113,Low
0.5476030876613526,High
0.09989301332644208,Low
0.17114395065070442,Medium
0.5727452013927635,High
0.1552710721294125,Low
0.19416959057691074,Medium
0.10997140571803667,Low
0.13725788123386917,Low
0.07489177106500142,Low
0.1688467866439475,Medium
0.12038898524829654,Low
0.1506202290792328,Low
0.3888042881255661,High
0.17302399338495375,Medium
0.1962089844175126,Medium
0.2143745205534999,Medium
0.16329701268137026,Low
0.13570465061362422,Low
0.22834096763533177,Medium
0.38284249590207164,High
0.11179795359688553,Low
0.10378401144119771,Low
0.19661377396381394,Medium
0.12974237688892826,Low
0.1351257986488212,Low
0.0738834224385147,Low
0.17115487084210076,Medium
0.4254060186658998,High
0.3244383727765358,Medium
0.07684983371742618,Low
0.08297051977970707,Low
0.14701868030868145,Low
0.18306678616229044,Medium
0.544328109532383,High
0.17521249065804442,Medium
0.055361759093391576,Low
0.21428733401107217,Medium
0.12363605380318364,Low
0.08357784076108316,Low
0.08599703407762654,Low
0.11782424525863767,Low
0.3713459884482608,High
0.08978504971293487,Low
0.10903106522756192,Low
0.2105328469095548,Medium
0.10306864730785083,Low
0.094600796928873,Low
0.06502095907471979,Low
0.08135590118818772,Low
0.10141266695812086,Low
0.4541204112029355,High
0.11995654113926352,Low
0.19834257628862892,Medium
0.22513192704776136,Medium
0.24178905200127318,Medium
0.21531994499963153,Medium
0.1280772014468856,Low
0.18567225819209127,Medium
0.22561662073969,Medium
0.23117927461304008,Medium
0.4536803257621232,High
0.1129488265039619,Low
0.13922588742621886,Low
0.07886729080269914,Low
0.16278969833139656,Low
0.1509818132432415,Low
0.05848179968972618,Low
0.09527893636842528,Low
0.6889633560449544,High
0.16963466461230214,Medium
0.16335896158123037,Low
0.2802105838137152,Medium
0.16223901143578134,Low
0.09543522941614065,Low
0.27638929963831177,Medium
0.24176406313489682,Medium
0.3436567238524493,High
0.32203341818120135,Medium
0.5991999993460546,High
0.03534821972614053,Low
0.2345412910576304,Medium
0.07096957360570987,Low
0.16865851970660117,Medium
0.06588467823645733,Low
0.20380825709067282,Medium
0.2751271556139665,Medium
0.15676266624141874,Low
0.1532762599651667,Low
0.1415200513448541,Low
0.05819551327266966,Low
0.5731517720144848,High
0.2840072215161901,Medium
0.15356732083325522,Low
0.17826400289328714,Medium
0.23950315772577976,Medium
0.41185767254902267,High
0.1264241067550752,Low
0.2513598979389993,Medium
0.14017248757456913,Low
0.0692535235903482,Low
0.14426239870748486,Low
0.14918243582895147,Low
0.07889429947025665,Low
0.5041266802263743,High
0.3862713766741839,High
0.3345384993757574,High
0.14021877259609544,Low
0.14295403049924874,Low
0.21520799034056362,Medium
0.43439785295747047,High
0.48641436626391266,High
0.046926959169949586,Low
0.11377855333741853,Low
0.08093619285748072,Low
0.21025530460606895,Medium
0.2744907467281567,Medium
0.4030374812019132,High
0.16922155948338674,Medium
0.3744235142897164,High
0.7031197864334062,High
0.1509281431857291,Low
0.078163418989299,Low
0.125915124496131,Low
0.40724788022145486,High
0.10888840857758475,Low
0.08864211273457395,Low
0.13347456090106913,Low
0.3418841289588882,High
0.08066273324021915,Low
0.25306972359675195,Medium
0.364791318727741,High
0.040018873475484405,Low
0.08208066886062906,Low
0.04873003175480748,Low
0.18555577122069056,Medium
0.23992788185939548,Medium
0.19072841832677048,Medium
0.06616527259823514,Low
0.049432475868341756,Low
0.13177584312299773,Low
0.0624705315103748,Low
0.5399185863066507,High
0.022074041025357136,Low
0.18668113354795068,Medium
0.05288852742434721,Low
0.2005284023439853,Medium
0.24274311538936094,Medium
0.0958195094460766,Low
0.16724326310838633,Medium
0.11901568179087121,Low
0.07471177989396839,Low
0.07895066695572729,Low
0.2493962531044475,Medium
0.07227198025059699,Low
0.10286505819721577,Low
0.2464333932562415,Medium
0.06148767485807202,Low
0.39809355975326716,High
0.07460851095863459,Low
0.05978590990650526,Low
0.157529964259717,Low
0.17672637101572503,Medium
0.2775195640048535,Medium
0.43402381010968605,High
0.08370567572473481,Low
0.1351706071899001,Low
0.046206539948958916,Low
0.12153888815234669,Low
0.1561132699165537,Low
0.2702905111131928,Medium
0.20217159470379592,Medium
0.17239159384925862,Medium
0.15852563076511655,Low
0.09143799223043626,Low
0.32696687578416717,High
0.28895471971576436,Medium
0.20735981610126392,Medium
0.2211658229552025,Medium
0.1928769364222365,Medium
0.28127030289322325,Medium
0.5800700779310505,High
0.31691223858705214,Medium
0.6357965030405698,High
0.2914991921202081,Medium
0.1682054217227378,Medium
0.02965514522052126,Low
0.13963783531281487,Low
0.0968414758537921,Low
0.25328823289449937,Medium
0.23180049317308418,Medium
0.5365482815069119,High
0.4191774261628847,High
0.18603628740245423,Medium
0.35651758385366666,High
0.13951164151681633,Low
0.18603892570577188,Medium
0.16719018223944795,Medium
0.17931068435112146,Medium
0.12497718921187272,Low
0.25042601468323056,Medium
0.340913224113374,High
0.17590178394049044,Medium
0.2519324878199972,Medium
0.23322729692066752,Medium
0.1459589623286915,Low
0.2584189100878586,Medium
0.06440461085754086,Low
0.18350092950247696,Medium
0.21752796409009947,Medium
0.2459575113362909,Medium
0.1376010443639271,Low
0.19695678336626446,Medium
0.2119334586266936,Medium
0.2566490262764475,Medium
0.27716361758312985,Medium
0.044375413470333525,Low
0.15836999751229155,Low
0.13481197647101995,Low
0.20452835604930042,Medium
0.11899070011179003,Low
0.07822033183868628,Low
0.3200328748991208,Medium
0.15059496521502727,Low
0.4520814604605021,High
0.147003326648288,Low
0.534748692179596,High
0.996282187469739,High
0.09781322815057503,Low
0.0901489812093558,Low
0.21614469701584318,Medium
0.29935106498240716,Medium
0.22911629101787329,Medium
0.03512106398780702,Low
0.1511954505408722,Low
0.15602413804605883,Low
0.18466437448734185,Medium
0.15136554188753587,Low
0.021796471225689524,Low
0.1996707399517125,Medium
0.13141729639525787,Low
0.22196818082475175,Medium
0.306585551745273,Medium
0.13984367224673613,Low
0.21614718159001908,Medium
0.23980991839782712,Medium
0.47838444437859207,High
0.6652547852611761,High
0.31615436162629235,Medium
0.27490333982568954,Medium
0.3032992051812633,Medium
0.9317808548178625,High
0.15087027795063895,Low
0.6849591054403653,High
0.38911494782039524,High
0.09603449035452724,Low
0.06919381193829105,Low
0.06191097591434642,Low
0.21639486012934675,Medium
0.09970051224125945,Low
0.27412095447768214,Medium
0.09929152072630981,Low
0.10607589329426467,Low
0.12715622172907992,Low
0.19106643700562898,Medium
0.08954241868623987,Low
0.1666553099702365,Low
0.1974310603393455,Medium
0.10584670010636853,Low
0.2672885996266138,Medium
0.2735926861039878,Medium
0.31444962950163263,Medium
0.03022168186106065,Low
0.11887875019241738,Low
0.20181272346528875,Medium
0.2413006352604136,Medium
0.02561248686196279,Low
0.16547128511129594,Low
0.0632994061623254,Low
0.1242256593291703,Low
0.22526906125213192,Medium
0.5656201534867218,High
0.6392713081009179,High
0.14913017206615142,Low
0.35805085389173996,High
0.6366790734119993,High
0.30124094247266087,Medium
0.289975534476295,Medium
0.27598964917248403,Medium
0.23957096733300134,Medium
0.3266747075886298,High
0.43191700497473806,High
0.06437786564837014,Low
0.22603764975177598,Medium
0.12867949798070394,Low
0.1882702420987199,Medium
0.40961301661609717,High
0.15311640577712776,Low
0.264149587946669,Medium
0.2490207449656004,Medium
0.19277639883298014,Medium
0.07628311463415756,Low
0.2726286854476416,Medium
0.3723465036865769,High
0.05332927226452086,Low
0.07533408791954868,Low
0.1091405860517727,Low
0.31449679595260305,Medium
0.20709696327584606,Medium
0.14318566506932515,Low
0.46567196213590745,High
0.1668096995695366,Medium
0.23842336172805284,Medium
0.059811220639476505,Low
0.12092971922836585,Low
0.1157997024828467,Low
0.1372156221838127,Low
0.4191993194418105,High
0.14902679713985892,Low
0.12808229625707557,Low
0.21401182663967752,Medium
0.24935256512936313,Medium
0.022039783221713065,Low
0.16231791515743782,Low
0.21763893072589183,Medium
0.09214086882396332,Low
0.33222816258928994,High
0.9936199553707781,High
0.3482779261343823,High
0.44514328500578515,High
0.20517462293584524,Medium
0.09855160144974338,Low
0.1342852597705367,Low
0.15267403440906677,Low
0.11367245009873063,Low
0.320686295731696,Medium
0.1501233242609733,Low
0.18629675973995982,Medium
0.416643977642325,High
0.1709052985321476,Medium
0.06726538063083015,Low
0.13755226704782578,Low
0.09321888293615684,Low
0.11714479269360348,Low
0.16476891965155446,Low
0.06769404783266436,Low
0.20046939468143896,Medium
0.05831796860248051,Low
0.03565938362245479,Low
0.14956188161158288,Low
0.29572784896687476,Medium
0.14064186448994334,Low
0.14142342672466834,Low
0.2803558804474119,Medium
0.029761826923827298,Low
0.1613431877417206,Low
0.30935215454253023,Medium
0.40164188242209453,High
0.28648047367019225,Medium
0.19340242211064182,Medium
0.4813762360953551,High
0.38708069810819656,High
0.18475510115748206,Medium
0.1581596905679291,Low
0.12129754115822278,Low
0.09330422645566146,Low
0.21049796827709355,Medium
0.12380284818469497,Low
0.47327338936215224,High
0.4167976924624945,High
0.12219858485945341,Low
0.3747080092372164,High
0.2198210320208313,Medium
0.15795063887397132,Low
0.11419747499726876,Low
0.1780589221828388,Medium
0.5927392490491298,High
0.188297503563584,Medium
0.11186176721108083,Low
0.865147708992773,High
0.1389848447239368,Low
0.11195186541326416,Low
0.1900107855336651,Medium
0.2675688080420061,Medium
0.23750501792909057,Medium
0.37599244822226024,High
0.22442957168779332,Medium
0.09411700712163196,Low
0.2870839374466792,Medium
0.1262583022086217,Low
0.33091461788022025,High
0.11900106045048989,Low
0.45875643931530075,High
0.1725934396273388,Medium
0.5374601731583108,High
0.12938623923553777,Low
0.08195464506867772,Low
0.14749827817141675,Low
0.06714983563817796,Low
0.3009508012999908,Medium
0.15289871564782906,Low
0.24481664010566492,Medium
0.21120213180578568,Medium
0.2766108976800734,Medium
0.49071473277075567,High
0.3159929844568684,Medium
0.10697630308051795,Low
0.1608321323774273,Low
0.1107009792458631,Low
0.9961628732502193,High
0.10517624930314617,Low
0.0986605800381561,Low
0.2207845891463639,Medium
0.09624607381017189,Low
0.5902642281125242,High
0.24534404964656983,Medium
0.08596430478773906,Low
0.4139454740127529,High
0.28536414984816355,Medium
0.16841407944489845,Medium
0.09496564941583173,Low
0.3550743141931787,High
0.06973335293432299,Low
0.07031504864861673,Low
0.044253536751069245,Low
0.5131470627808646,High
0.8614785298701465,High
0.300999572371908,Medium
0.32700965843140184,High
0.4683139423171179,High
0.2662068743831711,Medium
0.1591439583509255,Low
0.18368266553582752,Medium
0.037006181621954744,Low
0.3558146145500409,High
0.6060479031253848,High
0.12288232776844833,Low
0.29430211392263667,Medium
0.13810240937655002,Low
0.0436723420358426,Low
0.9344105402850227,High
0.23925064609526803,Medium
0.18186613648361122,Medium
0.2554265517241661,Medium
0.14795670212077017,Low
0.20937061886981229,Medium
0.14710631011889544,Low
0.07255671668006082,Low
0.29004919936604007,Medium
0.19856651834788994,Medium
0.022071633988534827,Low
0.08560584258699669,Low
0.16162675782642943,Low
0.2743464210891162,Medium
0.1321706460495548,Low
0.06934232012488065,Low
0.1978924855968679,Medium
0.5534780279683743,High
0.09234227616888016,Low
0.40185034382962537,High
0.1086473470159785,Low
0.21387192293715337,Medium
0.2037701505826306,Medium
0.14518272126786513,Low
0.03599803023778913,Low
0.058622465780815355,Low
0.2504779806353328,Medium
0.09992021457680882,Low
0.15472185911674677,Low
0.31175230439639473,Medium
0.24255994374594156,Medium
0.12425685168271483,Low
0.19587757654305651,Medium
0.08421124935929869,Low
0.5971021026333599,High
0.5139206988961199,High
0.2937591177056454,Medium
0.12139913685130224,Low
0.1110885694005458,Low
0.1718483886690029,Medium
0.12413080659643483,Low
0.22523271274262593,Medium
0.46117249660990794,High
0.21821770709435082,Medium
0.6826412071535886,High
0.17794456309883722,Medium
0.196853761631107,Medium
0.0409159023285205,Low
0.4171695543862193,High
0.04376639129038977,Low
0.1661615520084161,Low
0.3389443236530857,High
0.23699358851398677,Medium
0.15867663319296355,Low
0.20707567795529355,Medium
0.39420292221043596,High
0.08290689041649824,Low
0.12603576627887486,Low
0.32962155907810076,High
0.2354385440374965,Medium
0.18050917156407556,Medium
0.16916546790789996,Medium
0.17082400770447087,Medium
0.16366615714672975,Low
0.3251114774008074,Medium
0.18295265378834832,Medium
0.01693872990124771,Low
0.04875549638608053,Low
0.11879525509276413,Low
0.07710455767389314,Low
0.47203154294181254,High
0.6109850320719711,High
0.2727216902451521,Medium
0.226777087747747,Medium
0.1407795322087478,Low
0.22682071450678232,Medium
0.47626077630749086,High
0.04745244717127704,Low
0.24193646374946015,Medium
0.13471261893332723,Low
0.11284889836779542,Low
0.8594158539852529,High
0.03579898081284377,Low
0.14979909214331308,Low
0.10886896571963328,Low
0.26224917353154326,Medium
0.06666845956284911,Low
0.15273524098651983,Low
0.1811625252856327,Medium
0.16916442262841414,Medium
0.03893608887494328,Low
0.11349125170823332,Low
0.09920259100284974,Low
0.15198140850949504,Low
0.16318792960802148,Low
0.1687749820401869,Medium
0.05466370406524506,Low
0.11330564492207093,Low
0.45217789251018004,High
0.18665844019091424,Medium
0.16014424280577902,Low
0.15258845350544173,Low
0.11887179264127092,Low
0.07857414982265312,Low
0.38003278311048044,High
0.11792357222583252,Low
0.13971744819642865,Low
0.19192122735938455,Medium
0.08132445949098908,Low
0.1346466349101461,Low
0.6211812710900204,High
0.0549338227240127,Low
0.1645145096887343,Low
0.1543050642418798,Low
0.4892014105937431,High
0.12001486452921879,Low
0.22385923721286952,Medium
0.10159430555771916,Low
0.16531821365712202,Low
0.9962212218640584,High
0.012520103519999517,Low
0.1870677824656063,Medium
0.037777495315324615,Low
0.19114412484298152,Medium
0.033100432149231196,Low
0.13565842093628633,Low
0.4856740478641601,High
0.4669111460797409,High
0.13841745232204705,Low
0.23959075821301562,Medium
0.16292718304373596,Low
0.1367844460184069,Low
0.34401735228376,High
0.07008015746173259,Low
0.2838307282625511,Medium
0.4139193391337354,High
0.14322441555699167,Low
0.4186031439919164,High
0.18431300905786197,Medium
0.09800186915470359,Low
0.1259628455558764,Low
0.371223605614498,High
0.0421926714187979,Low
0.09579958848847937,Low
0.13851952770673326,Low
0.1259220730214471,Low
0.46443246013679196,High
0.20313401362683275,Medium
0.11607386466527471,Low
0.1435419672280704,Low
0.03771631149726687,Low
0.18106875942537018,Medium
0.16869271917776685,Medium
0.1508930164676155,Low
0.18553162164461015,Medium
0.26661646209010903,Medium
0.29003776396111697,Medium
0.06902387212590906,Low
0.23556092262864742,Medium
0.10216057864022872,Low
0.032020086650229394,Low
0.1430361115460412,Low
0.034735081224289095,Low
0.1931000890959772,Medium
0.13504977174241517,Low
0.03204700865378807,Low
0.2611816434511163,Medium
0.6676672044461148,High
0.11103319814102598,Low
0.10662432842584754,Low
0.19785057128452435,Medium
0.14514116229985805,Low
0.3500239643627937,High
0.45375832653224124,High
0.156440454059383,Low
0.15740095999608347,Low
0.15243526805430993,Low
0.092136166795948,Low
0.20315457548279528,Medium
0.45080742496481474,High
0.20291922377762775,Medium
0.15330858598941363,Low
0.6682172827608097,High
0.16525002016196322,Low
0.14299102919385687,Low
0.36046039149265713,High
0.06462336291651674,Low
0.31552955141693484,Medium
0.7865672159825396,High
0.07048027595597559,Low
0.1834247557419626,Medium
0.16826436755463256,Medium
0.6328680168953712,High
0.17690710005681354,Medium
0.31486052287783556,Medium
0.22944322012219165,Medium
0.12809273545853686,Low
0.46465179482332564,High
0.28205788253703523,Medium
0.22217910965995208,Medium
0.09705840228746926,Low
0.11230593611705707,Low
0.46648535204103814,High
0.13076982167094464,Low
0.1397584848947899,Low
0.14474429844082776,Low
0.07266162666778692,Low
0.23404916696833986,Medium
0.0945857181545144,Low
0.059219718375339035,Low
0.02848325571316238,Low
0.01294276473268102,Low
0.21264852597101108,Medium
0.1798119670289402,Medium
0.10603517171793174,Low
0.0272880006797058,Low
0.14838429360538719,Low
0.19261084202552498,Medium
0.151989447446816,Low
0.6837265094165397,High
0.6527543394130921,High
0.4234954582697622,High
0.10276459759836963,Low
0.22475390364968176,Medium
0.07413414475064803,Low
0.3967195796176445,High
0.21887030203372687,Medium
0.14419426177488637,Low
0.2130975813674396,Medium
0.11374518287722,Low
0.2601339468003858,Medium
0.4028990446761649,High
0.421465706799834,High
0.09113211192595679,Low
0.12081383470281865,Low
0.4112069724351081,High
0.1877509995540665,Medium
0.231036403712333,Medium
0.2954135182011419,Medium
0.3147211243872874,Medium
0.2945011875193852,Medium
0.04807477287636241,Low
0.6199994118823716,High
0.10758070176355458,Low
0.09090220625157705,Low
0.11225222091006117,Low
0.22147387298673352,Medium
0.4061378251549205,High
0.3781341914322158,High
0.11289235394722864,Low
0.1414356750373918,Low
0.13898149883032773,Low
0.2502658375998085,Medium
0.05653830557584592,Low
0.16084402066842698,Low
0.5023451388010711,High
0.39904264103774556,High
0.21649391515511787,Medium
0.22739763727629878,Medium
0.6550119001809018,High
0.22087385570052354,Medium
0.20938038607720438,Medium
0.04724821682254824,Low
0.19980482967943056,Medium
0.03090447640346846,Low
0.07599016505698535,Low
0.35905999612834494,High
0.2542349267893673,Medium
0.11928508892012489,Low
0.2875182263543063,Medium
0.7303933091213255,High
0.6349538109163283,High
0.5155741208892411,High
0.19850311600682036,Medium
0.14829791222814517,Low
0.2682345250415091,Medium
0.19185098255646363,Medium
0.10328169211624866,Low
0.27372936854614066,Medium
0.34497627318036994,High
0.11827092154624258,Low
0.13627913253993668,Low
0.3799868779719695,High
0.47257541370998424,High
0.93244518451039,High
0.30344618983515037,Medium
0.2782447973814452,Medium
0.33624054441780815,High
0.15729921170574174,Low
0.24922261240183086,Medium
0.5170628735133762,High
0.09543928154485619,Low
0.6051732263994754,High
0.05160803116649603,Low
0.0823477428080398,Low
0.35392881479782945,High
0.1553375777215369,Low
0.4354567974013944,High
0.22704941421092042,Medium
0.03893715749243219,Low
0.18605668945044304,Medium
0.11098840231008325,Low
0.16462266592024533,Low
0.22341983767173032,Medium
0.1478367956173001,Low
0.21771010965764553,Medium
0.1076986579246309,Low
0.2057127210989667,Medium
0.2464100774680614,Medium
0.10346187798544777,Low
0.040441732442617014,Low
0.11391484969813861,Low
0.09229540049219408,Low
0.5663153727771344,High
0.2167788128845436,Medium
0.13619412358249305,Low
0.24454574503154844,Medium
0.1984226246759876,Medium
0.1839577952527936,Medium
0.16200828970661102,Low
0.4149379396248646,High
0.08779889844023543,Low
0.07491913555474858,Low
0.299136155667406,Medium
0.17714161324753547,Medium
0.143741166543836,Low
0.14070909072616103,Low
0.1002504440596567,Low
0.2028181776822119,Medium
0.0333519766097528,Low
0.07725322073156184,Low
0.07367367833978891,Low
0.15529368968427956,Low
0.06431532485598263,Low
0.19022963537434034,Medium
0.25382014254002605,Medium
0.10087111784332838,Low
0.1161595254189457,Low
0.11813539778380984,Low
0.20561944654215772,Medium
0.09820540914865171,Low
0.4969480966347568,High
0.16067440215080775,Low
0.14243154346715917,Low
0.6674296569702601,High
0.15854564371093618,Low
0.17982177356766502,Medium
0.1464415059420477,Low
0.10899113481072815,Low
0.11187248088378228,Low
0.09229746851075615,Low
0.17776875588769986,Medium
0.09117100159632839,Low
0.10908064269841865,Low
0.05085753637423721,Low
0.07621317525360236,Low
0.23576898893591874,Medium
0.13358901726714895,Low
0.09802984666608097,Low
0.09432626062510441,Low
0.12926452004994193,Low
0.07801443348620837,Low
0.24482100125661851,Medium
0.22528630867477825,Medium
0.11864877248348855,Low
0.021035506457903735,Low
0.16661948692878087,Low
0.20155732445542768,Medium
0.17751717198566327,Medium
0.20097713576283222,Medium
0.3604592948854224,High
0.18210406555367642,Medium
0.08095453174211843,Low
0.18331910725073966,Medium
0.5519015363681893,High
0.06695277076138363,Low
0.16873074032526197,Medium
0.10553851703613862,Low
0.20219119291696366,Medium
0.5012426769809878,High
0.11806801372439474,Low
0.4381045683083821,High
0.2457950743860919,Medium
0.11881678725965887,Low
0.6368492612567086,High
0.1378723776046195,Low
0.07493128154572253,Low
0.9386249980963208,High
0.07377739741033815,Low
0.15175347969833572,Low
0.21977211927848841,Medium
0.16543416636106828,Low
0.1372284940201628,Low
0.3371019646365547,High
0.06526776624348274,Low
0.06048257154785438,Low
0.14515182623231435,Low
0.5312626157236202,High
0.18226030345672792,Medium
0.12543015334911223,Low
0.2559693968391688,Medium
0.2407972512794247,Medium
0.12039730758898574,Low
0.0688755374527378,Low
0.10212470395568371,Low
0.43930699009515906,High
0.22608314235437701,Medium
0.1442856136071422,Low
0.20714311875372543,Medium
0.47312373070000857,High
0.06878722081686324,Low
0.12173659761009933,Low
0.15502651121880756,Low
0.16749139492171417,Medium
0.04048611903148006,Low
0.20496704356825027,Medium
0.20408519424248805,Medium
0.06738779672532111,Low
0.1355821678810197,Low
0.37211130140810383,High
0.049119121519721275,Low
0.05344780424873514,Low
0.1127548186783372,Low
0.1466765273932021,Low
0.10182636636276587,Low
0.029005080043564852,Low
0.5707055105290664,High
0.1183693286276096,Low
0.20808764477705025,Medium
0.25405676823522866,Medium
0.27660145827584465,Medium
0.0809069034172318,Low
0.16391311190960373,Low
0.10528208067560593,Low
0.48359349929379974,High
0.038370813348347424,Low
0.21335034018665766,Medium
0.2206789149912807,Medium
0.5997193699028402,High
0.2736823932423397,Medium
0.2262090991106411,Medium
0.2625123779962915,Medium
0.2434971735534661,Medium
0.12800514368876426,Low
0.10810359192402294,Low
0.158838003233791,Low
0.2254905796676803,Medium
0.14817555242037075,Low
0.5875044959796991,High
0.6056176416197347,High
0.16039792566462535,Low
0.11546987425602535,Low
0.5342375540736645,High
0.25753104046405473,Medium
0.025711236512819733,Low
0.21205904080320856,Medium
0.36969698703875803,High
0.06829591183349652,Low
0.015311896212262593,Low
0.18884288167575358,Medium
0.0813672433556007,Low
0.2804208521269415,Medium
0.22344161225584802,Medium
0.5080615550000674,High
0.15634781556991398,Low
0.2585551041519169,Medium
0.15705214046001087,Low
0.19644968681787617,Medium
0.1290244945845776,Low
0.17383020491839013,Medium
0.3974596940798289,High
0.09121974106197274,Low
0.041859456722635094,Low
0.1726451002540854,Medium
0.6204867849855766,High
0.1344787131264499,Low
0.22155816343409918,Medium
0.4202700579112217,High
0.03963690846823681,Low
0.0342146543670228,Low
0.09474759376183368,Low
0.39962451538309585,High
0.086462433199127,Low
0.31920205188822925,Medium
0.12306320383555747,Low
0.07108900565030207,Low
0.049290866296320714,Low
0.5589621474369747,High
0.3923499717915905,High
0.11673366598097529,Low
0.23750257716105863,Medium
0.28776665058805273,Medium
0.21910785156032722,Medium
0.20870426184223168,Medium
0.1853116306526985,Medium
0.5775200773269566,High
0.1191843873365183,Low
0.10904955860023088,Low
0.14576869433040643,Low
0.11855093963206606,Low
0.4302952473429873,High
0.16386789590790857,Low
0.38725736409509265,High
0.3101915177134516,Medium
0.0569286248904066,Low
0.19281265510472165,Medium
0.4216817702678085,High
0.13210754570077504,Low
0.0517790122075598,Low
0.11962861960046418,Low
0.8845571760355687,High
0.15475647007697,Low
0.07605940029936017,Low
0.16097575971039635,Low
0.25958399360510515,Medium
0.10999797239854835,Low
0.1533806351142672,Low
0.45326486690310064,High
0.2893252373858981,Medium
0.37722138134343536,High
0.15450033458959594,Low
0.05373228832527497,Low
0.21401367585282927,Medium
0.056281871583288366,Low
0.03897561412211993,Low
0.47772763331933693,High
0.1396666907642323,Low
0.32201920955442975,Medium
0.8418150933291182,High
0.1443492153882709,Low
0.18104309188268636,Medium
0.21148809795299642,Medium
0.02427965023961354,Low
0.06057854401335299,Low
0.4025092505405821,High
0.20655788987848858,Medium
0.5167522213898629,High
0.2856419707165093,Medium
0.14820695999315575,Low
0.6171214410289924,High
0.23404538736848451,Medium
0.09406584573033845,Low
0.161081072549856,Low
0.10162081769734038,Low
0.03904793955730508,Low
0.15184754877060053,Low
0.0990211170956818,Low
0.04645825758099503,Low
0.05315159058959273,Low
0.06595280860409006,Low
0.16063767067840548,Low
0.07214281181649568,Low
0.07390639908816267,Low
0.15887314957793566,Low
0.06481059041840824,Low
0.19077101557140372,Medium
0.20183581925413516,Medium
0.019184044395940614,Low
0.16609817229234283,Low
0.10249723039791463,Low
0.13362907847465716,Low
0.3216875956337864,Medium
0.15637225127853652,Low
0.10319133333056889,Low
0.053182417685842975,Low
0.7169429751900958,High
0.5194626896313529,High
0.13032837383655702,Low
0.2221221658387704,Medium
0.5787183603168161,High
0.4299294282462035,High
0.2632121140097815,Medium
0.14889086489183798,Low
0.7149086450207153,High
0.17309909717590294,Medium
0.0993045954115045,Low
0.42291685564493314,High
0.12325278084549711,Low
0.3328730082422474,High
0.2234611887433517,Medium
0.17598877385880987,Medium
0.0340882008332769,Low
0.5290720313310799,High
0.6088565248158728,High
0.3685977411206871,High
0.09771558656190203,Low
0.25050949680706064,Medium
0.18342286191513957,Medium
0.2413595178551613,Medium
0.12660832293774021,Low
0.09771791372351434,Low
0.28510816800646516,Medium
0.2117312614899307,Medium
0.3268690225438661,High
0.23805107906696651,Medium
0.5190869731053185,High
0.10547782469483026,Low
0.24145428483006526,Medium
0.863757306198906,High
0.33605966830144623,High
0.10701496810928963,Low
0.08657995308555659,Low
0.08498119713090282,Low
0.20828805515958226,Medium
0.35037492741264714,High
0.1650227598639038,Low
0.1476717779892663,Low
0.24172261230814768,Medium
0.23916546810947986,Medium
0.3594564078763215,High
0.12846362324501634,Low
0.13567290261837617,Low
0.11537512739616633,Low
0.1051586996502998,Low
0.09016115645312602,Low
0.2496277234538112,Medium
0.26078208684126025,Medium
0.2761890787776962,Medium
0.11707107458325389,Low
0.2843316034299513,Medium
0.12451273634610771,Low
0.0927129845420026,Low
0.16636002238736577,Low
0.9448234518497771,High
0.09237859778879028,Low
0.1964005020383597,Medium
0.6711287890398215,High
0.39737450342330766,High
0.06902643872789668,Low
0.13473390794457824,Low
0.3732400919525023,High
0.1079872257418254,Low
0.09622989649146248,Low
0.641547729506325,High
0.3139424050231176,Medium
0.22771543372158365,Medium
0.17990949925532992,Medium
0.29175894624800713,Medium
0.20746245612707584,Medium
0.3780638227838872,High
0.1460925182296739,Low
0.20609652688793065,Medium
0.18202515702196492,Medium
0.19115451279070333,Medium
0.12334084698405924,Low
0.17515224006742602,Medium
0.066651804454879,Low
0.5950803736379275,High
0.10146595635722556,Low
0.4862223955227054,High
0.17987070196567811,Medium
0.222562224947413,Medium
0.21894639807445979,Medium
0.17061590816219468,Medium
0.19122629835474855,Medium
0.4611236839333042,High
0.22625710805656482,Medium
0.1321900886918271,Low
0.1811430658978964,Medium
0.8938151766352387,High
0.1484456351256123,Low
0.6516045197834259,High
0.16016868143338445,Low
0.3508769885800434,High
0.16061390428938377,Low
0.21276665816924503,Medium
0.4024281890022213,High
0.1450148660062559,Low
0.06585913994935434,Low
0.023728953864824234,Low
0.48854618645132203,High
0.15017739090109783,Low
0.2452057237270316,Medium
0.15282667989689072,Low
0.1454692955846803,Low
0.45464238556462977,High
0.08557574292874631,Low
0.18025579669115663,Medium
0.42744843206296296,High
0.3643999179860413,High
0.13806933522091722,Low
0.1992987696082013,Medium
0.3280217930142965,High
0.07512335311789864,Low
0.15227963361008645,Low
0.1948007861723426,Medium
0.08994723998601853,Low
0.14226571544774816,Low
0.18828542898849276,Medium
0.17641687322040817,Medium
0.26947895390536064,Medium
0.45215597280283754,High
0.36917167623823177,High
0.019534334819720767,Low
0.22857347498612438,Medium
0.13040142329797919,Low
0.5112616863401253,High
0.19774830126828738,Medium
0.26855108122575905,Medium
0.17509880476310127,Medium
0.14759140384869432,Low
0.3158864108341694,Medium
0.141748670030914,Low
0.2587518868080892,Medium
0.17145993591538952,Medium
0.12598344923056845,Low
0.31358791450794954,Medium
0.09642336060152698,Low
0.3795771856565436,High
0.48393127459415347,High
0.22341101193815482,Medium
0.1745310429776422,Medium
0.3419011474723125,High
0.13037671592344185,Low
0.06848716809012896,Low
0.21873580419491945,Medium
0.2999276333334806,Medium
0.09145886594455105,Low
0.11230358552070219,Low
0.29259911053241544,Medium
0.22968607107011008,Medium
0.5506982482085895,High
0.19695294689768994,Medium
0.1665583516787504,Low
0.12661965139446596,Low
0.18411395173712883,Medium
0.05772956780562252,Low
0.1182557968218883,Low
0.23025667655748325,Medium
0.43037728764705985,High
0.17222446405578837,Medium
0.02701706746971696,Low
0.14366898099890563,Low
0.13840348137098119,Low
0.23301212113467906,Medium
0.12762021057539122,Low
0.06240089244017923,Low
0.23499244211201067,Medium
0.09175182620051535,Low
0.40364832688072855,High
0.13163118876410174,Low
0.0834593507096418,Low
0.03106575739042945,Low
0.22476708129624728,Medium
0.642471459722665,High
0.13073072332586463,Low
0.11176035002910631,Low
0.17674104820274292,Medium
0.2286357462928841,Medium
0.055175521400889216,Low
0.07831465259756606,Low
0.16237868970245456,Low
0.16072914557982293,Low
0.20570739317107115,Medium
0.46216589267775005,High
0.08103596764515396,Low
0.10682589531072477,Low
0.10781174101219688,Low
0.10451831675081968,Low
0.09693357007750615,Low
0.21779252236683463,Medium
0.05971925489841393,Low
0.17825897509597613,Medium
0.6834530358375852,High
0.25918964322791105,Medium
0.24013731880615743,Medium
0.5221801406770429,High
0.1553629423818318,Low
0.11894061638793392,Low
0.0503073648889609,Low
0.15642574859734457,Low
0.045979768453551215,Low
0.12885790898036434,Low
0.1804101006118569,Medium
0.23796331528110312,Medium
0.6004419001819711,High
0.48924474813262814,High
0.13802428274143705,Low
0.11753763545922971,Low
0.12316677365901023,Low
0.28152080923165357,Medium
0.17299240053982518,Medium
0.5336886661358379,High
0.2286158085646631,Medium
0.5707787730832127,High
0.12204669088371993,Low
0.08723607061901198,Low
0.2388639318060893,Medium
0.1149340959382755,Low
0.07411012955657426,Low
0.21532826460408974,Medium
0.42516934515541516,High
0.18460700448045367,Medium
0.0993753475105667,Low
0.1843976569246189,Medium
0.2072737907591023,Medium
0.1295502365936235,Low
0.1967846750752096,Medium
0.44897314792009735,High
0.1653275706181553,Low
0.07215250709602498,Low
0.06822629648329745,Low
0.070604846638958,Low
0.2166778965699448,Medium
0.5758232830238695,High
0.48169410804519036,High
0.0713012690027257,Low
0.4086335144706256,High
0.20453144425899136,Medium
0.2691550461536032,Medium
0.07744558554215106,Low
0.06796442693570595,Low
0.07905016690949451,Low
0.18180268060606553,Medium
0.07294631553656704,Low
0.1176253315090792,Low
0.22235781562892318,Medium
0.19208684389391467,Medium
0.09891984379514425,Low
0.18134297950316705,Medium
0.18542227981208073,Medium
0.22396355064584933,Medium
0.18969801037898276,Medium
0.05269157331569721,Low
0.13277939815549097,Low
0.18774552540019382,Medium
0.23411586910103616,Medium
0.29327884288706446,Medium
0.022067716941261386,Low
0.09415609174758044,Low
0.07608656433418759,Low
0.11753577372614718,Low
0.1251086820071732,Low
0.10700437857852708,Low
0.4715676599808475,High
0.1407982705908115,Low
0.1451768492777146,Low
0.05546928791163305,Low
0.27045768669267023,Medium
0.2357505035498131,Medium
0.19136749867161207,Medium
0.10687194129954355,Low
0.18169349248380134,Medium
0.32373989367527173,Medium
0.5270904847915705,High
0.11139119083003449,Low
0.14386289932086868,Low
0.029033579369392853,Low
0.1538696501271357,Low
0.1469171487633705,Low
0.4525986382676873,High
0.11699343173321258,Low
0.34689865752533255,High
0.21659339165731376,Medium
0.1388726809997675,Low
0.09601275727692894,Low
0.052832924946609336,Low
0.5528399581595498,High
0.12055325174595768,Low
0.2120556223241451,Medium
0.38823242430901667,High
0.10164852866357947,Low
0.08853085728976103,Low
0.11495348062934253,Low
0.40696006232984594,High
0.4587121627690144,High
0.23582675622945454,Medium
0.5016407014145299,High
0.07905731172336046,Low
0.08932161446856031,Low
0.16209395295041854,Low
0.17394002859855467,Medium
0.06700332828443488,Low
0.16740474258891283,Medium
0.318411152120253,Medium
0.1437925705799183,Low
0.23119316090164355,Medium
0.30834831946511965,Medium
0.16193476446848357,Low
0.11274805972318172,Low
0.0718576324613262,Low
0.11966153729208563,Low
0.055015518251413896,Low
0.19018893697235825,Medium
0.08134046165233741,Low
0.15527794291079589,Low
0.1283362050093588,Low
0.14956386249434409,Low
0.11379502812797515,Low
0.8633998292273412,High
0.03995334513755447,Low
0.1316322889622028,Low
0.2324879081182373,Medium
0.27906120275319307,Medium
0.19828319092702149,Medium
0.11087121584312867,Low
0.24142800670516446,Medium
0.3867205198458936,High
0.23442843496895485,Medium
0.2140618717268182,Medium
0.25562517408807856,Medium
0.04581555760537387,Low
0.5655930417867302,High
0.20748615009537347,Medium
0.5303286617414265,High
0.15141495154476042,Low
0.05556272984674061,Low
0.11100886256034659,Low
0.12677177327758787,Low
0.21542195958272306,Medium
0.17090905278822918,Medium
0.6201216681288083,High
0.06638355104610487,Low
0.6974968258690565,High
0.15515200768646017,Low
0.2379690743379004,Medium
0.20346661209807446,Medium
0.21562091745898937,Medium
0.17973116617462379,Medium
0.22269978819465938,Medium
0.2653981331971939,Medium
0.0899326931059701,Low
0.19395428106423815,Medium
0.09778200027513083,Low
0.3929004788017632,High
0.05510869902963375,Low
0.18618664312367317,Medium
0.12234689402102908,Low
0.1224453951361482,Low
0.16261756129426208,Low
0.12637245583513013,Low
0.12212152171045862,Low
0.09963150062180076,Low
0.3848549517891501,High
0.10985367626918134,Low
0.13100225269689558,Low
0.041016050617766024,Low
0.10655950820248235,Low
0.12130695619556181,Low
0.14432911367860563,Low
0.15993891452558687,Low
0.057737830383657214,Low
0.060116867678665385,Low
0.01997065980322901,Low
0.1520772337370062,Low
0.17858399352503587,Medium
0.1570498712018647,Low
0.017317888240845427,Low
0.16838895744702026,Medium
0.2551582450925871,Medium
0.12114839493972937,Low
0.33519214260640195,High
0.12842404891126044,Low
0.24235577634742278,Medium
0.2857248667541667,Medium
0.13138956996128276,Low
0.0643216558497025,Low
0.09627476325780172,Low
0.20196631573828025,Medium
0.16112715060672259,Low
0.2306572361988637,Medium
0.08946006654346751,Low
0.3103427669162001,Medium
0.12979628011883712,Low
0.10370535892996816,Low
0.222607223367776,Medium
0.08618539697452149,Low
0.19036746625201292,Medium
0.26118725915807905,Medium
0.004620219860752369,Low
0.06896624486120839,Low
0.18594244732007897,Medium
0.06046717718465382,Low
0.5866242123703955,High
0.20010840292937174,Medium
0.11496991438345408,Low
0.12324515088698304,Low
0.49834859024356476,High
0.20158293489336884,Medium
0.10698729633495398,Low
0.15988866773704194,Low
0.076156819786614,Low
0.11937882932832487,Low
0.3345785942795005,High
0.2534241568846659,Medium
0.5607442061241767,High
0.07191228535993949,Low
0.28399622954049736,Medium
0.329884421193057,High
0.06838575815013502,Low
0.14962676616956153,Low
0.0374230107800869,Low
0.1509527235815222,Low
0.14237431481179677,Low
0.09252601161472976,Low
0.10890564625354501,Low
0.19215036694850537,Medium
0.37467203149538375,High
0.346776008710801,High
0.8630986887947893,High
0.0886920921748394,Low
0.19344574503200213,Medium
0.03226592713093039,Low
0.18300088185726396,Medium
0.08382850407028113,Low
0.2518994732793662,Medium
0.5929286493310875,High
0.626507694664081,High
0.12422527801029692,Low
0.1941178240708684,Medium
0.08263161482478308,Low
0.2118203142711136,Medium
0.15065503716143783,Low
0.09267279199838564,Low
0.2501120792000539,Medium
0.11578856423701216,Low
0.0845994389963938,Low
0.6542648460066809,High
0.16801481422865727,Medium
0.5376223229895624,High
0.179018900679985,Medium
0.17199721928096473,Medium
0.11195167656932194,Low
0.14413967150684298,Low
0.09505531600106522,Low
0.08746881200870027,Low
0.5618697781531209,High
0.25660785133243286,Medium
0.1527006439729032,Low
0.30338790958884015,Medium
0.3476841753203938,High
0.20824470989808028,Medium
0.7868203628270214,High
0.21826179388139727,Medium
0.21375101724801632,Medium
0.08855531541972232,Low
0.10058408202266257,Low
0.07088160410496204,Low
0.19921033212145164,Medium
0.3534577905659427,High
0.0568877466041168,Low
0.14684375321419263,Low
0.16613367422407618,Low
0.10307738731382723,Low
0.05372471766219759,Low
0.07096591313361963,Low
0.7798044190899202,High
0.1982273610971561,Medium
0.17058458756200937,Medium
0.07009278435123772,Low
0.23306479792686158,Medium
0.10018691586431931,Low
0.11296974828578256,Low
0.14730474669479565,Low
0.21743027713822105,Medium
0.09367305615147141,Low
0.17387089471535508,Medium
0.225863268764954,Medium
0.5324627070378116,High
0.0668127331414844,Low
0.237127840670521,Medium
0.10970564602687291,Low
0.1047520079566554,Low
0.09053891920011944,Low
0.1540824380764284,Low
0.14697785150660736,Low
0.2232826444354861,Medium
0.13347573905446503,Low
0.14352987212856144,Low
0.2498129342848506,Medium
0.04243712231966554,Low
0.1689838186486568,Medium
0.42534420937763195,High
0.058753429538105015,Low
0.351909386903701,High
0.0759114125406965,Low
0.15853221469790196,Low
0.1519956368166659,Low
0.10001103102661468,Low
0.1364785440367172,Low
0.2736274567474819,Medium
0.09641705764925486,Low
0.36196685264333944,High
0.1958353906335264,Medium
0.10921856001245993,Low
0.06848591203584681,Low
0.1646179782849678,Low
0.16792474004868838,Medium
0.12003352044221395,Low
0.2044048994150357,Medium
0.0982794938129538,Low
0.2608948545471884,Medium
0.08544301197167879,Low
0.6511021916282108,High
0.8263051646954138,High
0.14514549774532695,Low
0.04131398255764682,Low
0.1954236537626319,Medium
0.6720741710439601,High
0.037035052888000915,Low
0.1566348844185527,Low
0.21944806651418736,Medium
0.41352857915289104,High
0.25589840425516264,Medium
0.35343630494105754,High
0.10625671070886512,Low
0.5261472846009424,High
0.06716827255859774,Low
0.1763975337670279,Medium
0.6149145337759393,High
0.13257247169643574,Low
0.11934257473499138,Low
0.37982718221885076,High
0.1624045123315035,Low
0.1862487962159779,Medium
0.05841785922862831,Low
0.12110870048859772,Low
0.14197333382597363,Low
0.41352857915289104,High
0.6435562002543511,High
0.13639410350777287,Low
0.4098671207221308,High
0.12044899647671495,Low
0.2313550205991139,Medium
0.1516828654192657,Low
0.5925619753481713,High
0.5150431855296355,High
0.22353174461388778,Medium
0.10684252972786543,Low
0.3880337734656986,High
0.46205053495210013,High
0.019694728185126534,Low
0.3043247557398679,Medium
0.032013712832264486,Low
0.19180370325110982,Medium
0.28609329569184905,Medium
0.15463668038148282,Low
0.13167638939904658,Low
0.25992866578921237,Medium
0.2656691948590138,Medium
0.13971836370139712,Low
0.420905888096388,High
0.1206964852243252,Low
0.059076682739158407,Low
0.2516592355117395,Medium
0.11076818474246797,Low
0.3674335717941505,High
0.37421276159674227,High
0.25673720096972563,Medium
0.23867806631149782,Medium
0.6483268634820976,High
0.4126347112015936,High
0.09377313245087665,Low
0.09910602856720102,Low
0.5829998471799587,High
0.16236935647325879,Low
0.19831039039030765,Medium
0.4338167992281195,High
0.2101105142266728,Medium
0.09796023381752109,Low
0.08900552061869423,Low
0.03640759908554357,Low
0.14669687223176886,Low
0.5022404662870902,High
0.17356430533117115,Medium
0.09535815153812799,Low
0.2147475769435738,Medium
0.5420011901311999,High
0.08029675892924777,Low
0.31673567558954746,Medium
0.08841343249504442,Low
0.2974856734963046,Medium
0.11485883685274656,Low
0.2285178572357534,Medium
0.1397598369512728,Low
0.17432529513122455,Medium
0.07660615472550629,Low
0.14096431937041293,Low
0.12449389468888396,Low
0.1607857757803964,Low
0.33267368477102943,High
0.19532284050827514,Medium
0.23390847242715543,Medium
0.5532272438055463,High
0.2203489625207482,Medium
0.15455609434809775,Low
0.11646177822613232,Low
0.21517575306812095,Medium
0.5933881942103113,High
0.5888177974247546,High
0.1399348237592711,Low
0.6123875102496691,High
0.2662219786406813,Medium
0.4100519701960453,High
0.4399735325407615,High
0.27061688662309497,Medium
0.585898272636802,High
0.04355384120093824,Low
0.125395466864715,Low
0.07941768090375134,Low
0.2331503835601361,Medium
0.1878833408413667,Medium
0.1601092516618604,Low
0.11585074845561281,Low
0.37231347176628754,High
0.21115705869055298,Medium
0.2406486523398518,Medium
0.06972605734754077,Low
0.13463832065947348,Low
0.6251137801561715,High
0.20601336547209126,Medium
0.059232488015803136,Low
0.13009149256970265,Low
0.22460467780532695,Medium
0.22878817914369587,Medium
0.4433188594291399,High
0.062004693453664134,Low
0.565925283996436,High
0.16500578897782828,Low
0.10247181979372451,Low
0.42657168869314666,High
0.18364150246959784,Medium
0.1404646656407072,Low
0.3717025486374788,High
0.7117464642594892,High
0.10904894941989167,Low
0.11832070002902381,Low
0.5476833669359072,High
0.24800415740339965,Medium
0.48826151393436285,High
0.2423431330680134,Medium
0.17474893117178592,Medium
0.5224678483202215,High
0.18345191846377212,Medium
0.38686568796317095,High
0.2008456776444215,Medium
0.05115255602385967,Low
0.5155574304248566,High
0.13233310948768714,Low
0.5247263211358095,High
0.7880743695628631,High
0.11901804031639848,Low
0.16464804480597406,Low
0.37262917883073315,High
0.19938117052067844,Medium
0.43929220729955387,High
0.559235333099284,High
0.10267980530487084,Low
0.13365293143807905,Low
0.3331134298128566,High
0.2309055138907637,Medium
0.2104203363585931,Medium
0.7303338297075511,High
0.18107299420867992,Medium
0.09919469448117946,Low
0.2708501604066618,Medium
0.3335443869580373,High
0.12848658562915669,Low
0.08663822743663367,Low
0.41250357015223266,High
0.4656527154030689,High
0.09974402683775596,Low
0.23674651035239447,Medium
0.08423755945189298,Low
0.3215430993113967,Medium
0.5990934109317454,High
0.1908363877094152,Medium
0.039847070955942455,Low
0.6031976463583103,High
0.18414564923033616,Medium
0.47575899467422794,High
0.1641046303732808,Low
0.5673482992143423,High
0.15736238204525255,Low
0.4002615938746242,High
0.11858381124436856,Low
0.3793017511722038,High
0.3361484134576619,High
0.3184046907527306,Medium
0.2045165530273856,Medium
0.28734373622155235,Medium
0.4666838916258188,High
0.8013405930987835,High
0.05478404122089492,Low
0.02369768915425489,Low
0.28079191510461066,Medium
0.4630902708285453,High
0.06254389153324914,Low
0.2200939610207631,Medium
0.08312824368086215,Low
0.1986376879933514,Medium
0.10467535667131568,Low
0.17822910147754073,Medium
0.4832378379100673,High
0.07299997126445253,Low
0.10660887759921853,Low
0.19643230371511836,Medium
0.159997346114961,Low
0.12661675071717532,Low
0.13318990268631672,Low
0.07155135427025358,Low
0.24554384039644417,Medium
0.022464876382080383,Low
0.37544645047013697,High
0.06817579486943721,Low
0.47527614081538316,High
0.39135764942561496,High
0.351779441895644,High
0.16228611615343627,Low
0.18341281549216823,Medium
0.26724634552450466,Medium
0.04594367997543319,Low
0.07273381461292877,Low
0.09010228016030057,Low
0.16664739845396345,Low
0.10519696457190894,Low
0.08943607464154898,Low
0.14598846654387837,Low
0.2391261328840439,Medium
0.1461506085468547,Low
0.09532102483971182,Low
0.1596064480269783,Low
0.16785063425308508,Medium
0.22678317875586526,Medium
0.19028687525789523,Medium
0.42902475313103683,High
0.16695342456495338,Medium
0.20513652989199194,Medium
0.1446211830030041,Low
0.27634084091906475,Medium
0.08744124111960254,Low
0.1102987194046317,Low
0.09474160899454429,Low
0.2679539103589973,Medium
0.23160184479248183,Medium
0.06773078449750528,Low
0.06670398292431653,Low
0.22888955961209076,Medium
0.344834792170756,High
0.10251082887352336,Low
0.230200159541762,Medium
0.21433034187184122,Medium
0.24160604579202852,Medium
0.15746974865567098,Low
0.19713908595105453,Medium
0.1914285317151314,Medium
0.39925498289942213,High
0.24186313043419136,Medium
0.2799576896388047,Medium
0.06197742655207236,Low
0.283264907110635,Medium
0.16916007703446087,Medium
0.23940740859889506,Medium
0.14493341439919297,Low
0.12722087667594437,Low
0.1672226966985508,Medium
0.8628723857771994,High
0.15363854081146447,Low
0.18673949100660947,Medium
0.3810696286900352,High
0.08314669852258172,Low
0.13397808683751067,Low
0.05123693659350215,Low
0.2521871740743546,Medium
0.12466348404751518,Low
0.10011555580448592,Low
0.1711211291121848,Medium
0.13428801905841953,Low
0.3185437409954223,Medium
0.5053503735586679,High
0.06735737463729169,Low
0.20490363391402447,Medium
0.5156308221939885,High
0.08956059820579167,Low
0.21624286978285717,Medium
0.1510896746189391,Low
0.12248207986774658,Low
0.08325700676383618,Low
0.09895384395975045,Low
0.30417721092305955,Medium
0.5146965358716982,High
0.3475123734871261,High
0.05809805253571187,Low
0.12953369825085015,Low
0.156312385671632,Low
0.32894917278311714,High
0.11701047004037782,Low
0.06752839715802834,Low
0.13219625185749492,Low
0.6730652687723344,High
0.1265226312675875,Low
0.2534113865491724,Medium
0.0956958173959953,Low
0.49348838591153854,High
0.5671043351086698,High
0.18555212202381283,Medium
0.14415289414216229,Low
0.2422529333934029,Medium
0.21015298503721816,Medium
0.17334612349580533,Medium
0.4668275195987273,High
0.1849338320589097,Medium
0.07954609626935838,Low
0.21257664641355029,Medium
0.09825177627124913,Low
0.1720736804185201,Medium
0.69637269459343,High
0.22856892552181987,Medium
0.09410448489317096,Low
0.40511059018885076,High
0.13608677842062253,Low
0.43094427625500314,High
0.2325054801088723,Medium
0.15244288588030433,Low
0.05708768749668229,Low
0.08771410795513716,Low
0.3935776207010212,High
0.40505091875088967,High
0.20923437179713436,Medium
0.13594579125904252,Low
0.16304661879938956,Low
0.251473822632073,Medium
0.12897787637313035,Low
0.0863163283320658,Low
0.514751932005128,High
0.09018080449723179,Low
0.361355883802914,High
0.22879876995003667,Medium
0.5287547056068618,High
0.5860875556068192,High
0.7026833217886633,High
0.39570758679928975,High
0.25651225054252574,Medium
0.45814993790295744,High
0.08896516220703843,Low
0.1410646875173665,Low
0.08604963811700142,Low
0.16104036398216437,Low
0.2848998643382825,Medium
0.08011714436681618,Low
0.3132034085328223,Medium
0.30748064949748394,Medium
0.21082320596184675,Medium
0.14278325599897904,Low
0.25453581251394386,Medium
0.23995645448463238,Medium
0.20843994498143353,Medium
0.20646699522747433,Medium
0.4655968437279535,High
0.1254148361176808,Low
0.4711667426733221,High
0.09304287892999132,Low
0.16829133233078847,Medium
0.21879585620724618,Medium
0.35406299989535345,High
0.24006305157623334,Medium
0.277824325618999,Medium
0.1934804632582643,Medium
0.1379732536343537,Low
0.4813732852093026,High
0.20866098972384586,Medium
0.1584641680692958,Low
0.9857514128153362,High
0.17814529868298537,Medium
0.14872291947190452,Low
0.20422978666127944,Medium
0.15821920418572627,Low
0.17458984257303112,Medium
0.10896963471447495,Low
0.03481894723024596,Low
0.6680102889723596,High
0.17174962690657614,Medium
0.1686596071895827,Medium
0.21801984178703493,Medium
0.18124511147993425,Medium
0.07326961011262903,Low
0.0702850811536159,Low
0.1682841347466685,Medium
0.4465657716881902,High
0.28777211445371137,Medium
0.1594815218713401,Low
0.07657025146080315,Low
0.08874236577177085,Low
0.19138657250821467,Medium
0.10109475588956573,Low
0.10906503431979517,Low
0.514582055882759,High
0.11698767617056477,Low
0.16368737614340034,Low
0.11494926738817117,Low
0.3483008333249222,High
0.11602224204654243,Low
0.10481568276625582,Low
0.21161367152316995,Medium
0.25041316184337176,Medium
0.2032688796988973,Medium
0.11374001308437873,Low
0.08321519866813183,Low
0.22558523166031721,Medium
0.14524125086478412,Low
0.9961626957253538,High
0.12412623617096372,Low
0.14142613567467377,Low
0.3772540360571115,High
0.1844514326110745,Medium
0.06076475089467107,Low
0.15795273629575105,Low
0.09502963816178835,Low
0.09985006643319987,Low
0.10784881221245836,Low
0.226335507963971,Medium
0.11410933782119104,Low
0.719684288739982,High
0.699230434824191,High
0.26426756442349497,Medium
0.36575824051567263,High
0.3607810722358074,High
0.11248465404686701,Low
0.12916054724221118,Low
0.14126097402067647,Low
0.14711631321465174,Low
0.17618012252120643,Medium
0.24620150526088644,Medium
0.12000741853553426,Low
0.23195269011690078,Medium
0.20897578120568622,Medium
0.14677413158453356,Low
0.4936675074278499,High
0.4842861208559867,High
0.21732878380212473,Medium
0.6562332628638776,High
0.27843848098938456,Medium
0.277585092786081,Medium
0.17082597188078874,Medium
0.27724287086201055,Medium
0.2312561999733031,Medium
0.1399011756932108,Low
0.14852577247165577,Low
0.09968592350767087,Low
0.14731216994153903,Low
0.5214226879262137,High
0.22396844010872152,Medium
0.0931513790109608,Low
0.9300485723097259,High
0.09928603841505688,Low
0.41309925733181335,High
0.06402189692706366,Low
0.18814647467210324,Medium
0.2292318112314693,Medium
0.12760367502313588,Low
0.4928279175699573,High
0.318580766073986,Medium
0.35789390881100247,High
0.20581111480040307,Medium
0.09895764953484662,Low
0.436579411888316,High
0.30339662868870115,Medium
0.12698340406414566,Low
0.3831577999702839,High
0.901898278150903,High
0.24048183271404278,Medium
0.21067978188227723,Medium
0.12114794060637124,Low
0.35008210978288756,High
0.44311610854835404,High
0.5396271333750028,High
0.1098022759767657,Low
0.12618037803330473,Low
0.16792776320257546,Medium
0.423943590064316,High
0.6394329902246862,High
0.35773423719207287,High
0.7140253906933655,High
0.1691517064867306,Medium
0.2907968647957011,Medium
0.5033315834192522,High
0.03775684596172255,Low
0.045513524166924266,Low
0.10408629646418353,Low
0.3647691912528793,High
0.19840041416554705,Medium
0.3985946380238326,High
0.3172765288651774,Medium
0.30226315409242804,Medium
0.12073271412076146,Low
0.5898808734402963,High
0.20770018620341202,Medium
0.4353359852807327,High
0.22595903080347757,Medium
0.1375410127892304,Low
0.09731785942779647,Low
0.20984601546718673,Medium
0.08263665896395936,Low
0.085924756228823,Low
0.09580734379336503,Low
0.4032586314848986,High
0.4713026410227484,High
0.07621319033368465,Low
0.11452338917755822,Low
0.642170022179916,High
0.3948864317982296,High
0.6750508145978421,High
0.03289423657186056,Low
0.8222775831096888,High
0.07887441986940903,Low
0.2569638457226945,Medium
0.12098287961213262,Low
0.11536874650585822,Low
0.5273545941955692,High
0.7509303539573539,High
0.16832112888844764,Medium
0.21209655516330267,Medium
0.14285357044856944,Low
0.24517565372925915,Medium
0.23649298697816704,Medium
0.08302749883272195,Low
0.1812836637486196,Medium
0.1373205127165748,Low
0.4290418643271724,High
0.06357833160774086,Low
0.45134632273947695,High
0.07402637386168603,Low
0.3581046599222148,High
0.14346354907312192,Low
0.1207642239355463,Low
0.3088835031376518,Medium
0.5669022934262707,High
0.3189131947655409,Medium
0.264641429294612,Medium
0.12087721952804772,Low
0.13231850894952515,Low
0.15157162175558875,Low
0.4003744741331701,High
0.05930550224571751,Low
0.06099405193327695,Low
0.052943333737348955,Low
0.19733463536202084,Medium
0.0852322238056415,Low
0.1197436913570803,Low
0.07346776143819288,Low
0.22419210035881088,Medium
0.1334487091226815,Low
0.106016239842009,Low
0.2488975423212694,Medium
0.1446700906393952,Low
0.3378935585783545,High
0.206747750916613,Medium
0.679138369222431,High
0.5655184340874015,High
0.04717107432382073,Low
0.13806128696841224,Low
0.4079274819421689,High
0.023697766028693525,Low
0.12047790786312787,Low
0.2153837429134242,Medium
0.05840468660683264,Low
0.061536070162416204,Low
0.12278729917663454,Low
0.13207930861456815,Low
0.14143948004686863,Low
0.1758128192732986,Medium
0.23797816163636237,Medium
0.12737225453353548,Low
0.19024966196573087,Medium
0.5671891080738728,High
0.40091156422218327,High
0.12229852457878712,Low
0.18612249293560262,Medium
0.20877275408431617,Medium
0.3830559327959151,High
0.11047666280785126,Low
0.16302690597272737,Low
0.10967784859536764,Low
0.28369284335029954,Medium
0.10813024254354464,Low
0.1389750565326528,Low
0.2564857447959975,Medium
0.22821406470372746,Medium
0.09595066766381,Low
0.4619958824143449,High
0.1381182714461698,Low
0.04713950278164793,Low
0.20479224028646317,Medium
0.2338932939740317,Medium
0.07711613055663728,Low
0.22148771048046648,Medium
0.1584031581205523,Low
0.47226745759840805,High
0.14985604132669061,Low
0.22928745059857022,Medium
0.2620990604413066,Medium
0.17959968351288347,Medium
0.04105776993391418,Low
0.155380727002058,Low
0.08171681997450897,Low
0.46296579447762176,High
0.21897138117752393,Medium
0.26876264919467924,Medium
0.01989638887314531,Low
0.13366448510937542,Low
0.5341361506595884,High
0.24464433390931847,Medium
0.38456620756415727,High
0.13174545270533705,Low
0.3685100040639781,High
0.08287358369865536,Low
0.38869464815159543,High
0.19873672836913037,Medium
0.1797638297959578,Medium
0.4001421528311002,High
0.1588615637097134,Low
0.13042823092129158,Low
0.17939028721792816,Medium
0.1426667500255575,Low
0.20314024886817722,Medium
0.18956520823982476,Medium
0.0852935810120014,Low
0.4788985930937437,High
0.2048681119348654,Medium
0.2845262429624559,Medium
0.21699648396852764,Medium
0.24507931356355384,Medium
0.14154203878433483,Low
0.17907500840049215,Medium
0.20204672211456545,Medium
0.31756271867048164,Medium
0.058908726834106286,Low
0.600929602121861,High
0.09604626306129216,Low
0.49531932258578143,High
0.17072110080679934,Medium
0.05925319080942513,Low
0.1821580451712988,Medium
0.2721582769723266,Medium
0.040256649913758914,Low
0.18018290026441194,Medium
0.035363496732361485,Low
0.11645203436449512,Low
0.3447386241524118,High
0.14668677198690416,Low
0.4782300377716738,High
0.1384943367196131,Low
0.11155332266794267,Low
0.20185648499352266,Medium
0.1729125914026751,Medium
0.17195376822730743,Medium
0.27660094065211105,Medium
0.14421204067855478,Low
0.1440591870344946,Low
0.24522557581680093,Medium
0.03523667015653536,Low
0.4832383330313985,High
0.02673964292154525,Low
0.09842846423321976,Low
0.09796613668441012,Low
0.4488471371518473,High
0.15329128222095256,Low
0.3337074854998037,High
0.16347158090137826,Low
0.3662526173339326,High
0.18663810542742285,Medium
0.12634072760202247,Low
0.22398184591204964,Medium
0.263760049172466,Medium
0.1411188594266366,Low
0.11712837024610707,Low
0.0734455508684336,Low
0.5094488085829413,High
0.10546412259811198,Low
0.19635815476355847,Medium
0.10797997105676879,Low
0.44561203926329135,High
0.13084732964896614,Low
0.3684370745228241,High
0.43481816047176,High
0.07644860730816672,Low
0.15155852648489984,Low
0.1420484100869328,Low
0.5054357610666935,High
0.6565257506863478,High
0.26698309385530944,Medium
0.4078316241306147,High
0.30455004115883655,Medium
0.16542531236111277,Low
0.19348258472040478,Medium
0.14537760582328438,Low
0.19501518580255034,Medium
0.13732344224171172,Low
0.12747924025786347,Low
0.1874656885482943,Medium
0.14477080535555606,Low
0.2844824221212134,Medium
0.21072800387485713,Medium
0.5326964733081229,High
0.2683971475101171,Medium
0.2544525695314411,Medium
0.4930233976835514,High
0.5955746884328544,High
0.15304379985521263,Low
0.15029664958542896,Low
0.07133381677501655,Low
0.1649427617129934,Low
0.22499997780732814,Medium
0.24116385980885635,Medium
0.14333558550935963,Low
0.1059021750633775,Low
0.22109882639033338,Medium
0.08282497227829701,Low
0.024525864001173674,Low
0.393185378669723,High
0.2577592697626766,Medium
0.10413302906887113,Low
0.19501159769351487,Medium
0.2751749633792897,Medium
0.18591249137802857,Medium
0.4055194759759381,High
0.09972306690912561,Low
0.26611492904105366,Medium
0.1557802775951663,Low
0.15890771304501553,Low
0.16834999660874234,Medium
0.038285678117256985,Low
0.5255467371517931,High
0.18867053960902383,Medium
0.09523925606306408,Low
0.05275997279699843,Low
0.08500009730954146,Low
0.11108479319447132,Low
0.27376081620644566,Medium
0.11246067447191428,Low
0.08495639721823958,Low
0.14896165403405115,Low
0.4222734739751071,High
0.3157776620619185,Medium
0.09379265834757035,Low
0.18319035634074365,Medium
0.20419239092845012,Medium
0.608373415616458,High
0.21374946123141042,Medium
0.2327554054677349,Medium
0.15032873912731662,Low
0.45624906560267003,High
0.15177198308534937,Low
0.08048513013144076,Low
0.6108994431276709,High
0.16858164840217374,Medium
0.1339498268477455,Low
0.1952981955170687,Medium
0.06645738401298412,Low
0.27747465798133253,Medium
0.2263309847234004,Medium
0.05099938981743903,Low
0.687225594388793,High
0.4355604902103817,High
0.18169083051860624,Medium
0.340898592010708,High
0.06660387918283242,Low
0.060915867460093906,Low
0.12726034043341003,Low
0.15636438211126716,Low
0.4531325665076181,High
0.09703964535970977,Low
0.2909344934471298,Medium
0.35256817145807595,High
0.14224612138639278,Low
0.22349697507110677,Medium
0.2729992594853005,Medium
0.056890627546273956,Low
0.6119141143063721,High
0.056028441249495214,Low
0.17255862828080926,Medium
0.32831993103027884,High
0.027263190906055813,Low
0.14592933385445375,Low
0.22354655953509578,Medium
0.33981865743694195,High
0.0921750373863338,Low
0.12097056188669385,Low
0.2124499093521158,Medium
0.18768969838601965,Medium
0.1162944960372823,Low
0.1562436510292217,Low
0.11595392549836692,Low
0.06877878981035239,Low
0.5195226785989903,High
0.12465473333062152,Low
0.12313747546875298,Low
0.44934655086617115,High
0.15587645412213802,Low
0.2515551363087935,Medium
0.26696139340151165,Medium
0.27202299065076063,Medium
0.2580691445843931,Medium
0.09012212450190644,Low
0.985742332818204,High
0.2678130600751108,Medium
0.06295943068011867,Low
0.08436527031939063,Low
0.2024834916132301,Medium
0.12208982031376499,Low
0.13862132685577505,Low
0.23030379746390423,Medium
0.15339000592405086,Low
0.18827701603105185,Medium
0.12766336314516408,Low
0.14334871200538585,Low
0.1382743830961149,Low
0.2657343312538063,Medium
0.2562937181757163,Medium
0.09210944374447579,Low
0.6650700967501667,High
0.20954047787804655,Medium
0.046771096971077425,Low
0.09766235795011441,Low
0.518262821303055,High
0.10645292706214818,Low
0.29952219121822743,Medium
0.11549032808877198,Low
0.15827599630425387,Low
0.20997450861045988,Medium
0.10816161318906345,Low
0.2519122523023039,Medium
0.3498179014855962,High
0.20330141882291064,Medium
0.3023188040905075,Medium
0.06167608246150803,Low
0.3629856017178195,High
0.34706213439213673,High
0.16802398140034547,Medium
0.3119119484857228,Medium
0.155143024978432,Low
0.28586641581190136,Medium
0.40674896072772004,High
0.39445856669406665,High
0.1989080525748823,Medium
0.14092743167044186,Low
0.05333947028373334,Low
0.20268654298970412,Medium
0.31091497072504115,Medium
0.5839706991171801,High
0.2617299405871041,Medium
0.229332304644017,Medium
0.1379602436615785,Low
0.39926119783390046,High
0.20594089541621802,Medium
0.354003158019411,High
0.13623336664566335,Low
0.1143455449577941,Low
0.3106787782318014,Medium
0.1954181318289177,Medium
0.14002392752876086,Low
0.1927575267145559,Medium
0.16263266464324724,Low
0.20665797374704403,Medium
0.2073899093138564,Medium
0.8197237868285648,High
0.10600711728644682,Low
0.2569799023908739,Medium
0.5177881592674081,High
0.4971733182147144,High
0.16826439699581333,Medium
0.17574579602886667,Medium
0.10164078391487763,Low
0.18708298323862985,Medium
0.025232479624181205,Low
0.05026384190887761,Low
0.24263781565617282,Medium
0.21729379647612035,Medium
0.143690335337291,Low
0.13067275532208686,Low
0.2633195423187963,Medium
0.2060420301002844,Medium
0.1340361244909163,Low
0.5922869991026247,High
0.13744351976942373,Low
0.09455671239038368,Low
0.18583196802510277,Medium
0.12300021719529391,Low
0.13754000415116374,Low
0.11569986855771097,Low
0.38972093913532396,High
0.32084991799607454,Medium
0.06421982636954211,Low
0.1432733808545186,Low
0.1033586245560129,Low
0.10617468871505642,Low
0.13167133165099942,Low
0.5154936489624806,High
0.08799491304453655,Low
0.6614825139421381,High
0.5134909008789809,High
0.1711666936930756,Medium
0.6421935997018834,High
0.13691268630380699,Low
0.28676115495493293,Medium
0.17103749112830918,Medium
0.03542945548609569,Low
0.31550658003141746,Medium
0.37306265701966607,High
0.09250683762516242,Low
0.22942184343471245,Medium
0.2599633406051838,Medium
0.6897347558012593,High
0.17476057368669798,Medium
0.15520692624320057,Low
0.21950563900802103,Medium
0.1351808777753176,Low
0.08575649721537981,Low
0.21995163753495287,Medium
0.16341794759432032,Low
0.06410431761743667,Low
0.1416108077256383,Low
0.28889568094148926,Medium
0.3535883962531889,High
0.341496123750417,High
0.15887197377298892,Low
0.13862465212526304,Low
0.17344192724381022,Medium
0.08406627521903819,Low
0.1239982567400193,Low
0.04183520897410649,Low
0.06653335924628279,Low
0.0896924354356445,Low
0.11139790107230976,Low
0.028039378588550094,Low
0.06935672927935131,Low
0.21125498997066577,Medium
0.27478192574234633,Medium
0.0845073923916367,Low
0.2318707439142578,Medium
0.07967766030652167,Low
0.5086126778570418,High
0.17908573582233492,Medium
0.32811861041550017,High
0.350083359224543,High
0.11730980000331889,Low
0.23603964897703827,Medium
0.24004433539864953,Medium
0.20015367595817718,Medium
0.2891808783974311,Medium
0.21492094379299823,Medium
0.4652829804189988,High
0.18698281879649312,Medium
0.11446383763524541,Low
0.11382575349915268,Low
0.07816151914462542,Low
0.20200264289979908,Medium
0.18300224290083247,Medium
0.19974781724612445,Medium
0.11786557648301142,Low
0.10427524521857406,Low
0.04466810596714864,Low
0.0979824929569774,Low
0.34287042979663385,High
0.9954300154254739,High
0.19142032081267998,Medium
0.14081213235820722,Low
0.1237408429147561,Low
0.25126354558583003,Medium
0.17440684162456294,Medium
0.1556241991656201,Low
0.24531506356570604,Medium
0.15539448601615768,Low
0.39751889515789446,High
0.6177482881788879,High
0.15087213159405732,Low
0.23293080561226104,Medium
0.10660762703096559,Low
0.1650044366536343,Low
0.29696563925545894,Medium
0.12073875145964383,Low
0.23121371577405736,Medium
0.3805859861784032,High
0.4983759262451527,High
0.19139543704738182,Medium
0.11025044730859869,Low
0.43351205182667674,High
0.14544741471077519,Low
0.1798385038932611,Medium
0.4680803876580651,High
0.07158590128545973,Low
0.29641739375145937,Medium
0.2216323511176469,Medium
0.09999271464328541,Low
0.12875537140135754,Low
0.5303333952348268,High
0.09408340445925556,Low
0.2210223087892709,Medium
0.3840221468088945,High
0.10542230974386448,Low
0.49268800758117254,High
0.10017786721965351,Low
0.23215886664572433,Medium
0.0812842319548529,Low
0.1758185360552217,Medium
0.1786074038199143,Medium
0.43386571847788746,High
0.0619504937608135,Low
0.22844361366392762,Medium
0.041958614481761566,Low
0.1589532836504841,Low
0.6142360759662544,High
0.13288907553571577,Low
0.1409994502902396,Low
0.22634041293433738,Medium
0.13589179817436176,Low
0.16196851127714965,Low
0.07637918535852745,Low
0.136577027586864,Low
0.17834576481695466,Medium
0.13860707640599929,Low
0.8139656595882114,High
0.06748085998982414,Low
0.14237811111038393,Low
0.1898330133907569,Medium
0.14356779822778565,Low
0.1388206643534064,Low
0.05224298371805221,Low
0.17009883035409357,Medium
0.4803173088904488,High
0.03609445545434031,Low
0.05817240719763672,Low
0.16818759549909348,Medium
0.20032114582494345,Medium
0.07028383906164322,Low
0.24489807199706465,Medium
0.11982642234065123,Low
0.17745619996960899,Medium
0.5291694304348245,High
0.17799412474604112,Medium
0.15100999696966988,Low
0.4252574559769889,High
0.07631237598525527,Low
0.17539557873608114,Medium
0.3848581475333593,High
0.13551818823410572,Low
0.31415117845343726,Medium
0.23952012240866144,Medium
0.0436486924182388,Low
0.04480218538532309,Low
0.8962181432411344,High
0.4698098792229075,High
0.3713042514265242,High
0.1719187202184079,Medium
0.1460518035487393,Low
0.6492725009059069,High
0.25051587956236515,Medium
0.6253581410435785,High
0.16679159454015866,Medium
0.21620510874043852,Medium
0.21632037516935843,Medium
0.05002028655773489,Low
0.040032543697092866,Low
0.06509876810732199,Low
0.2421437903235485,Medium
0.22199538970610821,Medium
0.6627166017831247,High
0.3316953487517134,High
0.594924338671567,High
0.20619883098054265,Medium
0.2874085333668128,Medium
0.5256820047678059,High
0.19741053260149494,Medium
0.14295991030177235,Low
0.22787730575112014,Medium
0.17895381312351344,Medium
0.17403833089683682,Medium
0.11394101881363665,Low
0.07916376913857942,Low
0.2331040899927817,Medium
0.06202910240856988,Low
0.5379131664731182,High
0.03653932057809995,Low
0.4203526980418153,High
0.16655898482180953,Low
0.0838298449254713,Low
0.03305793845617702,Low
0.10650770182556885,Low
0.5634489527691932,High
0.2341339448006517,Medium
0.09572810026796105,Low
0.5912595706777619,High
0.03313052535076414,Low
0.1728579021410221,Medium
0.33694329401260703,High
0.12355560943007393,Low
0.08130442807770924,Low
0.14382303155646545,Low
0.1087085911493065,Low
0.07656386016474474,Low
0.3157182722516046,Medium
0.10802707360304123,Low
0.39491452599267307,High
0.10746117822717728,Low
0.008258639839404903,Low
0.22344397263641652,Medium
0.07500459098307095,Low
0.15147359025546597,Low
0.13473627152879813,Low
0.2547606497607004,Medium
0.20057255698758267,Medium
0.44156818628951183,High
0.15181212199446348,Low
0.3427110895966189,High
0.32006697014254987,Medium
0.10297831908275618,Low
0.09374358266253004,Low
0.41638670301464986,High
0.03228343622589135,Low
0.1772248388828314,Medium
0.11278271479858049,Low
0.11638391907578882,Low
0.47063351936955,High
0.43568495793554884,High
0.17079663005569004,Medium
0.20122196967241263,Medium
0.15791617092426946,Low
0.15331087495366696,Low
0.18676907685779087,Medium
0.08690785946624288,Low
0.13515374739766578,Low
0.10289598036261882,Low
0.12276531333353992,Low
0.17408953737672947,Medium
0.9287524318808025,High
0.5652989691714314,High
0.3067392705629311,Medium
0.0408851961417641,Low
0.23825591220543704,Medium
0.16440066286653918,Low
0.24136954477666062,Medium
0.35846874675159146,High
0.17761729898561968,Medium
0.1836330444081052,Medium
0.14391705653320747,Low
0.07555431390536135,Low
0.26757946371181224,Medium
0.1524147569462679,Low
0.1947851677632366,Medium
0.0449419608934136,Low
0.13032498003096307,Low
0.07230192425126356,Low
0.13262954644438302,Low
0.06640660039943573,Low
0.032453992628118024,Low
0.11291665982334066,Low
0.09136148621644807,Low
0.16054378879824519,Low
0.16952692086755775,Medium
0.20938853289652704,Medium
0.1556715074792894,Low
0.07983898752315394,Low
0.08491385114011908,Low
0.1701790417535775,Medium
0.20197597787722543,Medium
0.13214636428163498,Low
0.21160026965727596,Medium
0.02932450985318615,Low
0.18126991768556472,Medium
0.1106389437416847,Low
0.10692181050973773,Low
0.13583810422899412,Low
0.1953191313226081,Medium
0.11517774876346856,Low
0.4550507942676088,High
0.056570455738869305,Low
0.27538507103650134,Medium
0.20603923911394578,Medium
0.10591143209454569,Low
0.13619949346879526,Low
0.17420978049442098,Medium
0.14276911070925455,Low
0.10366883008722054,Low
0.13104563499498548,Low
0.19896549316147946,Medium
0.15085736828663915,Low
0.06051004566482111,Low
0.16890503020194286,Medium
0.5042292834470139,High
0.10562683178259309,Low
0.1313992931067095,Low
0.6478559949001952,High
0.03897470655681461,Low
0.23344918257026173,Medium
0.09381047092777844,Low
0.11218718161548435,Low
0.08612391443440959,Low
0.036996490666810364,Low
0.10516852148338598,Low
0.4242739246467433,High
0.07922247526512971,Low
0.3838268441845578,High
0.393703653774708,High
0.17434359139906816,Medium
0.5080176053599497,High
0.15032490055412473,Low
0.16521061973252188,Low
0.10625822829596208,Low
0.10769880707297701,Low
0.19289986865393058,Medium
0.22221552970493852,Medium
0.4254647801355268,High
0.2846120337423994,Medium
0.11809411362044306,Low
0.3100125112941105,Medium
0.19755808354498292,Medium
0.14076666249500674,Low
0.25777654114090226,Medium
0.538972312574698,High
0.17932714593043803,Medium
0.15819426989655538,Low
0.2789151290257245,Medium
0.015539751134905409,Low
0.09058221918675154,Low
0.11679924186813626,Low
0.1789055728673838,Medium
0.5105076521312273,High
0.01654165392430876,Low
0.09630931142848716,Low
0.020563552533021296,Low
0.2730022675284007,Medium
0.12556073366852333,Low
0.07463611137660099,Low
0.3555283347658289,High
0.5815254053353077,High
0.4279386388318526,High
0.04552107304339887,Low
0.16309363932931747,Low
0.13162360304064988,Low
0.47807239011146496,High
0.17457445992279105,Medium
0.20800352997440347,Medium
0.3068222990956245,Medium
0.3105225353274965,Medium
0.03594327556926746,Low
0.21909572684344172,Medium
0.2881252436916139,Medium
0.10910044319243807,Low
0.24251272640010535,Medium
0.6192875270281946,High
0.16209595257245596,Low
0.1483746631348566,Low
0.026219779871399746,Low
0.4092830975614599,High
0.08247753581585984,Low
0.07063145570630294,Low
0.19455405904370535,Medium
0.09686803606654115,Low
0.35139178110277897,High
0.41986950842911286,High
0.15677113445707025,Low
0.167998714605153,Medium
0.3183242554112321,Medium
0.09622922399877124,Low
0.666652355524387,High
0.1258220721389652,Low
0.14517694317483734,Low
0.1597263000992893,Low
0.05992593340833505,Low
0.1504956872149455,Low
0.40289755245311615,High
0.1607398515883699,Low
0.12457952037743143,Low
0.3432836712005302,High
0.05827376065392473,Low
0.03189974493176631,Low
0.19884332250491796,Medium
0.04456053755363794,Low
0.19430184900358233,Medium
0.16379875053000284,Low
0.23305244557213856,Medium
0.6951991171867531,High
0.38519288149098607,High
0.36216412236950274,High
0.14843747906718785,Low
0.14151967305046337,Low
0.11155370478124661,Low
0.16167362235588945,Low
0.16628158855271655,Low
0.4169029348479762,High
0.5819538397175928,High
0.11364424566812496,Low
0.20605368543059477,Medium
0.503478434751642,High
0.14341338820856295,Low
0.45222933057344566,High
0.2202572423126698,Medium
0.2059056419829776,Medium
0.12041232691107288,Low
0.10770720139646994,Low
0.17152268200662538,Medium
0.635641187851731,High
0.2787482866027933,Medium
0.25640455188128314,Medium
0.6366154508981012,High
0.41408095635379666,High
0.024826400452631365,Low
0.15461664866604333,Low
0.1533170186677462,Low
0.09048745532009635,Low
0.14803386502093185,Low
0.08146424610737361,Low
0.49199864702359497,High
0.3348762114171272,High
0.2013056986077429,Medium
0.11409933000854867,Low
0.15992468566605914,Low
0.26955865366998294,Medium
0.36706375752172,High
0.15818906890087794,Low
0.19917640381625093,Medium
0.19485317171760738,Medium
0.18264420022210204,Medium
0.641843494585948,High
0.09993593350653303,Low
0.370053825540106,High
0.37186215767180786,High
0.022356941860628466,Low
0.14895665493154134,Low
0.12720845147214496,Low
0.39421909687400125,High
0.13600756216794582,Low
0.1824151206097171,Medium
0.1019546485632814,Low
0.361589467904172,High
0.7307903003219265,High
0.11996771585039659,Low
0.2374155339848034,Medium
0.15693627950278843,Low
0.43347766408612126,High
0.17705503721907645,Medium
0.19379976451156788,Medium
0.12861963058157314,Low
0.4325172713270781,High
0.22662492605072404,Medium
0.18917717370599205,Medium
0.2553264022946888,Medium
0.18137948233643564,Medium
0.4711987218170147,High
0.22047983573514118,Medium
0.5666643906491408,High
0.14725494085206522,Low
0.12319287013960163,Low
0.16559085274452803,Low
0.11120028300634856,Low
0.15628558674385545,Low
0.187918721884933,Medium
0.07504972321499104,Low
0.5009033147550632,High
0.12213497406377223,Low
0.11248112568371704,Low
0.0905118620457573,Low
0.08224150397505739,Low
0.026804861307602724,Low
0.05934323020579635,Low
0.08580359156902673,Low
0.36549708155834976,High
0.13611331492725923,Low
0.03129238693068327,Low
0.30184553098870504,Medium
0.20633357167153873,Medium
0.22889969277260735,Medium
0.3489400275178996,High
0.11223413186895659,Low
0.1366329190330157,Low
0.0322348250461839,Low
0.12653249171053182,Low
0.26484890663576727,Medium
0.44922912056156356,High
0.24191127593217873,Medium
0.0766511248514839,Low
0.07425778346056541,Low
0.17161573386795967,Medium
0.2145591594097083,Medium
0.6254485105085058,High
0.21273519716021963,Medium
0.5855339374564971,High
0.07567580453104635,Low
0.09472235404842728,Low
0.23566915604817038,Medium
0.1861918899854618,Medium
0.0798809683113983,Low
0.5658015686153905,High
0.3173656236138475,Medium
0.5590419080687142,High
0.20515049124224252,Medium
0.455600707555679,High
0.36175633161437526,High
0.7010100222700468,High
0.20601061883191324,Medium
0.09207021247700335,Low
0.29734795333395936,Medium
0.16007685103339428,Low
0.08127892845791646,Low
0.20315348338691072,Medium
0.25984049255204605,Medium
0.1810287576656383,Medium
0.19145379699828585,Medium
0.18296576273187296,Medium
0.10519073792224676,Low
0.056270911166508404,Low
0.07839910051626654,Low
0.10864802456472318,Low
0.3828895547158352,High
0.12622862924269806,Low
0.1666410171168628,Low
0.1389548162350392,Low
0.2838122920942984,Medium
0.1980758278726875,Medium
0.19482630656225025,Medium
0.12798754182496092,Low
0.12266795465187716,Low
0.1265095327406633,Low
0.1157872673628641,Low
0.12950195299569325,Low
0.2556139378799392,Medium
0.8750667973992998,High
0.07482845789189363,Low
0.06354940344124839,Low
0.19651383046639395,Medium
0.1870603318263879,Medium
0.46346925118161275,High
0.11344438644093245,Low
0.02042292146047927,Low
0.08009839731575694,Low
0.13180365360511798,Low
0.15071700994982656,Low
0.5123144183956735,High
0.46114935654203615,High
0.11755357582518218,Low
0.12656934328914576,Low
0.08373651598105851,Low
0.19564050425037047,Medium
0.11977539114497052,Low
0.277516810453645,Medium
0.4944816060903096,High
0.3213740790614548,Medium
0.19835179395818017,Medium
0.06383022782831356,Low
0.13393487929726075,Low
0.09670551140636863,Low
0.25323613886706003,Medium
0.19739555520372917,Medium
0.13465455619278097,Low
0.16590658743410958,Low
0.09278904474224589,Low
0.04610986720061065,Low
0.08754455467739578,Low
0.221212712058398,Medium
0.1705291737195877,Medium
0.01656378963841168,Low
0.4664756285063246,High
0.04749453937998327,Low
0.11101148749583448,Low
0.12960490430664212,Low
0.15689926484578728,Low
0.3569810393681784,High
0.09795896137529418,Low
0.046807483180717126,Low
0.3284490662550965,High
0.16915204562044034,Medium
0.2068747276420623,Medium
0.25908959673321147,Medium
0.11684283833973717,Low
0.07772051156344847,Low
0.32341897011772813,Medium
0.39387869733601144,High
0.04652384101977769,Low
0.14098516535990036,Low
0.08375209325817433,Low
0.24702794311938517,Medium
0.19083844031872677,Medium
0.15133437386106383,Low
0.3850900606664742,High
0.319114410328936,Medium
0.09460876331289149,Low
0.07013528425628207,Low
0.03681995364860874,Low
0.1806477697464098,Medium
0.3652657243345091,High
0.3669235608061586,High
0.24801478479408035,Medium
0.10715214390807389,Low
0.19453984231828028,Medium
0.10251698429367004,Low
0.06617143147016885,Low
0.06843259442915435,Low
0.2707706437006497,Medium
0.1661378278434761,Low
0.23981891584267334,Medium
0.20966365330438633,Medium
0.2872311884769586,Medium
0.49920506483831695,High
0.2544424983245528,Medium
0.5359480950670795,High
0.4644457165510542,High
0.16476321886342032,Low
0.19345373488738227,Medium
0.14279058419283283,Low
0.2959442356561516,Medium
0.12289490285289682,Low
0.13063550387323555,Low
0.03623513010317239,Low
0.08299196802718949,Low
0.13777753840182536,Low
0.13922108259858318,Low
0.4066264988154128,High
0.1444693765575689,Low
0.38179818299086193,High
0.1889109652871965,Medium
0.09738805377209694,Low
0.10648390817774973,Low
0.22619329525825205,Medium
0.2695367086382799,Medium
0.2312513382383655,Medium
0.13066213162871543,Low
0.06711381706651634,Low
0.07919015438020083,Low
0.15420176329065105,Low
0.4989135212081267,High
0.08667926230610076,Low
0.24546236597666385,Medium
0.14780820336020944,Low
0.6076292851193525,High
0.08135991860380179,Low
0.15366001996520443,Low
0.28059675326579514,Medium
0.21333888193649214,Medium
0.1146604231275074,Low
0.10033673882715052,Low
0.13557333510557107,Low
0.19315688819226615,Medium
0.4638588968849267,High
0.2943550165595345,Medium
0.1865259663235858,Medium
0.08326896411055205,Low
0.1861422502870718,Medium
0.04894943582685125,Low
0.7203640077756032,High
0.1242636925521338,Low
0.10755034417914178,Low
0.152226655743295,Low
0.1401121872951835,Low
0.1186972876880227,Low
0.042043113785927434,Low
0.1815185893624676,Medium
0.18558712348297213,Medium
0.5992931916948385,High
0.2226725504970392,Medium
0.04247709733530733,Low
0.6856029802399829,High
0.31739875986129845,Medium
0.13015942212915496,Low
0.14004569061216923,Low
0.10141641510656675,Low
0.2635127425424314,Medium
0.10961175345157347,Low
0.06882166438629926,Low
0.4000695892200607,High
0.11360302814258298,Low
0.20329587591939152,Medium
0.07983380094710103,Low
0.23379014673875784,Medium
0.10971334941109534,Low
0.20341837384729738,Medium
0.6761432513491165,High
0.17327301850853788,Medium
0.36716042539550053,High
0.15130160390456704,Low
0.19831691249201644,Medium
0.09982497280771671,Low
0.1809528358420996,Medium
0.1957306335771506,Medium
0.4523478711840591,High
0.3595638281974354,High
0.9323956841279227,High
0.039161262685406956,Low
0.7991264710726178,High
0.43982684472184425,High
0.1861966142461469,Medium
0.18143393802175573,Medium
0.1934417621309541,Medium
0.38326785987678935,High
0.24497207564494708,Medium
0.1403993263614593,Low
0.13393942955131122,Low
0.5563690830146168,High
0.10106271199281026,Low
0.7250058919700726,High
0.05540493797538109,Low
0.3521833654920183,High
0.09242303303660088,Low
0.2834303786819776,Medium
0.24303657503456758,Medium
0.04799450743220782,Low
0.17522543134009047,Medium
0.0373311394547069,Low
0.17318854725037847,Medium
0.7141365352819529,High
0.5260741509311238,High
0.2619146192437632,Medium
0.4113119196409408,High
0.1322130080071645,Low
0.17074752870152463,Medium
0.0778586763979862,Low
0.3032481561917858,Medium
0.3283976367394204,High
0.12798325717204123,Low
0.1369258615493985,Low
0.11922110787455723,Low
0.5440089750069815,High
0.33115031244913,High
0.18717858982078792,Medium
0.5329231362976433,High
0.03966218007962123,Low
0.24747287736434415,Medium
0.3225161670436243,Medium
0.4276163086817716,High
0.19184934862518357,Medium
0.23268550271498237,Medium
0.08394260054439553,Low
0.6891075073920244,High
0.14032217650943588,Low
0.4106395615559441,High
0.41542640754468974,High
0.1594148935611213,Low
0.08627837436599073,Low
0.7080845362371383,High
0.31304049047976584,Medium
0.03067757584331199,Low
0.5254219146755132,High
0.5032426037105381,High
0.07215034614984996,Low
0.11332783341407782,Low
0.33979193370052463,High
0.5918653155836255,High
0.3624555796317329,High
0.04812164837879658,Low
0.40185034382962537,High
0.3230124799390944,Medium
0.07687782846682796,Low
0.19470228009113286,Medium
0.12543300780510475,Low
0.5313832075284498,High
0.18590685878001417,Medium
0.3886553700103087,High
0.09912337420449584,Low
0.10088980015803685,Low
0.09838959943369381,Low
0.033379837486546556,Low
0.20933786994521583,Medium
0.2551472987015032,Medium
0.14568272076941302,Low
0.10710644656365356,Low
0.22967083885035694,Medium
0.023881513254956802,Low
0.2736483596847398,Medium
0.06744932540507716,Low
0.11696437608059353,Low
0.18902783904372855,Medium
0.21117606377613884,Medium
0.13631310525147367,Low
0.047911106099469206,Low
0.25250957483605835,Medium
0.2186472931156649,Medium
0.1773514709301871,Medium
0.19634352151173717,Medium
0.16645052199970592,Low
0.10051525417703636,Low
0.12699498937371986,Low
0.16142773827397203,Low
0.26260631430278464,Medium
0.11112982978983589,Low
0.12472441178911724,Low
0.27737760702487874,Medium
0.25208863865774855,Medium
0.12247034201701157,Low
0.17912131842384862,Medium
0.6860723851591901,High
0.08789991615417685,Low
0.2139949188387295,Medium
0.06146228253887017,Low
0.5184699068098505,High
0.11748064387031365,Low
0.020894838828450793,Low
0.1080628710067495,Low
0.26951150828136583,Medium
0.21955551448801588,Medium
0.15835901326433846,Low
0.16034910723931609,Low
0.10899609375053976,Low
0.15572888300765905,Low
0.11096647324179076,Low
0.0730490065903541,Low
0.42824048521643326,High
0.14475595944336744,Low
0.10280792350786572,Low
0.1381689750703881,Low
0.12457233460928012,Low
0.201476614429487,Medium
0.10722083482088667,Low
0.8350590983810449,High
0.48617825751480703,High
0.14150307922564376,Low
0.06670339919267482,Low
0.10698574849833464,Low
0.3334168836230842,High
0.08432832580737779,Low
0.3246574123599246,Medium
0.14756449764420573,Low
0.13691493096551868,Low
0.6648693485193075,High
0.09058380379226762,Low
0.3059605175046488,Medium
0.11910729382911729,Low
0.13695147454003123,Low
0.24285911028702603,Medium
0.07164396945354243,Low
0.2763212245032778,Medium
0.2156287576567301,Medium
0.25942151423411297,Medium
0.1490283439639931,Low
0.14521545746997713,Low
0.04773113665688093,Low
0.5911230230573793,High
0.22004917354559383,Medium
0.21830482550747252,Medium
0.4068223665796567,High
0.29253433192581485,Medium
0.015694685133552582,Low
0.3533008777757566,High
0.1962989845030702,Medium
0.3254949089981423,High
0.2779381187072693,Medium
0.1896738739877682,Medium
0.17760380318924412,Medium
0.34547940943211164,High
0.21847808762709098,Medium
0.10789953547059897,Low
0.03932466639129978,Low
0.28540896120876824,Medium
0.15096444754561367,Low
0.2654586992571836,Medium
0.35205876318367774,High
0.15540167772227503,Low
0.11867403890734063,Low
0.0801464478907864,Low
0.21155816273461792,Medium
0.06120249879638265,Low
0.09756174774674806,Low
0.445618710334624,High
0.445179629250729,High
0.2696582538405771,Medium
0.38877645899783775,High
0.10894770250534123,Low
0.3840387341979176,High
0.20275757893725438,Medium
0.25686675381070284,Medium
0.43902546086174876,High
0.29873764646699225,Medium
0.1347620160989291,Low
0.32608196645034837,High
0.09402330133077194,Low
0.29046165537806845,Medium
0.12749796566435967,Low
0.09096783191361114,Low
0.3664484532324301,High
0.20279121859640314,Medium
0.33796836242603423,High
0.040919207187537956,Low
0.06261092116332341,Low
0.029334419137722244,Low
0.2307482162846698,Medium
0.2744617906667376,Medium
0.027506196599054577,Low
0.08674882074093201,Low
0.3471914219061906,High
0.1331129730767443,Low
0.1673907579818435,Medium
0.611452357285629,High
0.15685452937865776,Low
0.7023987451256327,High
0.04253811425309948,Low
0.08922741565074636,Low
0.11466265487027517,Low
0.10159308444034369,Low
0.18847374980836992,Medium
0.16860386699394098,Medium
0.1510241382803584,Low
0.13252019976716245,Low
0.0922185053091115,Low
0.11836945806868147,Low
0.04115611827746237,Low
0.08400166588418226,Low
0.2212639779010806,Medium
0.3527327302937012,High
0.17827005713973879,Medium
0.07432288064434107,Low
0.026230760579758938,Low
0.254399646109769,Medium
0.35103766943345965,High
0.19600782597341931,Medium
0.06837451498910975,Low
0.1817583446481287,Medium
0.6102919236936206,High
0.07380466411512428,Low
0.11693078534756884,Low
0.10101268405381375,Low
0.13257085523562329,Low
0.06279625750253344,Low
0.10213304403646993,Low
0.43258538291984,High
0.02368390162400581,Low
0.11475159327351392,Low
0.6070631688060414,High
0.31905824374402525,Medium
0.1315521238772274,Low
0.1580329705380675,Low
0.03236691615980108,Low
0.14586813769265244,Low
0.2571432830608469,Medium
0.16091587607945382,Low
0.30911466745680094,Medium
0.9876393234899458,High
0.07116630720899347,Low
0.40502050099882125,High
0.031663997267996034,Low
0.3952916167658391,High
0.1316522995022026,Low
0.09002886056837943,Low
0.3546154578951888,High
0.08018749293454207,Low
0.15385176480714877,Low
0.2003905287208639,Medium
0.14812477442877917,Low
0.11166857432913986,Low
0.1443803260800072,Low
0.3448803506239548,High
0.17802316403514498,Medium
0.047526773818510254,Low
0.2544202121076384,Medium
0.46364955840510175,High
0.12493731255655313,Low
0.35182467069376194,High
0.22456328229075717,Medium
0.1507901900975785,Low
0.10297287487037093,Low
0.22261899277215913,Medium
0.16279168648464967,Low
0.46654738709468085,High
0.38839996528295856,High
0.2108922620986607,Medium
0.19642863199240385,Medium
0.24345585859907937,Medium
0.1954720611934156,Medium
0.2479188675872921,Medium
0.3560045417676215,High
0.37144159428370627,High
0.34401980017733513,High
0.022591007045741476,Low
0.5925662843455751,High
0.028246208823704825,Low
0.21900062241973536,Medium
0.052170870624293264,Low
0.06485796321030443,Low
0.22211695257042574,Medium
0.25093942262014124,Medium
0.2445160442655928,Medium
0.11314822185325114,Low
0.22142597578789092,Medium
0.17299339951729845,Medium
0.08392543638184718,Low
0.45903577392947686,High
0.045296473839997776,Low
0.09516831765070344,Low
0.20928872153988676,Medium
0.19339629403869515,Medium
0.620416647670756,High
0.2013925092777787,Medium
0.11760894601118557,Low
0.2411493160861404,Medium
0.18712775179501895,Medium
0.12078373216809583,Low
0.29707512140699077,Medium
0.2477141811856324,Medium
0.1366693069661783,Low
0.3055465190257227,Medium
0.08300646723084508,Low
0.4007291009155089,High
0.288666662052309,Medium
0.15215673150364406,Low
0.4682390623534997,High
0.11005305138386601,Low
0.14878109598460393,Low
0.1458662987177551,Low
0.23032349285291595,Medium
0.3907981969425306,High
0.7317812796310554,High
0.2139266297337682,Medium
0.17380589458899798,Medium
0.08337313335479536,Low
0.4716708223644329,High
0.20749508166797856,Medium
0.09034703791262025,Low
0.4913408251481932,High
0.24979330121458188,Medium
0.09264637918916352,Low
0.36554252330631926,High
0.448444774142307,High
0.3668168762705567,High
0.7369980655160762,High
0.5520507606536951,High
0.05951748989503243,Low
0.18378289826279248,Medium
0.13972328320844657,Low
0.20174722029829437,Medium
0.8736730634420302,High
0.16876986323425489,Medium
0.039919564820089265,Low
0.07085090006884656,Low
0.09718515185120914,Low
0.16634460564381554,Low
0.21855176027855114,Medium
0.05065286861996714,Low
0.14471146762356454,Low
0.11441029584514842,Low
0.13704239523651976,Low
0.10514781086719405,Low
0.09453944889893669,Low
0.2271819249782768,Medium
0.10259404908257437,Low
0.15261248527292207,Low
0.1571697146976189,Low
0.16988456869093158,Medium
0.10518108604398278,Low
0.05981426094399189,Low
0.22605454937893793,Medium
0.2013515443101689,Medium
0.20027481131841307,Medium
0.573041524077803,High
0.27752800626131297,Medium
0.357891651834959,High
0.34109217791718865,High
0.0654574122450549,Low
0.10765886240799995,Low
0.5232291891558114,High
0.2045344779119652,Medium
0.1909482123446114,Medium
0.1856210317892867,Medium
0.3680303287720441,High
0.21306284319245106,Medium
0.07288100649284178,Low
0.14106665834041707,Low
0.07442591282766214,Low
0.3528097865747463,High
0.12569035990584168,Low
0.11326647795324192,Low
0.3529498962952811,High
0.16089214801440657,Low
0.06431077118056013,Low
0.24384146868026532,Medium
0.061104842990852094,Low
0.14323118629838483,Low
0.25279737053389717,Medium
0.2327797574630536,Medium
0.08760486891965302,Low
0.04871593933736973,Low
0.21297576664467133,Medium
0.25415613256841835,Medium
0.24954529017264138,Medium
0.12383938881356764,Low
0.27767359675961595,Medium
0.20996039408533781,Medium
0.5988367494338109,High
0.11986258859249105,Low
0.47813944884699283,High
0.1993154481309914,Medium
0.21212667530179868,Medium
0.14469779015376844,Low
0.2992565852708887,Medium
0.3906816491475331,High
0.08629155193526951,Low
0.22267500760357709,Medium
0.11036182378199502,Low
0.10733213066859403,Low
0.4106732535947493,High
0.21852756660317033,Medium
0.14044194136332724,Low
0.5763257509269801,High
0.21109864759107894,Medium
0.062163165161994334,Low
0.1348566560119556,Low
0.11116447576626041,Low
0.04070085948803701,Low
0.10950156236290154,Low
0.2272124664268463,Medium
0.3415331147936615,High
0.24892559964445946,Medium
0.2935714695860146,Medium
0.09646337425218314,Low
0.36295669691075677,High
0.6655594008886109,High
0.24196088502212074,Medium
0.08480839574044893,Low
0.4596787193457161,High
0.3507237782530132,High
0.26011367619353,Medium
0.194118531964363,Medium
0.03494709587751148,Low
0.38780737779636065,High
0.07075297104652103,Low
0.09995258600814005,Low
0.13015332138015698,Low
0.16903618812280724,Medium
0.332384106359414,High
0.08295699322085034,Low
0.2625715152720115,Medium
0.09786053723059267,Low
0.13273387397851383,Low
0.17401809027762563,Medium
0.06888191826238253,Low
0.24611421751995233,Medium
0.13680363736055495,Low
0.1817967737541205,Medium
0.16539712180798335,Low
0.13503656997658847,Low
0.09688449366572899,Low
0.09881802353929392,Low
0.46177995003270955,High
0.21587911931807138,Medium
0.8098683433022328,High
0.18091228693728809,Medium
0.16921140845307128,Medium
0.23917679765704997,Medium
0.21756349006254233,Medium
0.19212065269658518,Medium
0.6613922944024492,High
0.13089579709737345,Low
0.4094657413864162,High
0.18819773882720703,Medium
0.11709177225069252,Low
0.13932361265599466,Low
0.18037549067059816,Medium
0.07995944705859513,Low
0.8596098933046241,High
0.28677823075946285,Medium
0.3406020980634517,High
0.20346413261987406,Medium
0.12929633215239378,Low
0.23550345834885486,Medium
0.030755609954381945,Low
0.884017712093967,High
0.12796428426036166,Low
0.9159998235748209,High
0.11750048801194232,Low
0.1830857502566375,Medium
0.3766220998113399,High
0.721632612946023,High
0.2123777618784008,Medium
0.10782104013518354,Low
0.03698934763701255,Low
0.06280837419007707,Low
0.3469973589870294,High
0.03996210554571086,Low
0.09538703831620486,Low
0.23420297738580428,Medium
0.1903067432675838,Medium
0.17992460892501644,Medium
0.12433863603541938,Low
0.34746753182681056,High
0.1401375572596988,Low
0.1380808038245057,Low
0.34286929656260606,High
0.13625877339981898,Low
0.3974032229062001,High
0.060195633085785114,Low
0.2630207335527465,Medium
0.5142377713981434,High
0.3407072697257111,High
0.4626428066488422,High
0.06175383111527619,Low
0.15520001772314224,Low
0.17488216821282815,Medium
0.21217164005712943,Medium
0.2792649251964512,Medium
0.6600291128629853,High
0.31216484792591787,Medium
0.17226949387505516,Medium
0.09020207807215132,Low
0.15153577514966837,Low
0.2949187715856667,Medium
0.19960188183654629,Medium
0.16200399587303616,Low
0.1376839832077983,Low
0.22471150274750254,Medium
0.28186013871618365,Medium
0.24343986971236792,Medium
0.07064945669839122,Low
0.03439380085423072,Low
0.21324849272154506,Medium
0.14660589382967054,Low
0.37232824500632705,High
0.505791761904164,High
0.566028841793255,High
0.049528051698660334,Low
0.14389411799088764,Low
0.10804112467050601,Low
0.2897913999658483,Medium
0.046674008465111834,Low
0.17148320895448715,Medium
0.050951616866357706,Low
0.1807028871987871,Medium
0.17769201607468518,Medium
0.2118038084746794,Medium
0.5790889866459545,High
0.6429956521019421,High
0.13402164654901305,Low
0.05735128338460005,Low
0.16758418293309063,Medium
0.06507267473176104,Low
0.21939025186432556,Medium
0.3554794366946274,High
0.4373327843970907,High
0.14609547379730783,Low
0.27135084036543805,Medium
0.16399263401359376,Low
0.21641509190700722,Medium
0.40502050099882125,High
0.21430329779103283,Medium
0.11701382044976488,Low
0.5280351466337757,High
0.6013596267629039,High
0.1520842009387676,Low
0.3679815826319213,High
0.21090787912596473,Medium
0.12912974860188814,Low
0.45459316204593103,High
0.026205269104090868,Low
0.16717480247382954,Medium
0.10602625128682876,Low
0.18685185859876477,Medium
0.14663432745934366,Low
0.41881444946775837,High
0.11645486279871468,Low
0.026493410010592803,Low
0.16649334359394138,Low
0.20551185814284736,Medium
0.08024503266111639,Low
0.19213069746865893,Medium
0.32897345640013204,High
0.014565736563677498,Low
0.0918787848319455,Low
0.18629200222722805,Medium
0.06209124453691339,Low
0.17284245439176565,Medium
0.07886344821093837,Low
0.23628577626464825,Medium
0.06703369989765226,Low
0.1727820411759845,Medium
0.21697338604150715,Medium
0.09426683686782648,Low
0.07049438623893445,Low
0.45062389896698585,High
0.13816620865337506,Low
0.07060499651937975,Low
0.2529343328677915,Medium
0.04980230661716488,Low
0.11823454475991411,Low
0.2853944551015648,Medium
0.03871289006416493,Low
0.047393996908367396,Low
0.14233729728083025,Low
0.10523380481548988,Low
0.7187631169431039,High
0.041991929272642343,Low
0.16448330948190518,Low
0.1800992949609295,Medium
0.17581417030127192,Medium
0.174206220348588,Medium
0.6515946347564955,High
0.21841135623676364,Medium
0.48452727503353316,High
0.13366152394096753,Low
0.5671232053266386,High
0.13590940691068712,Low
0.8080524142289413,High
0.1848594692080403,Medium
0.2768494306958105,Medium
0.10545641764479476,Low
0.03012724925275151,Low
0.09735512975322914,Low
0.03388732206799561,Low
0.26033961191644006,Medium
0.29645536492145674,Medium
0.16454539321563125,Low
0.07210121872182342,Low
0.14121221475389142,Low
0.1307021474305234,Low
0.9074511155217854,High
0.49771657512138395,High
0.1635690523426115,Low
0.09585199308167114,Low
0.25705681263437846,Medium
0.3910710611703894,High
0.027081493158542098,Low
0.20742086880674626,Medium
0.1736250468700645,Medium
0.43935205698330326,High
0.047225301774022975,Low
0.042931880663878694,Low
0.09178544884204481,Low
0.21558890289694782,Medium
0.19266764959572188,Medium
0.17785690172633645,Medium
0.07573098005043687,Low
0.14020317696056805,Low
0.03544759961892795,Low
0.1634193089651137,Low
0.18597785875483386,Medium
0.11482554266940252,Low
0.19140747418498816,Medium
0.0681896895389035,Low
0.3769029796473228,High
0.3629319569230777,High
0.12948593157197957,Low
0.22320473885724965,Medium
0.44463619996437603,High
0.5721312577244071,High
0.1406785076026801,Low
0.21321348537066895,Medium
0.6131371503830688,High
0.6731463760938114,High
0.10971476022361172,Low
0.40002920000688924,High
0.3326090457355211,High
0.04056953287815998,Low
0.1473234397969947,Low
0.1296813024094396,Low
0.3199649611755618,Medium
0.08672604264355048,Low
0.17885334558867022,Medium
0.14250964670911911,Low
0.13302745773506633,Low
0.24531963023703585,Medium
0.13679245915271782,Low
0.08013744724479471,Low
0.5690866597088174,High
0.2380090587837274,Medium
0.11491645595651653,Low
0.11726421576457663,Low
0.6331130923265957,High
0.21654025499603277,Medium
0.16206845460526212,Low
0.12938347032450528,Low
0.06462075913802526,Low
0.5493502665719687,High
0.11570541857422718,Low
0.3412176345569367,High
0.09946049276353432,Low
0.09124997619730534,Low
0.3058656678642342,Medium
0.10173557026909281,Low
0.2401347625358477,Medium
0.17426839732265687,Medium
0.0888130833342528,Low
0.09415053845426036,Low
0.11922924083484997,Low
0.37576709770116723,High
0.09073989895460345,Low
0.1022281981251697,Low
0.03864345728348379,Low
0.15199629382385854,Low
0.0677719539683395,Low
0.13978352481500436,Low
0.10441306393682966,Low
0.3479812554140631,High
0.287344050058554,Medium
0.14141612632960252,Low
0.10770386411431676,Low
0.18124127654503935,Medium
0.15052200872073979,Low
0.1487505010214237,Low
0.040889504488813615,Low
0.16804276229343518,Medium
0.36819047753266215,High
0.19190849241497604,Medium
0.6898143944977686,High
0.2517824956784052,Medium
0.18639322890319365,Medium
0.058504541689366675,Low
0.25662017238911955,Medium
0.19406886513543864,Medium
0.1744538170468205,Medium
0.1942975242934956,Medium
0.1476688816815015,Low
0.20208515993389842,Medium
0.07521450782880848,Low
0.4394403203107599,High
0.22872232251248242,Medium
0.2836981391232555,Medium
0.49413214983580817,High
0.5136079197127387,High
0.07984064031579446,Low
0.034606475424164354,Low
0.18519855284275827,Medium
0.20374794071607571,Medium
0.10041951891391566,Low
0.21564106166632346,Medium
0.187820334963179,Medium
0.2153248865225939,Medium
0.4019145420833553,High
0.1956711915532074,Medium
0.1611239962579444,Low
0.22708930041208597,Medium
0.18319336560018837,Medium
0.13001726570532,Low
0.1253279027555303,Low
0.15668604170472375,Low
0.1771984744652557,Medium
0.13140949467949103,Low
0.1419203116502655,Low
0.10845658744240586,Low
0.2271201192041849,Medium
0.5086358508249255,High
0.15893281246939303,Low
0.04825390382430408,Low
0.15155371718326038,Low
0.1905447465289803,Medium
0.17029401231450933,Medium
0.13986745781038754,Low
0.2707858554547126,Medium
0.11515192197509891,Low
0.4173073415073398,High
0.4627509389698078,High
0.1446969960681764,Low
0.26762565560988555,Medium
0.13997993010001455,Low
0.06312132176039835,Low
0.22602903260016446,Medium
0.4212492119145086,High
0.09672287107058247,Low
0.2272395458708896,Medium
0.08025033336495846,Low
0.2083095416570215,Medium
0.2024204954842131,Medium
0.12599481448853525,Low
0.045308925534360764,Low
0.1365750994076264,Low
0.18381702566533112,Medium
0.13476940658886283,Low
0.062270427548773856,Low
0.10467220030566515,Low
0.27552419524895594,Medium
0.22605779285034014,Medium
0.19573362517563347,Medium
0.1504307602818676,Low
0.15218067092526044,Low
0.22959962428421907,Medium
0.05281731845861351,Low
0.2290981418861612,Medium
0.11378667818853502,Low
0.2358452962556391,Medium
0.35946874557132735,High
0.11085687101415917,Low
0.16558220813903005,Low
0.16362983864450126,Low
0.19848906635647243,Medium
0.2237775469656218,Medium
0.7419886029385475,High
0.11868911343597462,Low
0.3415781648689073,High
0.1277155376075703,Low
0.21084710626864445,Medium
0.1797500092744775,Medium
0.9957290506002481,High
0.14963042557188513,Low
0.7386281360157432,High
0.14931603566852872,Low
0.3161947353665341,Medium
0.24097774998002955,Medium
0.1187287778482462,Low
0.04927227034214519,Low
0.15392912950536794,Low
0.17304185555801982,Medium
0.31354913211277147,Medium
0.48121489168605797,High
0.1558439961774631,Low
0.5913594131338467,High
0.1337635244558631,Low
0.27051246787757727,Medium
0.0689851368571739,Low
0.46260035217968626,High
0.25082233922233627,Medium
0.16737652766897249,Medium
0.105939334951849,Low
0.31213390377226763,Medium
0.39158311224937575,High
0.1530887643073685,Low
0.04260224442514101,Low
0.09590611175692698,Low
0.04210307610761621,Low
0.15055626017052257,Low
0.08329850188027217,Low
0.06644140752810855,Low
0.8493616858384959,High
0.21262084062513883,Medium
0.1744988411642203,Medium
0.14937120269985613,Low
0.04717713265100391,Low
0.14033125563989624,Low
0.1150885541925146,Low
0.1954652886304426,Medium
0.8773962929167665,High
0.4065393656484266,High
0.41513071381186406,High
0.5821342217702187,High
0.48525686909998456,High
0.35349628926437004,High
0.10571821926897615,Low
0.16681122404994617,Medium
0.1805738001594617,Medium
0.038335772916623774,Low
0.09150307488931833,Low
0.147026394264776,Low
0.16966386724281018,Medium
0.9966208132891908,High
0.11096761854560977,Low
0.29326354113992253,Medium
0.175291626334549,Medium
0.1311824371524182,Low
0.24487857349611197,Medium
0.19674691364522637,Medium
0.03866691152316611,Low
0.19197706419845012,Medium
0.1628898338629398,Low
0.07817353991499952,Low
0.07785675897306923,Low
0.13910852329501602,Low
0.13950034721403998,Low
0.18986057811000312,Medium
0.447547868799689,High
0.20100038549759672,Medium
0.5368873257362236,High
0.03961913003094779,Low
0.2531534140568423,Medium
0.20266923207417495,Medium
0.2059783153051107,Medium
0.2725962853262788,Medium
0.1587290965810901,Low
0.18107020251620173,Medium
0.14499479475068866,Low
0.13104074416291267,Low
0.21142101825351262,Medium
0.23755223163359274,Medium
0.09599392233594503,Low
0.16717166793284136,Medium
0.03082085906681894,Low
0.09852703348217469,Low
0.21657673303983335,Medium
0.03534874691062624,Low
0.21257732749403632,Medium
0.22649898205726657,Medium
0.3046433116293194,Medium
0.13868897636272326,Low
0.1894226933425628,Medium
0.20407243440103548,Medium
0.06936269451150406,Low
0.16605544196423205,Low
0.13669203689573853,Low
0.12767167801194437,Low
0.8213834406708836,High
0.06070869990898275,Low
0.14621973768542704,Low
0.10415709202364266,Low
0.41968646825559497,High
0.2205676687165208,Medium
0.05115222613412493,Low
0.045664420204664144,Low
0.19903177821133458,Medium
0.24842364329439592,Medium
0.33717632021230914,High
0.134433415581191,Low
0.9950388138646622,High
0.25475671042003223,Medium
0.09761651084769284,Low
0.6800456552419203,High
0.06635827577235862,Low
0.12076095294696818,Low
0.27312391056809016,Medium
0.18276687262000646,Medium
0.18898162729702783,Medium
0.19767243456096625,Medium
0.3548256670661741,High
0.36396069692709365,High
0.3436835808005959,High
0.166174070421064,Low
0.14070910831444935,Low
0.20112103758393743,Medium
0.13964269887791292,Low
0.14665408028568588,Low
0.2132570515371667,Medium
0.06194655786098222,Low
0.2615258261882825,Medium
0.3680575857846821,High
0.17381161408736634,Medium
0.15086670139244687,Low
0.07373261938282695,Low
0.01940836325624878,Low
0.33425092772488824,High
0.05023815901421698,Low
0.19501137293135934,Medium
0.24344690349609296,Medium
0.5743709482516938,High
0.12100695442992596,Low
0.1625009343809218,Low
0.19246489333161448,Medium
0.046426950475848446,Low
0.19344527554336877,Medium
0.48649886324883246,High
0.04979220129843101,Low
0.10981579835145086,Low
0.09574401591873305,Low
0.08540370358027781,Low
0.24684287077617242,Medium
0.18106066543714916,Medium
0.06935602606836787,Low
0.16540406120963783,Low
0.1376588173373644,Low
0.16418040447571294,Low
0.1513234071694326,Low
0.6688495248624836,High
0.36617469320530616,High
0.542976329239626,High
0.2545288680162013,Medium
0.4609001793274393,High
0.3992300215458642,High
0.07288979770217648,Low
0.1733155651633589,Medium
0.15906860245370594,Low
0.1816015876883121,Medium
0.38021359165166946,High
0.15481735196945884,Low
0.41062066828921484,High
0.545133438822958,High
0.06275201790131897,Low
0.9384479641686837,High
0.18279538054672292,Medium
0.4326676219483056,High
0.12799543635018013,Low
0.17445788802605586,Medium
0.07231707603460862,Low
0.14471494644486646,Low
0.17795417458675286,Medium
0.16943493355859077,Medium
0.20208039033971215,Medium
0.1613507866783374,Low
0.07384714290577675,Low
0.13781685079746017,Low
0.1862897360866437,Medium
0.25477938688893415,Medium
0.40223774693241976,High
0.09650420379954659,Low
0.023452649481288466,Low
0.18309390596469322,Medium
0.14117991304541178,Low
0.43634055828588475,High
0.14767698983632085,Low
0.20595830590941774,Medium
0.02253710640759379,Low
0.18061669127908597,Medium
0.2910169361166039,Medium
0.03502626707485355,Low
0.19422025210864494,Medium
0.37102505458675067,High
0.0675977767039123,Low
0.44695452439285627,High
0.13675959324927878,Low
0.14898421172016402,Low
0.11163940491821189,Low
0.11464646894319716,Low
0.5231586733802818,High
0.31769382313289163,Medium
0.16568021150986365,Low
0.11331322755433512,Low
0.5147509644844233,High
0.1153336358344668,Low
0.1569928420467605,Low
0.07470764821944643,Low
0.5994227700946184,High
0.13598284736741587,Low
0.059034666897917865,Low
0.02814470704877028,Low
0.2551021174836858,Medium
0.40317947517581787,High
0.43132932919220496,High
0.2608103673109165,Medium
0.21652989885911245,Medium
0.10518046992008405,Low
0.14709869927186905,Low
0.23453952599072753,Medium
0.06273582516083256,Low
0.1287989140322845,Low
0.041089687935025404,Low
0.1928388241441165,Medium
0.20255929137039214,Medium
0.14206471658199313,Low
0.19205273914007026,Medium
0.6988993281484247,High
0.12224798038297405,Low
0.1266911688140289,Low
0.8379159070476755,High
0.12358793810863607,Low
0.144599076821868,Low
0.10280774931166708,Low
0.3693734770395035,High
0.15491071082647354,Low
0.17152036708171048,Medium
0.42998131052128474,High
0.23456029641901002,Medium
0.17108862716552886,Medium
0.34811388655074277,High
0.6283213321235012,High
0.1014174346244312,Low
0.40364832688072855,High
0.23276980947006976,Medium
0.1637238565348496,Low
0.47532089592399657,High
0.14417605538969078,Low
0.4444640796801277,High
0.13592094534212462,Low
0.6473370696466745,High
0.35707099548905635,High
0.3493644864384225,High
0.2041501992332674,Medium
0.17424162306757285,Medium
0.15200432295079677,Low
0.33666641850648565,High
0.12956420395487223,Low
0.15975090077543583,Low
0.20897992873798554,Medium
0.14177235672818755,Low
0.02466052183768145,Low
0.23043411972116115,Medium
0.0600357622157411,Low
0.15377737037671146,Low
0.07050222460414761,Low
0.4898471678864667,High
0.11861098893148615,Low
0.28808793887246414,Medium
0.327193648805253,High
0.20774838421992411,Medium
0.22414045683347508,Medium
0.23192111541641783,Medium
0.40788368554729365,High
0.22460180578914882,Medium
0.6026752334526047,High
0.18483085557107848,Medium
0.16324027927406556,Low
0.14292363680400266,Low
0.2739590016604018,Medium
0.10271459098756057,Low
0.25594927085163266,Medium
0.1607551228160076,Low
0.0506787176130817,Low
0.23322544835216508,Medium
0.1291225482201264,Low
0.37062049075480824,High
0.11801078421177538,Low
0.492161126255107,High
0.19061601683861784,Medium
0.25694897721693927,Medium
0.15024713252332325,Low
0.1747213369212181,Medium
0.2822163059204236,Medium
0.13786500116606096,Low
0.2310613559522985,Medium
0.29467278969592975,Medium
0.4357025620040092,High
0.6361947951893584,High
0.22147296932671445,Medium
0.1292103960514029,Low
0.0798140395711382,Low
0.06741590946389278,Low
0.058972640396135485,Low
0.1251714971054563,Low
0.07652079952184893,Low
0.3691668473595055,High
0.1952846421246957,Medium
0.11371189504508887,Low
0.14422013804663955,Low
0.0989967464238507,Low
0.5532203541879491,High
0.24249665922789723,Medium
0.2730084173516882,Medium
0.1701516875038646,Medium
0.2054810035930599,Medium
0.16491008651591327,Low
0.5727207253349693,High
0.16917157406980157,Medium
0.14293181840472097,Low
0.1850630409483804,Medium
0.3071669969081599,Medium
0.14361124252784524,Low
0.07607667009665775,Low
0.30292865910946887,Medium
0.2580808366151552,Medium
0.18258211522928514,Medium
0.2642293520504479,Medium
0.08647494259942642,Low
0.15574141028848373,Low
0.2305335104597925,Medium
0.6215361540404368,High
0.7439471312133186,High
0.14095103498438527,Low
0.049051032596517365,Low
0.14731473726436883,Low
0.1490332327083557,Low
0.3523614016422171,High
0.0926863877429314,Low
0.09963952876943241,Low
0.046409948074507774,Low
0.11522247204768789,Low
0.34723856542290055,High
0.06246246956911567,Low
0.17675366550405086,Medium
0.036994911105003817,Low
0.42423401427156876,High
0.392350808095414,High
0.47413534571948845,High
0.16935626112523872,Medium
0.07579582078550301,Low
0.18005230184959498,Medium
0.1691970365197546,Medium
0.09861607673160731,Low
0.0944023301228576,Low
0.4658833270890506,High
0.1900591537220775,Medium
0.1690769863523517,Medium
0.4790497933994641,High
0.13268909610390908,Low
0.3663986792184676,High
0.33413834217099186,High
0.30101145194333745,Medium
0.32494148463673544,Medium
0.12131061961950308,Low
0.38690277036414206,High
0.26865198284423186,Medium
0.053382819033984674,Low
0.12213357658746815,Low
0.143058535820189,Low
0.24962542088793438,Medium
0.4138030714356121,High
0.11039516391669259,Low
0.07561460896020854,Low
0.25974621242002754,Medium
0.21810734520349703,Medium
0.15940082187995244,Low
0.5402766337292213,High
0.11013054364201821,Low
0.16065193804473765,Low
0.6836519622667445,High
0.1573510203734299,Low
0.3250176423973272,Medium
0.08153484827079212,Low
0.08325822877777372,Low
0.08753832395572042,Low
0.3668058570970805,High
0.06117887333677474,Low
0.1276379983992147,Low
0.27129395323483907,Medium
0.19357902006518984,Medium
0.08828896543423624,Low
0.09177472686058558,Low
0.036791896965590064,Low
0.0925557499601025,Low
0.14516807264316647,Low
0.2860644545457825,Medium
0.2884833294143675,Medium
0.6617166411294557,High
0.21773568378646294,Medium
0.3481881379639237,High
0.14080919979377002,Low
0.3510699189272816,High
0.4408786660931291,High
0.5106892658757368,High
0.38015722035150035,High
0.16678975879607968,Medium
0.11259655127527708,Low
0.2432123894362628,Medium
0.14089580823355263,Low
0.5504118699372005,High
0.3669031979500035,High
0.11015813751578045,Low
0.2003616459091143,Medium
0.1261509023971736,Low
0.1880510770763012,Medium
0.020086662817312737,Low
0.2553064287201831,Medium
0.26389410633904353,Medium
0.10184406558204559,Low
0.4164641356733748,High
0.1311386788354307,Low
0.40273888774133215,High
0.03459507784348685,Low
0.12330782060888046,Low
0.46351178963906703,High
0.08556588798021333,Low
0.6119262723752131,High
0.33025616495170207,High
0.09375459829474261,Low
0.12688271157235392,Low
0.18690145780646203,Medium
0.5866831806272902,High
0.24060844840466875,Medium
0.1789046496828425,Medium
0.40872962442190724,High
0.31237000241645296,Medium
0.14387591574645853,Low
0.10358415568351215,Low
0.046710523295562384,Low
0.36030149929195526,High
0.24449042419437983,Medium
0.21547815094389589,Medium
0.020281652261120272,Low
0.21896368248430198,Medium
0.08725190294670963,Low
0.3716422902498289,High
0.5309153257553451,High
0.33199765720721697,High
0.326331248407928,High
0.28063077094698147,Medium
0.13657805893321165,Low
0.12389278199069999,Low
0.24494084751548137,Medium
0.23686397096616493,Medium
0.1543157140450653,Low
0.08133915490618923,Low
0.25711685538298346,Medium
0.18584036620167285,Medium
0.9644498574005176,High
0.21033986627680953,Medium
0.4946895378347859,High
0.24334084489834518,Medium
0.044881447425773525,Low
0.213847767813265,Medium
0.16690870238516076,Medium
0.28177005130916744,Medium
0.1000176219649311,Low
0.07346510974213749,Low
0.2324482876930203,Medium
0.1987042108599441,Medium
0.15946762146339355,Low
0.23543070116156836,Medium
0.2340592722450806,Medium
0.1876920218025248,Medium
0.15330493862724417,Low
0.039774980103888614,Low
0.17591575289574563,Medium
0.15830245551094987,Low
0.08929389041325402,Low
0.20939776301967042,Medium
0.037149325210963445,Low
0.14903770025176372,Low
0.15153656101064356,Low
0.3474194624655168,High
0.17108700818353134,Medium
0.08830189049143042,Low
0.3037938375778459,Medium
0.1569842315691747,Low
0.1608895087161261,Low
0.15065522416025548,Low
0.25316382619961286,Medium
0.0996644138855728,Low
0.1396614899462943,Low
0.12163363780354886,Low
0.23317230790540938,Medium
0.6439937600557492,High
0.0683726597720247,Low
0.7224956613146539,High
0.030769616285853296,Low
0.11702218795536895,Low
0.38173413889026964,High
0.17901470786918275,Medium
0.11483736079805182,Low
0.21818923642729693,Medium
0.4967897293369845,High
0.1801543755219837,Medium
0.1542039430336819,Low
0.1501739612086697,Low
0.5496835527666184,High
0.4300614444002873,High
0.10894455487758818,Low
0.1029513259601096,Low
0.20817451982668778,Medium
0.16469982591939442,Low
0.5141686988271433,High
0.15916668688025254,Low
0.1433551067957856,Low
0.5297049382744657,High
0.19892892133015347,Medium
0.6641385338765825,High
0.11164454141383909,Low
0.3588318233507043,High
0.0641056353991244,Low
0.6540552920921119,High
0.06719577701625604,Low
0.1942509839489338,Medium
0.0761481957879781,Low
0.10209898173713737,Low
0.2223572404385457,Medium
0.23280504769615118,Medium
0.11904595284571304,Low
0.1301414747433869,Low
0.4870084373155621,High
0.16404722352037748,Low
0.23143588569810972,Medium
0.14054451644512295,Low
0.07384144959816875,Low
0.14770076863190107,Low
0.15097154250221098,Low
0.6585626443604136,High
0.37378802437448594,High
0.3924758707341093,High
0.13899167716091743,Low
0.04857967156189953,Low
0.14025657108516396,Low
0.25119437725370775,Medium
0.17759994054028588,Medium
0.09247504442988788,Low
0.09823087527118377,Low
0.2151800182608717,Medium
0.652962929213242,High
0.41539175807151013,High
0.1041660980379548,Low
0.16287687012915134,Low
0.2033927991176902,Medium
0.1720300122167967,Medium
0.08210058936358407,Low
0.3034020537111409,Medium
0.3084152034523788,Medium
0.4010416607008513,High
0.10489631517285958,Low
0.22151415202086788,Medium
0.20781059774970603,Medium
0.13055891655114718,Low
0.13948696782782194,Low
0.02943185655088584,Low
0.4946207232702686,High
0.467015566490203,High
0.04337747559514979,Low
0.15939283905006105,Low
0.3055979349216392,Medium
0.404679520110869,High
0.3311122619298703,High
0.12861447324721573,Low
0.4533119979044295,High
0.07518020609094497,Low
0.34700841126411286,High
0.2376923440349176,Medium
0.43571008375748677,High
0.11304860962722922,Low
0.38265511954268794,High
0.19591698399562052,Medium
0.32280044214506165,Medium
0.4604376994840827,High
0.13083471462943153,Low
0.27919451493679764,Medium
0.07287151268510787,Low
0.1730352701781578,Medium
0.6416168401338511,High
0.20121779286892852,Medium
0.08897337663261931,Low
0.5604186249532309,High
0.13929496479949835,Low
0.17553192840018508,Medium
0.2711904803246487,Medium
0.31000453016880114,Medium
0.12048483237289544,Low
0.24251839245998474,Medium
0.20289917876107774,Medium
0.04120452694284439,Low
0.194950828372895,Medium
0.09908320100328306,Low
0.07881685380732839,Low
0.15771835084964878,Low
0.15154750674480819,Low
0.08020976606291244,Low
0.17450763048089268,Medium
0.13676315883592227,Low
0.42633328275127313,High
0.13902103055207835,Low
0.21529159325984096,Medium
0.09197571356038463,Low
0.17399625122358092,Medium
0.08821200051147245,Low
0.19193665185928446,Medium
0.36001992729388504,High
0.1511350624129757,Low
0.11682195896750211,Low
0.22048384158524476,Medium
0.13521465766533589,Low
0.10602874643011742,Low
0.13642160849413704,Low
0.2494997370116034,Medium
0.23859165227048051,Medium
0.17964017353737624,Medium
0.12472962112773324,Low
0.20431941671314724,Medium
0.15445663042445537,Low
0.15878809457786341,Low
0.20314526108328318,Medium
0.5798866792495606,High
0.3123283886676584,Medium
0.20766400075696473,Medium
0.11666556709123303,Low
0.06087992946656576,Low
0.14149258642209367,Low
0.13154271429592326,Low
0.16074312872594967,Low
0.308572018625445,Medium
0.2948521275176722,Medium
0.14809936374468866,Low
0.13676025026740443,Low
0.5877074318039661,High
0.10400852142594642,Low
0.16776808801726525,Medium
0.42999828518878974,High
0.23097678313040612,Medium
0.3497695641856225,High
0.09993340256785196,Low
0.6357910938415173,High
0.07397922166564058,Low
0.016917320367856814,Low
0.25222092595988904,Medium
0.03298241989419378,Low
0.14275005298060017,Low
0.09187518158379565,Low
0.14446939847411408,Low
0.3924605356124825,High
0.060530836158680976,Low
0.3090480025800046,Medium
0.17905954417462555,Medium
0.06582015231888669,Low
0.014680944435920681,Low
0.06089072323029255,Low
0.417121029675886,High
0.20853279458943016,Medium
0.212439692251147,Medium
0.2499250408831338,Medium
0.10164240890383101,Low
0.4955398279372346,High
0.2909400953611155,Medium
0.2835141896352161,Medium
0.26800772782812443,Medium
0.05459903028012569,Low
0.2582262296605716,Medium
0.21013068889413974,Medium
0.4911532328725866,High
0.12397322577393644,Low
0.08430365277396897,Low
0.10982783618524464,Low
0.08419967531129847,Low
0.12209307589873987,Low
0.15814248715799242,Low
0.21956266705290298,Medium
0.10312652151772374,Low
0.14322335305177242,Low
0.07506894073742734,Low
0.05125179516589743,Low
0.6985097309951745,High
0.19842070498838268,Medium
0.11039877012571496,Low
0.2031644411792512,Medium
0.16325596782249327,Low
0.17091281144727902,Medium
0.1094877123874642,Low
0.16569411081588684,Low
0.29595705420882934,Medium
0.14878514611208996,Low
0.0874110804604796,Low
0.20732535008030886,Medium
0.1258902624162285,Low
0.16800465809942944,Medium
0.19456012570356954,Medium
0.10814223878574322,Low
0.11844436215781828,Low
0.5603537301658982,High
0.21896368021779264,Medium
0.23085304373126556,Medium
0.19374321160393612,Medium
0.06008833795068568,Low
0.1395095521222232,Low
0.2713205736086447,Medium
0.10634961063601917,Low
0.5775498053157107,High
0.21796999365576167,Medium
0.1077621058106728,Low
0.12005975075646129,Low
0.5264378817244435,High
0.4114945730396549,High
0.21377887965559852,Medium
0.10335721812403606,Low
0.4707632409835338,High
0.3888224610211081,High
0.06730270185264439,Low
0.28569628754029175,Medium
0.21766587124030057,Medium
0.09837943557049018,Low
0.06469880758287228,Low
0.3024826576378376,Medium
0.18037858788475294,Medium
0.023921511074732765,Low
0.2215792126156799,Medium
0.4557848869857323,High
0.37716958285011676,High
0.07241120158017438,Low
0.4751811483303902,High
0.48468945832185295,High
0.45647715858650895,High
0.08525239409786042,Low
0.15360506686635547,Low
0.18454634683811016,Medium
0.5705028449275454,High
0.2798565089862986,Medium
0.1287636266446372,Low
0.20691287882394074,Medium
0.03950534213461194,Low
0.22156306660817518,Medium
0.2024547664487274,Medium
0.1267022985644219,Low
0.17383906454102444,Medium
0.39617360762740544,High
0.09441066493151894,Low
0.15485742524261734,Low
0.4343922388833517,High
0.2602853870664561,Medium
0.15498070237736622,Low
0.569150524313062,High
0.0952122902480218,Low
0.07397829866044431,Low
0.37982718221885076,High
0.03691229218555122,Low
0.0885645140534382,Low
0.25070210802877524,Medium
0.10621574857393766,Low
0.13933373619383593,Low
0.16964136193707471,Medium
0.13571331523597913,Low
0.16060586258010875,Low
0.3975041186903358,High
0.3481218093032192,High
0.6641696695425627,High
0.12206471330490173,Low
0.9611158794753162,High
0.559503132647854,High
0.06787632208358056,Low
0.14383470899649303,Low
0.109351400919219,Low
0.11088613954278803,Low
0.2715725783697101,Medium
0.2475974326340787,Medium
0.391095820025291,High
0.21982918980293834,Medium
0.28598095576931487,Medium
0.13540198779574253,Low
0.13758881445082685,Low
0.5337197583931607,High
0.0808761884267606,Low
0.24403797271276823,Medium
0.05123460862878366,Low
0.0812123307351687,Low
0.24033511090750004,Medium
0.43549966422519276,High
0.522643615059867,High
0.4083074022488174,High
0.14218286086364318,Low
0.1395650987666389,Low
0.05566891907837622,Low
0.1310517268755657,Low
0.17540873276320645,Medium
0.18822509288128472,Medium
0.18485865524817563,Medium
0.14783344726274172,Low
0.2780810462392976,Medium
0.049137329234397426,Low
0.5455494844580717,High
0.4844615507826839,High
0.40504862679745784,High
0.5901160578493234,High
0.2690772455354584,Medium
0.11271062494338756,Low
0.16135625391418043,Low
0.05150706003026313,Low
0.1661832113216634,Low
0.17034394773225114,Medium
0.1626966483063957,Low
0.07256167657650375,Low
0.10902776961037866,Low
0.05358056321071396,Low
0.29024474971959935,Medium
0.13333588507140387,Low
0.47928232382862146,High
0.16150304404070304,Low
0.039604264457445866,Low
0.18598668088428438,Medium
0.12984327650366198,Low
0.04190388451859575,Low
0.17037288271152287,Medium
0.394148308940795,High
0.6547511624909111,High
0.2890524886383844,Medium
0.3434683929855922,High
0.12036490196672442,Low
0.038181046530107975,Low
0.033629102993238555,Low
0.5779334434449623,High
0.11170061018068861,Low
0.14273475829129476,Low
0.07204214719894139,Low
0.15272764579655077,Low
0.04688338543882479,Low
0.10886953854856447,Low
0.19981379535637325,Medium
0.02211410313024815,Low
0.2166449603490285,Medium
0.0416214565956634,Low
0.46716369592870477,High
0.2064711392495175,Medium
0.364122912282106,High
0.1995398362740565,Medium
0.1783278550850328,Medium
0.2370114275878998,Medium
0.033629034090159236,Low
0.18745094148309496,Medium
0.15335776342720925,Low
0.21382054111408277,Medium
0.3268256544987312,High
0.3690672101193648,High
0.1950692421074959,Medium
0.09704483059517953,Low
0.6217691911941677,High
0.041059716359573895,Low
0.06738896715629375,Low
0.062460971159999774,Low
0.19459495931748733,Medium
0.16457302628391277,Low
0.2477692934810256,Medium
0.1661110090819552,Low
0.4133087835715185,High
0.37809991556623185,High
0.3945722052730175,High
0.03874141419365608,Low
0.3275452942574901,High
0.10417795249112122,Low
0.18470879857712347,Medium
0.21955088610903095,Medium
0.46966644367457155,High
0.1903157777146508,Medium
0.14914897183709921,Low
0.16239995267687207,Low
0.17531029208267573,Medium
0.44369626986511723,High
0.5247924971848501,High
0.21127874512596512,Medium
0.25177474492358265,Medium
0.15391047773539188,Low
0.05430468942976242,Low
0.1190648108395657,Low
0.2379948421626489,Medium
0.23568957000327637,Medium
0.3837104989839427,High
0.6313603338448016,High
0.070430889346654,Low
0.4229066088471004,High
0.3524376039883941,High
0.18042331641052087,Medium
0.12180984933461263,Low
0.07801872342032193,Low
0.1626432119692934,Low
0.2722276885683908,Medium
0.6425909181174423,High
0.1753655982172514,Medium
0.11316496897039066,Low
0.09813606477838743,Low
0.04140683629253099,Low
0.21451898019506715,Medium
0.27421892587018404,Medium
0.16208450118021808,Low
0.25541005173009496,Medium
0.11496931654328399,Low
0.02280629950609572,Low
0.18112131645659563,Medium
0.2954438096618523,Medium
0.2377182357094836,Medium
0.11108949672144462,Low
0.08311898048195872,Low
0.14770882025707158,Low
0.1411484155094313,Low
0.47013548694515417,High
0.17545459760812293,Medium
0.10991608482517137,Low
0.14155274611330382,Low
0.20534591836244748,Medium
0.0981765135780336,Low
0.1421674388406312,Low
0.14420721692782698,Low
0.14501461100587518,Low
0.17085984894608383,Medium
0.07587054430479592,Low
0.19946275551424192,Medium
0.1387895580643121,Low
0.33021228781213463,High
0.1725559238373227,Medium
0.22523561604719752,Medium
0.3552701523012151,High
0.0770098274553684,Low
0.08916863214586632,Low
0.2225122368799463,Medium
0.27163738841658935,Medium
0.23491653236899693,Medium
0.14051344171087832,Low
0.14262416073271977,Low
0.8603775761680117,High
0.10021327958408743,Low
0.057796805016520056,Low
0.15808655587343964,Low
0.2839186772922689,Medium
0.18088036422462717,Medium
0.18980520432275794,Medium
0.16962096788123798,Medium
0.23050977677157772,Medium
0.2691772952355602,Medium
0.2716461630746099,Medium
0.1076105806387776,Low
0.03747880320615472,Low
0.20420939389422985,Medium
0.12315622111244585,Low
0.2630680585628224,Medium
0.04524333765017143,Low
0.17903300033723143,Medium
0.16562775359195733,Low
0.09621502513632736,Low
0.08116626378903888,Low
0.08228512673614502,Low
0.09031743507508101,Low
0.12977622224150595,Low
0.17363120855216216,Medium
0.2002949816960874,Medium
0.1438016432566328,Low
0.2557233497109994,Medium
0.1698405046456696,Medium
0.44003216419338836,High
0.3721345218306916,High
0.15823302326914912,Low
0.44971081573565513,High
0.17020019452949595,Medium
0.06758510068700103,Low
0.3080531670107495,Medium
0.08753709704537627,Low
0.12839430555453551,Low
0.5808527847898128,High
0.34089435071194446,High
0.31519957621176675,Medium
0.19649526095407005,Medium
0.02929799987301678,Low
0.17248346191977826,Medium
0.09430015319065455,Low
0.032100299391141784,Low
0.2545749606597991,Medium
0.3127244613244057,Medium
0.24189447941471873,Medium
0.06655575098653432,Low
0.14190854423458726,Low
0.1524616915765077,Low
0.2713283845016951,Medium
0.20773236576132367,Medium
0.872829467083932,High
0.3611395232167513,High
0.18068710668396157,Medium
0.6095936773233182,High
0.4025100314450174,High
0.2896005613364552,Medium
0.06845912968112564,Low
0.19792819858993704,Medium
0.1243150666213258,Low
0.0833143647837986,Low
0.411012703231871,High
0.41854049497877877,High
0.26110037717855605,Medium
0.0733781040649349,Low
0.5126242420475192,High
0.30203869385123233,Medium
0.11601825447644998,Low
0.1910204845015508,Medium
0.1336707063057972,Low
0.08924162895535953,Low
0.09565349350886541,Low
0.11620226591806411,Low
0.24624584707741803,Medium
0.1431580681527065,Low
0.11197700221807343,Low
0.07610915404453293,Low
0.37598803386179236,High
0.25289190969570835,Medium
0.4205282575674112,High
0.03335478105485227,Low
0.26514318081802873,Medium
0.1112010632119236,Low
0.05515903081742337,Low
0.665009166730011,High
0.14498069449502432,Low
0.1342615074478739,Low
0.20084788974793275,Medium
0.017952678367398434,Low
0.11536166285434321,Low
0.12706090756643007,Low
0.13236472834311452,Low
0.16103704876559627,Low
0.370217412923772,High
0.1720983321749109,Medium
0.21447896132481617,Medium
0.5813343535739343,High
0.3605620141756963,High
0.1464902250525419,Low
0.15238818535076304,Low
0.06853861965151813,Low
0.20516885277509883,Medium
0.1343756283611665,Low
0.49800713043255374,High
0.13553028070400996,Low
0.4678688859410726,High
0.15732509428876731,Low
0.10750024252950499,Low
0.0897108448687382,Low
0.09134062244045471,Low
0.13524872643716623,Low
0.5190495625126101,High
0.13056950192876282,Low
0.07869746643434436,Low
0.07513796004690029,Low
0.21336529595310963,Medium
0.1699529698992509,Medium
0.3848095358481352,High
0.19366524914778538,Medium
0.17212991527770874,Medium
0.10238662943283755,Low
0.0706612141551775,Low
0.09254749933220845,Low
0.09131005104935916,Low
0.15262049797189442,Low
0.3047190307773409,Medium
0.027533392205785632,Low
0.1283856856199279,Low
0.07633151907617629,Low
0.2421383733748272,Medium
0.07976972329800615,Low
0.15064757273821802,Low
0.7133133292161635,High
0.06358141149069389,Low
0.13713688373218175,Low
0.18291531051924959,Medium
0.08382108112476434,Low
0.1552002835096271,Low
0.3743293782795319,High
0.09024868346333165,Low
0.2871895221269325,Medium
0.40357688513928014,High
0.15862686273093418,Low
0.18321216184948003,Medium
0.10808698276022462,Low
0.08317778740246332,Low
0.05602564298220437,Low
0.3550074434579461,High
0.09612239654318512,Low
0.37345491354820143,High
0.06526987050160891,Low
0.15752633278870778,Low
0.6536405973402538,High
0.2129963964684574,Medium
0.02138860951641743,Low
0.06102633084332486,Low
0.24104220682136931,Medium
0.723218276238568,High
0.27683866579390815,Medium
0.41392316064914997,High
0.14454812503494907,Low
0.2355423627628529,Medium
0.08156390463120229,Low
0.15452098563653474,Low
0.49889984215166705,High
0.09011803194171007,Low
0.20704764441148327,Medium
0.23146903595454169,Medium
0.35192561559069385,High
0.11453393874203803,Low
0.779237646757219,High
0.5744217197078716,High
0.03242109923420682,Low
0.18290767110647063,Medium
0.11972149756531973,Low
0.12696101831530363,Low
0.24002441566236052,Medium
0.30333516658521853,Medium
0.3245490258515485,Medium
0.6085507651740028,High
0.10940754898313942,Low
0.10107759655333591,Low
0.15130528053314557,Low
0.1379638528974804,Low
0.2278510467121805,Medium
0.6988309217069926,High
0.18211420476078813,Medium
0.3692587885950546,High
0.21195947645635888,Medium
0.6523246930752459,High
0.17535323495083502,Medium
0.12455155917765501,Low
0.09870137306981408,Low
0.15134627793291136,Low
0.06179434386377126,Low
0.2502784828319658,Medium
0.18508898517703895,Medium
0.033705704606011806,Low
0.7939565393056042,High
0.23032696932662075,Medium
0.6995737206256989,High
0.10664527298981406,Low
0.10415309724996452,Low
0.09952343798359495,Low
0.1964320838266129,Medium
0.20851693760131126,Medium
0.23565709538015028,Medium
0.08963105167386845,Low
0.3309716931795405,High
0.0442232035004434,Low
0.2996423961397483,Medium
0.21117139511730684,Medium
0.02524940924427197,Low
0.1153963046940066,Low
0.35541887702825015,High
0.19443052545247388,Medium
0.06088313473841014,Low
0.06022316449391779,Low
0.23496490117840313,Medium
0.24233726293566688,Medium
0.13489454642704085,Low
0.1895923269470457,Medium
0.11749269856011421,Low
0.04352412153582855,Low
0.3086055253340064,Medium
0.7757269524118514,High
0.13148550616901308,Low
0.08690089793240328,Low
0.16331086660381525,Low
0.26100935878443643,Medium
0.1029214639739724,Low
0.1976056549234196,Medium
0.2500033075836169,Medium
0.25527985313419194,Medium
0.21576071943695296,Medium
0.1761251811783248,Medium
0.05725124520909276,Low
0.1313464710791619,Low
0.16679005578406447,Medium
0.1494937134904014,Low
0.24087934883091203,Medium
0.2069089459592626,Medium
0.1566815074272767,Low
0.19184523789043176,Medium
0.30634766513303396,Medium
0.13047871218230023,Low
0.029497096605902082,Low
0.25958882588320537,Medium
0.151880350849611,Low
0.2771431905409074,Medium
0.1110019714037968,Low
0.13854342513241175,Low
0.021076950965766266,Low
0.26907702074805007,Medium
0.3988142603567219,High
0.4164041740339041,High
0.2866712951486639,Medium
0.3268597548795513,High
0.2404810531533936,Medium
0.28110511723910625,Medium
0.08529106333794162,Low
0.07199396345302837,Low
0.34545541096305865,High
0.187795665891577,Medium
0.5473474847332859,High
0.33797199485712826,High
0.29217872280958845,Medium
0.048846415106580277,Low
0.019754474949031296,Low
0.19086234771248606,Medium
0.4096103417190021,High
0.13181655030638073,Low
0.15563905288393498,Low
0.1081281830146976,Low
0.20396160420892542,Medium
0.17843736122989318,Medium
0.07818909886027996,Low
0.14097689567026198,Low
0.21449777563399197,Medium
0.13954922580768653,Low
0.06674036291197327,Low
0.2370148022063479,Medium
0.17901315072423055,Medium
0.21706997321760285,Medium
0.605575194336955,High
0.1473493167206754,Low
0.1105716657150183,Low
0.2245141846294893,Medium
0.08654511394346501,Low
0.09534479085093744,Low
0.217377270675496,Medium
0.2030265606199764,Medium
0.6273977507857574,High
0.41407176056363476,High
0.07202594330098329,Low
0.252376474007909,Medium
0.23566899150726542,Medium
0.2991937206942115,Medium
0.06274594008667149,Low
0.12136232324858233,Low
0.06363512737976357,Low
0.10053132221875286,Low
0.27435484749712863,Medium
0.1386034982939624,Low
0.27711650812218236,Medium
0.7940436448233085,High
0.0795955504151993,Low
0.38322000827897523,High
0.1102443634433457,Low
0.05836527695623548,Low
0.14657229942660913,Low
0.10773634020214011,Low
0.2034416330242645,Medium
0.36237046308071835,High
0.2509013036277932,Medium
0.15109491228437108,Low
0.1004767791505625,Low
0.21507141689245787,Medium
0.09728208160381961,Low
0.19883129574134828,Medium
0.10857622723171938,Low
0.10581727563467877,Low
0.3658950778611219,High
0.4268785986799922,High
0.17212971038897396,Medium
0.15944295270986028,Low
0.11017755418420343,Low
0.20025941636485559,Medium
0.01922652968367985,Low
0.26924117076635745,Medium
0.11778117449741092,Low
0.11985075567178051,Low
0.1680363387572129,Medium
0.19905886341711782,Medium
0.29523094858253685,Medium
0.19644567004562852,Medium
0.13651163734531885,Low
0.11117856902063894,Low
0.06891870102557941,Low
0.6624237408108522,High
0.09433026294636974,Low
0.4568047591907105,High
0.15966542551548493,Low
0.24603686329972585,Medium
0.11630752485461292,Low
0.04420424476887588,Low
0.09633868541489654,Low
0.09263558907127449,Low
0.14404282661741985,Low
0.1272475622748257,Low
0.12623214423110243,Low
0.3538650124751241,High
0.16263254340576636,Low
0.08943782209424332,Low
0.19025248937473468,Medium
0.22345508878863404,Medium
0.1431049077186547,Low
0.28124713142993024,Medium
0.16442883316811951,Low
0.19384153923224787,Medium
0.38510929905854435,High
0.2572794938918006,Medium
0.08461578017749215,Low
0.4893964003381543,High
0.3109212709306852,Medium
0.19534320679899775,Medium
0.2026578729058345,Medium
0.01906591072432329,Low
0.29329185055955354,Medium
0.2899164450082596,Medium
0.2574778702273753,Medium
0.54635203899692,High
0.18227722439950791,Medium
0.3106303564310062,Medium
0.08386520154768717,Low
0.08235280515840869,Low
0.09985258459759672,Low
0.33610386870911135,High
0.10966818858799379,Low
0.14618990769062196,Low
0.08723191033042503,Low
0.14659462948805385,Low
0.47939086253974245,High
0.1276414621211179,Low
0.13332564339248512,Low
0.2529851591255686,Medium
0.0958238550180351,Low
0.5954137044897949,High
0.30383548753549444,Medium
0.264007809339797,Medium
0.22636437734174783,Medium
0.20221571380036527,Medium
0.1474026135770306,Low
0.11838622905506753,Low
0.7139788410325371,High
0.5061304479274553,High
0.22625796638860207,Medium
0.243107046492991,Medium
0.04874642122392118,Low
0.15788207809761956,Low
0.07107020515476244,Low
0.11460585238972754,Low
0.08019510449210199,Low
0.15361927580521104,Low
0.025578671363377388,Low
0.25942798310903564,Medium
0.2589019920162312,Medium
0.10608264681866833,Low
0.2523060373890189,Medium
0.1252884329889263,Low
0.25319874767613654,Medium
0.13106873204689698,Low
0.12492854419195129,Low
0.18381213174769614,Medium
0.07429552226409676,Low
0.1865875155276965,Medium
0.04622120066844137,Low
0.13870716098284114,Low
0.033232561713978634,Low
0.03956941533990985,Low
0.12605710781426088,Low
0.09188014506286145,Low
0.1717237261220438,Medium
0.061022486888191646,Low
0.1430525742417827,Low
0.046853931045160065,Low
0.6572111507750691,High
0.2798825322263025,Medium
0.038724022444758865,Low
0.16631519187113789,Low
0.38197027561325836,High
0.1793886831162342,Medium
0.08239936936807962,Low
0.2207110209590394,Medium
0.6742226773518859,High
0.10905482013258658,Low
0.6324725684103669,High
0.6336078037987111,High
0.22499558916905638,Medium
0.662754734399065,High
0.18153974537340062,Medium
0.05381392564845156,Low
0.21330408796125724,Medium
0.13410200874251516,Low
0.12958401366951133,Low
0.06755326977713859,Low
0.10031565201059231,Low
0.23074521709179083,Medium
0.1050829537932937,Low
0.4416082704380313,High
0.08254006057082218,Low
0.6211835239444404,High
0.1393663782538572,Low
0.07866231794539429,Low
0.042047929741069544,Low
0.6734504285932249,High
0.21954485269050122,Medium
0.05033438626236758,Low
0.16836034437929026,Medium
0.536408670209357,High
0.04380839179646129,Low
0.1309346403652042,Low
0.1369157185943542,Low
0.5589129136490845,High
0.09853989934361784,Low
0.24525490236198114,Medium
0.10485239336282498,Low
0.2481333836557261,Medium
0.6279440634716383,High
0.3118999822621954,Medium
0.0814809079058468,Low
0.19501895886695733,Medium
0.12138234732044995,Low
0.24397551332042403,Medium
0.29664803799486517,Medium
0.33421561323701077,High
0.24181050107011912,Medium
0.12606501040420298,Low
0.11962976351803513,Low
0.19119846610778093,Medium
0.15123280462778468,Low
0.09625927254433354,Low
0.5875176145799371,High
0.468410671588142,High
0.04878994473817332,Low
0.09146297637595818,Low
0.15974639439833346,Low
0.223687577606423,Medium
0.18939908137927713,Medium
0.23564148964212325,Medium
0.10684576420742287,Low
0.1849795089145298,Medium
0.22833414389315973,Medium
0.10775466569630929,Low
0.12558991866121372,Low
0.158608817760566,Low
0.1222423829559755,Low
0.17083517890718383,Medium
0.5373108970107293,High
0.7194254813036655,High
0.24725495482040016,Medium
0.08215923060354147,Low
0.10741350436993649,Low
0.13553659712393973,Low
0.10316756420636979,Low
0.03569273895363276,Low
0.611125503467903,High
0.23218125452333907,Medium
0.1352002099162944,Low
0.0798865230566869,Low
0.10615560328533008,Low
0.03339040591540965,Low
0.8206736566367627,High
0.3965750723628321,High
0.055426002494522744,Low
0.15451557619668962,Low
0.16051713148765503,Low
0.16266793631076165,Low
0.20058794837686061,Medium
0.022389853753041037,Low
0.195194864393102,Medium
0.11774731984348652,Low
0.041359036029599686,Low
0.09696953011850211,Low
0.12226816993456978,Low
0.46783159208316055,High
0.25806720239941483,Medium
0.1343625882462039,Low
0.09803996523241698,Low
0.44581460074145135,High
0.4755010594523445,High
0.16461252751219663,Low
0.6023534751400046,High
0.23859448099081526,Medium
0.22719492605848976,Medium
0.14361607154948638,Low
0.14976365082303508,Low
0.5366030290845685,High
0.45931365722491047,High
0.21427077114880352,Medium
0.06603870029207777,Low
0.5751453326994387,High
0.2491759811599806,Medium
0.13180800905086698,Low
0.5398024375132614,High
0.13335737323926838,Low
0.4683495639578922,High
0.14015529368751706,Low
0.05307918958608222,Low
0.18419881155123746,Medium
0.9378097783998308,High
0.483999398027696,High
0.10641162200469446,Low
0.1426997090806736,Low
0.12233157200555034,Low
0.11859594822859819,Low
0.1931740699331606,Medium
0.14797717722744988,Low
0.9174700527239478,High
0.19909406481292236,Medium
0.4050771566272643,High
0.16664652059045004,Low
0.11976855374145484,Low
0.28174171498417494,Medium
0.1657504739443364,Low
0.3765591624739894,High
0.20834705913470292,Medium
0.34842473379112876,High
0.03742743135636423,Low
0.08092096738718067,Low
0.12485709185478998,Low
0.25785665901522287,Medium
0.4174366227539615,High
0.06848622514115123,Low
0.20564781118302675,Medium
0.14128878383389887,Low
0.02940887437896762,Low
0.25280236283751983,Medium
0.03296668747052901,Low
0.10559446574172802,Low
0.5821164135722507,High
0.13089676067517705,Low
0.1305847960143664,Low
0.16162949515202973,Low
0.09258086782818234,Low
0.12493101985774012,Low
0.1581407049073366,Low
0.5655504346065836,High
0.07510689038711792,Low
0.13287262979188377,Low
0.06116378149661964,Low
0.046226483782278706,Low
0.1854596231721783,Medium
0.1871997602375904,Medium
0.12282145939429281,Low
0.10023557802376012,Low
0.49120910663155826,High
0.5522781071281049,High
0.6605374698352804,High
0.5473124123474865,High
0.13312015043941053,Low
0.06326335762086173,Low
0.07722754777732838,Low
0.08975966490869823,Low
0.13559216276917657,Low
0.40739189738294185,High
0.16572896385028524,Low
0.21628495856796237,Medium
0.11655242092017662,Low
0.1679434465734059,Medium
0.13776223107499633,Low
0.04606410903341951,Low
0.3766223302240162,High
0.30756272450378436,Medium
0.3593196171481744,High
0.2657089214797435,Medium
0.3817291231462955,High
0.18289265626063161,Medium
0.11670194325782723,Low
0.2255078105737024,Medium
0.4263900921810213,High
0.1733016493641819,Medium
0.12415499750804705,Low
0.14072725757116017,Low
0.2522521128482101,Medium
0.1257932274038251,Low
0.11651414523820981,Low
0.17551142649563908,Medium
0.9430081814644065,High
0.19149043003886695,Medium
0.12757394793454196,Low
0.3983276516410576,High
0.09593586550762911,Low
0.1489786684557608,Low
0.1910732786772104,Medium
0.13593886302360553,Low
0.15060447797938717,Low
0.6948530079703105,High
0.10615496475402612,Low
0.18245884505364252,Medium
0.19020969522541578,Medium
0.027972750284027056,Low
0.25620682644906106,Medium
0.8266098001817439,High
0.14471475789584823,Low
0.2388804249333866,Medium
0.12750633297658467,Low
0.1869962129144024,Medium
0.22549360582867842,Medium
0.057276752218214606,Low
0.10132305510715653,Low
0.21644388455049626,Medium
0.18712642639146213,Medium
0.18923515817950803,Medium
0.2793290325292021,Medium
0.0600511904286954,Low
0.18367068079465976,Medium
0.15024039922824756,Low
0.08540295455041752,Low
0.11168108130140483,Low
0.029063772987585567,Low
0.13629627010996942,Low
0.1965633571078564,Medium
0.16364789041542055,Low
0.12034611056374481,Low
0.15738249112123884,Low
0.3620071349385057,High
0.1268079842403778,Low
0.1913145525351436,Medium
0.04113834782705018,Low
0.13909640101833076,Low
0.09234761727376471,Low
0.37881896671848575,High
0.10297496362667448,Low
0.20825352937659666,Medium
0.11454968816879559,Low
0.4990612078218679,High
0.15308704023918066,Low
0.22360302753743058,Medium
0.16053448565606676,Low
0.047966025929773635,Low
0.09719913087864757,Low
0.21364668776398543,Medium
0.15629541185035037,Low
0.2213093800922812,Medium
0.1721842069114519,Medium
0.2490762949360022,Medium
0.11035510753305436,Low
0.13627096890736323,Low
0.1538246359686826,Low
0.28283358021203475,Medium
0.10841699413413727,Low
0.560247362697937,High
0.06099923390898691,Low
0.17745771472105945,Medium
0.2641731635528769,Medium
0.16211971192918295,Low
0.16870648418474168,Medium
0.6529559605792581,High
0.16041827114885965,Low
0.3229857868985537,Medium
0.3172280332176508,Medium
0.16788020642260745,Medium
0.32160950706937835,Medium
0.12883021687082827,Low
0.27024306477737897,Medium
0.07756975764846444,Low
0.049948665076642376,Low
0.1178117539371576,Low
0.1904657163892536,Medium
0.1328880764344992,Low
0.11152402597833047,Low
0.3038737381245332,Medium
0.2912456538725639,Medium
0.09709301790443205,Low
0.19430452815636085,Medium
0.08229528487280924,Low
0.152346312529574,Low
0.063097917208519,Low
0.14124046260995,Low
0.17488015266340237,Medium
0.08003986679184533,Low
0.4175609426092904,High
0.3537965046949251,High
0.3856927977453217,High
0.07835975663199042,Low
0.1883446751119606,Medium
0.3337786601581403,High
0.4300737357706427,High
0.277788347765269,Medium
0.30506267573922763,Medium
0.4436149822930521,High
0.4451245183330032,High
0.11950621385713811,Low
0.17254506718073306,Medium
0.3662526173339326,High
0.23471992441632075,Medium
0.27395674472294995,Medium
0.3759441697829074,High
0.06496492681517466,Low
0.18851580542925955,Medium
0.18806007997318924,Medium
0.0928159778159379,Low
0.23169670278888035,Medium
0.4374324245338228,High
0.08199739405315803,Low
0.016215217253244926,Low
0.11702890542377034,Low
0.08866277999309077,Low
0.10917745525600603,Low
0.06047935292219787,Low
0.4155411692634717,High
0.17752239683971863,Medium
0.9254541211412182,High
0.14704127389355678,Low
0.15066278834670327,Low
0.1220032299271308,Low
0.8347628647834591,High
0.47951339879279575,High
0.08287160178661904,Low
0.41724010898842834,High
0.34683522354184687,High
0.3354308275009942,High
0.09929052387795403,Low
0.10367583622005892,Low
0.46367370032963834,High
0.11192172831652862,Low
0.3555121795952179,High
0.8833233091600894,High
0.045297489987748435,Low
0.15380817573581793,Low
0.11229001770498664,Low
0.08271835549890444,Low
0.1727410570380746,Medium
0.45117582400926276,High
0.09203378532462729,Low
0.10870638112858401,Low
0.13775489792501544,Low
0.44582013564230927,High
0.44457976121891524,High
0.19299625295852993,Medium
0.20823149041227823,Medium
0.12122919378434144,Low
0.17288425058358686,Medium
0.11647532473676037,Low
0.27551287849878087,Medium
0.06724403704999128,Low
0.03354169255226757,Low
0.26532333822299226,Medium
0.3497936280752414,High
0.1693610047244452,Medium
0.5473054766986822,High
0.11510577584073338,Low
0.045627259091677815,Low
0.17451086245091674,Medium
0.5672530040509911,High
0.4202977323242185,High
0.8578729873246548,High
0.21272452123390276,Medium
0.17797336570156608,Medium
0.141450178908093,Low
0.27607300451729516,Medium
0.45440236112422633,High
0.07316307231402512,Low
0.04363184579602645,Low
0.02122049001345488,Low
0.22771391026989213,Medium
0.14144316052687622,Low
0.14570207144367803,Low
0.2373670084614237,Medium
0.22689255425907562,Medium
0.11366354555337897,Low
0.19503061339214112,Medium
0.06225040611871049,Low
0.12095357091596472,Low
0.1995470372394566,Medium
0.19115098413307652,Medium
0.15675328077828637,Low
0.21820379025634173,Medium
0.4218203893640899,High
0.1552766441739201,Low
0.45297490003228386,High
0.12994306127398633,Low
0.2532161619144232,Medium
0.4941453860385184,High
0.07607667043796765,Low
0.18220380880248427,Medium
0.10825591887418079,Low
0.031256769950364936,Low
0.3947265670828995,High
0.27119607739027307,Medium
0.12727146021891184,Low
0.5523701838700625,High
0.3243414535327591,Medium
0.5530790975030828,High
0.5832979814005774,High
0.10590031772955955,Low
0.12122496472815791,Low
0.02607721709691215,Low
0.18744284083507712,Medium
0.3813603128833666,High
0.11520729617568264,Low
0.4534701615805631,High
0.18634496402797318,Medium
0.09153997788359806,Low
0.41408095635379666,High
0.02436659850785506,Low
0.0814927209279462,Low
0.18064573057586675,Medium
0.2020793630210818,Medium
0.2465569340063164,Medium
0.22294181690723086,Medium
0.17307684333090373,Medium
0.04958279145770994,Low
0.09566476670805481,Low
0.17043864928237046,Medium
0.08056044541698427,Low
0.16617617721029074,Low
0.319498552466631,Medium
0.5495827498834461,High
0.07865027582688437,Low
0.37741812314334333,High
0.0830324589292698,Low
0.1447871489383207,Low
0.2149069306780171,Medium
0.12073762069055462,Low
0.11901700998015616,Low
0.599388721427186,High
0.20060410680557675,Medium
0.29364901191565534,Medium
0.1408496643421421,Low
0.21349618609443843,Medium
0.3633752182662641,High
0.4154553310169637,High
0.02322953051952685,Low
0.20344730175393216,Medium
0.08621500575347481,Low
0.07583940310695131,Low
0.09099117375192495,Low
0.3391197579684855,High
0.28623275352690325,Medium
0.11938314066885489,Low
0.11904760126837215,Low
0.21910671453659916,Medium
0.19377831454765626,Medium
0.20726006038129965,Medium
0.4225119878269209,High
0.49700513304071975,High
0.6537688995597326,High
0.5145631462067505,High
0.2144523728899601,Medium
0.08488896154355582,Low
0.14848989269981186,Low
0.11353837053454381,Low
0.7478845195515649,High
0.47089331723542543,High
0.035382482308837046,Low
0.08246935012254897,Low
0.17789317980117572,Medium
0.1295207754720953,Low
0.19612193545978815,Medium
0.19284769870805282,Medium
0.08203386419450395,Low
0.17615164460407343,Medium
0.4169893259123269,High
0.25348643229500234,Medium
0.40998072340778974,High
0.09498827456325482,Low
0.20898028122025708,Medium
0.38185706187549434,High
0.1483301168845686,Low
0.36879548067074974,High
0.10095975184941341,Low
0.24552760303020071,Medium
0.09203232131655549,Low
0.10055579221156996,Low
0.23743010819601118,Medium
0.2445422136580595,Medium
0.13544896276862048,Low
0.12680534275978325,Low
0.10641150859406033,Low
0.30123680538902237,Medium
0.1080440093578848,Low
0.6766576141051729,High
0.2487693694149391,Medium
0.14129954761160363,Low
0.13169485026677946,Low
0.12410016169993929,Low
0.5343164124794985,High
0.35292268140309874,High
0.5746230757816629,High
0.38645006766766704,High
0.11070604948176829,Low
0.17354416116055268,Medium
0.36141851980750395,High
0.15266051581706586,Low
0.16874989669221116,Medium
0.22570716450222716,Medium
0.11112951382104602,Low
0.05427863862002241,Low
0.2655266389211993,Medium
0.2808882968187496,Medium
0.1344988106869438,Low
0.2174928618134734,Medium
0.11035398798677346,Low
0.5307936566192405,High
0.1406256506193109,Low
0.13600895736943772,Low
0.357202220796505,High
0.15099276115239768,Low
0.21760750542912285,Medium
0.23795780978295863,Medium
0.14981017161582927,Low
0.37775137008660575,High
0.10251117081573594,Low
0.1849266939887265,Medium
0.19080437859074775,Medium
0.1284979543664009,Low
0.11362567485933266,Low
0.0776923449019814,Low
0.26808223181964574,Medium
0.10520306530385717,Low
0.3841315234324857,High
0.24756433103498257,Medium
0.12058954015927596,Low
0.15174198909398862,Low
0.15464047236586223,Low
0.22322535884374292,Medium
0.5144707207528169,High
0.18003548530728106,Medium
0.349738022982858,High
0.1104062535736263,Low
0.41107358063551286,High
0.16280521267862372,Low
0.09117792915254175,Low
0.14138017274788733,Low
0.06350881620748809,Low
0.3763819615753661,High
0.17944460229010792,Medium
0.07701402998188027,Low
0.1719793656640881,Medium
0.4091656902044942,High
0.19784968993751162,Medium
0.2675388413960039,Medium
0.9294986068162192,High
0.19220919191634087,Medium
0.23984872509059513,Medium
0.15010172540775576,Low
0.16753668528409885,Medium
0.2708607224292466,Medium
0.37326857608870306,High
0.3184666977743026,Medium
0.13281465959185965,Low
0.19828273772406657,Medium
0.8374843911673734,High
0.37182272177920356,High
0.23813159928054198,Medium
0.10370999005679694,Low
0.4573572940506889,High
0.20184741937402143,Medium
0.1556498023298614,Low
0.13833558681257652,Low
0.4180585564185545,High
0.18662944150027463,Medium
0.12683273378999704,Low
0.19462168856361517,Medium
0.15084140928552334,Low
0.029750561278537688,Low
0.10195784089675224,Low
0.12821869390441631,Low
0.06541985206878519,Low
0.019831112764968593,Low
0.04349009891079988,Low
0.5177111868743219,High
0.24900559248392806,Medium
0.03477819784608495,Low
0.15219067401381414,Low
0.13800484161677534,Low
0.47198647251201653,High
0.032662411323280294,Low
0.023213506113558456,Low
0.1767433353647243,Medium
0.2590081148259888,Medium
0.12450109741568482,Low
0.1375441730936837,Low
0.24978812934026526,Medium
0.360933526448289,High
0.1248770285929861,Low
0.33548165517457407,High
0.04570497668214515,Low
0.1641332768680698,Low
0.4978307134840678,High
0.10778203341703516,Low
0.9540741323534302,High
0.024793920217762867,Low
0.06552527213761643,Low
0.1659379485950983,Low
0.04735230685915559,Low
0.1509377431938225,Low
0.06431360184910082,Low
0.6003283146011024,High
0.1287709317732842,Low
0.17125316819827294,Medium
0.07787338371593916,Low
0.38423772648116394,High
0.15757980820768908,Low
0.14523718485900505,Low
0.5738839053342282,High
0.12133111193603723,Low
0.1445971089925242,Low
0.4724076944235833,High
0.15908489704077286,Low
0.06761898802794691,Low
0.14859013662333642,Low
0.34499062231735056,High
0.09489241568611216,Low
0.6217886173424674,High
0.45961934317638886,High
0.3292813453920052,High
0.18290354504920225,Medium
0.25650561450316256,Medium
0.5475450920213109,High
0.40948206660446707,High
0.17024004536270218,Medium
0.24805962143438848,Medium
0.7709917563494016,High
0.38850926658697177,High
0.09021661696367395,Low
0.3133245199267546,Medium
0.16736655926269742,Medium
0.35288311765651187,High
0.19958716070376117,Medium
0.255084025339434,Medium
0.13530909868073349,Low
0.4032597074570986,High
0.43933790455263666,High
0.2642606347619022,Medium
0.21863538093298776,Medium
0.3232568339472351,Medium
0.3237322574356007,Medium
0.36863551977049025,High
0.29928848040468264,Medium
0.2374587779589328,Medium
0.7811552823524089,High
0.1452267810795575,Low
0.424618348394908,High
0.9196418741426688,High
0.37863736766782435,High
0.15993266727633787,Low
0.06196607067484624,Low
0.14916560322397712,Low
0.4713616214386866,High
0.6195488580882269,High
0.13692926006863118,Low
0.3350808128524718,High
0.3591269976440778,High
0.1536074122309048,Low
0.2062328748587239,Medium
0.2553149650255632,Medium
0.5668237497379106,High
0.06768549033759896,Low
0.3033521106100238,Medium
0.1638481846054473,Low
0.0680497645604073,Low
0.28367885835473966,Medium
0.0652287880073333,Low
0.21448316762274347,Medium
0.12766820142212396,Low
0.20264873302520017,Medium
0.15877186152356693,Low
0.17900498018552186,Medium
0.12063020394255683,Low
0.47113783640515217,High
0.19375568877127802,Medium
0.19684058171282656,Medium
0.22651583463033642,Medium
0.1986675806871138,Medium
0.1568474637582729,Low
0.1624803063145912,Low
0.05878598406040064,Low
0.5629353793309078,High
0.22136057287860483,Medium
0.18697576336961472,Medium
0.12521399078073614,Low
0.09968325773358726,Low
0.1444432502079597,Low
0.19093331957469134,Medium
0.4064978054078347,High
0.2358671024522798,Medium
0.5445594760226581,High
0.20956620133229198,Medium
0.3362125439035028,High
0.3730768204307853,High
0.1944740222304112,Medium
0.10214995071219991,Low
0.17307966524803542,Medium
0.12385329625502127,Low
0.16026234874871578,Low
0.05887601159142709,Low
0.6574137699906577,High
0.1787060369597022,Medium
0.3327664920331547,High
0.2342564369767361,Medium
0.158764634056126,Low
0.14008544676568738,Low
0.27867598510653524,Medium
0.17674750296583538,Medium
0.7260571986013511,High
0.20463131817761512,Medium
0.1296154124464674,Low
0.09913309280554912,Low
0.2137619298212345,Medium
0.07262737032845985,Low
0.20368087300600188,Medium
0.15219652802761566,Low
0.08005601606018148,Low
0.12328859788030298,Low
0.14160740972979155,Low
0.10750899791348649,Low
0.047990222344299005,Low
0.053220614654496394,Low
0.1948669300245601,Medium
0.16742561633223907,Medium
0.16505647845559,Low
0.18716781608382674,Medium
0.06804302930375491,Low
0.22864952457622353,Medium
0.12571395404216978,Low
0.40806664229848916,High
0.3399301007506129,High
0.047689178172269024,Low
0.2456097842141307,Medium
0.1597985563822255,Low
0.07813035969601242,Low
0.07554001234799683,Low
0.17203364393573456,Medium
0.034614375600652336,Low
0.13918963604389278,Low
0.07311928401029409,Low
0.40185034382962537,High
0.16819218963146124,Medium
0.03398429152574887,Low
0.16985024248604605,Medium
0.25245827843227037,Medium
0.032937100887236406,Low
0.2571806949774714,Medium
0.09874707412599365,Low
0.25612746131932734,Medium
0.41076169809876173,High
0.13580748408120555,Low
0.0551501144230207,Low
0.2802797622344899,Medium
0.16443650102471188,Low
0.28734122945789015,Medium
0.4353633992629496,High
0.10676136653948352,Low
0.12701218558881427,Low
0.06132286445947086,Low
0.24685669149846828,Medium
0.4573953636330228,High
0.241787819760839,Medium
0.12345230048946287,Low
0.31646264074363395,Medium
0.22053616781749064,Medium
0.23049589911339535,Medium
0.7232731294323578,High
0.5041269985397565,High
0.07261163109552429,Low
0.0952827269629858,Low
0.2882756507459601,Medium
0.13206424191352964,Low
0.08184101287973479,Low
0.10172123752538849,Low
0.43448187785621356,High
0.06884510067604117,Low
0.11377333209008449,Low
0.46777135863766733,High
0.041279916019673554,Low
0.1468833911052104,Low
0.5199060814364386,High
0.10913550166111385,Low
0.10176180519207091,Low
0.8451580076770188,High
0.25460551956345995,Medium
0.18236443057156557,Medium
0.33937485928298494,High
0.24898215475982186,Medium
0.2618966445073376,Medium
0.21536276067081533,Medium
0.34016042670635654,High
0.34361702225646734,High
0.18838351293042027,Medium
0.12512257167134344,Low
0.2919547604770178,Medium
0.1681496328311148,Medium
0.13759966876046278,Low
0.19889222282714888,Medium
0.2616004893851727,Medium
0.11091935853033759,Low
0.2857774448652449,Medium
0.6216284127244477,High
0.06532285635098989,Low
0.21016763270874259,Medium
0.4107710925177836,High
0.22842927948312275,Medium
0.15786068275360635,Low
0.18021847094940574,Medium
0.1564326802201006,Low
0.2150847541795575,Medium
0.20017379947508945,Medium
0.05562645114786256,Low
0.09783821376089284,Low
0.32033121504293394,Medium
0.615325673930148,High
0.13622410992601156,Low
0.14664671609456933,Low
0.05803689031382535,Low
0.125966562599321,Low
0.14853234236425217,Low
0.2404088974149819,Medium
0.17888356472345335,Medium
0.2701879274808309,Medium
0.2369628651834417,Medium
0.5167633001364524,High
0.09526010039058107,Low
0.1670470168057086,Medium
0.12751175955548158,Low
0.09193866220114444,Low
0.4551083362864068,High
0.7733797079349516,High
0.46245543531204797,High
0.06710754551116474,Low
0.16230035281488184,Low
0.21439360512361788,Medium
0.15629332697503187,Low
0.10154511009397485,Low
0.17434620355907818,Medium
0.22977300092476596,Medium
0.12573993313597528,Low
0.2600298130291801,Medium
0.13420286576215515,Low
0.052150179306363564,Low
0.6676647763409767,High
0.38949387954378356,High
0.2200732070610309,Medium
0.18985084845044378,Medium
0.18732171201570003,Medium
0.06199716966608998,Low
0.26947645536351644,Medium
0.14802731375773562,Low
0.1500718541138543,Low
0.12570186992274468,Low
0.5228721756270087,High
0.1760992769780902,Medium
0.5929640914973839,High
0.392004081690598,High
0.232733571291874,Medium
0.04766756489368382,Low
0.35177498855707295,High
0.06333425044088518,Low
0.0711955391623223,Low
0.10713986320277354,Low
0.11250991436844061,Low
0.12458697332801612,Low
0.45522439012828814,High
0.01215128713329001,Low
0.22551617821570016,Medium
0.1471399791390399,Low
0.5885107258641633,High
0.20929765334477327,Medium
0.09587174730258141,Low
0.2219409510620253,Medium
0.16011334074260458,Low
0.7096414972435343,High
0.17747392549105,Medium
0.21331720805114565,Medium
0.2035428152739121,Medium
0.3176906201862711,Medium
0.23247305284249045,Medium
0.12357470595358337,Low
0.8834529371105928,High
0.2621270831886541,Medium
0.03191342754715269,Low
0.11586267629320642,Low
0.16056938900976095,Low
0.1550160687813084,Low
0.22365537798409135,Medium
0.10275183480557266,Low
0.1414694328318475,Low
0.1762290044456043,Medium
0.3363657211655197,High
0.06350053192846931,Low
0.027471243592495344,Low
0.06416905660507044,Low
0.6192652411022166,High
0.2294317670106499,Medium
0.3973050990757249,High
0.08407625562436746,Low
0.2406955061984331,Medium
0.08118401089398221,Low
0.9286590770377176,High
0.0470090605207059,Low
0.7191311499814146,High
0.10656468066560085,Low
0.03004767267152807,Low
0.2305660350203136,Medium
0.1812544776731812,Medium
0.16922105507313476,Medium
0.5737271163138133,High
0.644695014505448,High
0.1637539499168165,Low
0.2862294611945278,Medium
0.48547569825564657,High
0.13344717629738642,Low
0.09082071944710735,Low
0.1962335984812574,Medium
0.3254480534757936,High
0.2096015456649762,Medium
0.564177643565308,High
0.14208221542954336,Low
0.6551818985890338,High
0.1298816865036017,Low
0.07455503626484021,Low
0.19492325766678253,Medium
0.13929073903156058,Low
0.09465449621829684,Low
0.19655389595852854,Medium
0.22470676015949304,Medium
0.07082588417938479,Low
0.2614917481880942,Medium
0.5370228144346918,High
0.32712547513875884,High
0.5646968919185,High
0.18990893434590342,Medium
0.102219960045728,Low
0.12293773492519602,Low
0.11466924924431801,Low
0.10011082545881492,Low
0.23411677873692535,Medium
0.5432937277990139,High
0.6019509903598598,High
0.22959392457857153,Medium
0.12195444801525952,Low
0.10365336296325467,Low
0.15657031373232808,Low
0.0780247603792633,Low
0.5629962178819531,High
0.03935199120437192,Low
0.34377587514492175,High
0.1537235737459731,Low
0.419643982955104,High
0.2711068304626344,Medium
0.3227495158099817,Medium
0.18400335164093848,Medium
0.16242870375262272,Low
0.5085502882800572,High
0.30043726918065433,Medium
0.04791994642196311,Low
0.1194154320922724,Low
0.6057982235004312,High
0.6804464106511319,High
0.4722189709635879,High
0.03012827588083772,Low
0.10736402889884647,Low
0.16847864746380561,Medium
0.2835525594148675,Medium
0.1506628328023129,Low
0.2441379262132983,Medium
0.2602938293530026,Medium
0.16401517422457035,Low
0.1547666344480808,Low
0.03807074281363376,Low
0.4012590704447951,High
0.29518997805108266,Medium
0.24572013084241887,Medium
0.9517695122098481,High
0.23592718137945104,Medium
0.1328445543720395,Low
0.17942777623415798,Medium
0.28609767392067176,Medium
0.1594628052865497,Low
0.5605595738916106,High
0.15603205463099856,Low
0.13672923007112484,Low
0.17303882700995954,Medium
0.16357856606957305,Low
0.08513472592758814,Low
0.49257046130924115,High
0.22488623210041087,Medium
0.08063595459670608,Low
0.1954849263712076,Medium
0.12911221438323023,Low
0.11222650878730646,Low
0.0755039408036963,Low
0.1170038614838743,Low
0.04471622321648432,Low
0.5781530824147213,High
0.11566333304352949,Low
0.4070755544202812,High
0.6738576484661216,High
0.09827777243064062,Low
0.1662778816390113,Low
0.49642194936208006,High
0.054561955123765465,Low
0.22029175303415394,Medium
0.2185765430885701,Medium
0.1940086966159709,Medium
0.07346877728628025,Low
0.10085240172644286,Low
0.24733204313318957,Medium
0.3551647364560793,High
0.40561862736765264,High
0.24292933931563077,Medium
0.4052302854726762,High
0.16425470334787087,Low
0.0271485149252133,Low
0.24062767996916815,Medium
0.2789477588714132,Medium
0.14942835200818172,Low
0.25532868735280245,Medium
0.148320642972872,Low
0.27584225465403783,Medium
0.25228027167692174,Medium
0.6787199866817134,High
0.26533033954775426,Medium
0.7228626180700275,High
0.9961820024848302,High
0.2236765556559962,Medium
0.08335148106632652,Low
0.2769048946302414,Medium
0.22171474758648954,Medium
0.18985403013958607,Medium
0.15977055710758892,Low
0.2531614826998343,Medium
0.11546753650280707,Low
0.40904829759046335,High
0.08704478288480208,Low
0.05377810877785098,Low
0.15646068753669506,Low
0.11384131278765336,Low
0.16027045496379222,Low
0.03523519472445618,Low
0.17671344269485173,Medium
0.1121880001183979,Low
0.3953751227745912,High
0.1677875466476921,Medium
0.06024684785247156,Low
0.09500493441030163,Low
0.19826426799357677,Medium
0.24278092796524267,Medium
0.3927820087848867,High
0.08699272842638085,Low
0.10602611500378031,Low
0.17492083383442922,Medium
0.060449449996555465,Low
0.15826785824814027,Low
0.495347341263047,High
0.27724664962617596,Medium
0.13817571225529976,Low
0.15616082109305898,Low
0.16629087020808608,Low
0.12510542168534497,Low
0.25648200469219073,Medium
0.10335206956259699,Low
0.37900764066835735,High
0.6250212622146333,High
0.13163387041890623,Low
0.0700943163655299,Low
0.10802983865471673,Low
0.36600510863860575,High
0.11803457225309974,Low
0.1378513186836921,Low
0.2533685360843904,Medium
0.5817193236947529,High
0.07989456440852105,Low
0.09846528266957397,Low
0.2271105742107441,Medium
0.12526260671598036,Low
0.21988093005129775,Medium
0.33348671895658916,High
0.2705978833042313,Medium
0.12601824233706285,Low
0.08369794007294808,Low
0.2798421750458624,Medium
0.03287906313430824,Low
0.04645827720614765,Low
0.1872571431635283,Medium
0.17917593984381167,Medium
0.22085732399658847,Medium
0.08294408623786637,Low
0.14866628400225418,Low
0.1525882853079362,Low
0.24129927729254344,Medium
0.02294181671115814,Low
0.12763941553517166,Low
0.12176314167670002,Low
0.16937788161313727,Medium
0.1974656548553066,Medium
0.19182234984237276,Medium
0.22761981066473624,Medium
0.6766164463857123,High
0.7453161732629624,High
0.13465211783153194,Low
0.15404284085216993,Low
0.19664909675771644,Medium
0.36810348327250486,High
0.3694197989225602,High
0.08949520816176,Low
0.20489342892480134,Medium
0.19248045405257677,Medium
0.4896492925729384,High
0.5116856078776064,High
0.08861751794541445,Low
0.4111821886149735,High
0.042320785160631806,Low
0.6537173816267401,High
0.20723650144478942,Medium
0.13537595383402343,Low
0.14926617039167964,Low
0.3659829891137313,High
0.0928458964751464,Low
0.02454423657853233,Low
0.18599778834559694,Medium
0.10532772735634201,Low
0.2067786793268623,Medium
0.10974863137989696,Low
0.14788385187131148,Low
0.5095086151160736,High
0.3422340983147511,High
0.024784524080484035,Low
0.18538732458009521,Medium
0.21358082448124757,Medium
0.2000225292469773,Medium
0.17933882883394317,Medium
0.4174448488870008,High
0.13483127692850633,Low
0.3557780886083117,High
0.06550118840638186,Low
0.2308802025493282,Medium
0.11628666578402344,Low
0.18560483712701326,Medium
0.0655077366708458,Low
0.13579706153268,Low
0.44606292580850376,High
0.059645203508448326,Low
0.03038692406859605,Low
0.3319666427391942,High
0.24516594085838855,Medium
0.39788280828763595,High
0.017063177538956822,Low
0.1254309826702049,Low
0.2226898655915745,Medium
0.1378822743774838,Low
0.16014215426433567,Low
0.10593892100647902,Low
0.04451043906283115,Low
0.11189971957931319,Low
0.606551248299385,High
0.15995279507496335,Low
0.21254688012627396,Medium
0.22498106277374325,Medium
0.1825284850112976,Medium
0.06594456931639325,Low
0.15564548988859256,Low
0.1475657245147003,Low
0.03290404394014871,Low
0.6913537722404257,High
0.6055737365600531,High
0.1835522379925193,Medium
0.6910457362389246,High
0.4263198793637083,High
0.15152715000491696,Low
0.12855541373699345,Low
0.0762577822005413,Low
0.05377582125569019,Low
0.031708188631972924,Low
0.3405263471354635,High
0.05371692558421326,Low
0.6113867137687475,High
0.0822258963658336,Low
0.10521140653019315,Low
0.4328143856402067,High
0.44380254016743553,High
0.14003726809624575,Low
0.13161621010021224,Low
0.07586106144258424,Low
0.23462423049049258,Medium
0.4320683643639341,High
0.0237066463707553,Low
0.6608864611319714,High
0.3903422564071378,High
0.11066716255842238,Low
0.17040543978001252,Medium
0.09692735474746852,Low
0.06789511710641849,Low
0.22108576663440246,Medium
0.03058782250095529,Low
0.2954326042304143,Medium
0.35205477972125926,High
0.5234752722795288,High
0.21875087316194466,Medium
0.12970614510817155,Low
0.4385112809760621,High
0.3144447069618889,Medium
0.09567909934315257,Low
0.03976664165678465,Low
0.23367634892695321,Medium
0.07378395153688767,Low
0.16116647356441136,Low
0.11661812093851616,Low
0.4392935838167712,High
0.31378103152480463,Medium
0.05818934608145914,Low
0.15598481782229734,Low
0.04713599844359623,Low
0.4028874717748382,High
0.14251823268484815,Low
0.12161013075387754,Low
0.3080260456344441,Medium
0.46788949731078344,High
0.1629694711376314,Low
0.05662956438626796,Low
0.23462915522253552,Medium
0.24329640625595433,Medium
0.4684161626615394,High
0.1038121848496902,Low
0.2115949733421154,Medium
0.11376814864435085,Low
0.02264242414834088,Low
0.31513394853904325,Medium
0.3344731712664241,High
0.09147722796055374,Low
0.19974580296889893,Medium
0.22505277077348448,Medium
0.4671164254822833,High
0.16582803754218658,Low
0.2809978595207911,Medium
0.04685896791606828,Low
0.17130424763107868,Medium
0.1205675368937054,Low
0.16164018275440253,Low
0.2656229984125487,Medium
0.27487971980891573,Medium
0.09864450937685271,Low
0.1413544834756148,Low
0.11647060316586176,Low
0.5370707635196919,High
0.04012430636391506,Low
0.5631357827773738,High
0.2224704416334827,Medium
0.08834770797682065,Low
0.24247813220440334,Medium
0.12333207291087907,Low
0.19137527908226704,Medium
0.1485056933466558,Low
0.10140399340812215,Low
0.18420523724630766,Medium
0.154260964978082,Low
0.22761980012708424,Medium
0.16705871052956606,Medium
0.2431143879287408,Medium
0.4497710126278951,High
0.5026881244979495,High
0.5526663830603139,High
0.14825308096615936,Low
0.03390045960449947,Low
0.35453402091127884,High
0.19559079490164819,Medium
0.31797143461782273,Medium
0.3524834065103317,High
0.17740636552162795,Medium
0.05113100763567937,Low
0.40320669740486015,High
0.20950888718897315,Medium
0.06313685853954776,Low
0.6102018281155054,High
0.28321193263017513,Medium
0.10132314156086773,Low
0.13505008396031423,Low
0.3305774003500496,High
0.19741849550769072,Medium
0.30183809476370876,Medium
0.3320184363345144,High
0.11469068004354721,Low
0.04568217565621626,Low
0.02604329683849418,Low
0.2800923605990996,Medium
0.08261923420496964,Low
0.10289541455766081,Low
0.13795981722268544,Low
0.23606654893744966,Medium
0.128399279997193,Low
0.17078143013704203,Medium
0.17029405180917961,Medium
0.0994616459277905,Low
0.6056183407454494,High
0.20739740903665066,Medium
0.130942979984235,Low
0.14026144115989603,Low
0.09971948578591378,Low
0.07983777624057924,Low
0.35458603658727983,High
0.24169734642201898,Medium
0.2243524253798331,Medium
0.06493158582024812,Low
0.1503278313775965,Low
0.14393513271443506,Low
0.21513989207113104,Medium
0.2036776857905118,Medium
0.12292892546133852,Low
0.5905157306589744,High
0.28882014761857555,Medium
0.1922267693023091,Medium
0.08735089856052776,Low
0.24679653112283814,Medium
0.4853073895990774,High
0.23288903401381064,Medium
0.14671748809817256,Low
0.05479590893931122,Low
0.5788947785573486,High
0.36564533289948054,High
0.41027366775100765,High
0.09005649304870395,Low
0.11377771015078082,Low
0.20390537388086113,Medium
0.09052243860134734,Low
0.5222772198896503,High
0.1935443178034529,Medium
0.7005342665049552,High
0.6495296172049791,High
0.1469651168013802,Low
0.1181135377048937,Low
0.536883592204685,High
0.3049523056033315,Medium
0.4697688788049563,High
0.10300305899778492,Low
0.21951871560443303,Medium
0.2105282860589613,Medium
0.21906306172282117,Medium
0.3144275019171038,Medium
0.8305373872870339,High
0.6546904039823873,High
0.13112345504363487,Low
0.3966384761173491,High
0.4353508688161332,High
0.09627389396627638,Low
0.5629937339783352,High
0.10295266184267024,Low
0.13926557255247285,Low
0.20048909219278316,Medium
0.28278472457879267,Medium
0.11236122704506386,Low
0.15825806762850939,Low
0.17027290262136366,Medium
0.06427157456005116,Low
0.6052127824577237,High
0.03137905252296812,Low
0.12361886652969281,Low
0.4024403380402733,High
0.4104583272539885,High
0.08168070626728002,Low
0.14655513077616006,Low
0.1327223226538452,Low
0.11889423562551364,Low
0.2656000615895689,Medium
0.148883299685191,Low
0.1748010227587164,Medium
0.19743435798770062,Medium
0.20360563713368235,Medium
0.2338514316885908,Medium
0.21967147058203,Medium
0.1994589650136859,Medium
0.13796009852869423,Low
0.11721612503306233,Low
0.05345813755727865,Low
0.13493497467886106,Low
0.051528236764486986,Low
0.031804296815004816,Low
0.22384800073696928,Medium
0.1498521569914077,Low
0.2965406162668811,Medium
0.15601012637165804,Low
0.2582825785328345,Medium
0.012410486772566669,Low
0.08425805708330705,Low
0.1420172750797005,Low
0.17478494144556964,Medium
0.1776083556326556,Medium
0.15782465152781397,Low
0.03577580541917937,Low
0.16559177346763992,Low
0.4223534231682502,High
0.07160574544653227,Low
0.2205593045142045,Medium
0.10728039802630686,Low
0.4257091736178916,High
0.0856169585841439,Low
0.024939389086217543,Low
0.10609714882558365,Low
0.14033709895207666,Low
0.03762679228464271,Low
0.13000277840033259,Low
0.07776678026937568,Low
0.49509783863673246,High
0.09118820894730927,Low
0.16576019224255686,Low
0.12431887274152206,Low
0.7097980195380504,High
0.0688296012450951,Low
0.13836295610037613,Low
0.592282132553865,High
0.1836023358538118,Medium
0.2893762303760484,Medium
0.13986732036488328,Low
0.05219558610920752,Low
0.24916727798600968,Medium
0.3099508469064618,Medium
0.5186613480888799,High
0.580046885440165,High
0.021576185465040625,Low
0.15865480926084755,Low
0.4025877293182428,High
0.15098711819102414,Low
0.10741166108659007,Low
0.12441903315272436,Low
0.1683509474375824,Medium
0.2033843522116833,Medium
0.6622290490358492,High
0.21690595012158884,Medium
0.18566572422201125,Medium
0.10384179698562133,Low
0.15521244821191463,Low
0.0212073263279957,Low
0.2037771781227552,Medium
0.14769936860203237,Low
0.312952133831519,Medium
0.2960734299898833,Medium
0.08362458906378797,Low
0.08546636015413646,Low
0.16613457619588734,Low
0.11954643684975645,Low
0.44261576647271866,High
0.33522981076585184,High
0.3706100091959249,High
0.1216023927188315,Low
0.22073000116470673,Medium
0.12677744713722097,Low
0.7427964157771976,High
0.04879891255366,Low
0.08091792243600195,Low
0.4084319709838818,High
0.30370375127013,Medium
0.1565103572876909,Low
0.10518316314695865,Low
0.16144495817498983,Low
0.388148598691041,High
0.22595897968686146,Medium
0.30804283993696385,Medium
0.2300023704053551,Medium
0.07827894260023453,Low
0.5447950536522386,High
0.12748568978910424,Low
0.17127552678944263,Medium
0.07838443187448954,Low
0.2734275991796348,Medium
0.5365662052132834,High
0.1766119370368876,Medium
0.08951304098651518,Low
0.16925659640741805,Medium
0.10223874847776561,Low
0.2020388457434525,Medium
0.3146590631100373,Medium
0.18702584292252689,Medium
0.2623334441407891,Medium
0.16594548297923506,Low
0.20532278700628973,Medium
0.24619939427237722,Medium
0.060067330535245586,Low
0.1791629072550795,Medium
0.15833075814561492,Low
0.1483370968237344,Low
0.22770308573695613,Medium
0.03373069270122962,Low
0.09793288544789704,Low
0.07241743340360808,Low
0.17879550246074538,Medium
0.17108747423483983,Medium
0.4262315842886063,High
0.6598623743230128,High
0.37709332959054587,High
0.19732022674403277,Medium
0.052580469300693745,Low
0.10202615509047328,Low
0.17146666828446158,Medium
0.170664554316614,Medium
0.05150069184512032,Low
0.31109044679013853,Medium
0.14623684391100505,Low
0.11553778522012366,Low
0.21477844119092104,Medium
0.06250128611989948,Low
0.1781631135778058,Medium
0.20746870523219468,Medium
0.12416330913738984,Low
0.15217441272032503,Low
0.21746073491238244,Medium
0.28955645249510703,Medium
0.23169533995728708,Medium
0.2715751225774106,Medium
0.11013443498234503,Low
0.20495348669854582,Medium
0.32254582475565163,Medium
0.34096194118139866,High
0.03783657436033997,Low
0.1790410277913556,Medium
0.10408682646453524,Low
0.11822091230691734,Low
0.23220849869442906,Medium
0.1802144164598496,Medium
0.11362741450199497,Low
0.7625917199675228,High
0.21456500149120245,Medium
0.18310177491520235,Medium
0.09732807472889454,Low
0.26320526310900777,Medium
0.0454244993893338,Low
0.5002381980133348,High
0.20159774917377377,Medium
0.18458344511251012,Medium
0.11816337597092444,Low
0.15504899648944653,Low
0.17023847412248014,Medium
0.044089687314341326,Low
0.03951884945815414,Low
0.4022050525745406,High
0.24774932460121368,Medium
0.3648363807100985,High
0.16289415086671058,Low
0.10375289065717444,Low
0.40398852616802017,High
0.26604384959855126,Medium
0.5455439158674054,High
0.12160849034426391,Low
0.5542013737630277,High
0.022051199904441893,Low
0.501909971614082,High
0.15440456094749525,Low
0.1064133489064941,Low
0.25814244270823455,Medium
0.3741470926273437,High
0.4693581464365839,High
0.15473973076123962,Low
0.16308121175982634,Low
0.13806849498557666,Low
0.07491722343232628,Low
0.19282536016869417,Medium
0.3936239430444157,High
0.2731433513773617,Medium
0.04767099418313113,Low
0.1766794082457723,Medium
0.11379651053345552,Low
0.21618879561637797,Medium
0.21747900554093427,Medium
0.15154415508871447,Low
0.562702538954082,High
0.24852799580551369,Medium
0.08893395324434623,Low
0.17739377071879556,Medium
0.2608822614154361,Medium
0.07882697118383278,Low
0.053751887034583216,Low
0.2512170747176683,Medium
0.1734562408508834,Medium
0.17448351911172563,Medium
0.17943969862079476,Medium
0.0464509338169502,Low
0.074736936858096,Low
0.16419884991913192,Low
0.25304538119975706,Medium
0.18896636704672895,Medium
0.405960468451099,High
0.11580884897885281,Low
0.2568752019574467,Medium
0.6528837158238374,High
0.2381083161567147,Medium
0.07263211777367007,Low
0.23630668912108307,Medium
0.09747481008536842,Low
0.09491394430719899,Low
0.18920752537899777,Medium
0.2028503576990774,Medium
0.10022284824581876,Low
0.4139454740127529,High
0.05003223154790045,Low
0.06984707609013063,Low
0.7740907449633638,High
0.16109862175684514,Low
0.24549010969984084,Medium
0.15884556351957058,Low
0.13706529068477344,Low
0.07233481895747108,Low
0.05718802633802216,Low
0.3023540302226737,Medium
0.040600404262434,Low
0.552370730977126,High
0.14313815465401375,Low
0.0914597947570356,Low
0.3345661585851682,High
0.07426771936724713,Low
0.19113373063430117,Medium
0.12317545332935713,Low
0.5185731770187632,High
0.405232475556259,High
0.1129688686158679,Low
0.23188501829730326,Medium
0.17571798706874192,Medium
0.12788645348980682,Low
0.18983840686609182,Medium
0.04782282951073095,Low
0.13967567760970648,Low
0.15238326938432434,Low
0.22738781995601864,Medium
0.3655010247574739,High
0.019801354511231266,Low
0.20674770055341712,Medium
0.246206335080689,Medium
0.09172599246882816,Low
0.20091290805463485,Medium
0.1654632558465039,Low
0.11385534506100861,Low
0.20963968160046184,Medium
0.10812353001277537,Low
0.27855616578362663,Medium
0.17440955834031377,Medium
0.13296210616438198,Low
0.07993803905586576,Low
0.15291908659030798,Low
0.10819784344977347,Low
0.12164209196466783,Low
0.1390857006443467,Low
0.11484901762149827,Low
0.6063215710768959,High
0.28043237726840925,Medium
0.12472799319638948,Low
0.1765901408172681,Medium
0.1857423035013958,Medium
0.3981639049722053,High
0.14712296918962145,Low
0.42475220149272974,High
0.3230554925608099,Medium
0.6493995808158515,High
0.1710310893310383,Medium
0.1956133095661947,Medium
0.10665357266613035,Low
0.1987158287230144,Medium
0.11343492489258442,Low
0.5491183087075826,High
0.06715002348467489,Low
0.2582279198045207,Medium
0.35308481141120224,High
0.16157739748983063,Low
0.2188480998980798,Medium
0.15694041377147783,Low
0.07447824921170959,Low
0.11047137295453481,Low
0.18130566028546363,Medium
0.15321617849722763,Low
0.7893496827773195,High
0.06112916560202929,Low
0.17842704867355744,Medium
0.40504432107361876,High
0.09579674892741455,Low
0.6177797981284466,High
0.19229925023819444,Medium
0.22436605326651912,Medium
0.11733787630654353,Low
0.12365612220286294,Low
0.2508350487719157,Medium
0.22060831980199874,Medium
0.2550300010188977,Medium
0.062060796831681274,Low
0.6489733835742537,High
0.22979814475990926,Medium
0.29805150921378487,Medium
0.10847939288514881,Low
0.40107799893481066,High
0.11575003754561349,Low
0.34397949718528265,High
0.42627456391041213,High
0.39247568539916006,High
0.06363952244220222,Low
0.2195344176739627,Medium
0.19085825452641955,Medium
0.2567099230036813,Medium
0.1690847610424528,Medium
0.32536515343187045,High
0.15597717585959459,Low
0.13247986567001688,Low
0.2905776123596985,Medium
0.09547817748336263,Low
0.28665021436200544,Medium
0.1152837740591219,Low
0.18739063531799433,Medium
0.127551143244264,Low
0.14110211021008512,Low
0.06014337512357904,Low
0.07337095901177622,Low
0.061281083956394096,Low
0.152152039858179,Low
0.5664255880148209,High
0.0977606666925197,Low
0.1920131078225663,Medium
0.36608227469390486,High
0.2458628231102248,Medium
0.12177008076145085,Low
0.3998193282387961,High
0.28288227249671916,Medium
0.17438293578275385,Medium
0.20940225052895378,Medium
0.1436214925042825,Low
0.34092673527623646,High
0.09817932188480169,Low
0.16920522137701574,Medium
0.12214485835068356,Low
0.31948855181309443,Medium
0.11122592919254051,Low
0.2158880150478165,Medium
0.12815799620122964,Low
0.42229967230590815,High
0.0412384158714545,Low
0.14996476590260505,Low
0.368431188206963,High
0.1323308087495337,Low
0.08549743788810844,Low
0.17184408840355223,Medium
0.10451580894742414,Low
0.07844541411214137,Low
0.19820369652978137,Medium
0.09964243172549882,Low
0.10755416564571944,Low
0.14747279803496563,Low
0.6184250791242549,High
0.1575106975774195,Low
0.0929808152854016,Low
0.17704980786916816,Medium
0.21532196440053736,Medium
0.4418862621373109,High
0.5423294150105891,High
0.3313227916872768,High
0.25408866803666946,Medium
0.07554217541732056,Low
0.16638322834109734,Low
0.20992036497424643,Medium
0.4669356293175394,High
0.3085379577650039,Medium
0.1515723411021748,Low
0.0267395578412163,Low
0.6027218567480196,High
0.3267106998963675,High
0.23487749689126694,Medium
0.05811838992484231,Low
0.17006248878890062,Medium
0.15731482585529355,Low
0.5824064654560258,High
0.2563657354766605,Medium
0.256203578001033,Medium
0.07601693415616498,Low
0.1163090301684809,Low
0.06595442418289472,Low
0.057774288294501194,Low
0.14852236128376828,Low
0.3164807999645235,Medium
0.671084134445306,High
0.24389183636818718,Medium
0.271053428494951,Medium
0.1691230648860779,Medium
0.5818767090747577,High
0.6417590580171376,High
0.3468039388373818,High
0.13066272956527197,Low
0.07943945718721147,Low
0.17201153738911515,Medium
0.10308412537460068,Low
0.03283281919804479,Low
0.078532063366856,Low
0.09738875058750601,Low
0.048630511939138844,Low
0.15247483897262773,Low
0.09300532118870189,Low
0.4006410737265446,High
0.10343406815315553,Low
0.13343363405562336,Low
0.18814481439735162,Medium
0.11109635794587079,Low
0.15963143228954224,Low
0.0915172554374344,Low
0.03527451504644843,Low
0.07210459745828489,Low
0.26686404476049735,Medium
0.0774942006643042,Low
0.41570396282954436,High
0.34368687684769134,High
0.11652799794341269,Low
0.829977633616983,High
0.7108603106452529,High
0.09427477439734885,Low
0.0454036850319725,Low
0.47568893256244266,High
0.5805681094766754,High
0.11355109063930645,Low
0.1820849410553158,Medium
0.2416596745080305,Medium
0.0885778156049152,Low
0.17047214420186435,Medium
0.28130706730100924,Medium
0.3384981909491947,High
0.12017747980758467,Low
0.18004014855156553,Medium
0.04550307873211722,Low
0.2663233897177541,Medium
0.05794310930254766,Low
0.5194739029978631,High
0.06447877333780211,Low
0.2694480699469434,Medium
0.17211373684787312,Medium
0.11872138161231566,Low
0.2907595443962751,Medium
0.4019040745821065,High
0.4563076447967816,High
0.21551902377643262,Medium
0.21309153217705923,Medium
0.09978840867669263,Low
0.1471444416533937,Low
0.5898197127207786,High
0.15021036624050788,Low
0.1936815336418268,Medium
0.17318298552054542,Medium
0.15069977694562364,Low
0.07107478645831229,Low
0.2547665046468207,Medium
0.04734024773790825,Low
0.7032259610980769,High
0.1327764532937853,Low
0.22856142176431046,Medium
0.12918793487226152,Low
0.44496039116409913,High
0.13949428630752,Low
0.2033536993932134,Medium
0.10174227530362344,Low
0.22069664415149634,Medium
0.10377603829546057,Low
0.23283012932585828,Medium
0.5790551708359035,High
0.11784299462659066,Low
0.16609776948035704,Low
0.17600465262721812,Medium
0.13232592157110948,Low
0.33501118201138014,High
0.11146729042153432,Low
0.06664346665679961,Low
0.19150559502380055,Medium
0.18713920905756773,Medium
0.35144599445127767,High
0.14834386875663294,Low
0.6687026129879748,High
0.17065999434067478,Medium
0.11522838539118918,Low
0.22305175899831556,Medium
0.39406135076522925,High
0.15573306568370274,Low
0.09119902952517717,Low
0.41249444903145566,High
0.0812326612621602,Low
0.47339117157249505,High
0.09805616319597063,Low
0.27704963293251555,Medium
0.2581706323879984,Medium
0.10039925724542562,Low
0.11345959289331285,Low
0.13664936259262095,Low
0.3162854763316165,Medium
0.4828433909665876,High
0.16546239585538156,Low
0.49413690665385157,High
0.19622282069369545,Medium
0.1577103494978926,Low
0.11249590076742234,Low
0.1829883074311208,Medium
0.2025091733136452,Medium
0.44283543546355175,High
0.17864741733705905,Medium
0.2677568366569554,Medium
0.16224606069474667,Low
0.41255985643852366,High
0.16662859642806518,Low
0.19781130930047663,Medium
0.5096267001949532,High
0.28883190741534487,Medium
0.26107064977575223,Medium
0.18922682148695472,Medium
0.1587355283080599,Low
0.23939673796314329,Medium
0.1304595160457926,Low
0.12903332151012792,Low
0.13267781048209787,Low
0.2912864393437304,Medium
0.124368172799501,Low
0.20662639113345566,Medium
0.24351124196372503,Medium
0.12388588554700761,Low
0.11955025918622054,Low
0.3313938686751211,High
0.4076755724379558,High
0.0829484044085785,Low
0.18713209725407212,Medium
0.19252297649104458,Medium
0.19332761882089558,Medium
0.14704096298622296,Low
0.20081014689311313,Medium
0.3580166739389925,High
0.27685110492533976,Medium
0.24856754211829293,Medium
0.06476617338339849,Low
0.05858956741834276,Low
0.13937989692020755,Low
0.19414097008622147,Medium
0.2859108827094183,Medium
0.22423787574686754,Medium
0.20390366091282622,Medium
0.18662977051997706,Medium
0.4144206026753088,High
0.4324154008041597,High
0.3612701803479432,High
0.41649023828774495,High
0.23109687162091183,Medium
0.5945313272672484,High
0.09348426317407721,Low
0.14012512838981864,Low
0.03781977301277761,Low
0.8664011788655767,High
0.388918049704114,High
0.05920733540109932,Low
0.10411200319886561,Low
0.1103261573703894,Low
0.08011695854355436,Low
0.3525311924247543,High
0.20591075386313717,Medium
0.07013366868824338,Low
0.16584373150493045,Low
0.10489896590472736,Low
0.26431526123211785,Medium
0.14569452648105594,Low
0.6176528329820048,High
0.1304423846746346,Low
0.43658004426578007,High
0.1265453831005561,Low
0.3359550586501974,High
0.18153669964276245,Medium
0.3741172578217252,High
0.07524974154123472,Low
0.031778840852865795,Low
0.17540707007156336,Medium
0.17353634422992154,Medium
0.17333696629099407,Medium
0.12594020192718022,Low
0.4946123488528576,High
0.11138243705930025,Low
0.23980918566157577,Medium
0.01887966948425362,Low
0.09438147576564682,Low
0.10374899429097834,Low
0.14495969892734445,Low
0.15929292176436047,Low
0.328551089023824,High
0.18369584281977866,Medium
0.08638497341142487,Low
0.1375682259193121,Low
0.2446862934659159,Medium
0.4964357477602341,High
0.04559514653289645,Low
0.30360330161874616,Medium
0.13502250703398178,Low
0.20028321807168262,Medium
0.20303414914279072,Medium
0.3554391603542021,High
0.26570614933300274,Medium
0.14453979917082668,Low
0.18866657185323465,Medium
0.3195839442882129,Medium
0.14426036631580216,Low
0.1587679880547553,Low
0.3017524837228905,Medium
0.15165849238382018,Low
0.22929033503930948,Medium
0.3830074926085627,High
0.3776427220906281,High
0.11624699878211572,Low
0.22451093845997516,Medium
0.36089539416867217,High
0.3740060444063614,High
0.1903718488424008,Medium
0.12791546728340197,Low
0.5014933538485816,High
0.0758559916721448,Low
0.0387771183907807,Low
0.45013863158168294,High
0.20845448734823593,Medium
0.6785666886003333,High
0.16323406164918317,Low
0.2905856920746862,Medium
0.12975677675962208,Low
0.30319571578041943,Medium
0.11233301385625657,Low
0.08662556344327521,Low
0.12060539716143132,Low
0.12698318600656622,Low
0.7810066662969413,High
0.1808216434209728,Medium
0.24000690727851973,Medium
0.4005818922233559,High
0.03887800546259246,Low
0.14703542612598017,Low
0.05228205466958752,Low
0.16596289330356506,Low
0.38896673954654193,High
0.7560472057718397,High
0.21225485614016756,Medium
0.1662269496718289,Low
0.2930238401848791,Medium
0.09229191881823746,Low
0.08194868033695822,Low
0.09653806369888353,Low
0.5112366943035753,High
0.22102879301048306,Medium
0.059829082361659035,Low
0.22538450666622986,Medium
0.1657867779410679,Low
0.14177488486257742,Low
0.046109521344382856,Low
0.25886185452025157,Medium
0.13941112186157517,Low
0.36365414839281085,High
0.07918742035064147,Low
0.09558610840467965,Low
0.026510392738566986,Low
0.25132641617379864,Medium
0.1406647651324905,Low
0.51226897834618,High
0.41542906890768655,High
0.38387767992103844,High
0.14666310343766012,Low
0.2276115166733563,Medium
0.08846561938912095,Low
0.17807065535732564,Medium
0.19532715132143436,Medium
0.17779397499945376,Medium
0.0996961014245,Low
0.25178917445146326,Medium
0.3672928148946895,High
0.5318158033442781,High
0.16589297999826494,Low
0.8454299983816194,High
0.12580256144210236,Low
0.4068801907663506,High
0.15150640434891646,Low
0.6984107134806732,High
0.152014933384052,Low
0.30000609037285764,Medium
0.13685223599478163,Low
0.2066408936090373,Medium
0.19643484752912987,Medium
0.28044818839539437,Medium
0.24919444838301358,Medium
0.06827152450117017,Low
0.09921055054644624,Low
0.5641265847263854,High
0.16130854992445548,Low
0.05902685217072303,Low
0.20965212783092707,Medium
0.19538771698512597,Medium
0.17460853907770255,Medium
0.18293194527323442,Medium
0.19214987253243035,Medium
0.5587673254149247,High
0.09224148363636558,Low
0.1929525531116762,Medium
0.08117375807252204,Low
0.16182428856147607,Low
0.08223435209861714,Low
0.5473375262086037,High
0.609034986337061,High
0.08820097727029728,Low
0.17975856333333495,Medium
0.13566190895703217,Low
0.3039361057003823,Medium
0.1695650983775115,Medium
0.1350205533765912,Low
0.12452471148119469,Low
0.37300931118795827,High
0.11949499960705284,Low
0.14819401151725703,Low
0.22151481052722574,Medium
0.5392371307321202,High
0.12056832139937544,Low
0.11012572519331987,Low
0.1652492721278842,Low
0.19088566324929285,Medium
0.05419315436922881,Low
0.21595406711025267,Medium
0.10422628029879517,Low
0.05121293718064762,Low
0.19715835977501162,Medium
0.8708580054951063,High
0.1787669292543811,Medium
0.08761062765978803,Low
0.3580904956953182,High
0.2159490349375876,Medium
0.37508296865832075,High
0.201880251606249,Medium
0.5262553204666115,High
0.15927274882545855,Low
0.22659027760033315,Medium
0.20436391372750168,Medium
0.7891020997411322,High
0.17266009018842593,Medium
0.3937325448603725,High
0.11004838855805277,Low
0.053338603300638186,Low
0.22042131402777326,Medium
0.6917525808319875,High
0.28095320819993186,Medium
0.12419170657547061,Low
0.22913018952139858,Medium
0.7203234831104983,High
0.06928333253041209,Low
0.1407186198416488,Low
0.17045945935759624,Medium
0.19926249110492997,Medium
0.23666057568369953,Medium
0.14698737373099585,Low
0.17909422420943724,Medium
0.27153500778395684,Medium
0.0297321082301787,Low
0.185156238979791,Medium
0.17108183108639716,Medium
0.13116941472599714,Low
0.24260585397872902,Medium
0.20129353514152656,Medium
0.1462948294153408,Low
0.6180313546717133,High
0.07612482914432482,Low
0.12926078880451422,Low
0.1455564049792889,Low
0.9265630623811036,High
0.35132171078409297,High
0.06880920120462362,Low
0.15591329707591164,Low
0.13488226731626074,Low
0.19969990913149452,Medium
0.05747083489442742,Low
0.16208422569298814,Low
0.014860068871641938,Low
0.3187265525216423,Medium
0.10651854885112397,Low
0.04223674824543793,Low
0.19197466072129388,Medium
0.10097167411775403,Low
0.06728634365600268,Low
0.11857789012190817,Low
0.17182867472085975,Medium
0.1440610485082415,Low
0.6471630772912615,High
0.16133211136244238,Low
0.08816879188289846,Low
0.6313021654855782,High
0.28828266545313286,Medium
0.16808775903852907,Medium
0.19161434675856784,Medium
0.11490280126119866,Low
0.17720458803020606,Medium
0.3419942796201251,High
0.06953537191782375,Low
0.18530870065259486,Medium
0.11603365972837228,Low
0.43653991482547483,High
0.13087075892700933,Low
0.08516472395068685,Low
0.050892683492985785,Low
0.045678939891321574,Low
0.16536989862539467,Low
0.1665890169790989,Low
0.15885418567292536,Low
0.1800456158776333,Medium
0.1787605847883723,Medium
0.2679592000921637,Medium
0.3331777008239472,High
0.24424990073623992,Medium
0.09699306457264807,Low
0.642290867781868,High
0.09943711848983748,Low
0.17531287572084742,Medium
0.16347219903389973,Low
0.1706958411196367,Medium
0.2874482660118061,Medium
0.1350296878308715,Low
0.45672031844295496,High
0.19453468925529896,Medium
0.3275183066019966,High
0.1504917953914529,Low
0.08482939441390473,Low
0.10587285987201184,Low
0.10730718022330023,Low
0.17403570848531516,Medium
0.11707793659010512,Low
0.23705190110562216,Medium
0.07915838469174175,Low
0.2584339210777572,Medium
0.6509926003306982,High
0.33676512053480495,High
0.9920145814628224,High
0.1327468724254385,Low
0.2218841715666534,Medium
0.2898573469285691,Medium
0.16257550412479777,Low
0.20338488395855836,Medium
0.1570173873338983,Low
0.2833817559650527,Medium
0.24593726677303998,Medium
0.17453632362836705,Medium
0.1613511017886313,Low
0.14084528201263882,Low
0.059753528282690274,Low
0.6313796658933077,High
0.22124776184260075,Medium
0.9319550072645161,High
0.2183426336060502,Medium
0.1290291824333805,Low
0.2615746408351525,Medium
0.14330833590996345,Low
0.18187354571439626,Medium
0.12653272802475,Low
0.4707500230973182,High
0.2029969521565306,Medium
0.1601995241274085,Low
0.1396533753233235,Low
0.048139062274175734,Low
0.2893535999423876,Medium
0.2148145663912776,Medium
0.07671637764165055,Low
0.07715962174601992,Low
0.15998243174750218,Low
0.16774743707855871,Medium
0.17456703197963647,Medium
0.07379809772460655,Low
0.2639183417254153,Medium
0.40206422031568695,High
0.0338473466718143,Low
0.6508590194399586,High
0.029860450018086425,Low
0.2686190885943782,Medium
0.6153821344205116,High
0.06375656958556743,Low
0.09159990663744698,Low
0.20779591658370405,Medium
0.23514514623347538,Medium
0.6377663850744553,High
0.08497796965792939,Low
0.12012718572546534,Low
0.11562810525393968,Low
0.243247425212975,Medium
0.1284486157770762,Low
0.056805848783293325,Low
0.17592880199286026,Medium
0.3101775951106646,Medium
0.19502880134013728,Medium
0.03571613337140887,Low
0.1785821024064657,Medium
0.24169126164221655,Medium
0.10201539109923072,Low
0.16085842360731895,Low
0.07015243097052248,Low
0.1443525242856411,Low
0.2498849655355844,Medium
0.1632575449014035,Low
0.13870047845005445,Low
0.14957830746424955,Low
0.22317639950570106,Medium
0.1568498249668088,Low
0.2665308026006749,Medium
0.2765962067536299,Medium
0.12921628477086358,Low
0.11938170961050103,Low
0.16459729162270886,Low
0.2488119989185624,Medium
0.5452830455843899,High
0.19232512817618092,Medium
0.053282738929382095,Low
0.17653425866283567,Medium
0.2820721602897282,Medium
0.19330534525515988,Medium
0.15624013855529353,Low
0.14667736064416212,Low
0.044011846285223456,Low
0.23159011093962678,Medium
0.12293780721610369,Low
0.25502710304363235,Medium
0.15557772855184823,Low
0.08098004636284749,Low
0.10570247510763188,Low
0.10281616167445874,Low
0.054275333321865904,Low
0.24581519117039294,Medium
0.35502652287657216,High
0.17178687669592493,Medium
0.6415554215881448,High
0.3936979956994218,High
0.05632782063111146,Low
0.06625772873687219,Low
0.33410087437324565,High
0.7686379901624237,High
0.057622110034670236,Low
0.5788022924002064,High
0.07607882627702511,Low
0.06678452310801357,Low
0.784137096632406,High
0.1544787543365668,Low
0.2838992695808503,Medium
0.17761742727867086,Medium
0.06540766872860115,Low
0.09678014394427069,Low
0.2218449971723337,Medium
0.17253653574756792,Medium
0.03143036887176548,Low
0.0929822538036687,Low
0.18339615593167607,Medium
0.16779613255749293,Medium
0.2658760211396247,Medium
0.16310924205012645,Low
0.18867444987946969,Medium
0.1218099837124156,Low
0.2831006779451803,Medium
0.13022847995867834,Low
0.06195325495011663,Low
0.0885152113263422,Low
0.1590795513882834,Low
0.16213037660557894,Low
0.18536494232284617,Medium
0.21852353089505852,Medium
0.433361603286035,High
0.3188708202723407,Medium
0.0958985722774326,Low
0.149757969283734,Low
0.16996663879677776,Medium
0.18076144103699487,Medium
0.10803980894973982,Low
0.6720364644859187,High
0.09267084306026933,Low
0.4954381020179305,High
0.07792345672884801,Low
0.16561441548323572,Low
0.1756886134205087,Medium
0.12484546144423521,Low
0.6999644443247063,High
0.43481891001734896,High
0.3921981009543865,High
0.1136557277090336,Low
0.15670854491344627,Low
0.18534973734857094,Medium
0.07034139153146392,Low
0.11985664022775833,Low
0.06184678812457919,Low
0.117312750585764,Low
0.17121389231639436,Medium
0.1671036969451542,Medium
0.20415578140038879,Medium
0.13567839517734137,Low
0.0088611080634347,Low
0.530943195800394,High
0.18202479993969234,Medium
0.17860910797742655,Medium
0.2616199751427174,Medium
0.37409818543713397,High
0.03076074686672713,Low
0.5623261684731836,High
0.4324405819635444,High
0.24223792482097092,Medium
0.5273989647174805,High
0.7652838969914889,High
0.1711991474568868,Medium
0.1683035667307221,Medium
0.2883967449908414,Medium
0.1888442394986239,Medium
0.10981619102520625,Low
0.19365544505722793,Medium
0.1943776343857162,Medium
0.1384893586957855,Low
0.04895230892711272,Low
0.8632145318624458,High
0.19335722270543304,Medium
0.15757891005588143,Low
0.08237127483297178,Low
0.2007550461977846,Medium
0.6382987728176774,High
0.11645593906985909,Low
0.11327796116942856,Low
0.08833712175174072,Low
0.1590155666629456,Low
0.6179956992084432,High
0.19668236796653774,Medium
0.06156882847023196,Low
0.050616005839785656,Low
0.2928065456520669,Medium
0.5144361713831278,High
0.26989255502942355,Medium
0.09976936090480129,Low
0.13844469894521783,Low
0.22472445311171263,Medium
0.28682789624147775,Medium
0.2696512841515771,Medium
0.09337980526812534,Low
0.247030807402178,Medium
0.32984409732631853,High
0.11357367057587503,Low
0.09247536352216337,Low
0.09802755463004369,Low
0.149756977730128,Low
0.07922417119605328,Low
0.18355510066980438,Medium
0.06784342469539054,Low
0.5416385248342759,High
0.14172186723140304,Low
0.11040545226408385,Low
0.135680374836844,Low
0.242297446634488,Medium
0.21729964261961784,Medium
0.12473738434377885,Low
0.4396875774478078,High
0.11607624286800576,Low
0.2577996453634567,Medium
0.19454874351704274,Medium
0.5597017754734768,High
0.12399255639421929,Low
0.09606139237629265,Low
0.05284931321527257,Low
0.4062132589897547,High
0.1277754741865604,Low
0.12068346675868127,Low
0.528780573358525,High
0.09536315529242305,Low
0.11703217977524767,Low
0.8260781753523064,High
0.5692881967560549,High
0.05071178611331339,Low
0.1622835692678094,Low
0.08868156217798985,Low
0.17844581942806315,Medium
0.18881145162461646,Medium
0.39044244230154435,High
0.32285445787706274,Medium
0.10341317335446305,Low
0.20539870772184987,Medium
0.17206923968475937,Medium
0.05800014242484898,Low
0.4958032128428789,High
0.09273269689926729,Low
0.15854233758294714,Low
0.0715628938199765,Low
0.20815319281956504,Medium
0.26354403769718343,Medium
0.10463603234016029,Low
0.02899241935156946,Low
0.26040910952464374,Medium
0.1875983611270208,Medium
0.23324517592590455,Medium
0.0683289543495691,Low
0.5005187236953289,High
0.32124567610907323,Medium
0.12013215794541936,Low
0.0991800754128388,Low
0.22717645540491938,Medium
0.23587188390535424,Medium
0.119895294049821,Low
0.246421260789209,Medium
0.04952907874316509,Low
0.0804370946156325,Low
0.3234502230853444,Medium
0.1992292637122915,Medium
0.12302668608755818,Low
0.23661906642627048,Medium
0.3841716179752877,High
0.3224916564841124,Medium
0.2150036343084574,Medium
0.29139075228572126,Medium
0.07861723146493295,Low
0.8645469736626861,High
0.09957801193006599,Low
0.8587066856660035,High
0.53365770637606,High
0.6571358283580783,High
0.1481066872759907,Low
0.1622114512253414,Low
0.12382687119193479,Low
0.07715874844462124,Low
0.930844258233419,High
0.11038062355202063,Low
0.17469361587269908,Medium
0.17043390392716967,Medium
0.2242406419782259,Medium
0.14215390590360885,Low
0.06805646771001658,Low
0.3133137819995165,Medium
0.30250227660547224,Medium
0.03968432776546495,Low
0.3401156854021411,High
0.2990016099147839,Medium
0.4027071905332416,High
0.17471889013329972,Medium
0.11756294991501437,Low
0.08129119744373395,Low
0.15437423631988947,Low
0.08428171958307097,Low
0.3027792078824712,Medium
0.0999153662441418,Low
0.41915569607566994,High
0.28421893322684344,Medium
0.14906966862470003,Low
0.1327796606700423,Low
0.22949103834996798,Medium
0.1975323790284905,Medium
0.13335556274594065,Low
0.17839763943431491,Medium
0.10425616788617917,Low
0.1677497772387132,Medium
0.14418566914719172,Low
0.07956258228222246,Low
0.13845175936992593,Low
0.13935584164438417,Low
0.15001436998319723,Low
0.14236199265768257,Low
0.0427112415590405,Low
0.2575968152074699,Medium
0.10719104493767158,Low
0.6749606457977525,High
0.15713431040819015,Low
0.18745789560789522,Medium
0.21046880198435627,Medium
0.2391192927688146,Medium
0.47736486015302776,High
0.39898106130232114,High
0.36040728976219316,High
0.18324937707872785,Medium
0.357551879377269,High
0.07050535375053815,Low
0.3850273446785515,High
0.12866442416700533,Low
0.09571607687931427,Low
0.2017625322718351,Medium
0.2249162893149088,Medium
0.14155644196252257,Low
0.11985846849995173,Low
0.3046914343382822,Medium
0.22429623784837605,Medium
0.08738789942753343,Low
0.09732724329947434,Low
0.19419016377621598,Medium
0.23548574647598344,Medium
0.5352298041225201,High
0.1463207684018053,Low
0.5145152245314883,High
0.2924453876643047,Medium
0.3566936410942904,High
0.27061912894098045,Medium
0.19069075254017331,Medium
0.08010742396771671,Low
0.19396349143430666,Medium
0.5795471519955031,High
0.13941443062570316,Low
0.0875679684237713,Low
0.29011121823174324,Medium
0.09000523612093352,Low
0.1483719801452851,Low
0.13275685468163226,Low
0.16941446161414242,Medium
0.16467974426650206,Low
0.062465627696530635,Low
0.10202659650513825,Low
0.1619770132014367,Low
0.04888377239184328,Low
0.20585289618686242,Medium
0.08903117247981124,Low
0.23884838648057077,Medium
0.14063830334758623,Low
0.17593440378834743,Medium
0.4028990446761649,High
0.15257077337056105,Low
0.15402231865517263,Low
0.7065224873538449,High
0.10161944306483109,Low
0.1618926678727805,Low
0.027989135530960906,Low
0.14273958586117,Low
0.1441546243077342,Low
0.2008959277744542,Medium
0.1117032697408051,Low
0.14824924880491627,Low
0.2936033449660033,Medium
0.09336070539247357,Low
0.19386330565774465,Medium
0.3472827407990337,High
0.12433221276549285,Low
0.6978486048064355,High
0.040190614956839295,Low
0.176457431210658,Medium
0.3731371577272536,High
0.3661996720912505,High
0.10197369217551132,Low
0.1788834028506143,Medium
0.048882874972867654,Low
0.4746882971747626,High
0.024245678896680722,Low
0.13959341588614688,Low
0.2695356724989668,Medium
0.19418738337344837,Medium
0.25030589360728067,Medium
0.10027708262113175,Low
0.07227579497027485,Low
0.12885203716483407,Low
0.14428983580465837,Low
0.0990612925501797,Low
0.3162990285554793,Medium
0.09009765233583444,Low
0.11975613018929973,Low
0.209601100431286,Medium
0.3221150215150923,Medium
0.3527494004522176,High
0.22899871092632917,Medium
0.07425075943300873,Low
0.1462737779762299,Low
0.1617221596458807,Low
0.2400360638277948,Medium
0.10987044903956616,Low
0.392759449498255,High
0.08231202967197787,Low
0.638688772239898,High
0.2992078672366726,Medium
0.1297246661382976,Low
0.4864127796256137,High
0.14449301089479624,Low
0.27915333628946487,Medium
0.09517540856634837,Low
0.4066264988154128,High
0.130938735132854,Low
0.22149291837070853,Medium
0.13246167337770412,Low
0.20788199676715202,Medium
0.2739492152869807,Medium
0.20259605349387455,Medium
0.0428228253809375,Low
0.4001614784308904,High
0.16288764292161467,Low
0.23456448577992425,Medium
0.16523524709967294,Low
0.6106728061831358,High
0.5713313744989437,High
0.022036959043491487,Low
0.16039532272688375,Low
0.14030231567469545,Low
0.21374342287826498,Medium
0.11309552451046904,Low
0.20316217254263458,Medium
0.18616225990324106,Medium
0.4052017321034962,High
0.12327323051224127,Low
0.4224549642069352,High
0.2159852126618542,Medium
0.09277745051411546,Low
0.016218812881109847,Low
0.09153350802049207,Low
0.1553389848776632,Low
0.09478309446855941,Low
0.5867285000672874,High
0.21968775017465902,Medium
0.11700638186663043,Low
0.08569780446155824,Low
0.11654109429805788,Low
0.20627417272455292,Medium
0.10827475832842404,Low
0.22287136150231182,Medium
0.12363399739532795,Low
0.19715642956892976,Medium
0.20525752889726195,Medium
0.13371157915193851,Low
0.25035716101236716,Medium
0.2878493897843122,Medium
0.13107610851601573,Low
0.03685145577630562,Low
0.0827267104219668,Low
0.19157128765304085,Medium
0.48008370758095126,High
0.23780115869753543,Medium
0.1288193486111132,Low
0.39541430476213013,High
0.11588412287025691,Low
0.9332952846920037,High
0.07010897157770778,Low
0.14264200171506689,Low
0.15196502922293179,Low
0.1182036881961917,Low
0.135184982020397,Low
0.13866090529632047,Low
0.5183210107389256,High
0.11147864669927263,Low
0.1647668644530874,Low
0.32258710658647494,Medium
0.3051498163710009,Medium
0.15937526888543121,Low
0.46611491195243887,High
0.049397348239904416,Low
0.2391860803594384,Medium
0.23998416828706365,Medium
0.14633130891938737,Low
0.1458522140824275,Low
0.034150815940626286,Low
0.07503481765875535,Low
0.09075918575874764,Low
0.467709664199109,High
0.08319780356045345,Low
0.30359981347723886,Medium
0.46664164239199896,High
0.0918216466319953,Low
0.09531068500307029,Low
0.1038352406541182,Low
0.17419106439205315,Medium
0.037696435393761614,Low
0.19286908006454864,Medium
0.17382436664196446,Medium
0.07707026554373415,Low
0.13235264237301303,Low
0.12415280265150086,Low
0.16771595180238227,Medium
0.6741728375618454,High
0.6662905081519729,High
0.22612641471455364,Medium
0.8642754855326901,High
0.4282580250082145,High
0.23231223310356727,Medium
0.37774736928688285,High
0.10957658451392349,Low
0.31631351334531466,Medium
0.14728118700990764,Low
0.07026801982916502,Low
0.09977612193695473,Low
0.349426628657237,High
0.24173916894285874,Medium
0.0828036391316005,Low
0.06558960505942293,Low
0.40361370263027535,High
0.11863796198169427,Low
0.2133921763990943,Medium
0.019587003688749147,Low
0.3089147587809705,Medium
0.11980724154959799,Low
0.13747337675319937,Low
0.3219781854529597,Medium
0.17603835198646958,Medium
0.4205422457117872,High
0.30045219084962427,Medium
0.5609517847879697,High
0.14579444269653727,Low
0.21156644815096684,Medium
0.19086756829917806,Medium
0.27607648508887234,Medium
0.13726648554286164,Low
0.1463566192301517,Low
0.1896945796714043,Medium
0.5282316414397115,High
0.05142300148950931,Low
0.2085439794294838,Medium
0.36796904241849576,High
0.12077823571097263,Low
0.8968903338731717,High
0.38248083567271035,High
0.355446264250129,High
0.15882164941830837,Low
0.11843391637580937,Low
0.3708082393680377,High
0.17391338491553002,Medium
0.414378068894117,High
0.1334189021057016,Low
0.19469289560046651,Medium
0.02381835431747615,Low
0.09066039327942385,Low
0.12360715684772171,Low
0.696914161320879,High
0.37576679040440536,High
0.11091113793447764,Low
0.8242837712459891,High
0.039869270564577515,Low
0.4242423963100818,High
0.16578175569691309,Low
0.15908452155699773,Low
0.14953584560698022,Low
0.05591066444211198,Low
0.18616596278603756,Medium
0.26772250415306575,Medium
0.2901170330989278,Medium
0.33788979912527217,High
0.36347180447248634,High
0.31795784387810855,Medium
0.10857271688246253,Low
0.5890884787028343,High
0.16298974368836291,Low
0.1223701553101024,Low
0.19667745858919067,Medium
0.07003805971803059,Low
0.45661373814986567,High
0.21407271689436486,Medium
0.1131961904717025,Low
0.35490248735121355,High
0.7280400581192231,High
0.13412297085859334,Low
0.31565757370014086,Medium
0.0973791285159165,Low
0.20568284775569728,Medium
0.04504065243645654,Low
0.11673457990233996,Low
0.11014415865194674,Low
0.10461574230964085,Low
0.11335363896804307,Low
0.1119844016700753,Low
0.05601922375113627,Low
0.13120371367322844,Low
0.15086024352617686,Low
0.16221580314558282,Low
0.26119485411489535,Medium
0.27540100842491855,Medium
0.5447917447650331,High
0.08040941468309866,Low
0.15363251766589653,Low
0.15729032481938454,Low
0.24401551794354814,Medium
0.09051049723184082,Low
0.10009185086345415,Low
0.18046576510261197,Medium
0.0784621707735137,Low
0.1632041877596779,Low
0.619943270834618,High
0.4052302854726762,High
0.44665803911970486,High
0.1575284249673159,Low
0.47025618579894685,High
0.22057590339193991,Medium
0.2529846732328544,Medium
0.07545275318387679,Low
0.049211471521900876,Low
0.3658420964738873,High
0.12895301741026627,Low
0.3654889598438646,High
0.10204976459623091,Low
0.19532632952010243,Medium
0.18664934371218522,Medium
0.15736368953694005,Low
0.1057502314987126,Low
0.10498944519484281,Low
0.4281394266014491,High
0.41454682907425944,High
0.11713668268253279,Low
0.12094588798988484,Low
0.5313077790166443,High
0.06497688640213493,Low
0.08530140129179195,Low
0.3309358751089678,High
0.48733010772540064,High
0.20028177988544585,Medium
0.12511475977486997,Low
0.5682212502070656,High
0.21013849204641968,Medium
0.1706271030884608,Medium
0.08577988143257682,Low
0.20727542672748953,Medium
0.5935295318406132,High
0.758660913494014,High
0.18081237156007104,Medium
0.1310155506931531,Low
0.1312991104006702,Low
0.2901019509891271,Medium
0.1532656801040962,Low
0.11107642327428613,Low
0.32682449286767556,High
0.1333610356122211,Low
0.1622929263219868,Low
0.03373754392249295,Low
0.1786267789643742,Medium
0.09407498457046057,Low
0.20379416650017673,Medium
0.19696162676088347,Medium
0.3423424033380703,High
0.3474865397880856,High
0.036987102178077776,Low
0.2811807668598892,Medium
0.33490487346358916,High
0.12447733062741566,Low
0.158080942091804,Low
0.36502569126764506,High
0.06792818316261376,Low
0.6729484193519186,High
0.058428558477437324,Low
0.1261007543460083,Low
0.44655245893654766,High
0.23598437315876025,Medium
0.19383285757760046,Medium
0.18846557630562175,Medium
0.2542035393898939,Medium
0.0988254703088856,Low
0.5876689055744354,High
0.1363004323521828,Low
0.204086263653672,Medium
0.38331890846866495,High
0.1272691380807901,Low
0.06197818546653597,Low
0.17205698747265352,Medium
0.16476852669150427,Low
0.27857734134920276,Medium
0.27668205307656546,Medium
0.177207968768074,Medium
0.06850075654326729,Low
0.06940991054348952,Low
0.9634868243933697,High
0.4336594196754626,High
0.9731557088068863,High
0.15842355159906935,Low
0.04706432913850372,Low
0.3589272017904148,High
0.14443544988929935,Low
0.10233548376702938,Low
0.030725897583078865,Low
0.19385031956946433,Medium
0.029569695968019977,Low
0.1327612929113531,Low
0.2634327578874169,Medium
0.07222445804288743,Low
0.09578793735705052,Low
0.03875012592333891,Low
0.05586884973907017,Low
0.07648289030185415,Low
0.17488022392473399,Medium
0.12186429627336692,Low
0.2787665412721906,Medium
0.12362679405188058,Low
0.08546543206456912,Low
0.026750046888687647,Low
0.046917138228107995,Low
0.2209108806019894,Medium
0.24472572951973195,Medium
0.07588290398656389,Low
0.5173227605139118,High
0.1631660671865794,Low
0.04589395426548164,Low
0.20913107248688786,Medium
0.34242166250096595,High
0.1856198155638431,Medium
0.18342145929081935,Medium
0.13531071185830398,Low
0.1178100475642118,Low
0.06573737687602074,Low
0.22498233357343497,Medium
0.3631344831980483,High
0.06123378384156892,Low
0.22877599889504888,Medium
0.6079645912342961,High
0.10848191253084785,Low
0.24570333125205582,Medium
0.291112222185226,Medium
0.10562610330119492,Low
0.2791209247841615,Medium
0.13705336023685713,Low
0.07105516052097052,Low
0.15639575460221286,Low
0.1643128477511276,Low
0.009968825292952042,Low
0.34688130023565716,High
0.6102213306879352,High
0.1370680258572204,Low
0.31904453708889197,Medium
0.10745223299309685,Low
0.15538639584486616,Low
0.23258750880490622,Medium
0.19588876958298168,Medium
0.12096155988653647,Low
0.29362148670745203,Medium
0.20927402275636783,Medium
0.23146973476483,Medium
0.16900363716773295,Medium
0.3589958339363948,High
0.1279229262636501,Low
0.2662502662140101,Medium
0.619940561852375,High
0.09165859533119086,Low
0.07096594733797044,Low
0.10617085000368227,Low
0.6137816490275675,High
0.07170461910450408,Low
0.30756162558278294,Medium
0.26505869462135984,Medium
0.138571902074244,Low
0.1909455293847834,Medium
0.13709336195799013,Low
0.10804984398200392,Low
0.4370412974750077,High
0.1893169592112226,Medium
0.24713141984680154,Medium
0.20240615856965993,Medium
0.15835480951030279,Low
0.1725163820457008,Medium
0.6526127820916043,High
0.12027140620631184,Low
0.09755541053031985,Low
0.3576248558986086,High
0.08902946918443835,Low
0.16616583539260565,Low
0.03444989621373378,Low
0.13538176929993723,Low
0.11089986145912879,Low
0.12909771160763203,Low
0.17554824950746103,Medium
0.24460053467042805,Medium
0.17020522246580708,Medium
0.2644705887141351,Medium
0.4334309290607067,High
0.16104198978430118,Low
0.13117076863113916,Low
0.13322912161694875,Low
0.19536717082025107,Medium
0.20631298081527152,Medium
0.4057092486866924,High
0.1290881093135708,Low
0.02140041186384306,Low
0.1832574159271044,Medium
0.18597840669422547,Medium
0.20780561355669183,Medium
0.19305046753304622,Medium
0.415269543842647,High
0.23262143322792592,Medium
0.23790159592949736,Medium
0.15749065244595142,Low
0.9895372011502644,High
0.19969519166631644,Medium
0.21124024334701336,Medium
0.03389147124908658,Low
0.03128683507507776,Low
0.10247015395669293,Low
0.14902072111332718,Low
0.06866319035281886,Low
0.368549943024253,High
0.33362150937919455,High
0.09366781439936757,Low
0.22592213114583487,Medium
0.1959591735435986,Medium
0.10368763501842367,Low
0.2059129402117646,Medium
0.1253123195360375,Low
0.4605692616477416,High
0.09449665388447812,Low
0.22971197754927036,Medium
0.28992617447100777,Medium
0.27940990008898003,Medium
0.11906530736755264,Low
0.16695810592816332,Medium
0.23060559997019375,Medium
0.15509897638591846,Low
0.6630227742037431,High
0.18057132094491052,Medium
0.1010327771254468,Low
0.26552175288802204,Medium
0.3374232434240681,High
0.6054501414028878,High
0.28787637769633945,Medium
0.10911485913024714,Low
0.2052566247310248,Medium
0.22665310539586866,Medium
0.11419647399254321,Low
0.5061587872973909,High
0.25991717489290916,Medium
0.3817888117059218,High
0.3241371032831028,Medium
0.14661601939405028,Low
0.06907303236641281,Low
0.6014414963708438,High
0.23905010729795922,Medium
0.08901730719773072,Low
0.15253278935031658,Low
0.10731388911094913,Low
0.2559237436679265,Medium
0.2072346255527427,Medium
0.7925313333232832,High
0.18614468281374957,Medium
0.05903840769827133,Low
0.11981045300377191,Low
0.20071381299382582,Medium
0.03846073813324098,Low
0.14817880759807267,Low
0.12032484696119493,Low
0.07921211278357518,Low
0.378157383497131,High
0.3975076155852087,High
0.08460983539724325,Low
0.2752994567086104,Medium
0.2121042160362908,Medium
0.11631099250379982,Low
0.008498515415201333,Low
0.04816456030901097,Low
0.29383009557912876,Medium
0.10332576957449684,Low
0.12410207755366828,Low
0.0626304450163966,Low
0.34187987445281043,High
0.9267608202896483,High
0.3626892055163812,High
0.07281706134216698,Low
0.5375219577270308,High
0.16279305073436376,Low
0.13863461708311886,Low
0.16969520375377134,Medium
0.23798896967304636,Medium
0.11677334828795795,Low
0.08310514184042014,Low
0.18231096747019845,Medium
0.22258581498894892,Medium
0.12207320376408301,Low
0.6410450438119015,High
0.5649389999775543,High
0.35947940721769084,High
0.098258573859394,Low
0.21952140476090876,Medium
0.12128564316778195,Low
0.19692638912429947,Medium
0.0711626493807279,Low
0.36763795945829436,High
0.38863502066576344,High
0.11031718631184892,Low
0.33645626034443243,High
0.3648816325484613,High
0.12376017068409768,Low
0.14776900514371813,Low
0.4098671207221308,High
0.11143095859498908,Low
0.021912683825936346,Low
0.13756373248391904,Low
0.08801416989380012,Low
0.2502029871966681,Medium
0.6710900352656188,High
0.13657205818238816,Low
0.023986398486523713,Low
0.06738530384546393,Low
0.3098622302532291,Medium
0.048436117840057635,Low
0.5608043635536883,High
0.25268571287001407,Medium
0.15874180059694462,Low
0.22250852344565547,Medium
0.23032188128432043,Medium
0.10381896379078799,Low
0.03453997399677001,Low
0.16535672362116463,Low
0.16536915559868784,Low
0.15574633377910913,Low
0.19360073749350803,Medium
0.17537496930695906,Medium
0.1475204350823543,Low
0.13241905503897614,Low
0.20464664103853,Medium
0.5479125577058507,High
0.1324473029467568,Low
0.13232081580468472,Low
0.08151691966706787,Low
0.11387339974538883,Low
0.1447377411671169,Low
0.16649512458905205,Low
0.7299997336308066,High
0.07635809013828779,Low
0.15700853584489402,Low
0.3109961802757139,Medium
0.11410324305985178,Low
0.6240135532731775,High
0.1850030044718645,Medium
0.1581411726569474,Low
0.11197522389247,Low
0.14304588671619003,Low
0.20266646720373643,Medium
0.11615828649881542,Low
0.21093053637112957,Medium
0.12505936676386137,Low
0.627261523199783,High
0.26708506370156393,Medium
0.07305725625908151,Low
0.15080260301600082,Low
0.08990968755782294,Low
0.17721765587640312,Medium
0.3610253957230759,High
0.1171089409970522,Low
0.04144376692583204,Low
0.1690669481051402,Medium
0.703327057763645,High
0.11638175359391634,Low
0.09069067665363015,Low
0.29707863972088505,Medium
0.184469943482213,Medium
0.19368791638074295,Medium
0.025695882376110098,Low
0.3553162586404685,High
0.36347900769462244,High
0.17838231130264426,Medium
0.1661773967032028,Low
0.0801977182691265,Low
0.14116886840803,Low
0.14774005466058465,Low
0.1435105230373344,Low
0.4596913101580018,High
0.22018598155685976,Medium
0.3056482215843271,Medium
0.11058701449885304,Low
0.22120377111132658,Medium
0.17311226111859052,Medium
0.01643474189084055,Low
0.42934454386973286,High
0.06327360475753711,Low
0.5877326285058171,High
0.1126469603071955,Low
0.1766664433290668,Medium
0.07315991243656918,Low
0.0630072525014721,Low
0.11619554983215392,Low
0.41861820406817807,High
0.26232586679111547,Medium
0.11218734499698031,Low
0.06646383852991299,Low
0.04084274735669462,Low
0.22262814032552694,Medium
0.17124320713066668,Medium
0.5219794959621717,High
0.11071988709481471,Low
0.19234160861320687,Medium
0.02748654610936433,Low
0.10623344397693409,Low
0.26019040617434186,Medium
0.19703278537142,Medium
0.5796103114294316,High
0.26791460724292443,Medium
0.14359657911337123,Low
0.15265065196561756,Low
0.06618663529602029,Low
0.15291402473649957,Low
0.08586800532168815,Low
0.07905309401062299,Low
0.27211190968624394,Medium
0.10448332568963872,Low
0.1519304575278748,Low
0.24905692194591025,Medium
0.19297033928834276,Medium
0.08007834070327585,Low
0.20421677350722475,Medium
0.19528864886440694,Medium
0.11934229008447768,Low
0.0874331604503213,Low
0.3327396897568184,High
0.05937649965132264,Low
0.21059735780348368,Medium
0.2713402114294897,Medium
0.1603719692852206,Low
0.07401771533272436,Low
0.9958384978949641,High
0.41778865933067055,High
0.38367572059429017,High
0.21277017409634294,Medium
0.08175177119720307,Low
0.27282383555530315,Medium
0.42952381589654587,High
0.5479293669302684,High
0.18838888047250418,Medium
0.4716124817585781,High
0.10923900256432709,Low
0.13321346470917925,Low
0.29166888184311385,Medium
0.1359636581383247,Low
0.1931945201011915,Medium
0.6865477388251521,High
0.24532625641495387,Medium
0.25936460456258725,Medium
0.20531619677264412,Medium
0.48683254150069755,High
0.5620692663009862,High
0.07352882898707391,Low
0.4751905556058526,High
0.2032415156529231,Medium
0.042457621169179054,Low
0.4098970343069698,High
0.4203759897952571,High
0.20914046271252892,Medium
0.24476692612382422,Medium
0.21869463609990225,Medium
0.03745415937287871,Low
0.18444797390577164,Medium
0.39868744975881504,High
0.17724531990155282,Medium
0.7567554444437417,High
0.19662163514593836,Medium
0.45393326281598395,High
0.33211663853791135,High
0.1666626519759107,Low
0.22645571017042398,Medium
0.39639169600161384,High
0.1176614889508715,Low
0.03135561040617369,Low
0.5457042584282649,High
0.04441296917291212,Low
0.03385161703192895,Low
0.3740409686095345,High
0.03669420402689483,Low
0.13212226810408279,Low
0.09227913131866533,Low
0.5896061286565374,High
0.1647139297235958,Low
0.20851402224382234,Medium
0.4200102182188267,High
0.16228302776669504,Low
0.04703476658361398,Low
0.18733818061207502,Medium
0.19226091217685076,Medium
0.04147487264272077,Low
0.12230121530674165,Low
0.14657038633738828,Low
0.08700026641830123,Low
0.1345783881761905,Low
0.14435530563060758,Low
0.3918615920907114,High
0.5908579913838992,High
0.20688277344045322,Medium
0.15642234908269015,Low
0.16239814292050841,Low
0.5007386035395622,High
0.28918088816686,Medium
0.10970813341421563,Low
0.2080906129336414,Medium
0.22810476814050315,Medium
0.10051167157378546,Low
0.14051445442725316,Low
0.2613168844283836,Medium
0.6917116554090289,High
0.11621158444820867,Low
0.38105437602985287,High
0.07349112689640816,Low
0.2932509307272162,Medium
0.8657865081213152,High
0.33435567867443067,High
0.20649499309756483,Medium
0.41503147392389633,High
0.11311052982586735,Low
0.5469320195981126,High
0.27034429820930983,Medium
0.2245196711165221,Medium
0.33581058939884506,High
0.061186908457848715,Low
0.8939628814462711,High
0.09866039076659437,Low
0.09254757076706475,Low
0.20381874873940412,Medium
0.48931361890746866,High
0.10332706432427302,Low
0.4135944900804323,High
0.06269626610056227,Low
0.2575056579762197,Medium
0.5824930640411692,High
0.16257434198779733,Low
0.2867628007308538,Medium
0.15461528576585357,Low
0.6192028931520543,High
0.12016523785636873,Low
0.19528415646362782,Medium
0.10286327340434835,Low
0.39024161043719513,High
0.5869524167260775,High
0.21090371750588532,Medium
0.020346175164540733,Low
0.6481301675429422,High
0.07746335744924342,Low
0.231478274873794,Medium
0.10217044692810957,Low
0.10763686901799786,Low
0.22050263658928915,Medium
0.04542776902096303,Low
0.145718427665467,Low
0.23204440253816325,Medium
0.2193754073398657,Medium
0.05768022639855844,Low
0.1871019668889822,Medium
0.24460869912030722,Medium
0.5067302868537857,High
0.03560388918854745,Low
0.046120656832906955,Low
0.14231896717306286,Low
0.20892983499538906,Medium
0.09520954680151769,Low
0.14209197119447167,Low
0.4245727757513578,High
0.2289755388272315,Medium
0.12184562940845882,Low
0.2024440943976213,Medium
0.14618412127990155,Low
0.2381354473735607,Medium
0.21719782321172323,Medium
0.0411222568681762,Low
0.0321944043293539,Low
0.20438225018288755,Medium
0.027862407473511597,Low
0.08804934935159109,Low
0.5604707601436171,High
0.18882824151879787,Medium
0.3896417008914236,High
0.08726405504944616,Low
0.7022477335526988,High
0.5843255210147098,High
0.4261821776251255,High
0.16394737298381348,Low
0.07848572901870121,Low
0.30899566587629096,Medium
0.16346833680267903,Low
0.1704511245943736,Medium
0.07121631469259346,Low
0.06589818895789787,Low
0.1939703436166938,Medium
0.12336562609226151,Low
0.2713947659890779,Medium
0.13305296319928184,Low
0.04607372279501575,Low
0.02093916058114606,Low
0.19354097704613896,Medium
0.28930297289427614,Medium
0.5898255175561787,High
0.13563961903915503,Low
0.7541712869339727,High
0.24134668006130702,Medium
0.15893295374602107,Low
0.1575973853641447,Low
0.4467197607637275,High
0.35004773852493853,High
0.09308638897476518,Low
0.2720687001114673,Medium
0.13469064480881102,Low
0.09618632669748585,Low
0.2386499055440257,Medium
0.2398191714150434,Medium
0.19779263517187154,Medium
0.07550090352536198,Low
0.09770787230620918,Low
0.11333651840162445,Low
0.2177299829183603,Medium
0.19924095117460247,Medium
0.20243608828247792,Medium
0.05881053636237596,Low
0.16894549577873438,Medium
0.5890563310838045,High
0.2000789283649106,Medium
0.3436543515322555,High
0.7234240795318058,High
0.45694781381893396,High
0.43029796003839405,High
0.3037313025464937,Medium
0.9067968257986403,High
0.2252380952669912,Medium
0.08721337262561209,Low
0.6858561198757128,High
0.21327165751362995,Medium
0.10310454812250806,Low
0.11770727038926394,Low
0.1731192264472757,Medium
0.09452596328048556,Low
0.05103388695358702,Low
0.15897157480936225,Low
0.10565278160616853,Low
0.10280132044003497,Low
0.11850901730271196,Low
0.2448568866623796,Medium
0.06223764986681767,Low
0.1493001795768918,Low
0.03126288938166573,Low
0.4677516845354602,High
0.11141291625762761,Low
0.7895855995306547,High
0.27658003950591437,Medium
0.12678088190167497,Low
0.10768082840075821,Low
0.13738082350208705,Low
0.11140820016558321,Low
0.07697682331831229,Low
0.4329474458710688,High
0.47568557345376966,High
0.05866413659135334,Low
0.2675840161886403,Medium
0.15802238120860065,Low
0.16875843197203796,Medium
0.8822832431931015,High
0.16713215322339545,Medium
0.10656201754347436,Low
0.38465504630478614,High
0.13256973607334577,Low
0.14698476280070136,Low
0.47375331746454225,High
0.3550401908021989,High
0.24780416657943571,Medium
0.13962909973104928,Low
0.1415001002388033,Low
0.06045490105271404,Low
0.07971915512401513,Low
0.06674716400324313,Low
0.18770118527872545,Medium
0.11124374112095645,Low
0.0998904762916148,Low
0.34363424135441417,High
0.11527731531151258,Low
0.3930277765958678,High
0.0308254870922569,Low
0.08657412785233473,Low
0.17446173334265633,Medium
0.17084982721095276,Medium
0.4502027000082244,High
0.04716113606319793,Low
0.06827296713259864,Low
0.14532149509128672,Low
0.2574398814874221,Medium
0.4333396216531106,High
0.09897966128437588,Low
0.2025926200737552,Medium
0.06271708024815474,Low
0.21736559149139362,Medium
0.17786048025543816,Medium
0.22596379134457342,Medium
0.25673222001510615,Medium
0.2866993422324434,Medium
0.1968484815280651,Medium
0.18668717678118418,Medium
0.19189146236135707,Medium
0.15123400433151046,Low
0.19998537212210138,Medium
0.13396611526719712,Low
0.6604445966636125,High
0.5824312262079434,High
0.11367615364713067,Low
0.239467153665559,Medium
0.05153142955692678,Low
0.04892373172127948,Low
0.14384316024833654,Low
0.06302292476197582,Low
0.4618642307868207,High
0.37035282776089473,High
0.07676927149517888,Low
0.08983116271678726,Low
0.2972170120169001,Medium
0.22852485592629915,Medium
0.1778318113936696,Medium
0.6601182379696399,High
0.5371844887978018,High
0.12635177503154074,Low
0.39141873968496715,High
0.1128482838661464,Low
0.11773165767166824,Low
0.26864316498667973,Medium
0.12508158145605514,Low
0.2875784149561948,Medium
0.35390831785890237,High
0.30575556713492896,Medium
0.14664995490244748,Low
0.2427398562490345,Medium
0.19192470175764711,Medium
0.05001329509012922,Low
0.41944582099373817,High
0.15718512940198998,Low
0.011539315024641714,Low
0.2178001950414297,Medium
0.27736142298907046,Medium
0.29966050640999015,Medium
0.26772714511757445,Medium
0.41579595837896033,High
0.15059991925754124,Low
0.045070197134341475,Low
0.030433997676912728,Low
0.18158647464357688,Medium
0.28773482531227784,Medium
0.10170119192832493,Low
0.1181359433760822,Low
0.29279737786985854,Medium
0.16935514659902481,Medium
0.273298126738824,Medium
0.12511767139036908,Low
0.16459586268024748,Low
0.06197169263322988,Low
0.23397091867291017,Medium
0.10516198383855548,Low
0.044259462046432274,Low
0.28345863930930726,Medium
0.23866028445946694,Medium
0.03935122198489452,Low
0.7046125502611285,High
0.11282182210124315,Low
0.10231713711901742,Low
0.1353151308884221,Low
0.06107978408040418,Low
0.0986472790793691,Low
0.2179240192203724,Medium
0.07869993245919688,Low
0.4229986418775858,High
0.1468480522862136,Low
0.1850075509895982,Medium
0.5780455174261862,High
0.6264321672118225,High
0.18483463639780226,Medium
0.23436720473838774,Medium
0.41303798687293847,High
0.14517787180056443,Low
0.029423563638334954,Low
0.2420230250257942,Medium
0.05620296491733187,Low
0.2997110054759389,Medium
0.07642406855741395,Low
0.05856077937236868,Low
0.12821727010412734,Low
0.22464929253361302,Medium
0.19303788314973205,Medium
0.18486730272754628,Medium
0.12272151722815873,Low
0.08588173918037076,Low
0.07848886208929914,Low
0.07326041667464737,Low
0.038068708385021,Low
0.0790774205352532,Low
0.32867114917562296,High
0.11313974577064762,Low
0.04453006245209064,Low
0.14690063014161553,Low
0.26628836707489034,Medium
0.1956982054347211,Medium
0.09880451849039489,Low
0.16894397574865463,Medium
0.07954122360680335,Low
0.1729467989513874,Medium
0.06737337423228328,Low
0.15770442237821475,Low
0.5621803686442202,High
0.1972028068890657,Medium
0.20322936446717396,Medium
0.1397574548023523,Low
0.31290946043488554,Medium
0.17985638617930957,Medium
0.06898506707441794,Low
0.18141854119347356,Medium
0.41554323234211327,High
0.15475704355631412,Low
0.3749096312077304,High
0.7052753407381106,High
0.42557619962860765,High
0.11408194293796478,Low
0.23456825289204608,Medium
0.08664014136698919,Low
0.47551551381355706,High
0.020983671888261352,Low
0.2596322371104001,Medium
0.2556206189826568,Medium
0.12435777332495503,Low
0.12695199503566038,Low
0.21572210708268819,Medium
0.6740109805946383,High
0.23949347523735182,Medium
0.08819614624867082,Low
0.14574666153154392,Low
0.24193711340087415,Medium
0.18323365810482026,Medium
0.12534874895369313,Low
0.09565576907429216,Low
0.12142291861888027,Low
0.19827180341177225,Medium
0.25956908144024377,Medium
0.12171645273669225,Low
0.4983448808765392,High
0.02794041389782908,Low
0.12150401594216301,Low
0.18427442113427742,Medium
0.3643999179860413,High
0.5757652597905136,High
0.15829766442459636,Low
0.25259043987650687,Medium
0.17883141163946153,Medium
0.2771639448202558,Medium
0.3027397953154509,Medium
0.36429774584474445,High
0.09314805969666859,Low
0.04627582131415549,Low
0.059117045797475835,Low
0.06445165835005601,Low
0.21495177172107802,Medium
0.2655426553808243,Medium
0.16959322837683458,Medium
0.2947672530817738,Medium
0.32752384090217296,High
0.3488111548338961,High
0.38357573826166025,High
0.06012808372334983,Low
0.06875898951334125,Low
0.10046003685434211,Low
0.13495896520857673,Low
0.33054104471181567,High
0.1264750034242198,Low
0.4757286606651829,High
0.22388419683145408,Medium
0.06621233679299436,Low
0.213369966240957,Medium
0.24109996291602434,Medium
0.15717381473718853,Low
0.13303113607088743,Low
0.1515187636998171,Low
0.23476600587624563,Medium
0.15440643555808956,Low
0.1826219134139876,Medium
0.1388496998235593,Low
0.14501386440157563,Low
0.031287224708315506,Low
0.7324039859601248,High
0.10002213860039617,Low
0.23371755669031458,Medium
0.18970650750389836,Medium
0.15045452855730426,Low
0.08540075836964432,Low
0.45047371917294815,High
0.16167133510970663,Low
0.10545755672802021,Low
0.13273251120523988,Low
0.13910559789842555,Low
0.6606049194187154,High
0.38422131485957756,High
0.2009706514502386,Medium
0.23757753543281776,Medium
0.1425612043360759,Low
0.20016054900266458,Medium
0.1662377219147537,Low
0.1716707396131403,Medium
0.05755009229315213,Low
0.056581233896375004,Low
0.2751274027170442,Medium
0.13721657998546044,Low
0.1156134555986636,Low
0.3671529238702779,High
0.39399599936049806,High
0.15789046946630456,Low
0.019804651484384424,Low
0.38152045404987217,High
0.28121856298795583,Medium
0.24990851575593964,Medium
0.11168047275978833,Low
0.6558916992058109,High
0.07309212889704134,Low
0.26830828713460125,Medium
0.06514472961680119,Low
0.08898077094183483,Low
0.2236861942156378,Medium
0.25661076829160057,Medium
0.1450580379098657,Low
0.10438286825260333,Low
0.7755390409586111,High
0.07671462663115196,Low
0.4157685967765706,High
0.0994316536770873,Low
0.1007413548955334,Low
0.10004533151863412,Low
0.23478489327451926,Medium
0.17721975544692983,Medium
0.18208905642288922,Medium
0.09078833357600494,Low
0.21157968672597977,Medium
0.46719365711376715,High
0.24603933525291596,Medium
0.1774323150090226,Medium
0.23282789183192007,Medium
0.2770578116105959,Medium
0.15527818298868865,Low
0.19532943388048368,Medium
0.02783678540504648,Low
0.24408074515071737,Medium
0.08154162920309757,Low
0.10393872071815684,Low
0.1598381244052495,Low
0.1613034934427324,Low
0.09743547440196876,Low
0.49694901617573345,High
0.15358448380409181,Low
0.5898944662386689,High
0.14560996466222084,Low
0.910292968116747,High
0.11467551087398754,Low
0.25629898561590003,Medium
0.2626536618633707,Medium
0.1281574727638787,Low
0.07707142376949488,Low
0.15069516474240663,Low
0.23454593477062113,Medium
0.09353439701605387,Low
0.08066711696372372,Low
0.14546563938775783,Low
0.15678654915504656,Low
0.33868905969920365,High
0.1067544598297579,Low
0.06893941919267277,Low
0.11062618943361194,Low
0.5895444798368161,High
0.19328670349946628,Medium
0.17257704509893987,Medium
0.18528714905098642,Medium
0.15791632767480895,Low
0.15421988087430102,Low
0.09646885031552335,Low
0.11588411631767324,Low
0.08719697778250841,Low
0.22753046765546395,Medium
0.032366358646660646,Low
0.29591370652412835,Medium
0.4216947649243129,High
0.5140669258518209,High
0.14434385468679056,Low
0.2593464962878306,Medium
0.2884316994955788,Medium
0.1308091513900542,Low
0.040513892215988036,Low
0.10894714465621738,Low
0.16019588363392703,Low
0.1445583433855699,Low
0.21470965072593,Medium
0.15819005428399646,Low
0.1355124549392661,Low
0.53233153053064,High
0.09822367685458963,Low
0.03097458940635931,Low
0.08573017688404774,Low
0.52497490400993,High
0.10295928714753136,Low
0.20723470237177313,Medium
0.3372322590924067,High
0.4824264985250497,High
0.14734310565412892,Low
0.08204519487911154,Low
0.17013078907954166,Medium
0.21248753344145285,Medium
0.056408034463117256,Low
0.5371237351785718,High
0.22396773647043247,Medium
0.18328394968467976,Medium
0.27036610349794027,Medium
0.1897035346679652,Medium
0.2296476708427408,Medium
0.6171436432302715,High
0.7058821494986407,High
0.6331535918382635,High
0.18555280137916177,Medium
0.15191318692790767,Low
0.16745718252305442,Medium
0.015271808322155892,Low
0.3566436478022352,High
0.25460999497636166,Medium
0.23609784156782548,Medium
0.12791304029371897,Low
0.8154103996969895,High
0.19206986147169494,Medium
0.13167923525072994,Low
0.25408312254750115,Medium
0.13257560872628213,Low
0.04394496976656791,Low
0.33278010466180585,High
0.3616509817006824,High
0.15453492148326103,Low
0.12611571295222557,Low
0.24638778389641958,Medium
0.3262385416396784,High
0.1282202778473501,Low
0.1651542384697192,Low
0.1848169210383411,Medium
0.18740264460767286,Medium
0.5047529708078681,High
0.059320069977197125,Low
0.05068481175131318,Low
0.2023160610394016,Medium
0.5911188322640657,High
0.08666135153721409,Low
0.16570855701605688,Low
0.5210935547206413,High
0.15635138517342034,Low
0.10168501535029754,Low
0.12641893192711984,Low
0.042125928623673405,Low
0.042576116071644396,Low
0.09924547799164432,Low
0.08915231705660369,Low
0.44761202160177094,High
0.27723912978398896,Medium
0.07142973103812117,Low
0.05136908290571612,Low
0.36829845038123865,High
0.1833135246578755,Medium
0.3993810719414488,High
0.20574732233789444,Medium
0.8485999139214366,High
0.18727273938382297,Medium
0.1532437650593371,Low
0.14838573165315863,Low
0.17449312420395557,Medium
0.2850450578409622,Medium
0.13463788085074269,Low
0.09798823606015564,Low
0.4564983324032976,High
0.11225242353777863,Low
0.10369648911890829,Low
0.23628008140624923,Medium
0.11328544032771358,Low
0.08759876987552115,Low
0.5785858192944798,High
0.10768819101659417,Low
0.08616084739009051,Low
0.1840363023208123,Medium
0.6871008830783988,High
0.22119160526737633,Medium
0.1354141083899709,Low
0.12785726467947423,Low
0.051551497289687366,Low
0.2530890938863529,Medium
0.27124372339162434,Medium
0.24663948368757083,Medium
0.33498933217545185,High
0.284687282306707,Medium
0.7278477887528996,High
0.7091453174813078,High
0.34428841015670836,High
0.07003738901453645,Low
0.33387309469112203,High
0.20584319075417817,Medium
0.16529466193438805,Low
0.2941931647835408,Medium
0.053989352557781936,Low
0.07669047995680499,Low
0.3110160363217564,Medium
0.9387024658645806,High
0.12673773214081321,Low
0.08397209026148508,Low
0.17721785776655505,Medium
0.15398719497006594,Low
0.585791353517891,High
0.24313672754075544,Medium
0.1388298039174027,Low
0.06702348972968633,Low
0.20723881745291936,Medium
0.039346425411368006,Low
0.1342043024339803,Low
0.07207839394338571,Low
0.42743885197617926,High
0.0962838481941591,Low
0.15161477890954492,Low
0.08955246823080387,Low
0.12857748002302702,Low
0.15537135510016983,Low
0.09321091978850377,Low
0.4905340676433069,High
0.06561475956863799,Low
0.10319474104118041,Low
0.698135717129959,High
0.18896426511507916,Medium
0.6576963250273614,High
0.1910271148166646,Medium
0.12617877242585832,Low
0.3597803847916205,High
0.21706480609507722,Medium
0.14827303352994756,Low
0.2595877377208595,Medium
0.08624411493421877,Low
0.16387271239550227,Low
0.28236785913542145,Medium
0.5413589416121384,High
0.1493528806368691,Low
0.09390739392400133,Low
0.07209482066454874,Low
0.11143797288648302,Low
0.23225478180094367,Medium
0.0850894497006567,Low
0.3627388101958458,High
0.5968511919510888,High
0.32671382535415056,High
0.08446476507695685,Low
0.24574050199985323,Medium
0.2926398902066049,Medium
0.1243323095150364,Low
0.13375015470320656,Low
0.12644353927679514,Low
0.04166494729624206,Low
0.07646693628205363,Low
0.31926010303344327,Medium
0.159895884380742,Low
0.13986232495477505,Low
0.11623031469367065,Low
0.031093031347707606,Low
0.051458309681188245,Low
0.37998293142578593,High
0.37479986936522147,High
0.4341074086848633,High
0.22306034690681026,Medium
0.07334284169066126,Low
0.2917659995678387,Medium
0.1607102382666144,Low
0.21837456305209427,Medium
0.046729516884158766,Low
0.24767899455415404,Medium
0.20034524502316656,Medium
0.2291542682487979,Medium
0.1606471254896142,Low
0.157683208671599,Low
0.24209706053391228,Medium
0.1297445397973145,Low
0.16265390139316016,Low
0.14536817622711165,Low
0.2571730117987085,Medium
0.2806190132714517,Medium
0.1330579628275484,Low
0.04219913478244276,Low
0.062358459961286215,Low
0.154569693987425,Low
0.10726135748063699,Low
0.4849506635330488,High
0.16213094616062446,Low
0.11516516896572862,Low
0.11755860307961101,Low
0.10376591498662613,Low
0.12087172544914693,Low
0.6477543149528149,High
0.08979460408686285,Low
0.08264817272147196,Low
0.7027943101605898,High
0.04607786810072569,Low
0.2897573536495021,Medium
0.19326222325796172,Medium
0.41316760113483997,High
0.09644060331955046,Low
0.32262419344669324,Medium
0.19101162873629282,Medium
0.5061442112681006,High
0.16035333747392366,Low
0.021975447649510666,Low
0.2488518130470334,Medium
0.07624483312539113,Low
0.09212253986789566,Low
0.3069350203161822,Medium
0.11644340552916663,Low
0.1102853789552465,Low
0.618526776200587,High
0.1766960579976085,Medium
0.11214922142378783,Low
0.15799958935517083,Low
0.39302563516025635,High
0.14439023181679844,Low
0.5690856201361607,High
0.48105962339844466,High
0.1411431087668778,Low
0.3107803917000721,Medium
0.40643299343493444,High
0.14829862075442105,Low
0.09925571149937869,Low
0.22856817892667763,Medium
0.15015562155612192,Low
0.22992486604237722,Medium
0.09581575808942386,Low
0.4462525991595305,High
0.14829120509837362,Low
0.20833278582212408,Medium
0.1610780865327261,Low
0.330137270379736,High
0.377715059237697,High
0.1273597116537305,Low
0.19477071571956936,Medium
0.11917574810415915,Low
0.24181888980129176,Medium
0.08097791329868416,Low
0.09372716272623743,Low
0.19396662475180135,Medium
0.5434929915122416,High
0.23501003914973922,Medium
0.2266863269182445,Medium
0.38360055779138413,High
0.5389000152416966,High
0.22509462491268784,Medium
0.39399248074742765,High
0.1985739708802406,Medium
0.20179893438618368,Medium
0.7446678396365999,High
0.5522218108036642,High
0.12837380350693114,Low
0.1691691439177951,Medium
0.10813774274710275,Low
0.05415947290188906,Low
0.21654515160736365,Medium
0.052904778576187424,Low
0.34048356972897276,High
0.10730762579893481,Low
0.10229595161873271,Low
0.17864622534968191,Medium
0.7067331262955528,High
0.03469407165565108,Low
0.030237409358899032,Low
0.1977261593677082,Medium
0.08513113079889965,Low
0.09233564450602622,Low
0.47216815743498647,High
0.26984824778657146,Medium
0.2087921528021668,Medium
0.09542414364294124,Low
0.5430998867100281,High
0.13126902792195563,Low
0.0532247603469032,Low
0.19684700360982216,Medium
0.05759639337877695,Low
0.18294731265860548,Medium
0.09269381745635982,Low
0.21256790060235467,Medium
0.19477275194884286,Medium
0.17098559147249415,Medium
0.18493209327512944,Medium
0.1938043606736997,Medium
0.09722548634216793,Low
0.3384398887034874,High
0.2663395928596445,Medium
0.7486634227705172,High
0.17843547343178703,Medium
0.1842869462728829,Medium
0.08814253102028367,Low
0.23893279909143855,Medium
0.21419828849619366,Medium
0.09209688040697224,Low
0.18767969298888051,Medium
0.21149980400960094,Medium
0.28066508510743005,Medium
0.05500237160041005,Low
0.7297240826459035,High
0.12620219122915582,Low
0.8078139083352869,High
0.13304125724583823,Low
0.18582772695125493,Medium
0.1763841208826723,Medium
0.16268926400798148,Low
0.04711022469512884,Low
0.42239065017167754,High
0.07875348184784343,Low
0.10188075719662348,Low
0.19035812307903258,Medium
0.40337113963198673,High
0.1214686201999049,Low
0.23201894656873395,Medium
0.18521105048899952,Medium
0.14423359063777624,Low
0.08321877043954173,Low
0.13469918265774913,Low
0.04553707232397032,Low
0.20271380565367014,Medium
0.4132199243366059,High
0.13380878974126903,Low
0.21326775550528426,Medium
0.17851899440383073,Medium
0.27402219453955895,Medium
0.08242373288882449,Low
0.15400966328602542,Low
0.08645678459433243,Low
0.2553352678661532,Medium
0.08273774817136423,Low
0.0864039924050062,Low
0.46481394891320665,High
0.4252435941281171,High
0.8192323837445883,High
0.3733824468912607,High
0.17557084444932705,Medium
0.34621775748167183,High
0.09843099630691751,Low
0.1235499647347056,Low
0.28587544178552504,Medium
0.5748473002052752,High
0.19018400004445288,Medium
0.041687413516887144,Low
0.1574337039808635,Low
0.3480013879271985,High
0.2106416384565406,Medium
0.19363787951037545,Medium
0.03774785843707719,Low
0.31708780737182046,Medium
0.4599645342916182,High
0.10080512600904153,Low
0.3913117476428048,High
0.0905030372891906,Low
0.6087703859301251,High
0.19684151003804543,Medium
0.04907661266760232,Low
0.23026971534574972,Medium
0.09976427106672404,Low
0.22566565719410034,Medium
0.05140123900601266,Low
0.36381426261149935,High
0.050419875805101724,Low
0.014231906289444693,Low
0.5976627206095783,High
0.16286398304238306,Low
0.13205995137414944,Low
0.27714698581898684,Medium
0.2806072485252317,Medium
0.2213668925668387,Medium
0.1455221304215074,Low
0.15616146313294196,Low
0.45358620679946243,High
0.23653111995380433,Medium
0.40717328410430154,High
0.11386384490632598,Low
0.2923020239818118,Medium
0.048599810765911765,Low
0.6173804633773875,High
0.13002018376400296,Low
0.06291714165847878,Low
0.6384363380742919,High
0.5377751476602501,High
0.09148452902547245,Low
0.6254086206669383,High
0.18022631457411983,Medium
0.36749275344358595,High
0.18587281644973203,Medium
0.033391734805951055,Low
0.4716856049543716,High
0.34978294641789803,High
0.12821543810683853,Low
0.1109532791968981,Low
0.12261301968182522,Low
0.6727235389116284,High
0.06125328182719031,Low
0.13907505258311118,Low
0.1393676820122878,Low
0.093886691959518,Low
0.24041258216612424,Medium
0.32094068398226344,Medium
0.17193283234982043,Medium
0.23824775703950002,Medium
0.14888998720733515,Low
0.14162541010544363,Low
0.09107450175306499,Low
0.13178356731684673,Low
0.15676355371948741,Low
0.37519072433186934,High
0.05901842041900202,Low
0.1319798941121851,Low
0.9971513500902538,High
0.12231562736200877,Low
0.0712080163341951,Low
0.10317578750897996,Low
0.1640314029296789,Low
0.4218884088944374,High
0.08318245319787924,Low
0.06976236518740887,Low
0.24105822292628998,Medium
0.06087028981502743,Low
0.08663961060501987,Low
0.1868474272298794,Medium
0.5411801012590296,High
0.41223042900323437,High
0.10018015647901791,Low
0.2566689614248884,Medium
0.31074798577510937,Medium
0.09741707995953182,Low
0.12474544874574658,Low
0.26395570707614696,Medium
0.17729431725130523,Medium
0.11233992909975192,Low
0.1366763001084768,Low
0.39727403537469774,High
0.19645622834207255,Medium
0.2263271580609886,Medium
0.13520137616598807,Low
0.17401886966947194,Medium
0.6466898864961224,High
0.3381012661778622,High
0.10646740134220424,Low
0.23147525799054694,Medium
0.06346971431338144,Low
0.13114033882700915,Low
0.21021719230619504,Medium
0.1952829132486501,Medium
0.050113309047978206,Low
0.11290100367419531,Low
0.27453674220087887,Medium
0.1500052867055426,Low
0.25270472138172734,Medium
0.14704577128975888,Low
0.05113503340541853,Low
0.13351082710984952,Low
0.7022552741903261,High
0.1755314198675094,Medium
0.17277310357231238,Medium
0.2476696547163951,Medium
0.07951611099683274,Low
0.18025019161335445,Medium
0.03461116042064246,Low
0.014375478140461143,Low
0.1954404536871231,Medium
0.08005772154878009,Low
0.040035547567803295,Low
0.11511168417536205,Low
0.11964882315351628,Low
0.03601991222572254,Low
0.08508812593502481,Low
0.2101557084385979,Medium
0.16441264716372134,Low
0.07268637056002834,Low
0.02698794750181197,Low
0.5173752567212345,High
0.31446821831595795,Medium
0.41296749689030565,High
0.20976005042891868,Medium
0.2069679916075125,Medium
0.22954677534939297,Medium
0.11211423157504824,Low
0.33863983633401323,High
0.16253820543478542,Low
0.15682336901179147,Low
0.19252605483943858,Medium
0.07713909886541762,Low
0.323309656327414,Medium
0.10905769607618213,Low
0.26483183133134336,Medium
0.16206688329906946,Low
0.34800471266667155,High
0.1889760891783041,Medium
0.32620751085870503,High
0.2740888716348285,Medium
0.44728778578507994,High
0.17033391742925855,Medium
0.14186066224480057,Low
0.2490262488982677,Medium
0.5596068146881062,High
0.2616696348718821,Medium
0.15205470397743356,Low
0.44395138890861513,High
0.1674272524233558,Medium
0.05834427298689926,Low
0.1270264226442904,Low
0.1108187721147443,Low
0.09391453087000051,Low
0.3993465782268119,High
0.1465114105373227,Low
0.04612438174115395,Low
0.15082707507798537,Low
0.06598126824243189,Low
0.20395026742320546,Medium
0.18129555787990248,Medium
0.12364282274732422,Low
0.5922234110406412,High
0.13898769976941525,Low
0.18939136352730715,Medium
0.37943916460744065,High
0.17925028552881989,Medium
0.28851791247592606,Medium
0.10293701210343878,Low
0.10490270163142593,Low
0.26053061008488615,Medium
0.046132273943088935,Low
0.13069460321445134,Low
0.13879700285925559,Low
0.3637452853359307,High
0.18930142482571294,Medium
0.2263429362090909,Medium
0.5406375572715959,High
0.2588165810115856,Medium
0.05084088507077467,Low
0.08949227181859347,Low
0.7107829881079624,High
0.19153549355421062,Medium
0.2754135578490077,Medium
0.6818899670544324,High
0.42399545102013775,High
0.17036578816396888,Medium
0.24520897171476697,Medium
0.065894549082748,Low
0.39647633589621356,High
0.4461031631939364,High
0.13766393837709434,Low
0.1769455258706288,Medium
0.17335055134616265,Medium
0.6123313268769867,High
0.42831886591814233,High
0.2690111781522366,Medium
0.1464176120038674,Low
0.17832526398683582,Medium
0.5813994876621743,High
0.18855991232695035,Medium
0.19226652793672946,Medium
0.22212475159087172,Medium
0.7684930825654697,High
0.14061139528236258,Low
0.12904542058903629,Low
0.11865713614513769,Low
0.46448545611404657,High
0.4337559574305006,High
0.13470646345903967,Low
0.06359933920184427,Low
0.4752347007446432,High
0.5005412023531243,High
0.11969299463319978,Low
0.2135040320942566,Medium
0.18457297259599745,Medium
0.03857847362334669,Low
0.2673581310377436,Medium
0.10962843089564037,Low
0.4248841122086798,High
0.20484724999953915,Medium
0.6634019042583419,High
0.14710933390916195,Low
0.3415396926156733,High
0.2533706072621155,Medium
0.06221155565110311,Low
0.26548936666450473,Medium
0.2808890534376468,Medium
0.07808278280978209,Low
0.0850556681943892,Low
0.7321903571764684,High
0.07947330333182447,Low
0.13912302277996683,Low
0.20165835544324826,Medium
0.38009731718955475,High
0.19411281217100756,Medium
0.07319370464550207,Low
0.015524067256096424,Low
0.2297192582645078,Medium
0.08590220577697595,Low
0.11437332814676475,Low
0.3233493075040704,Medium
0.14705564932235154,Low
0.10038927118349317,Low
0.19036932502750814,Medium
0.21632157656835832,Medium
0.1509619117888299,Low
0.11164702843021554,Low
0.1960153264603228,Medium
0.1989937948693923,Medium
0.12788752422791308,Low
0.039040443542317387,Low
0.13646282128026385,Low
0.11511585339185712,Low
0.13764308920254043,Low
0.2695232647067942,Medium
0.21930269882163153,Medium
0.4197103092119342,High
0.31779021617330244,Medium
0.4605677709603509,High
0.14000364883024644,Low
0.18085163286601974,Medium
0.5645738237560375,High
0.2640771399877523,Medium
0.15106510906818804,Low
0.5233989433047038,High
0.1417859835258413,Low
0.13433203695520857,Low
0.0713275627005138,Low
0.23881822419132834,Medium
0.16914922725488735,Medium
0.1538516966999221,Low
0.2154106349251352,Medium
0.47474209988253074,High
0.16818324284926628,Medium
0.7111693914598142,High
0.1662609154507771,Low
0.17113966702766062,Medium
0.12927297843158603,Low
0.07173275202921932,Low
0.5189225837628082,High
0.1557059442727319,Low
0.14814028354700765,Low
0.19396492210462973,Medium
0.11802282163268228,Low
0.04324535515994658,Low
0.12929110928984408,Low
0.10672892116512989,Low
0.48217658448840833,High
0.28625113333614494,Medium
0.22549318114178338,Medium
0.5618405248535949,High
0.36146596680106297,High
0.18164081647164498,Medium
0.7893399793773772,High
0.3468652750643473,High
0.15668553963135623,Low
0.21707055358094507,Medium
0.1769156823598429,Medium
0.1688410505390931,Medium
0.20604092391380951,Medium
0.12556766256074162,Low
0.12452917524003507,Low
0.2857831241811257,Medium
0.15005117988954464,Low
0.18779133952398125,Medium
0.40252976286996417,High
0.2357641497826463,Medium
0.13768849218242962,Low
0.6398186607207724,High
0.05950203050611402,Low
0.39102579074017063,High
0.14741815071167977,Low
0.12086706003086121,Low
0.25033199350678964,Medium
0.02936536461535371,Low
0.3396342838446648,High
0.24867573992473455,Medium
0.19939576896650218,Medium
0.2577597907561836,Medium
0.33408627605443314,High
0.1406209023613874,Low
0.12990740302376785,Low
0.2137792845330131,Medium
0.08465024380320484,Low
0.1687925426453172,Medium
0.3575842822854963,High
0.15409611505395482,Low
0.046060846118952725,Low
0.3867205198458936,High
0.1411563891779505,Low
0.19089887636516198,Medium
0.0934674294085065,Low
0.3164259297229139,Medium
0.2338511194082608,Medium
0.26068126531590463,Medium
0.07383071807939834,Low
0.06162243259479177,Low
0.07768323570204833,Low
0.07899250938613385,Low
0.1462305600898555,Low
0.23557828129033515,Medium
0.09767404998088114,Low
0.41208442387225197,High
0.2301373793666377,Medium
0.11120636764227271,Low
0.06200592795619826,Low
0.20971797728581346,Medium
0.19500666100836042,Medium
0.5494078342427664,High
0.18451261443956113,Medium
0.34509970059387635,High
0.17809637075905602,Medium
0.11786285744655119,Low
0.12489384109635593,Low
0.16230178375505686,Low
0.1979177114979779,Medium
0.27941218594516387,Medium
0.09173212113216869,Low
0.03115904306084934,Low
0.3598104469433182,High
0.14956148809549077,Low
0.19029985222470172,Medium
0.14585397967116884,Low
0.05980214155202785,Low
0.23496897154201327,Medium
0.3163616943565533,Medium
0.136327850977426,Low
0.22330122000969427,Medium
0.22696533633896918,Medium
0.16992328631860798,Medium
0.2418697406047976,Medium
0.09568637384039538,Low
0.10437513758126872,Low
0.10886257710298144,Low
0.1746921187916863,Medium
0.16180503411697617,Low
0.09922879954993805,Low
0.2063569922277625,Medium
0.051410112881990995,Low
0.15387095866505104,Low
0.3699620172014006,High
0.20082807977708056,Medium
0.17902494557085094,Medium
0.07670700594921051,Low
0.11368850787699203,Low
0.08874010577616313,Low
0.2158139097857315,Medium
0.3077587292643369,Medium
0.19914059006127635,Medium
0.17271029995425155,Medium
0.06880138778645363,Low
0.23467609946968676,Medium
0.5107314047648778,High
0.14070664630132407,Low
0.3556591721259516,High
0.17629091966245067,Medium
0.03735093113130301,Low
0.09418376205487856,Low
0.18390726545914857,Medium
0.3600126234694156,High
0.4510007720843592,High
0.4537239614642408,High
0.08488479743080368,Low
0.2872759665832461,Medium
0.14973397772430308,Low
0.14720308821191058,Low
0.29580876739013595,Medium
0.27095713466622295,Medium
0.4249440828138669,High
0.11109581764554795,Low
0.0719613317150904,Low
0.17736714978396914,Medium
0.05393836234172625,Low
0.22500982408482342,Medium
0.23886442747478318,Medium
0.8285358610053128,High
0.5917904392309253,High
0.1314316796526722,Low
0.26590748713635814,Medium
0.34992435858253934,High
0.23105062025070108,Medium
0.11156318818166087,Low
0.15733778287443861,Low
0.15254689462656684,Low
0.03313765984860609,Low
0.19248611097771656,Medium
0.0651363503276559,Low
0.286350450348201,Medium
0.28383821552400545,Medium
0.19838592990971443,Medium
0.1396095615105997,Low
0.6358163523194839,High
0.7136425342127889,High
0.26598085491237966,Medium
0.41318084990176424,High
0.05523927867009094,Low
0.13032117253260092,Low
0.36502699495377094,High
0.34833371295142485,High
0.15281160426545948,Low
0.19260760260626597,Medium
0.24347180055391782,Medium
0.33948209951827585,High
0.3817611960256139,High
0.34298577187991613,High
0.14354475357890323,Low
0.13739497661482938,Low
0.49578509462491466,High
0.13057461550490757,Low
0.1643145576901667,Low
0.13574555869679933,Low
0.2068770390094547,Medium
0.10746430845793017,Low
0.15212178620957875,Low
0.1627009928446571,Low
0.22264200555795882,Medium
0.04652557276618042,Low
0.14849682902608913,Low
0.38581042956943346,High
0.17519056809986036,Medium
0.0496684319336452,Low
0.1649011894774784,Low
0.23931613524836726,Medium
0.18372623057364637,Medium
0.1730913084958015,Medium
0.0478891701775826,Low
0.25449600273407164,Medium
0.8870937339056507,High
0.6070876213279187,High
0.22540106999300205,Medium
0.20633518329364717,Medium
0.19607785305728456,Medium
0.12805886598575825,Low
0.3430898659075515,High
0.12651841309292963,Low
0.15570092197224286,Low
0.19362283904587538,Medium
0.3552580055293887,High
0.10281215287330771,Low
0.16378968531656748,Low
0.5727214534372413,High
0.20792408913464122,Medium
0.20095376845865642,Medium
0.35021839859295906,High
0.020695438605863276,Low
0.1088206473778118,Low
0.4724635683998445,High
0.3213033388012599,Medium
0.4490975121822144,High
0.20767883614365343,Medium
0.39359837735812175,High
0.17320136781105805,Medium
0.2941478863073571,Medium
0.14616575164624923,Low
0.21632884112683223,Medium
0.029663048714074026,Low
0.13497613602256714,Low
0.5757569528897631,High
0.1327512454702483,Low
0.2931593723295113,Medium
0.0988896927027193,Low
0.09065863188400843,Low
0.5584019699982147,High
0.039485509719100975,Low
0.10368553135113198,Low
0.06951766603629021,Low
0.08919633866596391,Low
0.15848978820160892,Low
0.22808021546006066,Medium
0.13265321499577842,Low
0.028321195757447994,Low
0.22254238740178106,Medium
0.10912174350188801,Low
0.22152081607592736,Medium
0.2013744782816107,Medium
0.1681579328193137,Medium
0.12550289559920094,Low
0.3616459362759251,High
0.1821665192205356,Medium
0.14054674986710078,Low
0.09542434821217717,Low
0.06306075037185102,Low
0.14822254453535041,Low
0.1014466430263339,Low
0.11960766771889689,Low
0.3774214158275072,High
0.23332983789139558,Medium
0.24081894511688504,Medium
0.18474080102179982,Medium
0.14109032832624172,Low
0.23674895091044965,Medium
0.20840298122229292,Medium
0.0760829723432149,Low
0.16254201152207573,Low
0.17707238467597422,Medium
0.0969464419906898,Low
0.3746224802588675,High
0.723657245384161,High
0.21130786482282796,Medium
0.1334688076642443,Low
0.13882868701399376,Low
0.13987150737857973,Low
0.11523157777681807,Low
0.07450331365539856,Low
0.3527340088816346,High
0.586640446299329,High
0.1129156605562858,Low
0.13895939138835928,Low
0.12359159096474663,Low
0.21647220861258748,Medium
0.44750722420945127,High
0.1267229037141199,Low
0.12980118183246528,Low
0.09569805962606946,Low
0.275439871115441,Medium
0.3426872625784034,High
0.10836896235574024,Low
0.0997696989704581,Low
0.13990389351133128,Low
0.042979563966769614,Low
0.27088186631769556,Medium
0.12967905436438812,Low
0.3395141892573811,High
0.14866960273776167,Low
0.3794580263837653,High
0.13084164966660938,Low
0.05724485479357692,Low
0.23965161915158686,Medium
0.16835793975288055,Medium
0.06785386779220469,Low
0.11959999051003634,Low
0.0611819759909641,Low
0.14278486750583788,Low
0.1908630511057547,Medium
0.07516192697373462,Low
0.6650768487824384,High
0.18299117139358223,Medium
0.3800311210985044,High
0.18827558888581797,Medium
0.20615489289105718,Medium
0.07054414063431791,Low
0.22702822904600317,Medium
0.10813682577109016,Low
0.18741716879213743,Medium
0.377604176362612,High
0.34539022490303783,High
0.15215164433623263,Low
0.5551300998711015,High
0.2371762785600563,Medium
0.1280560857355614,Low
0.34333613595287865,High
0.034986342180722635,Low
0.1994671558089808,Medium
0.12079704797288296,Low
0.06970921843799985,Low
0.06897699464138142,Low
0.1630373966260905,Low
0.038849730884190664,Low
0.4601055790131728,High
0.8493819612063628,High
0.1845239911166781,Medium
0.3640059269583925,High
0.3268944888763129,High
0.4226974422251969,High
0.127711331626681,Low
0.12126132683189571,Low
0.40790844558775224,High
0.170462518141014,Medium
0.17813652030685911,Medium
0.17749253044608984,Medium
0.17867553811841758,Medium
0.7633892845761697,High
0.12946339263525786,Low
0.14071311172984416,Low
0.7407858331021729,High
0.09812107537849174,Low
0.19609751282469828,Medium
0.8676054694435666,High
0.215026965092745,Medium
0.15274290456289583,Low
0.06268325376780001,Low
0.3157162444620529,Medium
0.1710362987127707,Medium
0.5018442748756793,High
0.7966464879218307,High
0.7980851301117495,High
0.05766014706323709,Low
0.10530314838442448,Low
0.14020582233542517,Low
0.1963476996376255,Medium
0.09691367276792633,Low
0.3760206164249395,High
0.18712262488454728,Medium
0.08724925048745047,Low
0.1872738560728304,Medium
0.2839969784763954,Medium
0.13558771670858005,Low
0.12512177229820354,Low
0.2299540424773783,Medium
0.1084804979313592,Low
0.16013854317251092,Low
0.12232298749436961,Low
0.2255929055717167,Medium
0.09767219984594694,Low
0.1582546798352875,Low
0.09532966446522122,Low
0.15619061240831844,Low
0.20813740826723887,Medium
0.08345354298111564,Low
0.0895082101301441,Low
0.16308422687245122,Low
0.15098259871056421,Low
0.2584576182403575,Medium
0.5023063602883387,High
0.1398787906875375,Low
0.19409157176322944,Medium
0.16816694685728978,Medium
0.01704757204620166,Low
0.023230189562329466,Low
0.14933387260931705,Low
0.16316850297905536,Low
0.34098392574966535,High
0.21562377401675709,Medium
0.04539669178907753,Low
0.3384146106913805,High
0.13997084590703396,Low
0.11395875430379201,Low
0.2263503473048066,Medium
0.2113923047399683,Medium
0.08416048892860727,Low
0.24520090221578847,Medium
0.3918242570939869,High
0.15289973107073979,Low
0.2512693801059328,Medium
0.22204454262842424,Medium
0.5709253577723593,High
0.01977500654953162,Low
0.43121079976444526,High
0.5223582338195379,High
0.048315304578868824,Low
0.18456152851258745,Medium
0.10211056809778848,Low
0.10932852363215759,Low
0.1923938289628725,Medium
0.09303385717151362,Low
0.14690661081476636,Low
0.2505672868030251,Medium
0.13494805918671304,Low
0.284682295262496,Medium
0.2840423791473177,Medium
0.17108702495505806,Medium
0.1189876885203287,Low
0.21333325588032206,Medium
0.04655770265006047,Low
0.03788698422021474,Low
0.1419658260042706,Low
0.08583877180520405,Low
0.14297118908950635,Low
0.06514097726518878,Low
0.1970047724177562,Medium
0.19012781117865268,Medium
0.24023821646528085,Medium
0.1767884504686458,Medium
0.223725220353491,Medium
0.07085620710297236,Low
0.1317039873163892,Low
0.7087834851247525,High
0.12521883352087496,Low
0.34983786614537826,High
0.17596896372555657,Medium
0.2627058164294256,Medium
0.1535001078075847,Low
0.20676712170425252,Medium
0.17214209340185999,Medium
0.3790694512837962,High
0.2108123360379393,Medium
0.0973987215264357,Low
0.1971557858491514,Medium
0.3080217809011666,Medium
0.18350474182556445,Medium
0.158885686453017,Low
0.3841259365364082,High
0.03708060983344492,Low
0.24628378954345959,Medium
0.3112871403638307,Medium
0.11438192071574624,Low
0.3376483651307435,High
0.017952761585843587,Low
0.04372167182448664,Low
0.04336134681742634,Low
0.2338219532869983,Medium
0.1726106622417093,Medium
0.1656666455740286,Low
0.5281448118326402,High
0.07362646560763439,Low
0.0937190445744573,Low
0.16987268502663,Medium
0.34826250091590316,High
0.13507041261025515,Low
0.07139715409754671,Low
0.5339160800902377,High
0.5397971074972375,High
0.08792648116708317,Low
0.12359755565284684,Low
0.5348737219964668,High
0.12286106024378429,Low
0.08833845131019957,Low
0.21771104884674233,Medium
0.09505937939649425,Low
0.11862208418201198,Low
0.4278653302733308,High
0.1515836422903132,Low
0.07546429354948475,Low
0.28912413828994005,Medium
0.13523092862838032,Low
0.34369746577740723,High
0.23273641245364132,Medium
0.06445408601529927,Low
0.1606808844314326,Low
0.17912205960654518,Medium
0.05630462264002356,Low
0.3036828115293675,Medium
0.3457115674231131,High
0.16962495295733138,Medium
0.4244195940807432,High
0.2425227477192383,Medium
0.09521686183078241,Low
0.11150029290599656,Low
0.19866917807790171,Medium
0.06964320673706091,Low
0.1712370017873742,Medium
0.045732023395493863,Low
0.16410625594890638,Low
0.4641727949744656,High
0.3056208505658492,Medium
0.27543916776029415,Medium
0.4074814897391881,High
0.16076373706998942,Low
0.13553027472826573,Low
0.6421698703953204,High
0.2073478620124013,Medium
0.2584667442286006,Medium
0.11066300248747184,Low
0.2270011659660317,Medium
0.22670683260094085,Medium
0.5800016194047336,High
0.11243363947842523,Low
0.13825369972088986,Low
0.6312500262607114,High
0.2218031991872163,Medium
0.38960827302801976,High
0.2513345460772087,Medium
0.2908788460147844,Medium
0.5112799983970568,High
0.08938506247181405,Low
0.1356886279930656,Low
0.16111765643533957,Low
0.0521594455444164,Low
0.09446798766255117,Low
0.236584987471769,Medium
0.319884058847247,Medium
0.08105188409529716,Low
0.08972971579171723,Low
0.14400245525168862,Low
0.13645011695912845,Low
0.236079416318496,Medium
0.5285345303394814,High
0.18244590092625176,Medium
0.1722310269489483,Medium
0.15751073605731541,Low
0.039613335940395934,Low
0.1843850957866886,Medium
0.07734172778539827,Low
0.17637529271128857,Medium
0.3014742450300715,Medium
0.3799956359456866,High
0.11504729811274836,Low
0.47540341544493536,High
0.3843884755180729,High
0.40398852616802017,High
0.08755896337959963,Low
0.14010008241554972,Low
0.8341320130660876,High
0.22356165646485482,Medium
0.2569135269272526,Medium
0.11207987630016644,Low
0.3402467487968149,High
0.40306879838944293,High
0.3054845254817507,Medium
0.23785606913254054,Medium
0.11697130522620516,Low
0.14464181684410757,Low
0.03547492793643238,Low
0.26780771444984836,Medium
0.47843322059974513,High
0.18034344359569876,Medium
0.5994418510174949,High
0.33202878503414796,High
0.16698577959181,Medium
0.10476546531883292,Low
0.25262666859828947,Medium
0.12147961766455995,Low
0.24232650103659312,Medium
0.45223741014215835,High
0.20422679071089897,Medium
0.0883903948506714,Low
0.1834566396623394,Medium
0.2369502989442341,Medium
0.38096058103711844,High
0.5445364023801826,High
0.4128876117775509,High
0.2028996612994712,Medium
0.1398159421471421,Low
0.6873030953318324,High
0.38478618926126096,High
0.11748425549210796,Low
0.19729882777811622,Medium
0.12019918374959392,Low
0.08468403278152464,Low
0.14104886129366154,Low
0.3133853790005758,Medium
0.12522700642076698,Low
0.5557450819598527,High
0.1001198274982202,Low
0.39409986461037994,High
0.09383467555627363,Low
0.20040724570850002,Medium
0.2121160127213779,Medium
0.09049273895784996,Low
0.21638465139328644,Medium
0.23412236366377775,Medium
0.22227065493104503,Medium
0.32256685261961676,Medium
0.09984755401341826,Low
0.10823663679005062,Low
0.12285303360394127,Low
0.207379728240262,Medium
0.20247099739063143,Medium
0.17395393038585857,Medium
0.9342823694960295,High
0.15619611860128207,Low
0.643851694328383,High
0.1876117122551653,Medium
0.11157845024556201,Low
0.06536734218635994,Low
0.13380126066885983,Low
0.025221407891668518,Low
0.31965545661354394,Medium
0.12431746811771192,Low
0.03068579627649485,Low
0.17298293844400076,Medium
0.1696220550641034,Medium
0.09949945944895912,Low
0.9465994673610217,High
0.031423786964926446,Low
0.71071908939567,High
0.3422738386165578,High
0.10470669918578661,Low
0.15880328533679475,Low
0.34637599556825904,High
0.5222081997581434,High
0.14364161702414469,Low
0.12650842706378831,Low
0.2015037344019462,Medium
0.37324321732985966,High
0.35966759190440506,High
0.05958001825674026,Low
0.09629133744065381,Low
0.44615258002532077,High
0.1068394707804147,Low
0.11988050504219325,Low
0.3100324882101375,Medium
0.1374803130069742,Low
0.28325776023812416,Medium
0.23085309919892844,Medium
0.21684551752164916,Medium
0.2716630557386836,Medium
0.08036156351197572,Low
0.0213417940905958,Low
0.41740078579358103,High
0.4415960727514487,High
0.23707146901030945,Medium
0.16997027494397432,Medium
0.132307910835843,Low
0.20251308232071938,Medium
0.11139848185099785,Low
0.12994899060414308,Low
0.16696096096308918,Medium
0.15699732185419643,Low
0.051267886329495665,Low
0.19514694054680623,Medium
0.18963545820533306,Medium
0.2134528040197525,Medium
0.22058912820732207,Medium
0.11136206408181817,Low
0.07151587539914335,Low
0.07111417971538629,Low
0.4291845552880327,High
0.3597190300856142,High
0.8144358500560412,High
0.32796296773722294,High
0.0409964747400347,Low
0.06116384947070634,Low
0.19830690671970677,Medium
0.11927165338915242,Low
0.28236131139136206,Medium
0.17429049967504698,Medium
0.22283296309760903,Medium
0.5980148501943189,High
0.17573319694371817,Medium
0.07352071913171578,Low
0.4305089644572113,High
0.12156084846154752,Low
0.15144897735234272,Low
0.3771680061857238,High
0.21904961539553,Medium
0.5628155125927212,High
0.09718363380174293,Low
0.1588205412273932,Low
0.08500826592188357,Low
0.08572862388212389,Low
0.19348236757477683,Medium
0.09998306538676102,Low
0.4398420635057398,High
0.20754590824973612,Medium
0.23576843984141604,Medium
0.11702325483574504,Low
0.1422523121064657,Low
0.38509542508059413,High
0.16277393358237277,Low
0.14290736751579258,Low
0.19095136433555182,Medium
0.31306237367185524,Medium
0.06810813763762934,Low
0.12790228898440942,Low
0.1639089381852879,Low
0.14952456261940328,Low
0.46674874123603605,High
0.4223448775246473,High
0.09009013400558584,Low
0.22202931080743907,Medium
0.08920482847115488,Low
0.28160068476104805,Medium
0.135517616718091,Low
0.21872498957935482,Medium
0.6606397687832427,High
0.21359680834535022,Medium
0.137210106773132,Low
0.12303773279697529,Low
0.06871258010736896,Low
0.6311364788863948,High
0.2706097571247249,Medium
0.3211251583030529,Medium
0.1382775115910168,Low
0.23023737436370198,Medium
0.961826122714802,High
0.12345762767933462,Low
0.01974587198159214,Low
0.06156011188408365,Low
0.08690948145986901,Low
0.21804596853505273,Medium
0.18672387402425725,Medium
0.10474959019243359,Low
0.286772770786532,Medium
0.1611981893330331,Low
0.16458662328556914,Low
0.3320851724255806,High
0.22014189381582275,Medium
0.06896496207102672,Low
0.17673450180163286,Medium
0.43372343699809845,High
0.07197574842749041,Low
0.12888062914966456,Low
0.16434268122439635,Low
0.5190747828116505,High
0.014503425296748586,Low
0.09295377243924544,Low
0.1047421639895414,Low
0.108017291919045,Low
0.16750505665709578,Medium
0.1942910903616431,Medium
0.12608660026983332,Low
0.5258893930890843,High
0.10957263511580179,Low
0.055233556633607434,Low
0.14107445415384848,Low
0.18746477508112389,Medium
0.22178887800224303,Medium
0.04721400133264304,Low
0.47787692513998725,High
0.0907091469536503,Low
0.17864529256344006,Medium
0.12032939254174364,Low
0.10357485809500672,Low
0.2518986577507381,Medium
0.1287781541890367,Low
0.22556285944104942,Medium
0.15098321644791546,Low
0.05696143321981838,Low
0.22938629870358024,Medium
0.10379742398039393,Low
0.6260917807441653,High
0.04643188317962196,Low
0.18189083734017808,Medium
0.2330601484063321,Medium
0.3521145303310755,High
0.6547613964622754,High
0.1348790330845237,Low
0.19590531791052052,Medium
0.13998189241562428,Low
0.1700039814966329,Medium
0.225536579539041,Medium
0.6393464041332376,High
0.14447132973598376,Low
0.17190008669265786,Medium
0.34018433606096904,High
0.15025214535205336,Low
0.5251388895869104,High
0.4000040654055083,High
0.021698232103971104,Low
0.4419966054481975,High
0.23329961215343775,Medium
0.09425329653104735,Low
0.13651776545846978,Low
0.22139726314327615,Medium
0.12046339745575227,Low
0.12993279015249623,Low
0.2977231246907214,Medium
0.13349764803418576,Low
0.3410256070495688,High
0.1138849529361295,Low
0.09737236720665646,Low
0.30346840343648107,Medium
0.1129289261874544,Low
0.2410227153285664,Medium
0.08031050912500065,Low
0.0841892866673014,Low
0.227896588110303,Medium
0.18061318923373762,Medium
0.18050201579229752,Medium
0.09086489557207973,Low
0.2769560453373116,Medium
0.1723383912968321,Medium
0.2570133387841414,Medium
0.528365502763851,High
0.10363023797502245,Low
0.6473479609785991,High
0.05386230902988165,Low
0.1863457462121751,Medium
0.2882469979416663,Medium
0.26187920222611083,Medium
0.0701010597310635,Low
0.2175045384535121,Medium
0.25204871749413543,Medium
0.04800383066129923,Low
0.1109805012110669,Low
0.10893616835443551,Low
0.1727492840342619,Medium
0.11544697580543903,Low
0.1574429970385872,Low
0.08927936721896526,Low
0.15702814890077504,Low
0.4899174054493502,High
0.1941550933969361,Medium
0.15932480838565405,Low
0.05563359548215902,Low
0.1662888273284337,Low
0.13082468413492343,Low
0.30011042190703624,Medium
0.28644485086632304,Medium
0.01753072881696986,Low
0.49383716646535697,High
0.6576248612097766,High
0.16149217038953556,Low
0.5967568519360694,High
0.5641186794067007,High
0.1371280528403235,Low
0.4166953718951388,High
0.492953975106803,High
0.38051121201928617,High
0.14705487604471,Low
0.5756859596729499,High
0.39269199262619586,High
0.17197754255880376,Medium
0.13596141179235893,Low
0.49083910656554486,High
0.20855439244360827,Medium
0.5161135597476519,High
0.10394360992106917,Low
0.27707708381451385,Medium
0.48443875202753306,High
0.3706722200088381,High
0.3162812413976574,Medium
0.18469380039601327,Medium
0.0649200605509816,Low
0.15182881297137626,Low
0.13555431623113853,Low
0.4426184505377894,High
0.4134424902362161,High
0.2240980927711138,Medium
0.16488286205876485,Low
0.23517530790226246,Medium
0.25818167466667274,Medium
0.2744353706690304,Medium
0.20454401199784486,Medium
0.14801619033734226,Low
0.04614022829666943,Low
0.12719026772850586,Low
0.12510032006244856,Low
0.06905489528160338,Low
0.4366773697236006,High
0.2044761287950866,Medium
0.8153014681124476,High
0.1027958895132682,Low
0.11615845140486436,Low
0.062230143012787016,Low
0.14377012494045605,Low
0.13794567752186676,Low
0.12185479128062617,Low
0.19391075580392544,Medium
0.21299335218905188,Medium
0.3319214375109378,High
0.1230540251569946,Low
0.12222530034104055,Low
0.10365254544177316,Low
0.1255648753182853,Low
0.0911778473649007,Low
0.18682820163748784,Medium
0.08721082264362083,Low
0.09185929110747111,Low
0.18704865387577965,Medium
0.12140130350666246,Low
0.05987973862969357,Low
0.18874537176523112,Medium
0.33305298354252066,High
0.20319767336354916,Medium
0.4457587214314239,High
0.16785731023563172,Medium
0.1414391921448099,Low
0.0475696239689752,Low
0.09473402510856697,Low
0.08154840240806091,Low
0.8454222560472007,High
0.07253597717113051,Low
0.5357867907322289,High
0.12269636333282818,Low
0.1854243195025032,Medium
0.034557978456746366,Low
0.2303786118422541,Medium
0.11220486032578474,Low
0.2750899342656832,Medium
0.18007973190335128,Medium
0.13697890409630437,Low
0.11741143740116824,Low
0.2894244950496713,Medium
0.16941638129098008,Medium
0.233676707943549,Medium
0.3279859407457716,High
0.1333935229628872,Low
0.10988813414645149,Low
0.4242716585486226,High
0.19915126488001114,Medium
0.17644051275153438,Medium
0.1365589566700509,Low
0.13236695497642778,Low
0.3145671847641069,Medium
0.11702000785586789,Low
0.17466332845355126,Medium
0.46297039988740246,High
0.11245242024819123,Low
0.35967785016839515,High
0.08462634993354068,Low
0.12911473324279113,Low
0.18788500832992333,Medium
0.14105078132815319,Low
0.036695891675360255,Low
0.2536928843701281,Medium
0.26022511794695047,Medium
0.1989671615804501,Medium
0.12784508716104614,Low
0.09992746857091092,Low
0.11521678303716179,Low
0.09086344482864112,Low
0.13088500434995595,Low
0.20406936519588498,Medium
0.11700400553158412,Low
0.18029960474644477,Medium
0.4508456346673777,High
0.07284321939279237,Low
0.7490953902256916,High
0.10576114560597069,Low
0.13312391747456198,Low
0.06394929232067577,Low
0.06004527056161069,Low
0.033934059821492536,Low
0.20615989223747733,Medium
0.25047891513437115,Medium
0.04955542869843269,Low
0.19601792253006475,Medium
0.035094979141318566,Low
0.060574979599602945,Low
0.1029931833700804,Low
0.11140635128746852,Low
0.08477140196919157,Low
0.3883255646578548,High
0.06965086588675899,Low
0.22722676206615083,Medium
0.03811427066746813,Low
0.5561212550177356,High
0.3746116896056247,High
0.1717870430386052,Medium
0.03993564026310363,Low
0.09567793946646097,Low
0.13175626914413965,Low
0.1823591072796063,Medium
0.2102647126237436,Medium
0.21188674326938758,Medium
0.1920889242042482,Medium
0.28514481060325825,Medium
0.12464898887538389,Low
0.4701952625460887,High
0.19358488894183984,Medium
0.25078481815841563,Medium
0.04652664389291641,Low
0.22509978675907336,Medium
0.14841590593056492,Low
0.13251973633742012,Low
0.19278788103887343,Medium
0.280784849784027,Medium
0.3751416990856667,High
0.0968845172277774,Low
0.15008604999824138,Low
0.13271329872336984,Low
0.20276999989788472,Medium
0.09120371605411436,Low
0.6612629728809515,High
0.11715841297999705,Low
0.19930505862594902,Medium
0.15035773023259605,Low
0.05441629466209722,Low
0.09437090025514042,Low
0.12227340620197996,Low
0.5358674084542544,High
0.11404307827740924,Low
0.9378533775404437,High
0.1886150171216855,Medium
0.18593521408526695,Medium
0.085747086196569,Low
0.25029351215976997,Medium
0.3510292512071345,High
0.15357732885698613,Low
0.09665744730283982,Low
0.12236146027583497,Low
0.1454188873827113,Low
0.24177048234955467,Medium
0.4342813465955288,High
0.341671539996672,High
0.2988525184737868,Medium
0.2589750886248219,Medium
0.27522037579104447,Medium
0.3034974752825621,Medium
0.14034368320944784,Low
0.19376736946956122,Medium
0.6359819803341319,High
0.04722894869075213,Low
0.06424438599012271,Low
0.07213712072511766,Low
0.208336246577371,Medium
0.40375090979101524,High
0.19867318996344674,Medium
0.09007853847657218,Low
0.33489822254816504,High
0.35409533806082044,High
0.1455814190423109,Low
0.08905636864188114,Low
0.15724123651346014,Low
0.048253757872245354,Low
0.6259471731095745,High
0.5391927647326235,High
0.22145845852777615,Medium
0.19707106533445776,Medium
0.8963917453769294,High
0.17157362444548385,Medium
0.44695092880721626,High
0.5867971346614332,High
0.18736643822731103,Medium
0.2390873773905816,Medium
0.41507025408913084,High
0.13542822446236605,Low
0.33153615191034685,High
0.14309343960601573,Low
0.1345396233409457,Low
0.12349013512877784,Low
0.238900024756185,Medium
0.23475647025522858,Medium
0.11555488716158749,Low
0.21832070257080877,Medium
0.41108384978387524,High
0.3538487964638763,High
0.34411930955478276,High
0.3723058065464935,High
0.47471258038999437,High
0.30593620690603646,Medium
0.28220929120262556,Medium
0.6245828337364041,High
0.043205558080313386,Low
0.11229956689103254,Low
0.09073295427462089,Low
0.4357018938057608,High
0.4145067733421467,High
0.9137459737285175,High
0.19836746952587198,Medium
0.18361751790618458,Medium
0.2491563154744589,Medium
0.19257038013639555,Medium
0.3954962549996815,High
0.19022641994075876,Medium
0.16624613174450523,Low
0.056801481501563486,Low
0.0924534123554083,Low
0.4518550922407237,High
0.5472230298929659,High
0.4231173441259185,High
0.5629969600087228,High
0.2459255172962751,Medium
0.13003457044161285,Low
0.12545897901381226,Low
0.06312365121669321,Low
0.22502672942859045,Medium
0.06635191694026644,Low
0.45027432141639534,High
0.40068509788737033,High
0.23011042004854432,Medium
0.6390088321533962,High
0.17947701492576815,Medium
0.06609731379865194,Low
0.17971897425124278,Medium
0.1599680852136026,Low
0.20632759855003888,Medium
0.26154550831692974,Medium
0.32702527844210844,High
0.1663705902655367,Low
0.061068482440614975,Low
0.21571715369179584,Medium
0.4122978507605522,High
0.06504509252024153,Low
0.0750651801967533,Low
0.061991268714871414,Low
0.24344847670409445,Medium
0.06423901176718656,Low
0.12349235239966547,Low
0.10709944002447204,Low
0.3899272105484075,High
0.06546089830393699,Low
0.12192369590327447,Low
0.1057132574381172,Low
0.23102967908993075,Medium
0.41356918986529184,High
0.13755699144781278,Low
0.10288557226353069,Low
0.12387492175432609,Low
0.05722055871371104,Low
0.20495588201795228,Medium
0.147994985470018,Low
0.10750542721905026,Low
0.20885296351438074,Medium
0.14282936811064018,Low
0.1125221466048116,Low
0.09129007583322543,Low
0.06516902315413496,Low
0.1202239860839601,Low
0.5894115100605507,High
0.2021952981674518,Medium
0.055736712362141144,Low
0.0671253548890264,Low
0.1478532362059916,Low
0.21417833022391003,Medium
0.16604560198590826,Low
0.14594897017788183,Low
0.20330590534388182,Medium
0.7939038012152836,High
0.4562757323672043,High
0.31597250968524077,Medium
0.6502226305948784,High
0.37644592384753467,High
0.17253110106669117,Medium
0.09638259395892282,Low
0.14713909798652094,Low
0.23657463729501524,Medium
0.24247395894657542,Medium
0.15412498691678886,Low
0.0825624964935778,Low
0.1173183027537196,Low
0.12203771700932901,Low
0.5422679856188326,High
0.2967452815509705,Medium
0.11497226192704899,Low
0.32812530344039753,High
0.2829799176628711,Medium
0.2967603801643647,Medium
0.3348670973379408,High
0.10302193762901796,Low
0.14379643830548205,Low
0.07313961660467908,Low
0.13764771805670772,Low
0.40098182689530726,High
0.18777389280847456,Medium
0.17131645371482998,Medium
0.1769670866105748,Medium
0.1601469332939548,Low
0.09368088441540177,Low
0.2058154505060823,Medium
0.09244689148612811,Low
0.12187203260545346,Low
0.08218704772542124,Low
0.2308408535343101,Medium
0.15657056210431056,Low
0.39846756917520404,High
0.20131082251415877,Medium
0.05156577653048748,Low
0.18353532341639708,Medium
0.15218297760647742,Low
0.17922071904558529,Medium
0.12173150225508361,Low
0.26194427879571885,Medium
0.19405403190172016,Medium
0.6019637893837352,High
0.0238430716178341,Low
0.18939413135835995,Medium
0.07897056471595663,Low
0.22377912834328212,Medium
0.09263531077831705,Low
0.45551026670854217,High
0.3596577881253824,High
0.3685471846747163,High
0.1690360300643978,Medium
0.13899122288990592,Low
0.18339351072391452,Medium
0.12484443553166427,Low
0.10030220909111139,Low
0.09066903740976817,Low
0.8993615944271873,High
0.24193966185587468,Medium
0.04996378911904379,Low
0.03906923928629386,Low
0.10719262361662782,Low
0.43681018848531045,High
0.027654582320268562,Low
0.12724175442864463,Low
0.12504289220981485,Low
0.2498450009668258,Medium
0.18065661093056287,Medium
0.1062162946758433,Low
0.11831465315205084,Low
0.23573036255853774,Medium
0.3235805528522436,Medium
0.3563426639401983,High
0.19616103084700667,Medium
0.026206416256083987,Low
0.17722547259810056,Medium
0.1724112553227305,Medium
0.18757154893381822,Medium
0.3768681788901904,High
0.4953941219349226,High
0.08623509947180331,Low
0.7368594052004354,High
0.12185857580087292,Low
0.16521844007917486,Low
0.1239781328383995,Low
0.2042171861597406,Medium
0.22307051823295232,Medium
0.2161995752120733,Medium
0.16347766403761735,Low
0.5646756405532547,High
0.6952577921679455,High
0.21355284261241467,Medium
0.2572499760815986,Medium
0.0695991125813868,Low
0.3746557720752899,High
0.24724831134317848,Medium
0.6342583169212502,High
0.17395563546722462,Medium
0.2517745647292562,Medium
0.14928668589529304,Low
0.06423855483574184,Low
0.0532274166628212,Low
0.1341794623167536,Low
0.2141338822273285,Medium
0.2753356451973457,Medium
0.6730795772270306,High
0.4255968407911693,High
0.17890817889830088,Medium
0.04773615723958313,Low
0.20597728220974743,Medium
0.12805893537642316,Low
0.1752820114660087,Medium
0.21504255218269952,Medium
0.08869624487560951,Low
0.22414314397861604,Medium
0.0700633263000984,Low
0.45053926019565094,High
0.26809760641377006,Medium
0.592635444227139,High
0.20731872277414765,Medium
0.224123557856358,Medium
0.39267000123317003,High
0.13432575447052927,Low
0.14133098103298133,Low
0.2009267127420368,Medium
0.405573507279654,High
0.768410261398042,High
0.20357866684867781,Medium
0.2036736488309419,Medium
0.1657689218307948,Low
0.050556431310514155,Low
0.5414412446874625,High
0.10594049035044839,Low
0.09518366159578515,Low
0.05083769307777879,Low
0.06582875137034283,Low
0.2095561010723953,Medium
0.22764666725436314,Medium
0.620468475675792,High
0.386742319028728,High
0.26311869408106936,Medium
0.14769475419788772,Low
0.17961307544846747,Medium
0.09048074142218916,Low
0.09723223188582006,Low
0.18627489940432126,Medium
0.12743845916838004,Low
0.24806646181631833,Medium
0.17187226695702593,Medium
0.06378570567286233,Low
0.16906938088199935,Medium
0.2581367878847774,Medium
0.17427732018185532,Medium
0.137947433441782,Low
0.08493888153078066,Low
0.25861687890358126,Medium
0.2204263108826305,Medium
0.3991628116712337,High
0.3337112947026315,High
0.12820554422678473,Low
0.2688499166634009,Medium
0.2014026644412826,Medium
0.2592543226253207,Medium
0.12735522530974985,Low
0.8949092521041979,High
0.2934665945337734,Medium
0.05837418903256096,Low
0.15013615754335569,Low
0.12255936398312631,Low
0.23551144187477902,Medium
0.8506947757936106,High
0.09509313916273145,Low
0.2730050238907225,Medium
0.3462197755374783,High
0.14161885424848614,Low
0.2681589419730584,Medium
0.12388028930587736,Low
0.17938288719900458,Medium
0.12068644273811906,Low
0.06638810325161136,Low
0.07355608673122245,Low
0.4362127198523568,High
0.17427564974432108,Medium
0.42083762722222884,High
0.14833867955704033,Low
0.04283645479540493,Low
0.18406187599744978,Medium
0.0665252759578027,Low
0.12820086249273557,Low
0.02114037794518304,Low
0.0913259131273379,Low
0.36542305880549153,High
0.41768458772728867,High
0.40022450761851613,High
0.27973032379880197,Medium
0.12528751825692877,Low
0.12318144569159802,Low
0.12000649179838536,Low
0.10394200318083693,Low
0.1977804922062207,Medium
0.08300413409704184,Low
0.0930132521052661,Low
0.2038496243794576,Medium
0.201439318956446,Medium
0.4154553310169637,High
0.16399583489474034,Low
0.3849680427884708,High
0.06766514523522912,Low
0.9966732580863197,High
0.21344616689722726,Medium
0.17941948057778126,Medium
0.05704447270358247,Low
0.7304091684483264,High
0.38052915386412606,High
0.2424392031646847,Medium
0.38702187090661033,High
0.19529755937889087,Medium
0.21636211789024315,Medium
0.06610558945083807,Low
0.03388205684770797,Low
0.15864597079711562,Low
0.030068451228645345,Low
0.12224598535382268,Low
0.2174802287778731,Medium
0.01387907687026124,Low
0.42009792090406517,High
0.22246210199930724,Medium
0.24299555859713834,Medium
0.10151248707113023,Low
0.13428314237542224,Low
0.19301068894808626,Medium
0.6007972631286077,High
0.15048227510209586,Low
0.17727295608907215,Medium
0.17079738396213714,Medium
0.444868157877029,High
0.09519795123772183,Low
0.14140340430717704,Low
0.5648643139760057,High
0.5820242800746906,High
0.23493115779945264,Medium
0.069427311569755,Low
0.11662466989705994,Low
0.5529342496895586,High
0.34092184659237723,High
0.25013072264276404,Medium
0.12941735813593253,Low
0.25449906274138057,Medium
0.20700718239240895,Medium
0.16026845378259633,Low
0.09920042532472993,Low
0.07542622704689089,Low
0.09824103431965381,Low
0.18125507632600604,Medium
0.08571654300737988,Low
0.13550085556432037,Low
0.3308000756161004,High
0.17474845854089358,Medium
0.12559356196671606,Low
0.16796072946890184,Medium
0.038401027438337634,Low
0.03345462302377544,Low
0.48171001023036125,High
0.1784824526428377,Medium
0.21242419698605522,Medium
0.08116404436640934,Low
0.030484652219119043,Low
0.26702674101039914,Medium
0.13507841825218092,Low
0.1623009236081963,Low
0.7573184432353421,High
0.27342244844550917,Medium
0.1926297428074078,Medium
0.21805055532114725,Medium
0.1120875070403555,Low
0.1537480605813089,Low
0.18798813472410733,Medium
0.17519066576165937,Medium
0.06587340476945466,Low
0.6121581626167454,High
0.049714031775375436,Low
0.17613336471504226,Medium
0.15013894075169423,Low
0.15364141093108646,Low
0.04515378157299853,Low
0.24891737841671616,Medium
0.12682350398512102,Low
0.06902941095958971,Low
0.07240056816029673,Low
0.06502510113034073,Low
0.20795893880684185,Medium
0.16080988955929848,Low
0.2501784476715138,Medium
0.35308761196049243,High
0.1506716869949227,Low
0.4764018601203153,High
0.15714785658870462,Low
0.44270994773348626,High
0.24495686109929996,Medium
0.22972974698388612,Medium
0.19457042754814124,Medium
0.08681100609931734,Low
0.2654885300901162,Medium
0.06482287657276402,Low
0.14925276558165665,Low
0.3654678224192088,High
0.4471362644824381,High
0.43212107340208444,High
0.15312159855332375,Low
0.1593436896286898,Low
0.12037569098835431,Low
0.10537187365015604,Low
0.6028531403739787,High
0.18319600084384938,Medium
0.7298160566770654,High
0.5745550311904454,High
0.1563596166598624,Low
0.5947268079361469,High
0.03753367689192073,Low
0.036747228689039436,Low
0.3903961136023642,High
0.2596330058205636,Medium
0.17304311159290336,Medium
0.15547084390289068,Low
0.23162412498769397,Medium
0.8223641273736041,High
0.0922176356775444,Low
0.2826102821056961,Medium
0.06477504459584801,Low
0.12177632743409014,Low
0.13335127416125184,Low
0.14940188293536588,Low
0.14877366497692227,Low
0.06418863333234844,Low
0.15462699032028762,Low
0.6448429168213478,High
0.12607064262233866,Low
0.06937205792030653,Low
0.11207275836149172,Low
0.08136263036907311,Low
0.14020890998248034,Low
0.09433077679123503,Low
0.23745401552466022,Medium
0.10172319087392175,Low
0.10605622193511018,Low
0.15502279448120043,Low
0.3514003505600311,High
0.09826487806529555,Low
0.20430094810412297,Medium
0.15383577422975994,Low
0.1689224490248117,Medium
0.10318897655539146,Low
0.06532121927505462,Low
0.3481135196400811,High
0.13033606518495075,Low
0.6698654414158993,High
0.16084219988669413,Low
0.12497603127449408,Low
0.505330925511059,High
0.8527717422738821,High
0.16668191145932426,Low
0.2332571773480021,Medium
0.3535065434759668,High
0.14904144644616968,Low
0.3209671314078915,Medium
0.10584059670549995,Low
0.44274082407021703,High
0.28173862720033266,Medium
0.5155604845571784,High
0.24186623146698816,Medium
0.5335275136788145,High
0.07647887832585229,Low
0.4292907496338859,High
0.5521079787241693,High
0.4735674313385859,High
0.06508753727426456,Low
0.07570280997798186,Low
0.13499598878005045,Low
0.108126147149135,Low
0.08938405929903592,Low
0.22666021646170031,Medium
0.1132366222319261,Low
0.10602590988635036,Low
0.20041724092902666,Medium
0.02463459084108665,Low
0.2968736834917681,Medium
0.29086788563832966,Medium
0.09557654867876655,Low
0.5067545571878379,High
0.18992872661348076,Medium
0.07071175259635124,Low
0.24504116934794026,Medium
0.36905249730365597,High
0.8240054377495329,High
0.27360769764989257,Medium
0.14798208835447882,Low
0.14223185619944506,Low
0.3950294256204499,High
0.08493036723301846,Low
0.11376987258407228,Low
0.1491961746602921,Low
0.060592756022958015,Low
0.5426715473889456,High
0.4020215486267421,High
0.14195672259021977,Low
0.17172145466312924,Medium
0.07693039652188297,Low
0.1223190193700088,Low
0.36525154075186955,High
0.15911995894690387,Low
0.34023653160228934,High
0.4197860819692222,High
0.1757570282442567,Medium
0.15546679303993166,Low
0.4226564551522736,High
0.11317781206887531,Low
0.14367358118873372,Low
0.2946532316957274,Medium
0.09872963316428517,Low
0.026348915623595114,Low
0.5816675468408321,High
0.0603222785385496,Low
0.08652277410326802,Low
0.09231077573923188,Low
0.13506618150464747,Low
0.42707838354016425,High
0.1268361309428699,Low
0.2544221795216378,Medium
0.13367147407019556,Low
0.4515681558872854,High
0.545603628984897,High
0.08770538699414525,Low
0.22837103543978385,Medium
0.28936708307426606,Medium
0.17261524295345748,Medium
0.035025903539620366,Low
0.02345397573816094,Low
0.10434911492041134,Low
0.5227923549078537,High
0.06985188076236727,Low
0.22157595060864602,Medium
0.0652454519300542,Low
0.036921532214339796,Low
0.16377570800362556,Low
0.22681591227842193,Medium
0.06211518330372769,Low
0.13949856229103313,Low
0.4233744651469415,High
0.40748131463480836,High
0.054896188252657775,Low
0.0715470175837213,Low
0.15191116040730335,Low
0.15030682835207795,Low
0.0518958241842131,Low
0.20043139004510208,Medium
0.1552516095855281,Low
0.4415163631898762,High
0.48245114396732036,High
0.25278415782856073,Medium
0.2264694676966915,Medium
0.09399792307633174,Low
0.058706805512963894,Low
0.2662052561918031,Medium
0.1696721685652851,Medium
0.27207600571909557,Medium
0.12433030037057244,Low
0.05722103025111144,Low
0.48112247230332755,High
0.20424551943514438,Medium
0.1301230241986948,Low
0.18120458166025794,Medium
0.6212439459452054,High
0.2706691725787176,Medium
0.10115947799482734,Low
0.12266993576113065,Low
0.3837053457628182,High
0.08420375413499101,Low
0.07447088679639892,Low
0.5203720637684245,High
0.3775186166152515,High
0.6038335525907245,High
0.50787630655541,High
0.382760948441663,High
0.7206933088503554,High
0.427022303590881,High
0.11478747142001763,Low
0.16230239642391903,Low
0.06533962851485987,Low
0.40157786545463814,High
0.2104864428022579,Medium
0.331827964196097,High
0.974651426195272,High
0.08594239122502338,Low
0.06853330863497688,Low
0.07026924133734926,Low
0.15559333056636782,Low
0.11489897146056079,Low
0.10221202474518219,Low
0.8981770492293102,High
0.13906665495392745,Low
0.18017279653312157,Medium
0.10049546471956378,Low
0.06336311422827039,Low
0.3539377131833936,High
0.15663555392846226,Low
0.21971757797725666,Medium
0.46190808345778617,High
0.18522760184812018,Medium
0.562426308112426,High
0.17221216669592856,Medium
0.4963998244448437,High
0.1647283098497594,Low
0.19289464674501736,Medium
0.13545825352259291,Low
0.076386567883666,Low
0.12114944968752858,Low
0.10288667603011643,Low
0.3821389020569496,High
0.4319840652487374,High
0.13742406111629635,Low
0.02110910898075616,Low
0.3356354754125815,High
0.5211308518137903,High
0.12339683846292056,Low
0.395649447879663,High
0.19364645557215723,Medium
0.150321132084586,Low
0.5547289521666282,High
0.5077853464694774,High
0.16420993616924118,Low
0.2832916253420717,Medium
0.14113811238282845,Low
0.15181226519436372,Low
0.10467158409245071,Low
0.15984877669021957,Low
0.040165340360691866,Low
0.2764146584223362,Medium
0.05169722986146753,Low
0.1545065068238188,Low
0.06733327614826284,Low
0.2257037452708909,Medium
0.4547541436710821,High
0.20169849369337545,Medium
0.12079480078237202,Low
0.10001827946544754,Low
0.19189696914693685,Medium
0.22223772697853386,Medium
0.2167890645145003,Medium
0.1978739129321249,Medium
0.2866311671050932,Medium
0.0913684621466463,Low
0.23624258563338588,Medium
0.0829464704940518,Low
0.17515414021658063,Medium
0.37083018938954404,High
0.3386783830175326,High
0.5948580251253461,High
0.16324024561668252,Low
0.26719029618852885,Medium
0.0569857148311313,Low
0.19181032289010616,Medium
0.8044043718962832,High
0.10684262709108674,Low
0.0670140089219799,Low
0.20172512598038395,Medium
0.3957532957490229,High
0.09050091274096253,Low
0.30441090859506165,Medium
0.26587551026376083,Medium
0.09029099536000645,Low
0.17675073501592029,Medium
0.404781401407488,High
0.17307727253734217,Medium
0.17630160681571652,Medium
0.43373081117131074,High
0.19069317914685266,Medium
0.21391039931148567,Medium
0.10043136646190476,Low
0.04980225811747264,Low
0.05594136987531541,Low
0.4078123869453626,High
0.16331098982500628,Low
0.263600165792181,Medium
0.31930827084302665,Medium
0.11389565886099672,Low
0.046767955119471565,Low
0.1489710067866698,Low
0.26049704329114115,Medium
0.07372000276791874,Low
0.14814509972962966,Low
0.13685421388369634,Low
0.28881557695284693,Medium
0.10120679635522474,Low
0.016656631330721993,Low
0.14311461355752325,Low
0.12649954788802964,Low
0.5214245733566664,High
0.16635723583408638,Low
0.15974088946031817,Low
0.12610648048777076,Low
0.3523810904989165,High
0.08966180466159755,Low
0.11934902345592606,Low
0.114998695348389,Low
0.21474839742994067,Medium
0.16047574024081282,Low
0.11731987579733924,Low
0.3743268080563018,High
0.16311943791713296,Low
0.10041901182849373,Low
0.15087283857838676,Low
0.11154005710344131,Low
0.08614615481598051,Low
0.4156231727226003,High
0.11631069219954755,Low
0.03985629701160999,Low
0.3949414911621157,High
0.09268554022317058,Low
0.13644068608153437,Low
0.10231239914441594,Low
0.08655405047581402,Low
0.05892021694865122,Low
0.638058213764247,High
0.12427586260327865,Low
0.18417144927017093,Medium
0.4458577418566317,High
0.09696737983006738,Low
0.2122532712733728,Medium
0.03530566086407493,Low
0.20831489861096222,Medium
0.11982235466867525,Low
0.3451355326478401,High
0.1768322635586625,Medium
0.21680721531845937,Medium
0.032833229492351686,Low
0.07577342998509706,Low
0.20229152045631354,Medium
0.33365175562904303,High
0.038681396104085095,Low
0.07937592289051364,Low
0.19781385239266408,Medium
0.8737228836249713,High
0.28868175449559885,Medium
0.21824956210320495,Medium
0.35863196671046543,High
0.44613823801472635,High
0.1389097646211785,Low
0.4928688430407511,High
0.29635497082175793,Medium
0.09047382249498832,Low
0.12093874739646182,Low
0.25747642883831884,Medium
0.11984336477597558,Low
0.49476024081284004,High
0.13999498987731296,Low
0.10259370444060834,Low
0.3792839556276716,High
0.5100505703076786,High
0.26112894309944157,Medium
0.5730687298093209,High
0.26506691979242986,Medium
0.13352604011917357,Low
0.21562849999285358,Medium
0.13401385675211203,Low
0.5161479319745994,High
0.17089054974600024,Medium
0.1730817437866641,Medium
0.08608067015645728,Low
0.1843977644439932,Medium
0.45801064533778374,High
0.23403769067211877,Medium
0.5912995312947938,High
0.8352353121546253,High
0.14861209960941696,Low
0.2187376790009171,Medium
0.6449133962005607,High
0.3574606151804869,High
0.27953201335491223,Medium
0.37393196736049344,High
0.14597688672004414,Low
0.2819513290090051,Medium
0.09177009242083888,Low
0.4170377299456654,High
0.4731645010400645,High
0.1897966074980906,Medium
0.42709766830727874,High
0.08691827550897482,Low
0.0766697618171929,Low
0.2579381793048418,Medium
0.9720620362985363,High
0.05398306174097584,Low
0.08643729915373942,Low
0.1050404189381498,Low
0.506193133303856,High
0.12301092786454008,Low
0.4812270490210439,High
0.22526151747329984,Medium
0.36579602879281153,High
0.06610140725868427,Low
0.17026025590320412,Medium
0.1936828053997883,Medium
0.21946619781565666,Medium
0.42680794046999565,High
0.19322651228193957,Medium
0.012777210877867418,Low
0.5230837195921424,High
0.20926430449492867,Medium
0.4316872412263999,High
0.3587759496446387,High
0.07647178341985716,Low
0.1679311342301232,Medium
0.1339150714984965,Low
0.23176520618640334,Medium
0.05518738130747826,Low
0.09029347994036636,Low
0.08084680341598185,Low
0.3548523761445074,High
0.130405092800575,Low
0.3854115369771708,High
0.3506204112754287,High
0.6363740066327387,High
0.29801056632773787,Medium
0.1859138859517257,Medium
0.22785095789591828,Medium
0.11772304448681216,Low
0.27202602728529574,Medium
0.4123020936108306,High
0.12728997471140988,Low
0.27976820672703234,Medium
0.15816128083288158,Low
0.12907668876952194,Low
0.15053076212355715,Low
0.365106085539946,High
0.12313796210078096,Low
0.19131157153364806,Medium
0.1307182105149551,Low
0.13587719680285948,Low
0.7279514536451986,High
0.26308712336889817,Medium
0.10618364995137113,Low
0.25282703916146665,Medium
0.3319214375109378,High
0.12876927725410203,Low
0.25565076887232885,Medium
0.33619402152762107,High
0.18989932468694268,Medium
0.18965072851372372,Medium
0.6167336034196693,High
0.22851644874740576,Medium
0.15934202716270157,Low
0.45975215118938567,High
0.122449208669262,Low
0.2157783410338687,Medium
0.13091001905672503,Low
0.5524784327329697,High
0.355616505216849,High
0.1727277483974623,Medium
0.02697588684444263,Low
0.2505652149870228,Medium
0.130538880314973,Low
0.18966893444065294,Medium
0.07351465855982313,Low
0.07588880213140822,Low
0.04982685644910065,Low
0.08292093370640352,Low
0.08179946349380587,Low
0.10263825795715667,Low
0.06723042526741145,Low
0.17810052582435246,Medium
0.0660058538685308,Low
0.13966489067156737,Low
0.316241762632871,Medium
0.13896331978871088,Low
0.561933686484535,High
0.3491892365675326,High
0.9729884948931496,High
0.1332438822296743,Low
0.44213653696695954,High
0.12899924724656558,Low
0.5240062279607045,High
0.1729561764327383,Medium
0.18933891300957165,Medium
0.26868503147445355,Medium
0.22456710841710084,Medium
0.13621597632447716,Low
0.3696999837536122,High
0.1010329076544951,Low
0.20360462701332802,Medium
0.07310272519213895,Low
0.22869145590656417,Medium
0.12354613744281114,Low
0.19184443530680237,Medium
0.16640915667296674,Low
0.12511056761378536,Low
0.1115522696183333,Low
0.1588654700247141,Low
0.8049117828401267,High
0.05279640861741453,Low
0.564363326530489,High
0.15799217744769947,Low
0.03728591854110447,Low
0.15155499653218987,Low
0.12843037171511515,Low
0.592619727842959,High
0.0847702804935483,Low
0.2693846562338423,Medium
0.27159520855525726,Medium
0.12087353829327246,Low
0.8624497036608363,High
0.43527312998130013,High
0.2942014076553673,Medium
0.4822612065151018,High
0.3047288202569611,Medium
0.46144490036159996,High
0.24748458350700048,Medium
0.17504130330751586,Medium
0.5931428308378105,High
0.5417077610193952,High
0.13349113782214117,Low
0.15287654295919584,Low
0.12384135428321039,Low
0.15796290583403647,Low
0.07009069913954707,Low
0.36666100461534074,High
0.23881501141837685,Medium
0.05811001794648826,Low
0.2063998800060052,Medium
0.20814942996625788,Medium
0.1199729632368609,Low
0.09095455960279492,Low
0.7085313072739062,High
0.13544738127998834,Low
0.17362333331267207,Medium
0.09701495965812391,Low
0.1838374632044045,Medium
0.053247551212974815,Low
0.15479607825869354,Low
0.03348930925807177,Low
0.1879288573724725,Medium
0.04825875135578096,Low
0.2053643814545969,Medium
0.07889941477408327,Low
0.18010461774556855,Medium
0.1144942233035853,Low
0.05709397911790766,Low
0.884182925019514,High
0.4575318256483092,High
0.40946015533635943,High
0.10663787901896232,Low
0.26612517778799766,Medium
0.9022965167795398,High
0.23541269471861698,Medium
0.11500695236253246,Low
0.19520950167155784,Medium
0.15091229610271653,Low
0.40305043772345106,High
0.19055660706363284,Medium
0.16182601625599205,Low
0.07972382104107702,Low
0.357193247775482,High
0.74593198370422,High
0.0962340697120053,Low
0.13025524971483143,Low
0.07070729119229598,Low
0.22528224427925675,Medium
0.2411566958050327,Medium
0.11344675566097383,Low
0.09255874502355711,Low
0.33814678380269175,High
0.10226182115551839,Low
0.5095742264676101,High
0.2645857885006222,Medium
0.1184237174651445,Low
0.23893887999332666,Medium
0.11235280936762912,Low
0.15744796401750163,Low
0.5534298959628879,High
0.17249891724112307,Medium
0.5734305002576067,High
0.25190501505996693,Medium
0.08202698913612738,Low
0.06077133950257371,Low
0.22125309515987573,Medium
0.07405524853881233,Low
0.4019169740977609,High
0.19457040788412897,Medium
0.1703334958433604,Medium
0.21242087538312687,Medium
0.24475677507455923,Medium
0.5400975536796363,High
0.3837546350495695,High
0.8689591615284318,High
0.11921408565433202,Low
0.09746462136347289,Low
0.13598523834535226,Low
0.03723472785147818,Low
0.09098910887527421,Low
0.08541805881595921,Low
0.08219817789063988,Low
0.20944883018512817,Medium
0.09336048174292627,Low
0.1259024638347959,Low
0.034390061973972784,Low
0.07399816092971294,Low
0.0208793584407986,Low
0.13857567718031666,Low
0.15862364389081768,Low
0.10855214106087328,Low
0.126436516359319,Low
0.14385416171266246,Low
0.132938110834924,Low
0.1262171718914429,Low
0.2508947183726021,Medium
0.18618321918835629,Medium
0.7769582076653534,High
0.04104157504645188,Low
0.49158748055899004,High
0.4665751753479147,High
0.36092439663255,High
0.21080156173580525,Medium
0.11223964653386176,Low
0.07030830136751258,Low
0.2520408735750978,Medium
0.2212624659098446,Medium
0.15708631100106263,Low
0.050860862676655696,Low
0.16377773839169277,Low
0.0760828621964223,Low
0.5326828075308583,High
0.11698444186788039,Low
0.030962041341771034,Low
0.16995481791438882,Medium
0.442524340621591,High
0.10557313632311734,Low
0.6885249328897994,High
0.5060689531670908,High
0.3300835104293712,High
0.07890957926870533,Low
0.04841562800927436,Low
0.1311722299338382,Low
0.5310298102918605,High
0.19193200371930685,Medium
0.35978256192230235,High
0.16648655871011425,Low
0.2024627804488273,Medium
0.2532697271777167,Medium
0.09342257864877415,Low
0.05804281506878474,Low
0.15487317409992804,Low
0.13725497427876124,Low
0.2152085551256731,Medium
0.38953435435059586,High
0.3778069274903253,High
0.06499953292964407,Low
0.07170513509545332,Low
0.5395398589450363,High
0.4725712148320885,High
0.12205460297184713,Low
0.049133945591052205,Low
0.13255962121759907,Low
0.21832459074111935,Medium
0.29481196692253486,Medium
0.2260564710065106,Medium
0.23423036609877843,Medium
0.15286625738967144,Low
0.09335673850588876,Low
0.1171480403649639,Low
0.19050128268005367,Medium
0.19645548170823965,Medium
0.17067009213445475,Medium
0.08124969532384549,Low
0.13662936541127546,Low
0.7510435920118754,High
0.025357352106716937,Low
0.296628691141446,Medium
0.14376718883963668,Low
0.26995210107008194,Medium
0.22105724532935234,Medium
0.22104788509181109,Medium
0.2549583763594667,Medium
0.11574964559173416,Low
0.40041395809680536,High
0.0838629627002863,Low
0.1632716285082388,Low
0.3408996962868706,High
0.3106654326280205,Medium
0.10300376132606792,Low
0.18653152500547318,Medium
0.12469818520714393,Low
0.1096729792174351,Low
0.2588800916677058,Medium
0.011645603804165412,Low
0.24810576481052518,Medium
0.08303588271401408,Low
0.12095519117094529,Low
0.062435758949290335,Low
0.23242857900332853,Medium
0.1609498921152916,Low
0.6746851661558046,High
0.6282770202156407,High
0.4561732173257923,High
0.1941551588814993,Medium
0.141048816707175,Low
0.1374313580106222,Low
0.23297869681579592,Medium
0.09594123795305703,Low
0.040224060720027384,Low
0.5780202219835523,High
0.2234666677119573,Medium
0.19796560540758282,Medium
0.04687526200359063,Low
0.03757034512264767,Low
0.06512114615859213,Low
0.25742836655249207,Medium
0.09598920690701744,Low
0.4517327153194139,High
0.34492301065735054,High
0.08782203401591387,Low
0.2102847019639502,Medium
0.06497343808085426,Low
0.09564916325824882,Low
0.42355198897811525,High
0.037602186248508314,Low
0.6912273274289966,High
0.07775292433428745,Low
0.5439525266632447,High
0.22136248003619516,Medium
0.045759649628189174,Low
0.8237728600751973,High
0.15849505355507712,Low
0.10373674507312214,Low
0.20324913124737626,Medium
0.37046619590336116,High
0.057355546478410464,Low
0.1534245030392509,Low
0.15855629220710413,Low
0.14270250324824854,Low
0.07348952450575637,Low
0.09146862931955592,Low
0.17303649572119834,Medium
0.49005297060248826,High
0.3202196260755139,Medium
0.08455032324594432,Low
0.26164181965479727,Medium
0.9377699659162508,High
0.4978026810810718,High
0.7036445913062152,High
0.1936489135860982,Medium
0.5270290994139873,High
0.2160413119422709,Medium
0.12612029558039198,Low
0.1868664310015544,Medium
0.28735818177711975,Medium
0.09879711359412921,Low
0.1982055855007804,Medium
0.05802289217295253,Low
0.22054462026559593,Medium
0.1069191504961997,Low
0.12368452198833285,Low
0.28993348061247004,Medium
0.5202692135081667,High
0.1836256790354364,Medium
0.391665130345307,High
0.05646964270361391,Low
0.0523260268716491,Low
0.10209739989540591,Low
0.1481584940726893,Low
0.23066979094977974,Medium
0.10962276945894954,Low
0.06749080508254081,Low
0.5899415187463277,High
0.09487915703869518,Low
0.10505946758828894,Low
0.13422418467049269,Low
0.0427905784324415,Low
0.24898182364866672,Medium
0.21271618463012115,Medium
0.41872178931491644,High
0.0872768565764738,Low
0.12093406198969597,Low
0.12943004642143852,Low
0.10747061663956109,Low
0.08474712838954686,Low
0.10243164374914161,Low
0.8791686998474475,High
0.22907216677819744,Medium
0.8791686998474475,High
0.1519775072203254,Low
0.10380218158621385,Low
0.0949837187831431,Low
0.26075259019651414,Medium
0.2401116353710511,Medium
0.08480631330951313,Low
0.19610259395487795,Medium
0.18659131168086218,Medium
0.06894225707131685,Low
0.10343084099525517,Low
0.14556509776696255,Low
0.35367465382744795,High
0.14880338155111594,Low
0.04824785024421366,Low
0.2790506804562749,Medium
0.27011197942200726,Medium
0.19436100151147448,Medium
0.2309185854172967,Medium
0.2646704979019685,Medium
0.13434941046651402,Low
0.40802627897689103,High
0.15983136960786518,Low
0.35590266294364425,High
0.11759893786839014,Low
0.18490568337530103,Medium
0.17485434654551987,Medium
0.12281891359800531,Low
0.23822874446593287,Medium
0.32265208426888764,Medium
0.2675568910462892,Medium
0.1376325132271411,Low
0.10104530256440714,Low
0.47477508376192057,High
0.04125754338279396,Low
0.2643970379230516,Medium
0.46504223258323535,High
0.1379289033839943,Low
0.44883526257723233,High
0.24102007063205128,Medium
0.11609391855384792,Low
0.02092455188901098,Low
0.13216529920853662,Low
0.1338745693782527,Low
0.0633077066647405,Low
0.057826016057042164,Low
0.22462666566822104,Medium
0.20836315609063275,Medium
0.11484828898602323,Low
0.5433433580444318,High
0.15611042708120956,Low
0.09499588652932332,Low
0.21252007337408899,Medium
0.25687277863912783,Medium
0.12363824010161181,Low
0.051426387886515566,Low
0.41010585810928657,High
0.11067371197589657,Low
0.26157634635502036,Medium
0.2599083968141951,Medium
0.2803474360523654,Medium
0.529314109661448,High
0.09636150509891739,Low
0.5342403685604699,High
0.38659151958566634,High
0.23108867460882432,Medium
0.2294115461179393,Medium
0.09659301435384741,Low
0.49467513284508363,High
0.14802967562056196,Low
0.3571055547495346,High
0.28614132606098264,Medium
0.09060233662325826,Low
0.19088337640807296,Medium
0.1627798868734895,Low
0.26731350682326266,Medium
0.2717532391289829,Medium
0.3040496668050095,Medium
0.20267603999542197,Medium
0.19248244307817375,Medium
0.2859122084337755,Medium
0.164906047839427,Low
0.13323930226792952,Low
0.11597117559135418,Low
0.25056972925426285,Medium
0.10803770479946806,Low
0.2839772907872704,Medium
0.5909492762555403,High
0.13300162986500616,Low
0.12369936413084599,Low
0.46780899157188066,High
0.1460958425934137,Low
0.7118454082503269,High
0.08373738921095825,Low
0.13502110954395677,Low
0.14585521166849097,Low
0.26411551823024465,Medium
0.017366148731833002,Low
0.08439609246580237,Low
0.1500970052160712,Low
0.548714126266891,High
0.14216932695374726,Low
0.13140013146308074,Low
0.3889949909878448,High
0.03481956569800732,Low
0.22118056587947457,Medium
0.20296034406063856,Medium
0.07499803750609467,Low
0.174542245268203,Medium
0.3577106639421396,High
0.13694442247527203,Low
0.1433949046970727,Low
0.29618913173398304,Medium
0.07520705904035513,Low
0.272594697406976,Medium
0.3467521104879345,High
0.125988355672353,Low
0.3752391725567759,High
0.5430829391216436,High
0.05013181196331491,Low
0.2126917868898954,Medium
0.14815453966911044,Low
0.20437621704873074,Medium
0.12996049266603676,Low
0.413895186486806,High
0.2201812621519603,Medium
0.0783242805988932,Low
0.1409921278460051,Low
0.08748134664719918,Low
0.13173657266494665,Low
0.138743108359288,Low
0.15781541813777786,Low
0.16695637428327256,Medium
0.19161481017692109,Medium
0.2615687235187274,Medium
0.01792109413550946,Low
0.36861701152929127,High
0.19428248513813376,Medium
0.10207516624659072,Low
0.045116714829474554,Low
0.18518416727953516,Medium
0.2859101906157741,Medium
0.024149242013665702,Low
0.13106416123009276,Low
0.6532587449835274,High
0.2384313683386709,Medium
0.03973914794047546,Low
0.14495434944115054,Low
0.21743098880607326,Medium
0.16785619593698142,Medium
0.09295909076462724,Low
0.12275620740321422,Low
0.3157021130938345,Medium
0.0577925181203139,Low
0.1566576175067858,Low
0.653420471199427,High
0.601422076717332,High
0.1382232467670738,Low
0.23734195319023793,Medium
0.03001458777795967,Low
0.7503696391993618,High
0.11906945795317463,Low
0.2156381916989446,Medium
0.24230921204816616,Medium
0.16981624493582673,Medium
0.1665665208545044,Low
0.5114268293474381,High
0.20820315611311313,Medium
0.3707073825121107,High
0.2543948129763682,Medium
0.15820301080648935,Low
0.3521497737451617,High
0.43828280532626,High
0.20590772145031683,Medium
0.14130312891014737,Low
0.2044254147532257,Medium
0.23202017655118073,Medium
0.6019104541060257,High
0.23751962184694356,Medium
0.16351433312765026,Low
0.23183482457404783,Medium
0.06033558092893643,Low
0.06749825426576787,Low
0.025905079660079884,Low
0.19272848613727872,Medium
0.13582078370982373,Low
0.13043861512177443,Low
0.48032103669728093,High
0.020344305188439025,Low
0.10343535717700642,Low
0.38030680898924174,High
0.16743627612217407,Medium
0.14159340076666532,Low
0.12255071369623523,Low
0.19605524362118903,Medium
0.08414656574988391,Low
0.19432599678086085,Medium
0.2788816706684149,Medium
0.16773476716414412,Medium
0.2075655667087338,Medium
0.048273230105613796,Low
0.2541473781334366,Medium
0.06291084186895854,Low
0.11096281903259662,Low
0.2386006306407978,Medium
0.20745128718397143,Medium
0.12237525792018826,Low
0.08789172324096495,Low
0.22827880948686027,Medium
0.2937282346194144,Medium
0.07740969094056523,Low
0.1390910373122729,Low
0.4077322225714895,High
0.10109486547559696,Low
0.020272497772673852,Low
0.11554578521103191,Low
0.3998210868329093,High
0.334407700475441,High
0.15865816923714718,Low
0.08424355309460409,Low
0.19553606932994194,Medium
0.1606700783271057,Low
0.14430283903066904,Low
0.4058359113281297,High
0.07354248147232777,Low
0.16498775764944495,Low
0.042070609472346,Low
0.07973659787157078,Low
0.39604167262512396,High
0.19796466986643615,Medium
0.21166876996306372,Medium
0.3554338218896283,High
0.09145553498341337,Low
0.27186147508423075,Medium
0.013265452813786095,Low
0.0962186000822367,Low
0.12446236910641698,Low
0.15914649584977236,Low
0.08838072474865087,Low
0.199869383331264,Medium
0.016682953603852323,Low
0.46942952472965077,High
0.12637209721461165,Low
0.0603206552743938,Low
0.3530451954257014,High
0.17037025054958174,Medium
0.48524476540436606,High
0.1424036278030666,Low
0.14170385870668867,Low
0.18992495267849674,Medium
0.20295931318342014,Medium
0.19253199419084377,Medium
0.17801378376663063,Medium
0.2803278728540605,Medium
0.11207258869616121,Low
0.06976933255451953,Low
0.20245652584550405,Medium
0.0987562074850937,Low
0.1507756728914761,Low
0.13867012817323032,Low
0.1872187510845347,Medium
0.043240511783376664,Low
0.31555991919666376,Medium
0.15642567282327785,Low
0.09219030398600082,Low
0.1713122981124129,Medium
0.1882898815140278,Medium
0.12943442975950703,Low
0.09793732110362069,Low
0.11562400675565129,Low
0.2330312402067578,Medium
0.5799587321673504,High
0.04777293973017562,Low
0.4782876224938289,High
0.08577722750611254,Low
0.03559444676831777,Low
0.1204059148361277,Low
0.08518864307961269,Low
0.2218808391225713,Medium
0.1685878892324734,Medium
0.19625008937917288,Medium
0.4202145049891136,High
0.08945579774002792,Low
0.41154022111464483,High
0.14590272272425567,Low
0.1410407784136159,Low
0.14106652075179416,Low
0.04070424289020733,Low
0.25588560830988866,Medium
0.18971734606017754,Medium
0.1587483620393245,Low
0.40273039133900346,High
0.24075460314029914,Medium
0.06070703276323494,Low
0.09302705556255626,Low
0.1296266885799168,Low
0.3967437236243993,High
0.05922181042631423,Low
0.14619456909929107,Low
0.5004263570343606,High
0.3331476705231903,High
0.13823144574514845,Low
0.4350785639789238,High
0.07911108369529117,Low
0.10932348005742218,Low
0.16231801752535222,Low
0.16754926165882397,Medium
0.22990550137160454,Medium
0.08529425520468589,Low
0.1344725030692606,Low
0.12022718586740065,Low
0.028610626392789034,Low
0.17147830138027445,Medium
0.7143495333660954,High
0.1759995969476278,Medium
0.22377129696936127,Medium
0.1920972827251605,Medium
0.2606122325906124,Medium
0.4942853134778087,High
0.06981289092908573,Low
0.11264299055333629,Low
0.3452639623898123,High
0.1748805471600209,Medium
0.19760908042546593,Medium
0.09982623965017838,Low
0.23174191403505,Medium
0.1055630683246115,Low
0.08280332263777959,Low
0.3690466036171915,High
0.22659749097771056,Medium
0.06264359145684961,Low
0.08473677544216097,Low
0.3944422268043416,High
0.15844977347309586,Low
0.14147725333841624,Low
0.3624345432460745,High
0.05833849941658209,Low
0.14754267447120403,Low
0.1559920857980875,Low
0.019169352438213938,Low
0.3265170220905639,High
0.0968500869672233,Low
0.7324332218135396,High
0.13638790383509616,Low
0.14650601350262354,Low
0.1584507069975049,Low
0.3487458048365508,High
0.36381898263666856,High
0.46848429521343143,High
0.07838090821524421,Low
0.13423494577639425,Low
0.24255077716416906,Medium
0.24993153152294215,Medium
0.06642751204392089,Low
0.05411811195863884,Low
0.16474632979098705,Low
0.2084214429030017,Medium
0.06221380610891607,Low
0.1265218325605083,Low
0.15958305303345816,Low
0.2814616614526762,Medium
0.054317137255001424,Low
0.0951597516097288,Low
0.06730399899489568,Low
0.45784872053732545,High
0.08375491452462126,Low
0.3229891703365313,Medium
0.1292646999585634,Low
0.28840374338881136,Medium
0.22524112095243076,Medium
0.4492574646752274,High
0.19176658899840962,Medium
0.012943133905349216,Low
0.08605221120792458,Low
0.15967834061141922,Low
0.12872743925218652,Low
0.36587494912384694,High
0.05839477579141615,Low
0.5668492506039148,High
0.39236584392207197,High
0.41353154198590625,High
0.17211274172488897,Medium
0.07437971692161319,Low
0.21440710248570105,Medium
0.2417950052909062,Medium
0.15976514862259172,Low
0.20186094282137793,Medium
0.6072564554007102,High
0.10080644606361423,Low
0.08574799347915563,Low
0.41789895393417853,High
0.10494926737298024,Low
0.9473790429384422,High
0.30669040866419395,Medium
0.4116794273140297,High
0.26585475384671625,Medium
0.3826904653600257,High
0.07550259087152994,Low
0.048751119602519113,Low
0.6182141134817323,High
0.14556575420381268,Low
0.07823756943764988,Low
0.6117391189108802,High
0.13101431536727567,Low
0.11474180044202961,Low
0.12035111686461522,Low
0.13576671302619106,Low
0.12963076803168314,Low
0.39148075944213534,High
0.0649859014342811,Low
0.04863233834320552,Low
0.10342811046046342,Low
0.12652976945187133,Low
0.5378495941260525,High
0.39940872971168584,High
0.06322496040935974,Low
0.22405096227819876,Medium
0.23833486205716264,Medium
0.12093000005722289,Low
0.25301228538444087,Medium
0.12111843924939812,Low
0.22521346669710854,Medium
0.0312340331243741,Low
0.044071380947779085,Low
0.13022063386654661,Low
0.34719938182220156,High
0.0876073772580225,Low
0.15042608721697906,Low
0.22215342983877573,Medium
0.21977104150789706,Medium
0.26606384433746744,Medium
0.19301479336953453,Medium
0.18150500311650536,Medium
0.08727572503270971,Low
0.20605589857393472,Medium
0.3691939254177809,High
0.1899983379831956,Medium
0.042662482029319444,Low
0.1934603497671031,Medium
0.15965407711121918,Low
0.22395080676927995,Medium
0.24288521799955418,Medium
0.13783881109670648,Low
0.25353015220755803,Medium
0.7854903897981197,High
0.17325432347389388,Medium
0.1145662619607457,Low
0.08070227602326266,Low
0.14876786476297538,Low
0.20702305363611506,Medium
0.12441871186631938,Low
0.11037151115537089,Low
0.5281350659994514,High
0.1311122066162892,Low
0.0823556286927236,Low
0.1876195446308724,Medium
0.46931611235813914,High
0.16239847449762682,Low
0.12144849450510851,Low
0.03578373637627417,Low
0.3261755032243522,High
0.1291042644429386,Low
0.3979159248750128,High
0.15654866846236204,Low
0.2304085139243045,Medium
0.5450991229850891,High
0.3745508544081448,High
0.08533749264709375,Low
0.391429727388529,High
0.09100182145080758,Low
0.11975954359397406,Low
0.14641342493405798,Low
0.7215007892100223,High
0.14384030387024982,Low
0.047125113239036,Low
0.29143757987307506,Medium
0.4942735689363089,High
0.11448969466867165,Low
0.11386376117955153,Low
0.4203369000360449,High
0.4491728249321011,High
0.3153102812217227,Medium
0.11504833199034348,Low
0.12369601360918346,Low
0.04420057345367353,Low
0.05824077481597087,Low
0.2376008582010834,Medium
0.17075722447969607,Medium
0.178695880393269,Medium
0.5092284383558949,High
0.5370771966629799,High
0.23429426631707911,Medium
0.8757028613842497,High
0.18294002740185095,Medium
0.021466262800872625,Low
0.2756479088224905,Medium
0.15169604577785414,Low
0.15500317347797546,Low
0.3774718515724811,High
0.0926029889895368,Low
0.37464324980279673,High
0.10427911482813439,Low
0.04800618957573655,Low
0.253585421297562,Medium
0.41025919484870876,High
0.06856495973504821,Low
0.10243811785541575,Low
0.11761813176581186,Low
0.190631166040257,Medium
0.039436790687015194,Low
0.4433809303951947,High
0.21620511420515512,Medium
0.06407143536474631,Low
0.09120822030636676,Low
0.509327599966438,High
0.11737942824643796,Low
0.26354352734002073,Medium
0.19805775162525588,Medium
0.09297042707986641,Low
0.35047202944986394,High
0.6510566005331918,High
0.1268601658674998,Low
0.11088187090027177,Low
0.8029741176460824,High
0.09521167931983643,Low
0.3800201780889509,High
0.43119829327506193,High
0.13471045808558907,Low
0.17373328047094555,Medium
0.10363569487069367,Low
0.4329572138886182,High
0.39133622736728557,High
0.19804184663826624,Medium
0.1454851204611925,Low
0.9852360715733482,High
0.4367357182519621,High
0.08138429073388173,Low
0.2501415579548424,Medium
0.10836503357410572,Low
0.16026381676153933,Low
0.614204509552328,High
0.0984984882764443,Low
0.19109928086035902,Medium
0.18291601923211637,Medium
0.4188198529849308,High
0.16796512504520628,Medium
0.37628463066860224,High
0.22463978924247185,Medium
0.12516155695650208,Low
0.11843870154287366,Low
0.35461372492560345,High
0.20365774640460527,Medium
0.10220411608311449,Low
0.17018231869359496,Medium
0.31632892689476483,Medium
0.1975429235965796,Medium
0.077354660381877,Low
0.11659173413185311,Low
0.4861171927803724,High
0.2424810721891644,Medium
0.7179842456765348,High
0.15389399439597043,Low
0.1467983812126901,Low
0.19277602743901565,Medium
0.382739707465494,High
0.7627454397520358,High
0.17710905291961165,Medium
0.15280710453548757,Low
0.37550698946062055,High
0.08480307200887299,Low
0.16299320398712036,Low
0.11860091973964776,Low
0.10992470108148733,Low
0.15477105735559743,Low
0.12136568799184086,Low
0.21215110230769713,Medium
0.19134372545353115,Medium
0.030161058021493818,Low
0.18444971895357593,Medium
0.2366895712225923,Medium
0.3416077581046901,High
0.16668060648525723,Low
0.18275056898907474,Medium
0.10313648791700941,Low
0.10311741272299794,Low
0.21688404473898612,Medium
0.10964739328828473,Low
0.16869761145529,Medium
0.869973722177768,High
0.22190049640238282,Medium
0.12768526416077144,Low
0.2523259597473707,Medium
0.08850178293102183,Low
0.04340951990797561,Low
0.35624643967770997,High
0.20752001109566853,Medium
0.3412021299294915,High
0.23729439330381566,Medium
0.12778607861870336,Low
0.38928513331790016,High
0.16871711196983993,Medium
0.05319039532004824,Low
0.1725352524254947,Medium
0.16182510628037505,Low
0.057493945742310267,Low
0.06314657699148248,Low
0.11008292745790735,Low
0.1046870783753686,Low
0.419289241131798,High
0.2330056477963738,Medium
0.10921596214563396,Low
0.13901375927693646,Low
0.1629138231800868,Low
0.4582938307761871,High
0.1237954011884529,Low
0.055751644735953246,Low
0.37580736949464166,High
0.4090781542489503,High
0.5013792347435486,High
0.23179300899555352,Medium
0.13231297269834283,Low
0.13261119952602157,Low
0.14624144542328252,Low
0.3005392260757909,Medium
0.5033016392113873,High
0.14587453575852033,Low
0.45619084697183043,High
0.8559612020209427,High
0.030267697297012085,Low
0.25498083975976227,Medium
0.18272803465864867,Medium
0.17479707378182394,Medium
0.20839918950342,Medium
0.1637130376549399,Low
0.4450435099962681,High
0.21425850298791346,Medium
0.1621003374495406,Low
0.034274104212973486,Low
0.38141145272238386,High
0.3538340104468788,High
0.6373225284576588,High
0.05690605629353542,Low
0.04774282704755032,Low
0.10997189912564623,Low
0.1580827673897291,Low
0.37646392187974975,High
0.12150327798145598,Low
0.4421442400992278,High
0.14881289820446364,Low
0.04776992615374142,Low
0.11861047452425198,Low
0.7616472373566546,High
0.43987408206508233,High
0.10175594576912116,Low
0.11896733996366793,Low
0.10411270372406899,Low
0.033240007935948786,Low
0.09032699032599176,Low
0.12142382469844064,Low
0.23376433649414427,Medium
0.5258725769034482,High
0.15267983841349173,Low
0.46791724496369735,High
0.23229593763552733,Medium
0.39967644480098624,High
0.05373863251655264,Low
0.07313818497094574,Low
0.17225567580728635,Medium
0.690089918827771,High
0.1444684698790354,Low
0.10896391096579257,Low
0.2015222668433826,Medium
0.20965191477551187,Medium
0.41109917217111686,High
0.40091206087570774,High
0.10729197020717159,Low
0.06502277065441793,Low
0.1475515314659123,Low
0.04253314967953148,Low
0.18488774365141453,Medium
0.13670541317229923,Low
0.09947003800051997,Low
0.15171724588113658,Low
0.161467805044415,Low
0.024438723191695388,Low
0.05371259002665922,Low
0.14090317421337875,Low
0.15718117949264637,Low
0.22678140001197547,Medium
0.19545264487277497,Medium
0.13844255626177895,Low
0.18326028566064634,Medium
0.1465768933558033,Low
0.14020065371016888,Low
0.18600576060401625,Medium
0.341990414031832,High
0.11991267429045933,Low
0.19109710137029684,Medium
0.08721463542232527,Low
0.1943365370346238,Medium
0.12151401695026881,Low
0.062450768871399706,Low
0.13537982205097857,Low
0.14635879343228214,Low
0.23347692369733952,Medium
0.1460243574478017,Low
0.16503865312223237,Low
0.132852560841162,Low
0.16148369855520117,Low
0.16307212082585007,Low
0.19140108457451274,Medium
0.16463550095650448,Low
0.25185154144230004,Medium
0.06378114211680773,Low
0.10594132309369891,Low
0.06143360141225564,Low
0.10221611847206953,Low
0.1514644638136038,Low
0.09460249212552876,Low
0.46255720063105854,High
0.2352855801276876,Medium
0.4518888612287845,High
0.27371933886703237,Medium
0.22052213002602586,Medium
0.1599045671041174,Low
0.07225022405168495,Low
0.21588075869532744,Medium
0.38330533505103787,High
0.16929302266109325,Medium
0.12473736201556714,Low
0.33601378671597765,High
0.30647565154231804,Medium
0.17409569255652804,Medium
0.20152370533623948,Medium
0.3112152748323156,Medium
0.4945241596410203,High
0.15576386190499558,Low
0.12477592429561636,Low
0.17181845106264934,Medium
0.11386073038498118,Low
0.5956967060120117,High
0.3316896778345132,High
0.09948302899858326,Low
0.20099430488034964,Medium
0.203975166385274,Medium
0.6714748639229636,High
0.2528277058021464,Medium
0.13703609000821132,Low
0.08352343556473335,Low
0.2863043292689505,Medium
0.0659642410902109,Low
0.08002108614729714,Low
0.6692344496959683,High
0.1908206043849873,Medium
0.12175079065815228,Low
0.1384814949104637,Low
0.4963136517869173,High
0.17549136821499695,Medium
0.18028394002281772,Medium
0.1820489502302244,Medium
0.22767055100934633,Medium
0.3531260047798989,High
0.1691159261031913,Medium
0.3457513922780017,High
0.4445161129252196,High
0.12671495622618348,Low
0.03889981910888434,Low
0.046770151413683174,Low
0.29493164216441836,Medium
0.1277744871996551,Low
0.2619519399464061,Medium
0.1578630257607413,Low
0.15701302879973664,Low
0.030313022439289593,Low
0.13747851835189442,Low
0.16206737365241594,Low
0.2154323356981226,Medium
0.3113207107540014,Medium
0.2419757032715198,Medium
0.25425026300699316,Medium
0.30703211695966715,Medium
0.08078868137264861,Low
0.14544470627968586,Low
0.14149907175006363,Low
0.34503627512473894,High
0.27842854645368,Medium
0.6452318251131988,High
0.20461117625611944,Medium
0.2226705938091405,Medium
0.47077209032742223,High
0.1965548207641764,Medium
0.2627536384099211,Medium
0.19469588542086022,Medium
0.1348987836735942,Low
0.17829600881147645,Medium
0.0600340175627101,Low
0.08947533169483936,Low
0.09889707445147232,Low
0.14754436780721022,Low
0.9230276928014994,High
0.3838804814343971,High
0.18840954572013197,Medium
0.18558434779323976,Medium
0.31171503338,Medium
0.20837406371982659,Medium
0.097843607168408,Low
0.49189510036577005,High
0.26856414043571586,Medium
0.0914549803688597,Low
0.11134547923508215,Low
0.14472763439455935,Low
0.27158811784541836,Medium
0.07946003784087796,Low
0.1735740684935375,Medium
0.1577693683321997,Low
0.49720195588695265,High
0.05315531921431757,Low
0.22303608756466667,Medium
0.2238132383903899,Medium
0.1750700870921545,Medium
0.1600461248366756,Low
0.6576412416702491,High
0.7010490821469306,High
0.1005907493536386,Low
0.17082135273504123,Medium
0.3212125669368645,Medium
0.39531035345636956,High
0.028604601588510182,Low
0.25033085292868185,Medium
0.9966729726962043,High
0.5771866855176324,High
0.07980184353780673,Low
0.22237037955694314,Medium
0.03188896921062097,Low
0.11888436952502653,Low
0.23849093726887624,Medium
0.28569024951293054,Medium
0.10937039418125857,Low
0.14677118538900463,Low
0.0510941194719848,Low
0.34238247874650246,High
0.08921425442171665,Low
0.1833166689119202,Medium
0.12269908893277341,Low
0.15089601313292444,Low
0.11470686222152365,Low
0.05024699843634891,Low
0.45358443204524684,High
0.11632765611096785,Low
0.11126943110476686,Low
0.3538209883648538,High
0.14567957922212132,Low
0.24638764721145343,Medium
0.1991349280485872,Medium
0.08369023802849317,Low
0.35740891671855163,High
0.10065135884553711,Low
0.40390268920850353,High
0.4199298908910397,High
0.645182000907094,High
0.24892937180532732,Medium
0.09836264529745668,Low
0.1540743059010313,Low
0.262161055472819,Medium
0.18518752009049963,Medium
0.3006400447210559,Medium
0.06446061398833404,Low
0.22418042056392418,Medium
0.5065854459375978,High
0.1599106063334949,Low
0.09873511543155411,Low
0.14742435720285935,Low
0.10128189090178139,Low
0.1856316563530636,Medium
0.13915230528011413,Low
0.5676439242875235,High
0.0902281092679005,Low
0.19357388585260596,Medium
0.12168341090136896,Low
0.17356883966967473,Medium
0.045071033685236975,Low
0.6986557645430271,High
0.10504591585774545,Low
0.13568424862666606,Low
0.13074756316316205,Low
0.05634654384043254,Low
0.22785704827391107,Medium
0.14126596810061912,Low
0.21932825290546662,Medium
0.17082893146346428,Medium
0.3898097470853715,High
0.21988311191865467,Medium
0.1218069551808753,Low
0.15663743767067495,Low
0.212169157902794,Medium
0.19982607513341397,Medium
0.08904464522131485,Low
0.4685159606258647,High
0.3096340068678693,Medium
0.1979797782563306,Medium
0.23481337034240318,Medium
0.2770632538214393,Medium
0.15355949494635002,Low
0.05963138739662905,Low
0.15924219340623477,Low
0.09750971611991638,Low
0.25474458080274387,Medium
0.036681521886754956,Low
0.3430393143736999,High
0.14973347250059882,Low
0.11799792566851637,Low
0.14015933187520738,Low
0.14337194495793354,Low
0.10645423533701245,Low
0.09216623468983863,Low
0.22167523569912617,Medium
0.18369199342088327,Medium
0.20706758779272041,Medium
0.048163117195368366,Low
0.1867980499767745,Medium
0.26469017224213465,Medium
0.33474693863956345,High
0.13392175279155236,Low
0.17406771391657935,Medium
0.12325251948764275,Low
0.32805060752400445,High
0.06192534193284966,Low
0.15379243686953414,Low
0.2045486428288451,Medium
0.06892291671731857,Low
0.24934903034064057,Medium
0.055233171956037753,Low
0.25450945705661887,Medium
0.2997151246955327,Medium
0.27157868467449886,Medium
0.13631554270858026,Low
0.21664076853170205,Medium
0.5505051920488866,High
0.13974000696339545,Low
0.11550566396489809,Low
0.10449984893937718,Low
0.25107486127386713,Medium
0.28481083164752474,Medium
0.28492735995399204,Medium
0.18095125826285235,Medium
0.5015277505744152,High
0.07699213701444521,Low
0.12852693163574372,Low
0.08388510884086912,Low
0.1406892974968768,Low
0.11739990614700391,Low
0.17254686077557557,Medium
0.12665960480250932,Low
0.1655379018999526,Low
0.14146286030267702,Low
0.10215559763018042,Low
0.23663236073203203,Medium
0.20377001110052076,Medium
0.5318455831504024,High
0.2728752318184099,Medium
0.22805456898342474,Medium
0.16373765669716112,Low
0.09767330356548308,Low
0.20509045564964445,Medium
0.18466030507378234,Medium
0.21677566019674818,Medium
0.09492709046236454,Low
0.3392546207628392,High
0.6763617570036543,High
0.03768235230211038,Low
0.0757533951093061,Low
0.31892390769103834,Medium
0.1720499078958387,Medium
0.4795979899737875,High
0.9361784933880571,High
0.11951854507106167,Low
0.09532325697310406,Low
0.5712588178206174,High
0.12692581688473753,Low
0.12703810830189646,Low
0.14401666615156714,Low
0.08990961120809303,Low
0.2323280962292391,Medium
0.10793598252514579,Low
0.02726613501113918,Low
0.690670197960846,High
0.11707179325321587,Low
0.3009589233447151,Medium
0.08112379003217136,Low
0.5981221348377831,High
0.14049574959343658,Low
0.29969574049423975,Medium
0.25016751056680514,Medium
0.11407254080590527,Low
0.08418115191359307,Low
0.194331805948995,Medium
0.4536228752229508,High
0.27911462816466603,Medium
0.4571787776776785,High
0.0619366982095827,Low
0.2647283709625011,Medium
0.2264358066481778,Medium
0.24543547149012437,Medium
0.16348339728604425,Low
0.09721343684539674,Low
0.06242638561235273,Low
0.3481647537169695,High
0.11130062682077192,Low
0.6527895526111505,High
0.13896384547592924,Low
0.06970447505601035,Low
0.21460649127072912,Medium
0.4856814192019018,High
0.043629421019784856,Low
0.10804342405233014,Low
0.015915301969986476,Low
0.20153781594220016,Medium
0.11494235648254776,Low
0.766428370715119,High
0.053905276026773606,Low
0.38601042618362835,High
0.2754476618925793,Medium
0.45562521968646114,High
0.34986162510407903,High
0.10114740954853868,Low
0.21392968699902343,Medium
0.27494393866460487,Medium
0.06914793169885157,Low
0.38359326483232836,High
0.2397016295278331,Medium
0.23339328142202515,Medium
0.15819817826691326,Low
0.43120127312891077,High
0.2569789036266541,Medium
0.3973597075404976,High
0.1777397624985083,Medium
0.49416701053024703,High
0.5055136152922671,High
0.15198093854120612,Low
0.17119239420247873,Medium
0.17641611027361717,Medium
0.13038947077152163,Low
0.19640938395717403,Medium
0.3936197521643585,High
0.11694516408944731,Low
0.02311367547314112,Low
0.7142092722300963,High
0.5953587143759554,High
0.11791890123483642,Low
0.2654888056730671,Medium
0.1844677644291907,Medium
0.18819309439951856,Medium
0.49051885607147966,High
0.20688577579503079,Medium
0.45120737766319713,High
0.17036541046474452,Medium
0.5682862265275699,High
0.16868838164819927,Medium
0.1342524353986531,Low
0.1023964884081534,Low
0.3318490687420318,High
0.24150218236821824,Medium
0.17486155383858618,Medium
0.10021981321881225,Low
0.03467265355059783,Low
0.15262401535745235,Low
0.4915066752681416,High
0.027900312306980188,Low
0.47076029742969494,High
0.2404746053620754,Medium
0.08811249538179562,Low
0.24307080245897836,Medium
0.2291178372076361,Medium
0.048694814629369566,Low
0.11106582782427361,Low
0.15732319549821663,Low
0.3760041506603709,High
0.2760989824237034,Medium
0.16011219114584582,Low
0.15199588924426055,Low
0.2199211927962723,Medium
0.07882010184610537,Low
0.17497567124199304,Medium
0.2581793698092407,Medium
0.39931673450866784,High
0.1352209545196268,Low
0.13306877585422383,Low
0.14935332110449556,Low
0.12885818467563606,Low
0.050563011196064024,Low
0.0484825562010776,Low
0.1367520672253463,Low
0.16933978206210795,Medium
0.04061012043724153,Low
0.45371627490413036,High
0.28272990443363855,Medium
0.6736138126954834,High
0.20437611587362933,Medium
0.17513387734672775,Medium
0.3958574157337721,High
0.10229765552970328,Low
0.22845419723393223,Medium
0.22458692648369544,Medium
0.21513672286483843,Medium
0.1582857316768595,Low
0.09420459641103252,Low
0.1688640185590513,Medium
0.09918451211585193,Low
0.18055760493809597,Medium
0.27261257131578703,Medium
0.19627554577816925,Medium
0.04481459371929826,Low
0.3307262290162519,High
0.44535815134896545,High
0.1451360866995939,Low
0.20922476107932017,Medium
0.23439197698920106,Medium
0.03313782753686876,Low
0.06488071315493063,Low
0.1646852160982862,Low
0.13961295938022222,Low
0.1001356718560934,Low
0.18937715844410777,Medium
0.10266255087237353,Low
0.12731320978293675,Low
0.18819131724826052,Medium
0.2084837921572592,Medium
0.18749593431118974,Medium
0.34269795610867376,High
0.7730443658592524,High
0.1534117879490708,Low
0.1357966162056253,Low
0.4735555476578604,High
0.08765336613334523,Low
0.20484350361455203,Medium
0.14405990490329795,Low
0.20934894207465637,Medium
0.5500439643414242,High
0.36681537104001366,High
0.15854870309948657,Low
0.25534516370727117,Medium
0.10029664534274181,Low
0.220796244040879,Medium
0.6741810349479732,High
0.24791374698362126,Medium
0.25686269346399654,Medium
0.4425405159341022,High
0.21024682554865953,Medium
0.15919330368308945,Low
0.133300100081217,Low
0.12327982989547553,Low
0.32767045303700665,High
0.4683425747383575,High
0.04145691777102072,Low
0.1422893446496161,Low
0.22494174409498924,Medium
0.2010882851789923,Medium
0.10585358818364307,Low
0.09174146959989211,Low
0.15214715567122714,Low
0.05962523382861461,Low
0.147056818990326,Low
0.1919931346460754,Medium
0.21987119827844917,Medium
0.25109472968575935,Medium
0.28988689077794116,Medium
0.386502889125512,High
0.19060661007612795,Medium
0.13272508146620962,Low
0.08342790314583837,Low
0.20125580202854032,Medium
0.2517079111395835,Medium
0.17425308362795386,Medium
0.6823007128369206,High
0.12517155483650474,Low
0.10596437147975833,Low
0.0846204961009679,Low
0.14523690834759323,Low
0.1677004899636114,Medium
0.12821889339279255,Low
0.2377195499964438,Medium
0.06731950860830015,Low
0.11975313318001098,Low
0.3461896688522538,High
0.15393681881470625,Low
0.20749701054165962,Medium
0.21700037987936405,Medium
0.29508236480151634,Medium
0.2614073308535422,Medium
0.14818167029457377,Low
0.12352304680594331,Low
0.5798679002688916,High
0.055561896221274755,Low
0.034785137686097346,Low
0.3033178664265544,Medium
0.47238420948154775,High
0.2689054386775353,Medium
0.11870773367142076,Low
0.1324529682276381,Low
0.17196937872485848,Medium
0.1608279266224714,Low
0.19540089427236887,Medium
0.10042022228720689,Low
0.9968150944212997,High
0.06821522390450188,Low
0.21635349306339224,Medium
0.07970091434248223,Low
0.43244189235306324,High
0.5646590255560956,High
0.24632329117912463,Medium
0.12149458034162612,Low
0.040929625887220454,Low
0.20140269718791376,Medium
0.11724858303893662,Low
0.06813163061532838,Low
0.24923124579849001,Medium
0.10942447227019217,Low
0.05059768371633531,Low
0.14963558765673207,Low
0.11826490662660966,Low
0.06938165683167928,Low
0.5896646311364921,High
0.1791176636391793,Medium
0.5641339195036484,High
0.20937681598054664,Medium
0.12285055846290777,Low
0.05642245689238161,Low
0.1208329918485486,Low
0.19173334979109977,Medium
0.09893665824846065,Low
0.1883220504415787,Medium
0.13609226020364054,Low
0.2754232694455329,Medium
0.1974499382798109,Medium
0.16813340703299723,Medium
0.22392449736300252,Medium
0.17363793080573411,Medium
0.0800765171591162,Low
0.15603282845867147,Low
0.127049193044784,Low
0.287347225961378,Medium
0.1990822272149335,Medium
0.694194039583137,High
0.08426123998926639,Low
0.303512344817522,Medium
0.23850768601250813,Medium
0.2437882505679961,Medium
0.29903945148899136,Medium
0.6012395047772017,High
0.09141639190194888,Low
0.10289254725949784,Low
0.07264515830228477,Low
0.14420796159634636,Low
0.098967376424065,Low
0.07552070700478375,Low
0.07861124993098369,Low
0.10277747743612363,Low
0.33063129964956867,High
0.2205075965866254,Medium
0.06598736793752775,Low
0.24091743921636305,Medium
0.09383414787922559,Low
0.11777492594686281,Low
0.40132484163889365,High
0.7210175292341955,High
0.06388487894890849,Low
0.062351554916422004,Low
0.09095115177198783,Low
0.20753305633923244,Medium
0.13356277336969508,Low
0.3619404497833552,High
0.13571600271422915,Low
0.029299987880633815,Low
0.1471737978534181,Low
0.1795469238875824,Medium
0.05822611106593285,Low
0.09862173905099898,Low
0.056500738217721835,Low
0.27476717854079685,Medium
0.8326238641418398,High
0.996246731643474,High
0.23830487461565675,Medium
0.31650056178867864,Medium
0.1508028368260433,Low
0.3497925306863859,High
0.5381186431831134,High
0.41351450835026776,High
0.66140925997094,High
0.17825018252620126,Medium
0.20715036148250643,Medium
0.11227721197262146,Low
0.13338487032952911,Low
0.10794512098080326,Low
0.07855019186699949,Low
0.1295233479743974,Low
0.23293696599809455,Medium
0.09432365157338954,Low
0.16474071545300545,Low
0.471758207918183,High
0.16693456744977433,Medium
0.04803698758681134,Low
0.08894251457498974,Low
0.25200379488305025,Medium
0.267337462222305,Medium
0.6127964226712426,High
0.0785268613159401,Low
0.6383298565371209,High
0.9372816207376926,High
0.1606583627866861,Low
0.19219437996937555,Medium
0.10138091783286597,Low
0.8020252639585385,High
0.6245830787593173,High
0.3758266083651676,High
0.2487515870151205,Medium
0.12705330038107096,Low
0.05741674772797735,Low
0.18098000944411596,Medium
0.06856710234136931,Low
0.15337563642995194,Low
0.10316125534095921,Low
0.2788529109026097,Medium
0.1422469505124464,Low
0.15324671379073856,Low
0.2223280437811604,Medium
0.17651987877389635,Medium
0.12972797695203367,Low
0.5277558958652458,High
0.0347043889482596,Low
0.14861016037247585,Low
0.12309378887941638,Low
0.1216937653305169,Low
0.1560502712980767,Low
0.2503030755183867,Medium
0.22206861302846073,Medium
0.10779183450871287,Low
0.17620096125947446,Medium
0.07232209858450114,Low
0.10841801238866347,Low
0.04858469489955082,Low
0.36782801994115344,High
0.08540235078852751,Low
0.3180250586112157,Medium
0.09291899083326728,Low
0.3833570137316142,High
0.21657838825652007,Medium
0.5791282194046353,High
0.0613384083854318,Low
0.4054373473044783,High
0.0823777410018456,Low
0.21671189796836762,Medium
0.9525695629766877,High
0.15702713395145068,Low
0.6068402482840838,High
0.11009342273597882,Low
0.22749142900190092,Medium
0.13138188108297313,Low
0.30465982232647204,Medium
0.17099551516492448,Medium
0.5270810265648268,High
0.22183439397713167,Medium
0.16364694693336562,Low
0.09047431917271535,Low
0.09279443196374873,Low
0.04083938635652947,Low
0.47105126041249923,High
0.18252672877565806,Medium
0.3071327460288803,Medium
0.6077263831815857,High
0.4066118644067584,High
0.38775321599728535,High
0.6136254740537836,High
0.04334152261212118,Low
0.15644293932083592,Low
0.4497878105081365,High
0.31602014351095975,Medium
0.23421782301482727,Medium
0.31048821587922387,Medium
0.7554676093616803,High
0.14672485333016633,Low
0.1169925123105225,Low
0.29277687511614303,Medium
0.1366670698859514,Low
0.14485383460907644,Low
0.21588747369959094,Medium
0.2613575058921097,Medium
0.1449358637533813,Low
0.20645008076629306,Medium
0.20818553297202008,Medium
0.10554093174389557,Low
0.06446723423801452,Low
0.2234443573598497,Medium
0.3403738707903818,High
0.09355945556361704,Low
0.09780796111923337,Low
0.05094641509947189,Low
0.14503910799176242,Low
0.4478891630482555,High
0.12259847783994814,Low
0.16530327245760681,Low
0.19983522831385347,Medium
0.19958495277026853,Medium
0.1598920671663133,Low
0.09220177696245943,Low
0.2371443174361242,Medium
0.0696318610232304,Low
0.2889867534080126,Medium
0.16777658210973984,Medium
0.3841726332809695,High
0.11352960934913149,Low
0.2171559673517266,Medium
0.22275727225160788,Medium
0.2720701044456539,Medium
0.17835390371570334,Medium
0.25895209966443167,Medium
0.5477206956321279,High
0.5012837347113199,High
0.1700844427625636,Medium
0.06259344604895785,Low
0.41652866686610573,High
0.06588975057150541,Low
0.1289947530851302,Low
0.3783573759063528,High
0.1483084991548444,Low
0.1275979362005221,Low
0.4168496644229753,High
0.19788410769295464,Medium
0.09565527504604283,Low
0.23256716149082649,Medium
0.1815467202611131,Medium
0.11213321144110605,Low
0.03706639294039678,Low
0.6471894164988323,High
0.048695190817721695,Low
0.16999789780704375,Medium
0.11586961282774155,Low
0.16455466740265887,Low
0.1270743591446154,Low
0.1268818633728292,Low
0.2756564034523374,Medium
0.38969722260829975,High
0.04814775425601772,Low
0.1499994097142759,Low
0.26445688541268886,Medium
0.549754061971832,High
0.12064532434597573,Low
0.34679730991061203,High
0.09061431761535864,Low
0.07150814182587699,Low
0.42344797898690045,High
0.22232993769516415,Medium
0.2123898888186673,Medium
0.37387860678668433,High
0.05027094687144331,Low
0.06974510664229251,Low
0.15010806025608633,Low
0.14550836504673736,Low
0.07795201121845,Low
0.0819978194507504,Low
0.21919015750208873,Medium
0.5850022535608369,High
0.12089848467186977,Low
0.13103346927322793,Low
0.6135280012160239,High
0.39581232148724216,High
0.6168639194178094,High
0.17598690334629624,Medium
0.15934632425696463,Low
0.2253824254909923,Medium
0.22294025313981083,Medium
0.283674079143705,Medium
0.41814582218470325,High
0.6721822476089048,High
0.08463212932252712,Low
0.23281944215974268,Medium
0.2878299184935495,Medium
0.3903810441438201,High
0.057651509654747995,Low
0.16148712479622004,Low
0.01679770923327591,Low
0.385778400225701,High
0.08086171874942415,Low
0.13813091763405128,Low
0.07407652770094622,Low
0.08081666396893501,Low
0.01523156112961401,Low
0.11845899026571168,Low
0.09511770041317234,Low
0.1299803470949306,Low
0.15085035866355012,Low
0.22166249769336024,Medium
0.027768531971612574,Low
0.025307022113399743,Low
0.1496151432901643,Low
0.2549862767556539,Medium
0.09422851115366254,Low
0.14237371266269644,Low
0.10769472612323794,Low
0.25404141914941103,Medium
0.22818624870218474,Medium
0.6364933692309622,High
0.04410897735465623,Low
0.12917212996675517,Low
0.2401214353457944,Medium
0.05869976579894011,Low
0.29253964264590404,Medium
0.20891953108407052,Medium
0.13871814336651198,Low
0.12256676144141004,Low
0.24004325490574588,Medium
0.12631205256630207,Low
0.2046149003882374,Medium
0.5453268186177304,High
0.39802078727573426,High
0.15118892553255306,Low
0.1455803437180364,Low
0.13502612627592628,Low
0.43300977283095293,High
0.23879614277602013,Medium
0.32934316556616,High
0.14425072422655905,Low
0.0910839950155474,Low
0.23262087920663407,Medium
0.08494756295743915,Low
0.39354213356132733,High
0.70007173719516,High
0.13595104654846354,Low
0.19698994882280207,Medium
0.6264270870303685,High
0.08763901596575051,Low
0.6566345971431489,High
0.06366467593778104,Low
0.12446686499307616,Low
0.038792752945100775,Low
0.9431771341723061,High
0.24667413513646286,Medium
0.23608371410591125,Medium
0.04218500310703823,Low
0.28766937691573324,Medium
0.08039571748137112,Low
0.1606841694057058,Low
0.5906469886538545,High
0.1354259068971347,Low
0.06437025282201557,Low
0.0764639032242703,Low
0.10250227721870464,Low
0.14641081402158806,Low
0.18567340907100885,Medium
0.06229720772650868,Low
0.19665774146226023,Medium
0.11945562725809625,Low
0.09613235828517021,Low
0.12944007306981095,Low
0.15352284917590295,Low
0.09366143827734937,Low
0.5701907507507072,High
0.21397260908053742,Medium
0.06384517428630336,Low
0.24831268944007356,Medium
0.43370520408403596,High
0.4735815844241445,High
0.04697449861617189,Low
0.341447392991419,High
0.15842877308501285,Low
0.13891211976034137,Low
0.5836855910645493,High
0.09374316359299026,Low
0.058992527632682173,Low
0.16046027658391415,Low
0.3594003519413085,High
0.039774150434885705,Low
0.2568441359628678,Medium
0.1188239547875386,Low
0.17378677436427967,Medium
0.194020880464239,Medium
0.14408087812000878,Low
0.13560694797253064,Low
0.13030184819591423,Low
0.3589679287291631,High
0.18360016188731026,Medium
0.18055905332099756,Medium
0.23034463123333104,Medium
0.14876643160874192,Low
0.09348158568853664,Low
0.2503343998616421,Medium
0.8479128469010143,High
0.2785015713754494,Medium
0.07844501159174579,Low
0.028996045639038154,Low
0.20406596927442586,Medium
0.5415526370628546,High
0.048278479135516195,Low
0.36768885796525275,High
0.37641844181059986,High
0.12693859373209246,Low
0.39516566241339773,High
0.31400139638843855,Medium
0.3900354691022061,High
0.2596135025194117,Medium
0.2703038160169391,Medium
0.19910948644981405,Medium
0.33984567795424553,High
0.14474702018060057,Low
0.18939903268082683,Medium
0.2723791384180627,Medium
0.12584556483504927,Low
0.10639704453423923,Low
0.2519553596662913,Medium
0.06294369336582473,Low
0.05239290340710682,Low
0.15439664237108117,Low
0.1333691394702948,Low
0.4280653938709524,High
0.3995305932979323,High
0.15496733104182012,Low
0.13925117821251579,Low
0.24949368895700064,Medium
0.3935744051893297,High
0.07268359899753254,Low
0.07454022258454794,Low
0.17786354621100456,Medium
0.1687190523166897,Medium
0.29006879889246934,Medium
0.16443723238174504,Low
0.04165170274446108,Low
0.13393947308732793,Low
0.21296389093870421,Medium
0.06562276166025952,Low
0.10826419608576528,Low
0.04239220713559245,Low
0.8211477409472797,High
0.09814775722877811,Low
0.05594052440820865,Low
0.19598048895292902,Medium
0.3396962590768772,High
0.2258245720486201,Medium
0.0698521981183617,Low
0.12633338778379635,Low
0.04910627199216765,Low
0.487023380808786,High
0.16191971286988863,Low
0.21292894833113418,Medium
0.3946406896170886,High
0.09641172487860218,Low
0.12267735364538876,Low
0.10826352076692904,Low
0.11099886940972914,Low
0.1395306125571528,Low
0.3899551232973968,High
0.615042021205192,High
0.3295434582710685,High
0.10669959858383675,Low
0.5998063067973045,High
0.25029543897278816,Medium
0.38258040983622127,High
0.1680635454689364,Medium
0.15706441702216234,Low
0.1565682536057434,Low
0.1902052156813636,Medium
0.27586897476383004,Medium
0.2059789720492557,Medium
0.07459881739701296,Low
0.2943209061846285,Medium
0.21996683663239228,Medium
0.6948357070425389,High
0.3510930982481331,High
0.5646869297860421,High
0.1787113237695133,Medium
0.23906067129535466,Medium
0.16516131573535736,Low
0.020374187786190344,Low
0.07456852426588507,Low
0.3604420524171951,High
0.09503713153261144,Low
0.137628319738768,Low
0.21983287083173358,Medium
0.23023572421481575,Medium
0.14556194833719027,Low
0.30380890475539246,Medium
0.09237157987442747,Low
0.1145666745764398,Low
0.5180268921245043,High
0.16056921159109633,Low
0.16099751386668995,Low
0.08232022138375707,Low
0.4824921201614899,High
0.1892050908012779,Medium
0.12137690916445784,Low
0.10929657779618578,Low
0.1058006504964017,Low
0.11494326800500324,Low
0.13438832929114103,Low
0.07020741848136154,Low
0.09581151471203429,Low
0.041468622017202555,Low
0.22200446785086708,Medium
0.2583103088276012,Medium
0.030357509927208447,Low
0.14178301350492067,Low
0.18531570616478507,Medium
0.3735991196769323,High
0.050017504641372675,Low
0.1854113201093533,Medium
0.03026421738828015,Low
0.18471552405711283,Medium
0.10621809626158332,Low
0.20675126095152913,Medium
0.6261369320434393,High
0.280241840654699,Medium
0.27953454587001114,Medium
0.19246054812925206,Medium
0.2945663151074922,Medium
0.2920341422653527,Medium
0.1365058116921535,Low
0.15749093098199965,Low
0.13103362420343234,Low
0.4622779127549544,High
0.056944197919497536,Low
0.4829377647081329,High
0.462330744525127,High
0.16100365294125935,Low
0.12712156670121713,Low
0.14471323748891393,Low
0.15736903123704235,Low
0.13528667067292993,Low
0.2157170249459724,Medium
0.21106104818487645,Medium
0.05664102804774184,Low
0.11662511977166996,Low
0.29908466202749145,Medium
0.3766928168916781,High
0.14795006960623822,Low
0.11588583417717642,Low
0.10615329508180284,Low
0.27032736848700295,Medium
0.09641399907933808,Low
0.21350281724614864,Medium
0.29124878079047584,Medium
0.16781845746065702,Medium
0.28202892569401566,Medium
0.18583933703948868,Medium
0.15996125951175547,Low
0.6104721656876765,High
0.01237191829230381,Low
0.42095522997967577,High
0.10364694596569546,Low
0.3913132142624089,High
0.08397715729145384,Low
0.32758475701240936,High
0.1556913613067211,Low
0.1304586100654426,Low
0.12305880087550902,Low
0.13498388516562634,Low
0.18170265073450895,Medium
0.202058765459668,Medium
0.15652080761973133,Low
0.2205240306451042,Medium
0.15053596083642468,Low
0.2766384874769753,Medium
0.5213649063699417,High
0.10411381790610705,Low
0.259219562621264,Medium
0.09124638441830592,Low
0.05604309521790113,Low
0.16412698415538915,Low
0.08445011232960946,Low
0.15722950334630384,Low
0.0912804734201037,Low
0.3611541047012255,High
0.17231359465003418,Medium
0.11854196224064673,Low
0.13251047592805149,Low
0.2841874195823961,Medium
0.11800667502453492,Low
0.30376853881598415,Medium
0.11004535131629245,Low
0.1861792384908689,Medium
0.012914137994527097,Low
0.24548480160172964,Medium
0.1615492539866027,Low
0.1894356500983576,Medium
0.12282929231084978,Low
0.18888501535859514,Medium
0.1848913923783626,Medium
0.29498225096315095,Medium
0.09385293809158839,Low
0.0889859719235648,Low
0.22907114634658962,Medium
0.6542697859682942,High
0.2508634763714818,Medium
0.3282363687425696,High
0.2379836425293101,Medium
0.07951415890571953,Low
0.8404987743904379,High
0.47075055531147325,High
0.06105873533919447,Low
0.0908252644750212,Low
0.19878312468293038,Medium
0.18909064068067316,Medium
0.18858083733523767,Medium
0.15650115844873647,Low
0.35955183725403167,High
0.11759657249880467,Low
0.24558838258148885,Medium
0.10534374193610103,Low
0.08564346864589852,Low
0.05333566629834001,Low
0.2096018137070042,Medium
0.05344246934025719,Low
0.05116614515681467,Low
0.12364829627126706,Low
0.09383413307067573,Low
0.9530787438992301,High
0.14609064614991116,Low
0.2028722891125659,Medium
0.24589480398487173,Medium
0.07980036043507095,Low
0.20662761374162336,Medium
0.12998420992428059,Low
0.3479340186795133,High
0.09880017378090962,Low
0.21220203099116577,Medium
0.3727202332583768,High
0.14240695724092337,Low
0.07743862928626569,Low
0.15059621947996804,Low
0.7468310216705507,High
0.1626268907680208,Low
0.2271181275626144,Medium
0.16939084120656966,Medium
0.19733605320756326,Medium
0.09618128933850717,Low
0.15491327138039232,Low
0.12739992898941008,Low
0.07112418775341153,Low
0.20840394936991397,Medium
0.25560374717193857,Medium
0.14044135368926028,Low
0.1743502244922871,Medium
0.1752528638075093,Medium
0.24845629558067497,Medium
0.16346437179552706,Low
0.14514816617721144,Low
0.1017746489892923,Low
0.28243711029550095,Medium
0.5413777281888869,High
0.22072863383560254,Medium
0.10364511364960187,Low
0.5528787691961273,High
0.23710187497358665,Medium
0.17609640974558746,Medium
0.03639785343512272,Low
0.2280091233683392,Medium
0.05619160780636338,Low
0.07505878876475737,Low
0.14655098199863675,Low
0.7077607298540228,High
0.09652274956169282,Low
0.20758092837496256,Medium
0.10960176532673822,Low
0.15780189632545757,Low
0.40699984072526324,High
0.8791686998474475,High
0.15996713599752643,Low
0.09103676835265505,Low
0.27107387392352955,Medium
0.33864855290038254,High
0.17902477569171632,Medium
0.08178360161515881,Low
0.2639273512496672,Medium
0.12508002178824074,Low
0.3385556205628687,High
0.1630960111357869,Low
0.4369836419267669,High
0.055803938112063446,Low
0.0631749001546626,Low
0.020554422675565388,Low
0.11475673289983693,Low
0.17113428063958477,Medium
0.14690852287247222,Low
0.4096990745981584,High
0.17289402289790992,Medium
0.6243822930462241,High
0.13616344005458206,Low
0.1705794983144189,Medium
0.1164812468640991,Low
0.18314101213264217,Medium
0.12308720052462177,Low
0.22984351418314908,Medium
0.19040588216595952,Medium
0.2419705046250514,Medium
0.23805349424682248,Medium
0.21275086969994356,Medium
0.15612341639572644,Low
0.07607284534806837,Low
0.6040212931387988,High
0.2662387118665692,Medium
0.7565261099697477,High
0.6382166169548841,High
0.0637123480546158,Low
0.06862934854861674,Low
0.5268785693392523,High
0.15333696754605242,Low
0.06563833656976394,Low
0.14936677592362715,Low
0.35763591472185685,High
0.17460702542219206,Medium
0.41101362706282185,High
0.6266200401888017,High
0.15939249077142217,Low
0.08714268780376325,Low
0.10482600399803897,Low
0.2553892762269279,Medium
0.44934003064156663,High
0.03554202950732845,Low
0.4577895718251134,High
0.07327392056707065,Low
0.4067953188921211,High
0.22287035512207584,Medium
0.43617606670928544,High
0.5041883708021138,High
0.18654427747920063,Medium
0.47279230208847645,High
0.34510346320296087,High
0.12821595328178814,Low
0.04781807502887259,Low
0.08381937455125317,Low
0.12382815023094837,Low
0.18629576654706453,Medium
0.3511624389317015,High
0.21497501517331533,Medium
0.25757832029940997,Medium
0.11777284695630358,Low
0.31866710420013983,Medium
0.21010991935847953,Medium
0.5641951710457896,High
0.23673806230876515,Medium
0.19191964644704584,Medium
0.08766356580796639,Low
0.36382462011433514,High
0.2446770436792456,Medium
0.11909013707208604,Low
0.35115686549686065,High
0.2999894732895057,Medium
0.6109430334842627,High
0.10562957816651512,Low
0.5277558773126406,High
0.18057629064375819,Medium
0.10976071547611449,Low
0.05556577344718571,Low
0.17382397637532107,Medium
0.03226357766168849,Low
0.019800299201876453,Low
0.38235570892986087,High
0.04163644213045279,Low
0.07956711174020584,Low
0.19239275501243097,Medium
0.1688861056057121,Medium
0.16172831481357097,Low
0.14355966778478402,Low
0.816048990753613,High
0.4601367644247254,High
0.11142098509414204,Low
0.06450786938711306,Low
0.2094360916054831,Medium
0.6397437333285254,High
0.15851638989474406,Low
0.0411402118551403,Low
0.19561276034410527,Medium
0.2559760054626545,Medium
0.25224410584820856,Medium
0.027791274182590305,Low
0.19195776918758595,Medium
0.18051952681554867,Medium
0.2665054709569886,Medium
0.4304878591673671,High
0.18094903179944524,Medium
0.08624879308924724,Low
0.615276292477936,High
0.0381749486539782,Low
0.3050777141696757,Medium
0.127219193438953,Low
0.5024740464957878,High
0.1739817565109858,Medium
0.31372487186938586,Medium
0.054510219081549606,Low
0.7552296100814574,High
0.2292074247111744,Medium
0.12728477543745323,Low
0.13338848202184106,Low
0.25543163909930644,Medium
0.14164636561220023,Low
0.162784814961672,Low
0.06039863599936145,Low
0.12146385118080089,Low
0.11034470865918497,Low
0.8496811723973973,High
0.10565749191081485,Low
0.3069996321300178,Medium
0.11226213430602823,Low
0.12367128578821057,Low
0.17439166104271567,Medium
0.5270586193456274,High
0.08716356084404386,Low
0.21168675861553504,Medium
0.19990622155562834,Medium
0.08986294366906315,Low
0.8791269631467923,High
0.2616597815599133,Medium
0.11839334423575995,Low
0.3562481726488444,High
0.07767717803346502,Low
0.06900082932561898,Low
0.3160044926615267,Medium
0.43186965852046666,High
0.19495037275489796,Medium
0.10803022918553071,Low
0.12651045365707375,Low
0.15219427692846163,Low
0.1498863544812821,Low
0.23762929478633102,Medium
0.526845584550664,High
0.11347214659311532,Low
0.12080391445286019,Low
0.16388630272148538,Low
0.2916170230109487,Medium
0.21495602099007502,Medium
0.11145679869272349,Low
0.31756656544708817,Medium
0.14113396726848884,Low
0.22978081990399196,Medium
0.11440241604678955,Low
0.1465298818949004,Low
0.4317059035313046,High
0.051504498366149495,Low
0.5775440986060579,High
0.22331282929784402,Medium
0.11779057792801008,Low
0.7626004046049034,High
0.46822326160706923,High
0.13035005763109286,Low
0.4163610941291022,High
0.13185304657267038,Low
0.04863321107887498,Low
0.1660363751545757,Low
0.17836142298138505,Medium
0.31759199766642626,Medium
0.43679001849577176,High
0.2069374560486287,Medium
0.32211473792026973,Medium
0.2288351357575145,Medium
0.3550592744599187,High
0.12010997948776943,Low
0.5733712387121181,High
0.1639994653119175,Low
0.1943251612486044,Medium
0.131111521412538,Low
0.4165366563527997,High
0.34899016966722296,High
0.13449449349131462,Low
0.157668555738062,Low
0.1356347180100961,Low
0.13263494912257018,Low
0.0442126814412698,Low
0.2712891197723486,Medium
0.17946006704830123,Medium
0.08314022951963876,Low
0.4588360693813396,High
0.20317859582140363,Medium
0.21255529271868115,Medium
0.13285492875326244,Low
0.23103699058003097,Medium
0.13929908122433302,Low
0.5510770232743262,High
0.2945389244864681,Medium
0.12405266761705278,Low
0.18597650283242254,Medium
0.4389943761885266,High
0.6160057740333946,High
0.04825791063157835,Low
0.17357307779821063,Medium
0.034063301987508995,Low
0.25037164890599806,Medium
0.08202576909567916,Low
0.20362780158026222,Medium
0.16816980080042948,Medium
0.6356087641628291,High
0.17300877518023008,Medium
0.06386216233263878,Low
0.4982466004465624,High
0.21810166407770495,Medium
0.05127019638473656,Low
0.04916101681811652,Low
0.11877289387699677,Low
0.20574423897390282,Medium
0.2861338754168953,Medium
0.11608884989818301,Low
0.11110461294953612,Low
0.23298866298509274,Medium
0.2173315461289863,Medium
0.08398383624001743,Low
0.15362093686097517,Low
0.17739952816138327,Medium
0.21479914288341156,Medium
0.18910582660489475,Medium
0.24559390406317655,Medium
0.1783652761742097,Medium
0.27107154448476817,Medium
0.1935190050425602,Medium
0.61265442488925,High
0.5422889564349445,High
0.12820682163877067,Low
0.21575141205827927,Medium
0.18103681573035216,Medium
0.4039335148243813,High
0.20029930365827064,Medium
0.23336649855229982,Medium
0.10351017276498109,Low
0.2243234170827352,Medium
0.4483759643194372,High
0.1743013058553069,Medium
0.0591784881080275,Low
0.17685785267405824,Medium
0.13679849577812858,Low
0.11479911466204303,Low
0.20034970172763825,Medium
0.20113220744262755,Medium
0.20189252135036345,Medium
0.14122692679015522,Low
0.1998355292147005,Medium
0.8605934317723855,High
0.35620872507166057,High
0.06585999056974709,Low
0.04505552457070483,Low
0.5563388227987037,High
0.0377860833989202,Low
0.22164005327055705,Medium
0.6661144591853301,High
0.027652223298899315,Low
0.21179486820552215,Medium
0.17700150697398828,Medium
0.1140518081120656,Low
0.21995741620642945,Medium
0.3177134804503275,Medium
0.3188443804134785,Medium
0.18953190756795055,Medium
0.15289409356569222,Low
0.20833914386479954,Medium
0.16555862518888315,Low
0.6755529372771997,High
0.130536632436057,Low
0.5395498751691314,High
0.33900941547527813,High
0.37224719616565893,High
0.45650159546014835,High
0.3452360049071948,High
0.8696131208995076,High
0.1503341354494952,Low
0.23940508746451108,Medium
0.1379156187231292,Low
0.18416287853031926,Medium
0.2362921306143043,Medium
0.14971725251789797,Low
0.2090830068600183,Medium
0.24065267310607258,Medium
0.16224523644249222,Low
0.37024982140765167,High
0.04926000639229636,Low
0.5146586211947412,High
0.1143661936156205,Low
0.1830127329426774,Medium
0.12436276292999165,Low
0.06351688058371219,Low
0.24682334792584348,Medium
0.12461826091018584,Low
0.22541815986362138,Medium
0.056327830927337105,Low
0.20608238323353303,Medium
0.12979307500086368,Low
0.15411637292598243,Low
0.18465215984206504,Medium
0.14408016536305798,Low
0.9189852935985108,High
0.3066966076999605,Medium
0.0620285748240333,Low
0.05686816836690371,Low
0.09633759298302029,Low
0.4433724292727382,High
0.04563597466765515,Low
0.025631945740673852,Low
0.16311314250482253,Low
0.5689427340531328,High
0.166978135712507,Medium
0.2865686106909992,Medium
0.17336347243404546,Medium
0.1502817474466083,Low
0.2162527721497265,Medium
0.09705193768235167,Low
0.7879367494516736,High
0.020813454723949795,Low
0.23234190784317613,Medium
0.6297788473433484,High
0.1217236789338677,Low
0.1670564394686711,Medium
0.0934200747038499,Low
0.5223527897713839,High
0.40117384811555595,High
0.09145111803180202,Low
0.085844072216315,Low
0.2510270109507585,Medium
0.4089037956742497,High
0.39619518086798955,High
0.31346226033836094,Medium
0.2256246529122246,Medium
0.597420008062001,High
0.1931004321962993,Medium
0.16654455903512816,Low
0.39541757944325867,High
0.3809314509391073,High
0.11304908310481068,Low
0.6998891421000033,High
0.06849088346547806,Low
0.20065914004645982,Medium
0.39036313467690675,High
0.1886809176349129,Medium
0.15517130761436787,Low
0.26265954673400316,Medium
0.0972204595682944,Low
0.23821737361796058,Medium
0.06916029213304738,Low
0.031159129110944473,Low
0.07496990712142439,Low
0.20176547207917667,Medium
0.21513520759492077,Medium
0.03817917001286557,Low
0.22850015564556014,Medium
0.09376215860569509,Low
0.18139490526394494,Medium
0.046226000455558226,Low
0.3507439377196136,High
0.14241025100834434,Low
0.10652213220352015,Low
0.21884186794130225,Medium
0.15906857397829616,Low
0.2339018299517089,Medium
0.20230310182315794,Medium
0.09070309839023799,Low
0.06279522815094388,Low
0.20219819861784594,Medium
0.0886269214947039,Low
0.3206430299510703,Medium
0.14786015610959188,Low
0.13157603573201443,Low
0.057309536338728574,Low
0.07687178097494325,Low
0.25027418514292576,Medium
0.06344306720717671,Low
0.15437227068228396,Low
0.23851052199416975,Medium
0.7321561078819235,High
0.5068837437174852,High
0.13316609917576908,Low
0.04762056461374358,Low
0.5612357564300702,High
0.1488472131660114,Low
0.6620562215377133,High
0.1250398462160192,Low
0.09612473353313795,Low
0.1107666696256706,Low
0.11185914964839953,Low
0.13071821624801852,Low
0.18834812498122616,Medium
0.23975039882980223,Medium
0.374414741833622,High
0.6498267904694043,High
0.5385386148048057,High
0.6668364959482291,High
0.040439225957860245,Low
0.05086498160613921,Low
0.45392100748653297,High
0.055793908287156364,Low
0.10095357189218115,Low
0.20971566657615362,Medium
0.17669538985294692,Medium
0.18216601932907586,Medium
0.49963421406432285,High
0.41554191069917984,High
0.04300141258604229,Low
0.14161997363874398,Low
0.033449747364742904,Low
0.596691229095854,High
0.03389629447558485,Low
0.1900039547849162,Medium
0.21878790918040017,Medium
0.1227605687298078,Low
0.1623282854037503,Low
0.33265213332212795,High
0.19756538004826485,Medium
0.15869996079510143,Low
0.14954542133588247,Low
0.17634183088114716,Medium
0.46428276383792255,High
0.16262782371561163,Low
0.0589819444546228,Low
0.20738451431953198,Medium
0.08383497168235261,Low
0.02762103508683112,Low
0.16078098110602276,Low
0.40090738331563924,High
0.12122536752880089,Low
0.11010933656945077,Low
0.07390322528979698,Low
0.11848534382921921,Low
0.19014192715025496,Medium
0.21412889223940246,Medium
0.17589687976782664,Medium
0.09814117545640891,Low
0.07950535772956764,Low
0.24846890898923968,Medium
0.6661128040809478,High
0.11858340169966186,Low
0.2070484014522167,Medium
0.179022922918957,Medium
0.11034722737718365,Low
0.09770391638022333,Low
0.39988528655894773,High
0.04149097567664429,Low
0.19980874649369734,Medium
0.5269529752885025,High
0.3359283206456332,High
0.13816155828191612,Low
0.4197065847986091,High
0.15908588384942635,Low
0.10940328233953521,Low
0.0493341949886542,Low
0.08292372009873464,Low
0.02186369355042928,Low
0.11374223513799091,Low
0.06831786589810507,Low
0.23997289294952406,Medium
0.26714194228771077,Medium
0.2251793445429652,Medium
0.13703500684322767,Low
0.3496845680954832,High
0.12357610863447087,Low
0.19471258585314724,Medium
0.27506860789330023,Medium
0.27619588433542047,Medium
0.16470223146598353,Low
0.1623085464270832,Low
0.272314755315115,Medium
0.022563157894848734,Low
0.2876681917322373,Medium
0.2824890624211822,Medium
0.2289831870780583,Medium
0.0833426402658465,Low
0.6387740300240079,High
0.19218881636309992,Medium
0.31246383109447856,Medium
0.5978583432127367,High
0.06457596658492924,Low
0.7392565123331011,High
0.15527634954268604,Low
0.339842440081274,High
0.680526640312225,High
0.06683935829491353,Low
0.19453889608035363,Medium
0.2288952791281892,Medium
0.1479274894374951,Low
0.4796294262250719,High
0.2868662930327185,Medium
0.22168657031968944,Medium
0.17446741987268052,Medium
0.6881661949620153,High
0.07575656220783705,Low
0.5463267629148634,High
0.157854301391895,Low
0.557174435149736,High
0.33088742857108555,High
0.06608387563070216,Low
0.3113088468828666,Medium
0.16093608134267318,Low
0.07688229096305686,Low
0.06729536805823672,Low
0.09527334329983078,Low
0.1319694678012875,Low
0.07862922604336507,Low
0.11140559354200115,Low
0.5794756469985055,High
0.15782516374493946,Low
0.19178306907906986,Medium
0.06025978025527308,Low
0.3952443084504726,High
0.14560135304440877,Low
0.19999662748065444,Medium
0.14415282124426196,Low
0.08870989141389966,Low
0.15560150787214258,Low
0.2579567244365774,Medium
0.1773817305881324,Medium
0.422865439653757,High
0.37109807835508163,High
0.083190083760703,Low
0.15596661642301554,Low
0.11583760441239542,Low
0.07966354197440592,Low
0.17825561328071676,Medium
0.10734588897163372,Low
0.3641444704390252,High
0.17106426684417037,Medium
0.6204716573153162,High
0.12295678465654941,Low
0.033472995395864895,Low
0.17301680721104537,Medium
0.4126603631213838,High
0.13131077237240596,Low
0.13131291686917876,Low
0.0481984835371581,Low
0.07990234742326396,Low
0.04755821503348112,Low
0.08164505409778329,Low
0.10741417727521411,Low
0.22075167155888625,Medium
0.24035920954955278,Medium
0.09767245453337774,Low
0.17302879949208497,Medium
0.22714766587287674,Medium
0.06977039548360812,Low
0.6800727785412666,High
0.9289081758174461,High
0.18888780599723579,Medium
0.06275493404563158,Low
0.41020525386243945,High
0.3130744453419186,Medium
0.11959817538438018,Low
0.25132917476941724,Medium
0.1926771627614548,Medium
0.15992559087420125,Low
0.1669836619394885,Medium
0.08230785546218054,Low
0.2031081263197512,Medium
0.49737414862432877,High
0.1608536189710632,Low
0.09759337248145682,Low
0.18421804582431378,Medium
0.15829625282650245,Low
0.2534580591766675,Medium
0.16832684350213106,Medium
0.36167080602698787,High
0.42097536278192127,High
0.3812949996808295,High
0.6208799779207216,High
0.19670574335952043,Medium
0.15082776856486893,Low
0.31479518609441187,Medium
0.2062351445075653,Medium
0.3874052140893104,High
0.17339357272028802,Medium
0.17860390827699602,Medium
0.9358623664336173,High
0.10439990415891752,Low
0.5642110344597336,High
0.16531102659675634,Low
0.13953923501683843,Low
0.22429874222835341,Medium
0.3335581663481238,High
0.12683513165754293,Low
0.11808291835488839,Low
0.2537551699512429,Medium
0.0687967876910396,Low
0.10842923889209569,Low
0.06919005961806753,Low
0.16331756709719888,Low
0.07787026247225334,Low
0.3012744934679544,Medium
0.09066167166314423,Low
0.23491006579601684,Medium
0.2512606049948771,Medium
0.11164938940837758,Low
0.11848106162635429,Low
0.15722893307277597,Low
0.12167057163106025,Low
0.8177517429620158,High
0.09986881044780474,Low
0.1417165737643376,Low
0.41345015955904774,High
0.06223013927375428,Low
0.08006589411396119,Low
0.08563256472279612,Low
0.1577574174789298,Low
0.6382813090046517,High
0.3799104151387553,High
0.08137678429486571,Low
0.09943145738656974,Low
0.059138181039723806,Low
0.28535849204010283,Medium
0.19119753593604435,Medium
0.3670643804347125,High
0.13840759159982483,Low
0.1054180646048661,Low
0.6679764329106285,High
0.13749873204425933,Low
0.2159043133540259,Medium
0.22972015202472887,Medium
0.1760524007365283,Medium
0.3078524647122984,Medium
0.1047452599457254,Low
0.07689592513046478,Low
0.2689698188506654,Medium
0.42056558983581727,High
0.34512894569798397,High
0.2954798435637715,Medium
0.08554274371282682,Low
0.2163645847651525,Medium
0.18251581117823917,Medium
0.24090167912451346,Medium
0.19020083492514714,Medium
0.17211762891503593,Medium
0.843067436274141,High
0.4717042002033444,High
0.41209708936885014,High
0.09365844701266889,Low
0.6430898990272443,High
0.25306507376727017,Medium
0.21913394862147792,Medium
0.114001939315994,Low
0.16822380060116074,Medium
0.268339408724453,Medium
0.14005341627194923,Low
0.22903781854036084,Medium
0.18705621541750284,Medium
0.1238540244428264,Low
0.08570211159812832,Low
0.2387621174357384,Medium
0.16778295089706705,Medium
0.22225074931610356,Medium
0.2037018766314685,Medium
0.12827306961688936,Low
0.12398272387516059,Low
0.4358092584984434,High
0.40708109548178695,High
0.9492802980115311,High
0.10795144891815071,Low
0.3254617210092677,High
0.6809314575223194,High
0.08878107499596237,Low
0.07381178712975314,Low
0.46569138306836355,High
0.6998288349054055,High
0.10029276110180833,Low
0.1506269759882599,Low
0.07039511431940412,Low
0.0734064616463175,Low
0.2889600841090151,Medium
0.40927898237485916,High
0.0701148192235035,Low
0.24376800288150527,Medium
0.09998487937597314,Low
0.22163330190337252,Medium
0.2460935017272687,Medium
0.19206336761904746,Medium
0.04788509007830113,Low
0.16596812003174893,Low
0.15268861609892934,Low
0.13832773879427285,Low
0.1352767251142714,Low
0.17723514252591308,Medium
0.19882520463240308,Medium
0.17371270180535198,Medium
0.09110767228304525,Low
0.21765771067715523,Medium
0.13172560748162782,Low
0.12373264530357292,Low
0.3872747851685132,High
0.07213977052512091,Low
0.13333553958609942,Low
0.6772268272880235,High
0.40968999726410815,High
0.14320298743094612,Low
0.44122095341249123,High
0.21990213480777088,Medium
0.779949733114975,High
0.07414784240596949,Low
0.23536060833061676,Medium
0.5416673718227143,High
0.2637393774585291,Medium
0.4036603064248904,High
0.04015045304276923,Low
0.5517144414479351,High
0.16247849672681747,Low
0.22603559392003736,Medium
0.17321065661334073,Medium
0.46818550024449607,High
0.19672701382646113,Medium
0.16067729714058926,Low
0.14420366242542113,Low
0.19101186590346028,Medium
0.16473547910712416,Low
0.5211468271620355,High
0.04632034157198584,Low
0.4999804123592959,High
0.5299299819930893,High
0.22733317633597966,Medium
0.15334917802549558,Low
0.052949965774583975,Low
0.221548642676035,Medium
0.1692622737200678,Medium
0.13829458172269715,Low
0.2879380321340904,Medium
0.0657116562408619,Low
0.16014672078596634,Low
0.19584802149661762,Medium
0.1328637268476418,Low
0.1947711717808977,Medium
0.21172601579532135,Medium
0.26559603174104784,Medium
0.11542734321445279,Low
0.23063607428929886,Medium
0.0702171205720824,Low
0.19120003749696776,Medium
0.23956734227571977,Medium
0.23526577237413726,Medium
0.11194563416711667,Low
0.15861221082053373,Low
0.5648607200434578,High
0.08843212847119047,Low
0.10965252627105403,Low
0.18658420295782363,Medium
0.4371056756905893,High
0.23759378386536098,Medium
0.49803469755401053,High
0.06639336452383211,Low
0.029441825111083456,Low
0.06825902648039836,Low
0.07599872959412353,Low
0.12976719755898547,Low
0.12843040249148086,Low
0.051780401940535736,Low
0.30345210797014127,Medium
0.3528755920596194,High
0.17501411183722926,Medium
0.1559304651644186,Low
0.17988593917150922,Medium
0.10737697069668309,Low
0.5295730479292043,High
0.13302397201552796,Low
0.09164695585288539,Low
0.10439668924557251,Low
0.07345839908835333,Low
0.16409729274633023,Low
0.14879269481120816,Low
0.02092793313624212,Low
0.15859784020700068,Low
0.1891455877735585,Medium
0.5126908266982679,High
0.4128825786804177,High
0.7298656802255589,High
0.1410103940151753,Low
0.12546409423331342,Low
0.1368373932134034,Low
0.020273284154536022,Low
0.17081815960020713,Medium
0.247673070744572,Medium
0.12042609572821866,Low
0.25990537776182754,Medium
0.11027019121873037,Low
0.12504582280364124,Low
0.05315305750916803,Low
0.4082705274109204,High
0.09160168550668053,Low
0.3864238087242914,High
0.09489301396683687,Low
0.06495553698341437,Low
0.128232842561246,Low
0.10203388634576693,Low
0.012980912746574468,Low
0.1648147076215762,Low
0.31886287647361294,Medium
0.561314436599238,High
0.7704608062172377,High
0.11237522062346461,Low
0.43333975827566584,High
0.2549774396091888,Medium
0.2431697721084244,Medium
0.284586362360958,Medium
0.6348793250905426,High
0.08917299110562142,Low
0.5444488788897787,High
0.10683374525037216,Low
0.2588540804354046,Medium
0.11381325426411706,Low
0.17255524548018955,Medium
0.10414367985976751,Low
0.1455553351187822,Low
0.408045017533653,High
0.18488258660246595,Medium
0.4697449180396227,High
0.03022212889324585,Low
0.25302140464275114,Medium
0.3053699038194704,Medium
0.018631468174972833,Low
0.23713325764352305,Medium
0.230739316853495,Medium
0.2145993393796855,Medium
0.34530494070450857,High
0.07109194824985543,Low
0.9589764880150421,High
0.0902804995837984,Low
0.2799766986102791,Medium
0.09434617037892855,Low
0.1672155446368184,Medium
0.024718175070664327,Low
0.16584094622575837,Low
0.10571401183356187,Low
0.42450630789092875,High
0.03366035562687312,Low
0.15805644851395168,Low
0.07013596017984022,Low
0.11753862429064332,Low
0.5134505581429117,High
0.36974776269024023,High
0.40330099800035035,High
0.41476221486574805,High
0.10886007786883714,Low
0.1754138678556622,Medium
0.19409028513187845,Medium
0.13311399402879198,Low
0.47972853624850553,High
0.2992756604136327,Medium
0.18001057084593064,Medium
0.10651851108534277,Low
0.11810682514989923,Low
0.19041972329311532,Medium
0.16314342132720877,Low
0.07101135284575093,Low
0.17137314588338512,Medium
0.20016014960850018,Medium
0.5007582840698076,High
0.15222142783609388,Low
0.15072901836589458,Low
0.2290595005052631,Medium
0.31685490922057047,Medium
0.18855350765871345,Medium
0.08999842942883135,Low
0.14025995748722647,Low
0.26013447327335393,Medium
0.1444914893062215,Low
0.5224243665735295,High
0.3173968965203772,Medium
0.1714727838684709,Medium
0.20864824008914368,Medium
0.15823722582970662,Low
0.6727515641904064,High
0.6539359590935316,High
0.1507963914273929,Low
0.23263469395927155,Medium
0.09363704438915793,Low
0.2417689188657937,Medium
0.9421337555094158,High
0.08666909668420128,Low
0.14856695227846858,Low
0.48175078965958834,High
0.14871700052641304,Low
0.05979913792752721,Low
0.11228765692213556,Low
0.10115882425983616,Low
0.10033538188458445,Low
0.16736528027512834,Medium
0.3271194101173188,High
0.6685710079987266,High
0.06534990152137622,Low
0.0748905354815335,Low
0.10296567156106713,Low
0.2951151428564864,Medium
0.16821803978472152,Medium
0.28296641723396376,Medium
0.19558052023990857,Medium
0.3319940980275005,High
0.08467383122708409,Low
0.2647204558074692,Medium
0.33454506750077073,High
0.14395621374519976,Low
0.28818789466522043,Medium
0.09927870747039687,Low
0.19937109387688393,Medium
0.18740492159018865,Medium
0.29131510053718973,Medium
0.10699231218068343,Low
0.360467779864042,High
0.1869809896524669,Medium
0.13088704427799217,Low
0.058178827643274846,Low
0.16862126185280507,Medium
0.47570377637188965,High
0.3060996753251462,Medium
0.14173769194281666,Low
0.4915900832486472,High
0.08572059270093647,Low
0.2566531993480556,Medium
0.5380460756965266,High
0.07562898201817932,Low
0.2929986165486897,Medium
0.21213977279139293,Medium
0.18643702496612446,Medium
0.6747489935918024,High
0.19114135008914965,Medium
0.126738550680685,Low
0.19130203907513096,Medium
0.3991004426893082,High
0.18743039447479348,Medium
0.20167194757450813,Medium
0.14933504407762888,Low
0.22123479294890994,Medium
0.05272948357492315,Low
0.11839494918035727,Low
0.23773548908072234,Medium
0.13554158794714752,Low
0.09256071933635207,Low
0.4682960728395866,High
0.5184395400389306,High
0.08905955536575302,Low
0.11602382875881648,Low
0.084661157199908,Low
0.15147406779866548,Low
0.09445143821633593,Low
0.068017992862604,Low
0.3356072240321492,High
0.17718004316292374,Medium
0.1062485386654555,Low
0.059006455187370445,Low
0.08232866323134229,Low
0.17732605247020986,Medium
0.23593121283257373,Medium
0.08846490251203656,Low
0.10501898212482322,Low
0.46184702886832313,High
0.14832759989123215,Low
0.029719063881304908,Low
0.06677790068033693,Low
0.22315190189564688,Medium
0.09231101772259036,Low
0.05844206945885283,Low
0.11433338685337001,Low
0.14389817109087888,Low
0.2147334332247305,Medium
0.1428283427633049,Low
0.1010760841208781,Low
0.5045934203142448,High
0.14959851302585017,Low
0.019759718504479575,Low
0.10025931439968891,Low
0.08843860937702634,Low
0.10302288697345328,Low
0.05662187573815048,Low
0.11516441610891254,Low
0.23536982690355585,Medium
0.0854415461033353,Low
0.21657662805103603,Medium
0.14846580095332484,Low
0.20928670976717645,Medium
0.085745471836993,Low
0.12861473475560356,Low
0.12111387853554995,Low
0.6413333651412934,High
0.3122560901669799,Medium
0.0760412670815222,Low
0.1388426848299031,Low
0.18954989478884338,Medium
0.11706079752818803,Low
0.1220796255345092,Low
0.08119302652951511,Low
0.12091337767080387,Low
0.09905536172459553,Low
0.19274881407511013,Medium
0.44731346533301297,High
0.15961738317105667,Low
0.5223772489410913,High
0.2804165153201369,Medium
0.29649908231431926,Medium
0.24404242408123245,Medium
0.21189489527709549,Medium
0.22539547501697893,Medium
0.19503747485718767,Medium
0.21905381718259145,Medium
0.177885929336639,Medium
0.12819076931582318,Low
0.22377383067484025,Medium
0.07143887481399253,Low
0.10682983484690754,Low
0.08664518863090524,Low
0.14368226998060982,Low
0.16006639477879908,Low
0.0786113574355378,Low
0.02845220676697572,Low
0.0883342151846096,Low
0.1509653993737202,Low
0.25776788996933103,Medium
0.04974715292070357,Low
0.11676353464321038,Low
0.2300370045147444,Medium
0.10135174505740262,Low
0.14900315290161983,Low
0.12122455949339592,Low
0.1513661143820788,Low
0.12362778915778147,Low
0.04601623961949232,Low
0.1354149522671962,Low
0.5694777450908474,High
0.152101030267722,Low
0.13858274380366986,Low
0.27396577202994704,Medium
0.1823491980372347,Medium
0.17738758412048913,Medium
0.08075345093576536,Low
0.19683706092215328,Medium
0.16874370983776962,Medium
0.1934733134248374,Medium
0.12462987975455467,Low
0.6865110537020784,High
0.28295020286730244,Medium
0.40312262148816974,High
0.3572523546425024,High
0.06830241522215595,Low
0.049497519816070444,Low
0.08636310479554807,Low
0.3361980784941095,High
0.1388992155358139,Low
0.3851874420096804,High
0.3060712187175931,Medium
0.19854661054059908,Medium
0.11677591761280107,Low
0.0878325721984742,Low
0.13267893656113738,Low
0.44369589985033514,High
0.1967136884987079,Medium
0.5579007871210194,High
0.5496954665727961,High
0.2141714765592924,Medium
0.09820594681113695,Low
0.25795409108862366,Medium
0.08874297055913345,Low
0.22007432497291923,Medium
0.09565186530610006,Low
0.07672252210962956,Low
0.15424392995122108,Low
0.14639923664901972,Low
0.038837907287574774,Low
0.018070915003309998,Low
0.1372590177352071,Low
0.1541461991988309,Low
0.19395194357368253,Medium
0.6771733269749342,High
0.1934931441676489,Medium
0.2734858783448165,Medium
0.29287418724060027,Medium
0.09070703879731801,Low
0.11095720393295491,Low
0.09900601066585378,Low
0.10520098356607993,Low
0.109203453695716,Low
0.22082151011809395,Medium
0.05970301442448406,Low
0.20093352497216815,Medium
0.11887233533226128,Low
0.1958114654201829,Medium
0.21134019146133515,Medium
0.06732050147565993,Low
0.09020037393632328,Low
0.5322434537679749,High
0.10761842331550518,Low
0.07435646992424456,Low
0.13941154745778447,Low
0.10672668139026331,Low
0.20813778592305537,Medium
0.5661591202962166,High
0.1605241966697571,Low
0.08863595988540235,Low
0.10610050470663168,Low
0.24026692552067988,Medium
0.13258684830563247,Low
0.20819225464097504,Medium
0.05321418888509795,Low
0.1434663278967367,Low
0.08814608407088144,Low
0.10007165784253146,Low
0.2546926551200204,Medium
0.04556353110973994,Low
0.39076427177219974,High
0.14757135497822615,Low
0.2498110156353358,Medium
0.09032007143534154,Low
0.22720266297022357,Medium
0.5485706193631315,High
0.28061367127039494,Medium
0.18938076444224144,Medium
0.8431555827476408,High
0.17358224815624185,Medium
0.24764532681467177,Medium
0.2289601447190333,Medium
0.124884595781474,Low
0.22370496597263415,Medium
0.1539228773500625,Low
0.1040371855813299,Low
0.24971909787714838,Medium
0.3606181609656354,High
0.13077201031310615,Low
0.37082383049263673,High
0.26408276456722335,Medium
0.07653087681455016,Low
0.17478504049615495,Medium
0.10032041934588891,Low
0.35880159193477745,High
0.21331957896974021,Medium
0.27216654350897124,Medium
0.16284281542458473,Low
0.3044651417162663,Medium
0.13204430748322976,Low
0.11977711639402504,Low
0.32085558531586156,Medium
0.10647589633238613,Low
0.16823758476214593,Medium
0.08958663568074629,Low
0.6265989503787232,High
0.36034273015467144,High
0.015075158010964668,Low
0.41112588023579105,High
0.12171645273669225,Low
0.23974618088548105,Medium
0.16368286155719078,Low
0.3497977378700603,High
0.13764468638852967,Low
0.09194424884802875,Low
0.07037781266919281,Low
0.14121440737379617,Low
0.28934487439853857,Medium
0.15937068035225516,Low
0.14391536522464712,Low
0.6297089528684391,High
0.10235068006056634,Low
0.14563699103949845,Low
0.07645209833911792,Low
0.2794669184258564,Medium
0.20473322984320488,Medium
0.5603393032111639,High
0.20159929475426974,Medium
0.11396708122058576,Low
0.06630057264679223,Low
0.08147539324074288,Low
0.5294877562336036,High
0.02750826584761135,Low
0.16933131034784055,Medium
0.1949680668534289,Medium
0.4310145935762675,High
0.20296992609111192,Medium
0.04923566416304502,Low
0.3708030170836309,High
0.355672604477954,High
0.12720013493782192,Low
0.30949423817962435,Medium
0.20098903375358632,Medium
0.1815560458710497,Medium
0.174626897825315,Medium
0.23105091308652356,Medium
0.5372395269003104,High
0.16232282665400125,Low
0.4455849193616772,High
0.12073882925742586,Low
0.3591224063395407,High
0.6119749662775169,High
0.3186290901554622,Medium
0.24879600954032008,Medium
0.025871560836659684,Low
0.12174866117474632,Low
0.535037496853626,High
0.16792184769105536,Medium
0.18581506931237263,Medium
0.13976422301511562,Low
0.18558073834040095,Medium
0.22193794462921168,Medium
0.13537629776857982,Low
0.6667594556999287,High
0.110813617494236,Low
0.061922567657122486,Low
0.10138513980770653,Low
0.24910510442821204,Medium
0.6412390757298612,High
0.14309906143383674,Low
0.13626367650084711,Low
0.11904971391394398,Low
0.18387909698560656,Medium
0.4528586010055724,High
0.15297263820500792,Low
0.2189166273340224,Medium
0.14638895648119052,Low
0.21916088034543282,Medium
0.12277073485194119,Low
0.08849445193228658,Low
0.15191510349884566,Low
0.1160641288085056,Low
0.5037230284620962,High
0.4411358128226777,High
0.04399179080741944,Low
0.12475520168126915,Low
0.1793693851780894,Medium
0.7150798916282631,High
0.28929413045169383,Medium
0.1164139939321015,Low
0.051738711625728996,Low
0.1310132059564153,Low
0.08282510116472058,Low
0.3733963380438874,High
0.3814280499173859,High
0.5555982522369605,High
0.29980624288469676,Medium
0.09218381351802356,Low
0.2340337409932718,Medium
0.025631136364940955,Low
0.12705153998798618,Low
0.6103429413246102,High
0.13516481469497005,Low
0.1026047042329551,Low
0.03512222013938853,Low
0.11762853812507126,Low
0.553136171728675,High
0.15235047721113518,Low
0.13534847497374128,Low
0.6441404019650758,High
0.23407205653242064,Medium
0.12732678649273094,Low
0.0795991608272178,Low
0.15687559161370898,Low
0.5081354663364477,High
0.2772778231465734,Medium
0.24335820542446532,Medium
0.16859721199427538,Medium
0.08306719075083023,Low
0.11566834264992099,Low
0.04993164447662766,Low
0.6305244335445034,High
0.09609022090731231,Low
0.13042653351650912,Low
0.15368345420743795,Low
0.2446699225984448,Medium
0.16391213100563165,Low
0.04019318040665387,Low
0.12154471920315832,Low
0.150814917137063,Low
0.09184716837968393,Low
0.6188133598068788,High
0.15512423089526325,Low
0.13405583504205582,Low
0.4349989445858494,High
0.03398080946819178,Low
0.52600266932108,High
0.07181850442906838,Low
0.10944329852606567,Low
0.17474785719050073,Medium
0.041920979880671276,Low
0.17477692573141237,Medium
0.07975853981609958,Low
0.25205254838795405,Medium
0.38523021263552687,High
0.2407483538544055,Medium
0.2275568454279336,Medium
0.22471009422071633,Medium
0.4835311301430509,High
0.4069752088713131,High
0.49774462146073417,High
0.12206683392984688,Low
0.13938752810093552,Low
0.49484762956270567,High
0.15464821626816558,Low
0.13004359395648413,Low
0.2728195999299517,Medium
0.11373639119104653,Low
0.08355024084015229,Low
0.049046502657053875,Low
0.059888943320196265,Low
0.23339418859744218,Medium
0.07874766925429612,Low
0.0526047109354288,Low
0.14104944134709999,Low
0.4451392834512909,High
0.3597585052091228,High
0.08125522038644492,Low
0.10746430845793017,Low
0.1381723742565949,Low
0.09660648970253549,Low
0.2248471384119047,Medium
0.13591211540267753,Low
0.08256546336207522,Low
0.17454920666611554,Medium
0.4111207604504037,High
0.09665046609720164,Low
0.23860171971217414,Medium
0.03796549979592669,Low
0.23078255706795217,Medium
0.44278089213631755,High
0.20452531679394878,Medium
0.15518315881115663,Low
0.35081173965865126,High
0.15271372869748118,Low
0.025223388246794275,Low
0.12237728362248437,Low
0.15883380275596296,Low
0.1743183198154773,Medium
0.22819738222129166,Medium
0.19386343571290382,Medium
0.1693554761173546,Medium
0.08999964540009786,Low
0.1009217352006563,Low
0.1616593575785041,Low
0.23832624497962893,Medium
0.3499482971121586,High
0.12276913369397681,Low
0.20315111989104123,Medium
0.1105062930457533,Low
0.12425211190387107,Low
0.06872440952552303,Low
0.4351620562173648,High
0.08672493878262727,Low
0.1618146930264134,Low
0.1297418801807569,Low
0.21245469981199436,Medium
0.08983482750167356,Low
0.018406372200974994,Low
0.11808491836910377,Low
0.09950330861390996,Low
0.33978846988122574,High
0.09024420721583243,Low
0.1314749618106602,Low
0.47298402926170546,High
0.1364797596995986,Low
0.19540191306854154,Medium
0.20974473519594442,Medium
0.11185329845586078,Low
0.0679821614456394,Low
0.11019921111160648,Low
0.12478000790371302,Low
0.4042060687765916,High
0.5718078947538977,High
0.26086931291191645,Medium
0.34034815289674586,High
0.36247790053147866,High
0.19299981221727075,Medium
0.4716188566796557,High
0.1460576153878559,Low
0.3091256478194119,Medium
0.04941826796091884,Low
0.4634296459552477,High
0.018445014767231517,Low
0.45410069191258573,High
0.13481473779556996,Low
0.360933526448289,High
0.12927543845363665,Low
0.2226541916986882,Medium
0.10244173931246216,Low
0.23138584539833934,Medium
0.25777742771809764,Medium
0.2532421002772988,Medium
0.25529122322813724,Medium
0.09780623571661355,Low
0.3168889078778201,Medium
0.0775784971596809,Low
0.23168148680455905,Medium
0.21214745757762116,Medium
0.144525432441351,Low
0.7163638169108087,High
0.36591067345233197,High
0.15977561324628783,Low
0.10298339777547469,Low
0.2444511919007625,Medium
0.04624431225524899,Low
0.18127878734984482,Medium
0.08014566262117558,Low
0.42147702087171346,High
0.16743519975377122,Medium
0.20444728890966937,Medium
0.3687279158555119,High
0.053957991625481386,Low
0.14720906455007982,Low
0.057901650154670074,Low
0.05275329456153954,Low
0.03393318813796826,Low
0.20678216218640308,Medium
0.07351444201440907,Low
0.3672254523745709,High
0.14357458691656214,Low
0.16841932381178784,Medium
0.4221769306788534,High
0.13414531841420266,Low
0.06597997542649534,Low
0.12991944030419428,Low
0.19980681150589663,Medium
0.4977999584163555,High
0.14979223440365153,Low
0.16063722315646461,Low
0.16458500839028667,Low
0.1826957026917628,Medium
0.15817193311586217,Low
0.4514400514088566,High
0.20619337298033086,Medium
0.27532853665743845,Medium
0.35125789923064854,High
0.13645596250111294,Low
0.045033144929134385,Low
0.10870568617822644,Low
0.09678413071233548,Low
0.5190820697727057,High
0.14574722192863385,Low
0.14423940418272851,Low
0.06560247125819096,Low
0.3702823420588772,High
0.13242515081744596,Low
0.35565404484960195,High
0.3104984617091911,Medium
0.4574486255023083,High
0.1623970912097003,Low
0.16478621976623206,Low
0.390879502013453,High
0.7849015464129543,High
0.14476374101848277,Low
0.10181551160875536,Low
0.1437289756824,Low
0.2143674441465563,Medium
0.6002120336405649,High
0.38737243538523614,High
0.42141772993079024,High
0.526546767463993,High
0.16160483751433094,Low
0.43608891684310247,High
0.48957045187602605,High
0.19435048141448363,Medium
0.7715948926311629,High
0.5223170853429604,High
0.255441871165259,Medium
0.177049060785307,Medium
0.12183094787335849,Low
0.19472490955113578,Medium
0.18572357009423127,Medium
0.5814105167879179,High
0.1261542153050596,Low
0.49460148338647786,High
0.23542814609494056,Medium
0.1535077705652841,Low
0.45877130619141104,High
0.7400278929073806,High
0.1045144505602526,Low
0.12676543204570692,Low
0.09728194226042602,Low
0.15351887070406983,Low
0.19488359818884587,Medium
0.5325541846644057,High
0.12177680030654929,Low
0.17256006065093224,Medium
0.1407670966473767,Low
0.6828686136255279,High
0.09855574773906244,Low
0.18212237399030742,Medium
0.1612137882091899,Low
0.21662266695962532,Medium
0.16766338202288666,Medium
0.21838005377909012,Medium
0.2178210782169263,Medium
0.0918846002784216,Low
0.15286202642957597,Low
0.4152178890954589,High
0.23564367144067802,Medium
0.38054927480116013,High
0.10088512528773916,Low
0.231272811894006,Medium
0.16283272304986696,Low
0.17072766163176867,Medium
0.2653069128811695,Medium
0.15840818462160444,Low
0.087883308306339,Low
0.42308972352308466,High
0.12710446506070042,Low
0.5169144492307776,High
0.22169259178754128,Medium
0.2343506361283853,Medium
0.21445791264943367,Medium
0.2197699867918002,Medium
0.34463664585889575,High
0.03845212759107136,Low
0.12353115426716431,Low
0.13810738025437277,Low
0.2426235584629582,Medium
0.4041951413697684,High
0.08194085072008242,Low
0.263096557828536,Medium
0.36187765640112707,High
0.5432946083869779,High
0.24066557420652712,Medium
0.5894009166786692,High
0.1382963937048134,Low
0.040034747596112356,Low
0.20134478501651834,Medium
0.16244711148798116,Low
0.4827961427608864,High
0.1818731397212145,Medium
0.10034943019699835,Low
0.4954990610909203,High
0.45050310269376886,High
0.17637898928063356,Medium
0.11054959494899283,Low
0.1059783315716725,Low
0.18892949819875496,Medium
0.059730342972209985,Low
0.042125816611106,Low
0.3048795228772686,Medium
0.48000935393249755,High
0.15582901208155994,Low
0.12512529669956593,Low
0.18644337097746475,Medium
0.11937758201777686,Low
0.15022207228969187,Low
0.18681775919868626,Medium
0.5784394243972484,High
0.30157691963410665,Medium
0.2259248351380972,Medium
0.801838707443912,High
0.15671023462524022,Low
0.5201075232471555,High
0.3215584398675174,Medium
0.15150782321641226,Low
0.208828407610118,Medium
0.14541968250377654,Low
0.06078581713947968,Low
0.5539802783794935,High
0.24637483796064708,Medium
0.256621827673446,Medium
0.25943313294154124,Medium
0.08411116949552373,Low
0.13261309590492087,Low
0.40729549788784586,High
0.12974908157377366,Low
0.08712236487788326,Low
0.07205544272713717,Low
0.642439479756534,High
0.1396278279764384,Low
0.14804776876213388,Low
0.21060423050172145,Medium
0.3120498666379327,Medium
0.1688044951751887,Medium
0.09672983268847073,Low
0.1753903901629742,Medium
0.2115309994726853,Medium
0.16351075367691745,Low
0.27059398703552606,Medium
0.19133479306682127,Medium
0.22843084335160596,Medium
0.17765556463364818,Medium
0.7029111425540396,High
0.1611161595256591,Low
0.11994410827540095,Low
0.29280195669659087,Medium
0.18722872456999126,Medium
0.49171693676280737,High
0.14376638556449484,Low
0.0802790367965005,Low
0.21672659660427326,Medium
0.11158100920976069,Low
0.36484766645465433,High
0.2364759100568843,Medium
0.17369136710433694,Medium
0.38750428295080963,High
0.08943475736911263,Low
0.21348932470989246,Medium
0.1228573658671208,Low
0.13102006584076695,Low
0.35681706135884356,High
0.09486591305292458,Low
0.02599424827478256,Low
0.10346132948226466,Low
0.23334678388909785,Medium
0.21550755713189487,Medium
0.579384398282641,High
0.14326876818853235,Low
0.030743583034720978,Low
0.1526204041541504,Low
0.2307952494670556,Medium
0.11179459060888942,Low
0.1067993935717351,Low
0.24727994083503407,Medium
0.09754681536430246,Low
0.1423959507939282,Low
0.47606232158039613,High
0.12996395287331525,Low
0.14307320898951903,Low
0.5890626077781674,High
0.09579474902293722,Low
0.3429107265314431,High
0.1279076835444777,Low
0.09633311538020024,Low
0.09101132597909205,Low
0.09604502457973034,Low
0.6448185219275017,High
0.03707837905463155,Low
0.03205612327569966,Low
0.1685698183548115,Medium
0.21698680823742234,Medium
0.07938542722222801,Low
0.7245423276904941,High
0.11656715324325992,Low
0.5388705680253442,High
0.13169755071289296,Low
0.6309547556540909,High
0.11284891839635011,Low
0.5244521650998656,High
0.14072648822091113,Low
0.23125684754978187,Medium
0.15145259970277877,Low
0.1388837835348353,Low
0.13581984495960847,Low
0.9530121162946976,High
0.11634193982248,Low
0.15074442505672106,Low
0.49158736099526307,High
0.24233002563949713,Medium
0.06292422905028221,Low
0.3135278257085278,Medium
0.6042781968075523,High
0.16408524463065155,Low
0.21731038249115356,Medium
0.44708930387949364,High
0.0763825292698896,Low
0.43243384025146375,High
0.0809935132498357,Low
0.15618058347088995,Low
0.09907136421044498,Low
0.17886564870163152,Medium
0.5245875686797498,High
0.18883407476886835,Medium
0.2070321555404314,Medium
0.2456529594443466,Medium
0.24680866753596228,Medium
0.6680285231082256,High
0.28781844115221344,Medium
0.12979073970724958,Low
0.4031644474132738,High
0.3686853861427751,High
0.19572799495735047,Medium
0.41565449466452126,High
0.4387856122616938,High
0.19610511726548557,Medium
0.22428594405426974,Medium
0.18499474337559738,Medium
0.5298951342190881,High
0.3000042772103726,Medium
0.2984120811963924,Medium
0.7728903299150898,High
0.0926445384482599,Low
0.4373924187560984,High
0.2043113796465779,Medium
0.5606583772270941,High
0.19323650308005288,Medium
0.17318546549534367,Medium
0.1545688875232319,Low
0.31737063489487066,Medium
0.25866599267155205,Medium
0.04844403491226564,Low
0.1125722855727051,Low
0.13115631258358804,Low
0.14409382046907862,Low
0.1168079766974115,Low
0.25099015606382524,Medium
0.18025699662768657,Medium
0.9580590137675145,High
0.14806133665061705,Low
0.4212990234269163,High
0.13880800289866932,Low
0.20262965184736528,Medium
0.08110074095646368,Low
0.19812268127446592,Medium
0.4839895862017116,High
0.20467478286374355,Medium
0.1972581322817328,Medium
0.1669927495885255,Medium
0.07223323409771419,Low
0.3589683602441282,High
0.14247671040606336,Low
0.15541477734259518,Low
0.2223642580230907,Medium
0.968194327448422,High
0.20815323948556508,Medium
0.0697500029024525,Low
0.048180381257995786,Low
0.34289167586203834,High
0.1934556864878846,Medium
0.10556615520714471,Low
0.34257808074928403,High
0.13869821948395208,Low
0.5636049131410481,High
0.26800697941225615,Medium
0.41121621653232227,High
0.4892886822688235,High
0.519001038667348,High
0.0517267666839223,Low
0.5756726761619804,High
0.19466206938617087,Medium
0.18092936213567465,Medium
0.1560021294217417,Low
0.3393880414547554,High
0.15724660130841386,Low
0.16355016890728752,Low
0.30966333382860417,Medium
0.8728455334533964,High
0.21001731960278955,Medium
0.23353038157302733,Medium
0.13931654522759637,Low
0.17383905414710896,Medium
0.2570901170160838,Medium
0.10678606812352007,Low
0.10076663871725837,Low
0.4528449026320801,High
0.21289534698488347,Medium
0.36831167236268825,High
0.03279097827009532,Low
0.06935565924276714,Low
0.6756781049406906,High
0.06744788618377096,Low
0.037607000675052044,Low
0.06740485065039417,Low
0.20062057521617024,Medium
0.16908525596115112,Medium
0.1290397634409628,Low
0.18278415020321698,Medium
0.386933291691342,High
0.2113648938173066,Medium
0.2344073027940329,Medium
0.40534908285822496,High
0.20419911116203837,Medium
0.1862833815876696,Medium
0.7490515331845713,High
0.20828592891894585,Medium
0.1526039801462319,Low
0.10469566371146335,Low
0.17709899878090576,Medium
0.1822157439856404,Medium
0.12385400157495721,Low
0.09690866129701449,Low
0.23692997816924105,Medium
0.4689587570895897,High
0.2592188099554575,Medium
0.2075523553301244,Medium
0.09972816698250643,Low
0.13550616510059307,Low
0.14991885066642308,Low
0.17387041110360663,Medium
0.523757226267444,High
0.48464140333495753,High
0.07360097209102522,Low
0.2347989818707543,Medium
0.11895014924636119,Low
0.08059462453631835,Low
0.04302753810797848,Low
0.3820668467064971,High
0.3793219855138791,High
0.5490793877181293,High
0.6679244215032656,High
0.09673980631671196,Low
0.33003601706271357,High
0.4459905014106165,High
0.31175211563205124,Medium
0.7021316552773401,High
0.6514035020452699,High
0.1410795904526978,Low
0.23782184491316471,Medium
0.12659968328941318,Low
0.04699359659498374,Low
0.5641857006073465,High
0.20316762006420544,Medium
0.16401428815719693,Low
0.17007702636504643,Medium
0.2544163473678037,Medium
0.2263888982804536,Medium
0.09587121611442141,Low
0.17015042291974003,Medium
0.15922088094713058,Low
0.12560409787914506,Low
0.15975002496969135,Low
0.13183634551511772,Low
0.425644068853809,High
0.09368173110381685,Low
0.11399717232809037,Low
0.2284431116415657,Medium
0.15335149017879166,Low
0.22443555249429767,Medium
0.55658501411316,High
0.0507625321182167,Low
0.19943241462841751,Medium
0.40980454371845787,High
0.626809126252331,High
0.6418731454605733,High
0.2060859904299869,Medium
0.16805963477581368,Medium
0.2537958418133566,Medium
0.16626084423118778,Low
0.38829716074432374,High
0.42598565014774087,High
0.22542707366810516,Medium
0.3677350563896944,High
0.18935709941344417,Medium
0.39165195576852513,High
0.11338952873103368,Low
0.3218141404599016,Medium
0.17485829674840006,Medium
0.21508053468128308,Medium
0.4469557580706492,High
0.22792005888362396,Medium
0.16977943114715777,Medium
0.11570688810312799,Low
0.03890996611270127,Low
0.055015863101676346,Low
0.12497188063181965,Low
0.05839281328378902,Low
0.08811992587205579,Low
0.27864614020343403,Medium
0.15741712584031228,Low
0.06538749020110844,Low
0.18603181099609595,Medium
0.4193795529767425,High
0.12036709124169416,Low
0.06659153791861873,Low
0.6293232722607307,High
0.09801473010118747,Low
0.1215909602398325,Low
0.13438915275829685,Low
0.11833560588441443,Low
0.36596567503864363,High
0.2826074302309127,Medium
0.17900570339962482,Medium
0.2139875479361823,Medium
0.22951729150814873,Medium
0.09559943572411261,Low
0.08571692755478137,Low
0.2407534769598638,Medium
0.15991920858366138,Low
0.015445632087567156,Low
0.23771779094888948,Medium
0.3482455735344883,High
0.1281714041464913,Low
0.22738013381113306,Medium
0.22544515580449806,Medium
0.6822075442605491,High
0.10060844552593784,Low
0.09434592654397436,Low
0.05545297978493832,Low
0.09890108735474092,Low
0.10873540287975926,Low
0.4007434721607138,High
0.1730843812144998,Medium
0.09382592137612089,Low
0.0773697784550818,Low
0.346884284969358,High
0.44116343991902984,High
0.0739022390448929,Low
0.4402656539027784,High
0.4470757416761453,High
0.08016857621719753,Low
0.04517818040441556,Low
0.1345800464963568,Low
0.018122048409542277,Low
0.1221876249206669,Low
0.4172566629108103,High
0.23227883459919474,Medium
0.14911888625842007,Low
0.40098182689530726,High
0.09438691999548049,Low
0.12259553652705277,Low
0.138677673739062,Low
0.2658440183044242,Medium
0.18450069393442056,Medium
0.141243056906805,Low
0.15607522631004184,Low
0.024525050612320513,Low
0.6546449747761246,High
0.28276351224783874,Medium
0.474919649870203,High
0.18378990660231523,Medium
0.23620776334100727,Medium
0.15658602324578935,Low
0.22537217162252546,Medium
0.16148135242992834,Low
0.13985403229030832,Low
0.16791529303312522,Medium
0.2999859939802809,Medium
0.04243647694084735,Low
0.1368387176425346,Low
0.5883468325726793,High
0.538584577034491,High
0.41311354518199545,High
0.1471520816711775,Low
0.607973263551783,High
0.4436860524085564,High
0.7469154378141298,High
0.03982874312843104,Low
0.20712236907383777,Medium
0.05994718698060884,Low
0.09063895931372877,Low
0.1098607132856594,Low
0.3551605966491882,High
0.6527659596183485,High
0.5821370344904438,High
0.496991082099169,High
0.06300584222284593,Low
0.0677045440538535,Low
0.11430883635384483,Low
0.12866232869485145,Low
0.08620606528021028,Low
0.2327652235565215,Medium
0.24892536750580985,Medium
0.1594995417013081,Low
0.3584432622953571,High
0.5031451570907229,High
0.16761982237525122,Medium
0.10527772321009221,Low
0.31936320117710626,Medium
0.39046718720640516,High
0.1292671074326196,Low
0.11399013710148842,Low
0.18774830570645237,Medium
0.33912594981109556,High
0.08090278482605405,Low
0.1486314452178464,Low
0.2794391805012422,Medium
0.5877161358092958,High
0.5093413424958142,High
0.043808226014704285,Low
0.057323314153429616,Low
0.14974114294100804,Low
0.44214153920655824,High
0.04664977448949106,Low
0.11907449048947526,Low
0.18763848007243322,Medium
0.0872833178502307,Low
0.10540167025569033,Low
0.11716026412273596,Low
0.16514795391172848,Low
0.15760469049266826,Low
0.24873214061879506,Medium
0.21483694849456733,Medium
0.18610208666136616,Medium
0.08540583056312574,Low
0.05904562827065343,Low
0.2660707381585984,Medium
0.1289879694656965,Low
0.009089328378255159,Low
0.3908211599620722,High
0.04139292050607623,Low
0.1208876448746835,Low
0.5393135458670002,High
0.22023164520073996,Medium
0.4320046807805681,High
0.26888171056612103,Medium
0.2163343640678676,Medium
0.46029269012631174,High
0.2878559182574868,Medium
0.1781059093205063,Medium
0.23930522173865168,Medium
0.231577179249464,Medium
0.36372120618437626,High
0.20338437097986456,Medium
0.2420096097332849,Medium
0.47344013422924125,High
0.20304946584585298,Medium
0.5634687692227397,High
0.11633969048342836,Low
0.25900624262253763,Medium
0.47336067712165214,High
0.05056965067739236,Low
0.8743294582679209,High
0.4891089917735511,High
0.172921612224645,Medium
0.3708536013563783,High
0.17551331125450406,Medium
0.7508696137180642,High
0.10847716733784925,Low
0.18683803687971615,Medium
0.13621526279670346,Low
0.19796565900437368,Medium
0.1594442701968606,Low
0.3020909076743597,Medium
0.15155819100342652,Low
0.0723023129931248,Low
0.17748766659114878,Medium
0.2749965332924522,Medium
0.22191730945400215,Medium
0.09032192607708268,Low
0.3964596607454222,High
0.2526183802474983,Medium
0.220307672295052,Medium
0.4176223482915351,High
0.11416165124234046,Low
0.14789828313023617,Low
0.26199189854962174,Medium
0.11478450432612511,Low
0.6364339933829042,High
0.15724901979252626,Low
0.2130337716599095,Medium
0.20515733597231695,Medium
0.14025589026713497,Low
0.3737047507692694,High
0.19337625497338518,Medium
0.11087370971238679,Low
0.07454567405368659,Low
0.7511535511687677,High
0.251204739107227,Medium
0.14674271829020538,Low
0.15761935358702148,Low
0.26544824735473327,Medium
0.2823584377323001,Medium
0.06009570183417825,Low
0.4697425529248498,High
0.408513286655855,High
0.019786012162055118,Low
0.06474254158208813,Low
0.4694441918632163,High
0.04800689802100952,Low
0.17001111599970162,Medium
0.2575153900200219,Medium
0.16013922241588824,Low
0.27739362371259013,Medium
0.14081637062677893,Low
0.4595118415060384,High
0.28816000540793135,Medium
0.2420154965881124,Medium
0.11644831327463932,Low
0.03894568986388249,Low
0.4628973928564265,High
0.12595243460630634,Low
0.08892460840454795,Low
0.11307054605940495,Low
0.15762264761252018,Low
0.07621736561125422,Low
0.10394246761963927,Low
0.11386366496083675,Low
0.1269339121827575,Low
0.1138314462774438,Low
0.25168816269326727,Medium
0.15175331169910528,Low
0.675811651546362,High
0.47695475365149625,High
0.7882074408899298,High
0.15294570055849835,Low
0.2085091071088524,Medium
0.5071235638657613,High
0.24449000450335703,Medium
0.17317041981286013,Medium
0.34956475160283274,High
0.47724950869458316,High
0.11518675695187543,Low
0.06120304349076513,Low
0.1696041833397861,Medium
0.10041193391870575,Low
0.10697575401767527,Low
0.4462723310559429,High
0.21346912824064557,Medium
0.21712031047791483,Medium
0.09880696514562265,Low
0.10455501015062603,Low
0.08738081515164699,Low
0.15308673352108054,Low
0.35447779140788815,High
0.24275536564775246,Medium
0.145116585384507,Low
0.11385868619722152,Low
0.6802559004983986,High
0.24760218475858378,Medium
0.19945641205505657,Medium
0.26001213913721033,Medium
0.34154273269350366,High
0.14165566413764621,Low
0.11051669472595103,Low
0.36880546637219247,High
0.1238060046730283,Low
0.08531818471799402,Low
0.23637229661725667,Medium
0.1791040508457011,Medium
0.17918152216658087,Medium
0.27044464123031925,Medium
0.22715705214103307,Medium
0.5779476544035255,High
0.07876789946053586,Low
0.09280929413990868,Low
0.17365774503226586,Medium
0.11732020401701272,Low
0.030302338967686894,Low
0.20065184702872357,Medium
0.13006062785620218,Low
0.25617302439892714,Medium
0.11892588428696026,Low
0.07177860395288166,Low
0.14840958560871995,Low
0.09680853473714277,Low
0.2358196331653615,Medium
0.20446053286594662,Medium
0.05612544688191587,Low
0.5214607532637409,High
0.22479185724158682,Medium
0.2535291718358017,Medium
0.30703748459483865,Medium
0.1095878984045257,Low
0.2595651921092361,Medium
0.10995305028708419,Low
0.09893950494097185,Low
0.4020200576472386,High
0.23181557418411936,Medium
0.10758482675583408,Low
0.2642382972692629,Medium
0.12862806531127544,Low
0.24222797046853392,Medium
0.18167208865607753,Medium
0.4340489776437999,High
0.25571144572123927,Medium
0.2271780413707467,Medium
0.04933744512810433,Low
0.22948279174557737,Medium
0.7373306755037282,High
0.14635859601261578,Low
0.30594366388630795,Medium
0.6857455491221457,High
0.4940386803271988,High
0.2347478124869169,Medium
0.13349839810954262,Low
0.5535237090498393,High
0.5168689065642535,High
0.18614858916662855,Medium
0.48511879032889454,High
0.12055891268638393,Low
0.6505797176767905,High
0.18805727866760252,Medium
0.23742088571003855,Medium
0.1582487894654544,Low
0.3478659113656161,High
0.2181850571162483,Medium
0.6754335037186672,High
0.06884169096452196,Low
0.15419605607831172,Low
0.08773607897319571,Low
0.18141793988517638,Medium
0.2721296945785187,Medium
0.3626633569744232,High
0.22924363185478505,Medium
0.59570888835658,High
0.4453655594238402,High
0.5695743039437535,High
0.3639907016908357,High
0.04739988103463519,Low
0.343934871514415,High
0.22852733311571788,Medium
0.0918015968275581,Low
0.10228660260382931,Low
0.18196689932016125,Medium
0.4402175918139159,High
0.3008792123045837,Medium
0.8946392645180467,High
0.28568610538517625,Medium
0.2222409277127499,Medium
0.170904964100378,Medium
0.2325067140577206,Medium
0.09790179780738638,Low
0.28669159292956553,Medium
0.25557059342580424,Medium
0.5976318855824809,High
0.23463224570325686,Medium
0.1266591453334736,Low
0.24795486150678822,Medium
0.17657563831472997,Medium
0.6421851393060256,High
0.23520262651933613,Medium
0.14641695469218036,Low
0.747251939775597,High
0.28682648655134774,Medium
0.41447893389181895,High
0.23090093501813402,Medium
0.4144840480919591,High
0.14861286923120381,Low
0.7364907300168928,High
0.6377510175721073,High
0.11136527698990671,Low
0.6792611013372057,High
0.4717461804223423,High
0.10258450472125116,Low
0.8347240528212202,High
0.21961558291124303,Medium
0.22361553307234933,Medium
0.700359415654554,High
0.5111420619457376,High
0.4127021118155731,High
0.21841454507179534,Medium
0.4201315246561533,High
0.11895176080271232,Low
0.5875816680838754,High
0.1323799910375029,Low
0.2660657439303338,Medium
0.07020293573277156,Low
0.17444423058901878,Medium
0.11751183703148275,Low
0.2533840100108538,Medium
0.09489672766428403,Low
0.10513118390660041,Low
0.49931362519328054,High
0.10590736078802883,Low
0.08840951225059196,Low
0.40496631420105117,High
0.1089539592053912,Low
0.4953925646532069,High
0.523988270010675,High
0.9197555400695339,High
0.5430841899410788,High
0.18512520597839954,Medium
0.21847070966451831,Medium
0.15679102903845246,Low
0.04924195306243201,Low
0.5967346488620948,High
0.3246276986140999,Medium
0.11143185428189331,Low
0.19774200007477988,Medium
0.16823849733022517,Medium
0.32697140152177806,High
0.9537644724303495,High
0.3842921161444038,High
0.12405922430104278,Low
0.03636489146043141,Low
0.9138310599075818,High
0.23806844467121516,Medium
0.11135861949257504,Low
0.26038195943415154,Medium
0.15694153610488512,Low
0.20781260561859408,Medium
0.15216887607112217,Low
0.21169455796400052,Medium
0.6166033020676183,High
0.35451511267567204,High
0.19193297014447602,Medium
0.18468292094492494,Medium
0.10707449230842195,Low
0.826866340053903,High
0.15364299844240462,Low
0.23017038164570303,Medium
0.47319281662688456,High
0.2208096582381198,Medium
0.6278548618370459,High
0.08505143444892645,Low
0.5487931606252446,High
0.24640310676765564,Medium
0.10339495648538057,Low
0.9222300474261865,High
0.25351724736047204,Medium
0.1588956952999866,Low
0.19610845384289022,Medium
0.09250571048121409,Low
0.15224404585577014,Low
0.17568213670579746,Medium
0.15068349693816668,Low
0.20325771120081054,Medium
0.44420644773281903,High
0.4323443387629318,High
0.5834528768295886,High
0.8564690366329901,High
0.33799507445934035,High
0.10658674988160592,Low
0.13651571613502195,Low
0.09018387666618474,Low
0.4648889282064434,High
0.2534931186828347,Medium
0.580935094796004,High
0.15719109006204715,Low
0.5834008820161815,High
0.103350012259875,Low
0.10704008797374859,Low
0.14131656753598112,Low
0.25071294000719374,Medium
0.4311860822863706,High
0.38120554254204986,High
0.06027399330907514,Low
0.3952244508197838,High
0.26972409634622935,Medium
0.5070776893483075,High
0.16778682680744156,Medium
0.11210417322196428,Low
0.45790641012954764,High
0.10294430647835881,Low
0.04577750199987865,Low
0.16531053508959698,Low
0.20624341473833202,Medium
0.6566576182873395,High
0.23209284405094718,Medium
0.6087920414353442,High
0.15029886825133634,Low
0.1572675819198257,Low
0.5968530768125114,High
0.48250751995413144,High
0.22058123838676202,Medium
0.2693869780571567,Medium
0.1579430203305288,Low
0.2805938737936686,Medium
0.5068640361228843,High
0.18006703593110876,Medium
0.5357380013666051,High
0.6614740586156386,High
0.08907241853341225,Low
0.25077589685841145,Medium
0.38717129538386447,High
0.23310342411843493,Medium
0.3989070878019996,High
0.5782182836736562,High
0.11521106975564484,Low
0.5317035357196521,High
0.20581477225086142,Medium
0.1492933713477651,Low
0.11829093183418411,Low
0.19483656945189542,Medium
0.1769592216500664,Medium
0.13106735660245292,Low
0.6495977979319162,High
0.16105926685632588,Low
0.5872597860239523,High
0.20535377814216932,Medium
0.06269519911899016,Low
0.23531621288551102,Medium
0.210324688781447,Medium
0.3814655000642355,High
0.10315863786892307,Low
0.19793701232974892,Medium
0.23697389507491523,Medium
0.05631135986366739,Low
0.15499341333264427,Low
0.49123262680069535,High
0.2729611778418587,Medium
0.12075215745795788,Low
0.052063680528228705,Low
0.14770368176305362,Low
0.5954398241288439,High
0.22637749909315885,Medium
0.1963317601051039,Medium
0.27040717836427974,Medium
0.13523298512172024,Low
0.2773065522846204,Medium
0.14565458927784317,Low
0.37554853145007794,High
0.0693495462644536,Low
0.2011236092329733,Medium
0.2464669171045093,Medium
0.499664981410424,High
0.4751692709268069,High
0.18591227090533807,Medium
0.5376431903046432,High
0.09283755189379107,Low
0.6502830353539039,High
0.21176443532130915,Medium
0.2821886305154249,Medium
0.5786319626615049,High
0.2017541072614591,Medium
0.3387365809663913,High
0.5220718911033899,High
0.4583866701977707,High
0.16455097586636583,Low
0.05358310416056063,Low
0.4800588156555064,High
0.08191129482370452,Low
0.21984956426824945,Medium
0.665207677980733,High
0.4576073564222407,High
0.2247378669510836,Medium
0.7063802523848103,High
0.33341053595104253,High
0.10420638696978655,Low
0.15804122137739332,Low
0.21241969551827186,Medium
0.5115406829402301,High
0.15085205839932106,Low
0.09886511635434993,Low
0.20128223678283197,Medium
0.10073857900359996,Low
0.13800507599097486,Low
0.5190758458223873,High
0.39577636230350793,High
0.23856895218267068,Medium
0.444847801145781,High
0.19250555563023328,Medium
0.04425932070017038,Low
0.05445450618776591,Low
0.24617042253986693,Medium
0.2362194738023396,Medium
0.12344211407275776,Low
0.17580513345506132,Medium
0.18725129369357443,Medium
0.40817301042954407,High
0.17389832003030167,Medium
0.1588575743187866,Low
0.12582887090413006,Low
0.4828632274126923,High
0.5302085647278199,High
0.2480769055685544,Medium
0.5588676969234854,High
0.1293268459899672,Low
0.294870215041031,Medium
0.5857550600349126,High
0.20770313397316198,Medium
0.2590770639947223,Medium
0.12966869737538525,Low
0.07039144861458387,Low
0.22756659594945086,Medium
0.37061437774346584,High
0.13572436233513277,Low
0.2818728959777064,Medium
0.06941137283890582,Low
0.40592188178574784,High
0.6608337328458336,High
0.1689548292697696,Medium
0.1723219291808597,Medium
0.10390645013729127,Low
0.047129389296763365,Low
0.5207343462442727,High
0.15532847490810353,Low
0.1784024902376721,Medium
0.5937363652626517,High
0.23129128127192747,Medium
0.5649801493927123,High
0.24867822630996478,Medium
0.18179527008107238,Medium
0.11355915117347552,Low
0.2734078458766631,Medium
0.24064794216332358,Medium
0.21465616201175536,Medium
0.17973019901167595,Medium
0.24354942347002864,Medium
0.5498809763459781,High
0.27721990112957917,Medium
0.5430601804764605,High
0.22605729279658798,Medium
0.270405384736965,Medium
0.31834720502135333,Medium
0.8224553294043376,High
0.2668687144163922,Medium
0.7218899824982543,High
0.47488418299394874,High
0.5003378172938293,High
0.2315550964157143,Medium
0.24129743077065388,Medium
0.041556999665850324,Low
0.17515765519176543,Medium
0.08581956164360556,Low
0.1915318163880849,Medium
0.4469086995146239,High
0.10407335207367731,Low
0.5330584080620502,High
0.3088281073856581,Medium
0.20557874585742641,Medium
0.2009136216787694,Medium
0.46346241488879625,High
0.18677056053628233,Medium
0.2987298685095459,Medium
0.9518771029372659,High
0.46148633729263355,High
0.02959145928518943,Low
0.1149935906447784,Low
0.6401944236217025,High
0.19863891114640492,Medium
0.06325670498685862,Low
0.11503646228949256,Low
0.33396283254122483,High
0.19145392909841222,Medium
0.7763402267579858,High
0.5475973655091636,High
0.12046702927673003,Low
0.563433728664985,High
0.12369208673361122,Low
0.16184866582848118,Low
0.3698237213799929,High
0.07589407730945721,Low
0.476459274852088,High
0.15263540503546577,Low
0.22625082631969776,Medium
0.10104876473496247,Low
0.14560670440663367,Low
0.20515249358641893,Medium
0.5856399689378431,High
0.1796924394032752,Medium
0.19825634074766524,Medium
0.25652233773434,Medium
0.09056027603534854,Low
0.1829348878981737,Medium
0.20462412764174095,Medium
0.13345344683915747,Low
0.09929704503655222,Low
0.0874463452336269,Low
0.6885883364056685,High
0.1753565001110041,Medium
0.22016577100332363,Medium
0.1852043365963394,Medium
0.2986635063822745,Medium
0.09634728916793503,Low
0.14875226292099394,Low
0.141481148110193,Low
0.2335533441487876,Medium
0.09808561946916551,Low
0.64841396942873,High
0.6045380850952405,High
0.6164125621966481,High
0.041621599118338695,Low
0.07101719304559787,Low
0.12119597081790726,Low
0.7062422280420515,High
0.421305220212223,High
0.13935664875279688,Low
0.15242521860312067,Low
0.19219924721835072,Medium
0.23290879557446223,Medium
0.4232879747611794,High
0.4622852725205847,High
0.20709314055574343,Medium
0.6088705094578253,High
0.2075836037799737,Medium
0.5574590018989988,High
0.10809456202245546,Low
0.2654451761699797,Medium
0.12080054069926094,Low
0.9195901699304133,High
0.37820540552410725,High
0.33334317782431233,High
0.5314210563443718,High
0.20297218018070567,Medium
0.5913286810355239,High
0.06099902986311539,Low
0.15366543984371406,Low
0.2281653584069299,Medium
0.12176149119220468,Low
0.25958339020616644,Medium
0.3361036652622884,High
0.08615858558797639,Low
0.0810848832703671,Low
0.40440490123050826,High
0.02788749236283078,Low
0.7588027086181167,High
0.3729340429802032,High
0.5534462097639681,High
0.24012179417101123,Medium
0.15732796597854995,Low
0.18021371589037494,Medium
0.09461350360489798,Low
0.09898275546902208,Low
0.15524244140215995,Low
0.09014271921095388,Low
0.24570668354054664,Medium
0.6161031339758868,High
0.11676205914295866,Low
0.04006968748577551,Low
0.3234279086102055,Medium
0.21516181712470323,Medium
0.22728053199326198,Medium
0.23261709379477158,Medium
0.156964639515491,Low
0.11024869585519459,Low
0.6477131756158594,High
0.028342271895595992,Low
0.39323410531314684,High
0.2141626072633229,Medium
0.10850107399929393,Low
0.14363166923635362,Low
0.47057808508979543,High
0.16933791611526092,Medium
0.07366040246270006,Low
0.07306837147809989,Low
0.11912080935968862,Low
0.39360276951335665,High
0.15326738882022273,Low
0.23792863832265335,Medium
0.09019512760849685,Low
0.03648022151571683,Low
0.027598409063598485,Low
0.15803481722404056,Low
0.4347375112165081,High
0.44678241507001176,High
0.19146679974965544,Medium
0.12427304763598815,Low
0.18151238880557388,Medium
0.29290137876588757,Medium
0.21634454521203153,Medium
0.7214733991180146,High
0.2284698099212842,Medium
0.18370849364943562,Medium
0.08602466692936539,Low
0.102513863110224,Low
0.6699061471258123,High
0.15454903489629215,Low
0.13565288741368803,Low
0.26529698196882995,Medium
0.3146905777033427,Medium
0.10593637863508115,Low
0.6493056974803086,High
0.16640736810694065,Low
0.08229529355087528,Low
0.11294768011117466,Low
0.22437437869784965,Medium
0.20946396546735058,Medium
0.17341718316467583,Medium
0.9599257724014651,High
0.3890456123882634,High
0.1016977903118962,Low
0.1859689404144912,Medium
0.07907028847084857,Low
0.7822334662979468,High
0.23072770396126696,Medium
0.08654704125911045,Low
0.17565510943247925,Medium
0.5131444356198265,High
0.6487272469083771,High
0.1485208936401513,Low
0.14898717730174144,Low
0.3243564376425206,Medium
0.432966510161405,High
0.09411472561351393,Low
0.21306322925831936,Medium
0.6178391930845315,High
0.5151832818552923,High
0.058894942644886546,Low
0.4840382361627492,High
0.5866881590300499,High
0.1501536367496043,Low
0.16888201260700558,Medium
0.7158990997843859,High
0.028123146274078654,Low
0.1271064905456047,Low
0.29431394086847995,Medium
0.656427640190803,High
0.10163157020555307,Low
0.15065663554569264,Low
0.5916731817656569,High
0.23726656870394566,Medium
0.1100221102049489,Low
0.21661918039386555,Medium
0.24917156075339308,Medium
0.2979362869803857,Medium
0.038281969236385195,Low
0.8323945357290992,High
0.1554333264975903,Low
0.14925276558165665,Low
0.1134416189312044,Low
0.5386915305568536,High
0.17882095145189283,Medium
0.06621821239851751,Low
0.6738923519321284,High
0.40037539986413656,High
0.41282521745230255,High
0.10274353586220204,Low
0.12457729712020985,Low
0.10410214433827311,Low
0.18076048992213584,Medium
0.06874288409897399,Low
0.08982084490500375,Low
0.03723859961610843,Low
0.3829394838052307,High
0.2576596296073414,Medium
0.09688379077215406,Low
0.2035880367423341,Medium
0.6312555361962475,High
0.14373429921630768,Low
0.14807599112984393,Low
0.37985435563767894,High
0.8891308097111901,High
0.19782858345157295,Medium
0.02668437083895267,Low
0.1294594383746204,Low
0.1371436273151249,Low
0.17747415341338835,Medium
0.2958491271016982,Medium
0.13639221856212908,Low
0.1974114126721809,Medium
0.6948027373259874,High
0.35752548262366735,High
0.2725370810111785,Medium
0.13410955340616273,Low
0.6094500272264538,High
0.06942905295165579,Low
0.20440074902322178,Medium
0.22961144485940194,Medium
0.1183652622155524,Low
0.22881735949664758,Medium
0.2208309960337249,Medium
0.4170815622472057,High
0.15357393582390502,Low
0.23057676506947947,Medium
0.1622173574478474,Low
0.30123810752227137,Medium
0.3891913792810617,High
0.40758008301112375,High
0.1732971240561122,Medium
0.2092463238474643,Medium
0.2056617695089489,Medium
0.5065970799310947,High
0.2086339083695727,Medium
0.17388668678658448,Medium
0.19373219142213888,Medium
0.1819110537833338,Medium
0.47029578978176195,High
0.5649503477895864,High
0.3706100091959249,High
0.9462009214751387,High
0.2488364807173592,Medium
0.08216586258563217,Low
0.15497106408689515,Low
0.1343393660806821,Low
0.1786973810467568,Medium
0.5276622599815953,High
0.36447223173489474,High
0.11436899279580823,Low
0.08872775911723192,Low
0.6088597645679509,High
0.19967914306825058,Medium
0.12033625875398637,Low
0.14493872482216622,Low
0.167191064554762,Medium
0.7162654439134122,High
0.46812325149026995,High
0.49739715987543165,High
0.43484492373903316,High
0.3041537896048357,Medium
0.0961691450892519,Low
0.22360089135716346,Medium
0.5386281794664625,High
0.206153693794398,Medium
0.4975154185612543,High
0.19794231144662514,Medium
0.3273680199358994,High
0.18789147935544548,Medium
0.3370190812929681,High
0.1969498983530325,Medium
0.2391675100174113,Medium
0.36070179453821916,High
0.06953539599866837,Low
0.15182455731335429,Low
0.04950463456789264,Low
0.13961058087725794,Low
0.35541088392468817,High
0.0997487089489948,Low
0.22344353747760165,Medium
0.14171541792921938,Low
0.10430369993417193,Low
0.12491665669471644,Low
0.17951212294044624,Medium
0.6181293095834995,High
0.20449021088901265,Medium
0.22459183016289158,Medium
0.13384285050169936,Low
0.14997316487361395,Low
0.19331272528063864,Medium
0.1201124932771855,Low
0.3692384148579639,High
0.15437433826057687,Low
0.3498284535228957,High
0.6761768864882842,High
0.3890401134630011,High
0.238901263203856,Medium
0.25065908980494284,Medium
0.11566824183812117,Low
0.5020287584021005,High
0.1614428515024757,Low
0.23411537406766686,Medium
0.14336018439300258,Low
0.15940066312605394,Low
0.1574122247119423,Low
0.12079338763000953,Low
0.13412911111302891,Low
0.16283801900874728,Low
0.7907356808462415,High
0.4234399475956813,High
0.1902587411458522,Medium
0.3024289922573238,Medium
0.16461300716799743,Low
0.16571467863462572,Low
0.2289224545768882,Medium
0.2263233074100699,Medium
0.10897347756020997,Low
0.11616206357827992,Low
0.2307093866928006,Medium
0.4857396570045993,High
0.24085103671230876,Medium
0.17901855118896107,Medium
0.12180527993055328,Low
0.11541768861343793,Low
0.20095582895112396,Medium
0.20246885810791493,Medium
0.1147517969488937,Low
0.10381286880905106,Low
0.3076978462921805,Medium
0.649725868642726,High
0.1724585985379667,Medium
0.15007861709795667,Low
0.07723459666971508,Low
0.28781605077498923,Medium
0.11835841454988737,Low
0.09527277878127452,Low
0.22644536359009035,Medium
0.6266001543578463,High
0.1953125394294645,Medium
0.23777784776501684,Medium
0.21998450655755078,Medium
0.6395033694296359,High
0.11761199884291472,Low
0.21567706112783983,Medium
0.10480046791530195,Low
0.22553073477972216,Medium
0.23983827563650598,Medium
0.2207214405548038,Medium
0.5422812304333269,High
0.10651900763217392,Low
0.3854090015123633,High
0.08551101503470636,Low
0.06481757199381648,Low
0.11588084964828058,Low
0.09908076046609299,Low
0.21625848490676278,Medium
0.5288241061195452,High
0.1923995441938388,Medium
0.21123755013920129,Medium
0.12967830463113736,Low
0.10250966978947557,Low
0.6285462262268562,High
0.6162929744689476,High
0.7743834972910923,High
0.01075846782607996,Low
0.055794332611169006,Low
0.13578189145412883,Low
0.4218549126322678,High
0.11636191700314875,Low
0.13068129798265302,Low
0.2636511793570328,Medium
0.18883617828927896,Medium
0.10653020464628676,Low
0.13584119641968953,Low
0.21615954174728516,Medium
0.23700792438644241,Medium
0.18332135360775698,Medium
0.16295245929042373,Low
0.23260539625306823,Medium
0.4302593801574863,High
0.14683028750044572,Low
0.11157721025515839,Low
0.3638898399710239,High
0.06877114273769162,Low
0.08720769475270229,Low
0.09221155920875289,Low
0.1098583975460197,Low
0.1017472295212945,Low
0.43939769582521593,High
0.19702306446325243,Medium
0.11129984018725797,Low
0.11193768466639804,Low
0.11047390723585591,Low
0.18003017885695657,Medium
0.16138784417389032,Low
0.24092247730718908,Medium
0.5507782562955277,High
0.553212854006085,High
0.48650000492910783,High
0.28664055327613824,Medium
0.015968914779632137,Low
0.10734619755499124,Low
0.10185354282095854,Low
0.13113346216808508,Low
0.21908894875004672,Medium
0.22544647496030462,Medium
0.07942052264678348,Low
0.13447684323630826,Low
0.10148658789622776,Low
0.3557774032529467,High
0.09631010793735248,Low
0.583829677809283,High
0.027625243866738536,Low
0.19135710557979915,Medium
0.16561919669916358,Low
0.646908977683179,High
0.4254273317234061,High
0.11782796530114834,Low
0.06096624278965884,Low
0.19472120944325397,Medium
0.22829601504984287,Medium
0.3764150639860217,High
0.1612271081011266,Low
0.2574784347773594,Medium
0.13361028495656346,Low
0.21090294266595017,Medium
0.34047557084080743,High
0.19659002862501634,Medium
0.2278048260047892,Medium
0.15592654675606912,Low
0.12241029532564804,Low
0.42150463575420744,High
0.2630892143326813,Medium
0.1260009745948812,Low
0.12112544207455181,Low
0.09087838010216215,Low
0.13949473574137183,Low
0.1831568307898273,Medium
0.5715034747974919,High
0.3020539981983298,Medium
0.8642620339075333,High
0.18090049592199872,Medium
0.6364567712224329,High
0.6527200897955397,High
0.4693856672158742,High
0.16536261317440437,Low
0.17580253124081935,Medium
0.9567448371295538,High
0.3329381196612813,High
0.18259164247825624,Medium
0.17556680452763002,Medium
0.1572188294388948,Low
0.7480012127449083,High
0.2614375926347044,Medium
0.4316337788811025,High
0.8518188708279171,High
0.9040619539485172,High
0.17191139884926634,Medium
0.15373274346918678,Low
0.47568733001003827,High
0.4699836131478852,High
0.21505249221647163,Medium
0.5332248790554419,High
0.7211165440114127,High
0.45475725547277596,High
0.1218733532774325,Low
0.35145007279875745,High
0.14525216014077055,Low
0.11298915428163149,Low
0.14339067355930513,Low
0.1835272312549244,Medium
0.14399283900066245,Low
0.17554236874903323,Medium
0.3121230880756838,Medium
0.20526278695077307,Medium
0.202591491538229,Medium
0.3900520817844709,High
0.14794000468650312,Low
0.14789837107612286,Low
0.10693334190067125,Low
0.12659039222482463,Low
0.30759495001040416,Medium
0.23155417806873566,Medium
0.052977409910611575,Low
0.09221135644540578,Low
0.19179121158239137,Medium
0.5944487709414006,High
0.2763078790044056,Medium
0.2650923699499131,Medium
0.29796453883738006,Medium
0.13028735445264028,Low
0.19969151289813633,Medium
0.13418933290217408,Low
0.06132793192243147,Low
0.11293081990886081,Low
0.021003912892723117,Low
0.20407591642329012,Medium
0.2664269191474838,Medium
0.06949991438273663,Low
0.21781964001798151,Medium
0.14116427016664773,Low
0.2874245696667235,Medium
0.6720514665247839,High
0.05494067214446637,Low
0.07069201270948418,Low
0.11428496426270468,Low
0.14732539210793255,Low
0.1791558001187906,Medium
0.15637674210572844,Low
0.23422801954155842,Medium
0.04934802435987445,Low
0.5376445939684352,High
0.20190118330660792,Medium
0.12216137753883245,Low
0.16766433257683713,Medium
0.08318407720533669,Low
0.052585526797943934,Low
0.4099224596852529,High
0.17222185052471545,Medium
0.26558036046150746,Medium
0.07019985207855062,Low
0.21415520749944067,Medium
0.3905190321374255,High
0.3847256544936608,High
0.5542887431644793,High
0.16347686184113489,Low
0.5276860963142811,High
0.47857649935077035,High
0.2864698480409761,Medium
0.05861517297469641,Low
0.16136808215835993,Low
0.405109140162537,High
0.9657517458993476,High
0.22308817794635008,Medium
0.1788044844343168,Medium
0.1240174884275441,Low
0.19857590867298294,Medium
0.11023409676352933,Low
0.057484632113950544,Low
0.28305396077190087,Medium
0.20487779839638381,Medium
0.19661735251279663,Medium
0.2812957571395698,Medium
0.02664074874271981,Low
0.12031902058059189,Low
0.09768641232797627,Low
0.27577999366416356,Medium
0.2472173211520693,Medium
0.054478735959226136,Low
0.12806546986621153,Low
0.12798036591230547,Low
0.19527573761712533,Medium
0.04312949448985025,Low
0.22621742313604784,Medium
0.14938647218840273,Low
0.13305731004789462,Low
0.1237591779353749,Low
0.5067088210551622,High
0.1803165141981017,Medium
0.6363835544888451,High
0.18282199635225257,Medium
0.23695691152840556,Medium
0.18684987011175086,Medium
0.2078691674936897,Medium
0.10482025542290774,Low
0.07498112052179981,Low
0.7420634907498069,High
0.08492955699449059,Low
0.3554191272620996,High
0.5221203035183026,High
0.27247314350391005,Medium
0.7627911726854963,High
0.2776541187874169,Medium
0.07956341673070677,Low
0.46395719672683067,High
0.04286393577975495,Low
0.22048802527292136,Medium
0.18976347686581935,Medium
0.10666395047860294,Low
0.173050128867409,Medium
0.15927665379386016,Low
0.11369177459986302,Low
0.578406180169441,High
0.20353176311107932,Medium
0.23243543322972418,Medium
0.3667980959365705,High
0.2299786713322569,Medium
0.2864104706326897,Medium
0.06753763100472594,Low
0.1400650621221374,Low
0.12266273089514634,Low
0.1038216542085496,Low
0.39162541130003775,High
0.01643577599818253,Low
0.6445538560440229,High
0.14835234139437703,Low
0.3838926917611259,High
0.16398490388151088,Low
0.39419264998952397,High
0.18772342605411554,Medium
0.03765444454022471,Low
0.6580920111695308,High
0.11787808031951898,Low
0.6551594124354363,High
0.035133775121680144,Low
0.11838745814255541,Low
0.07960580469657645,Low
0.16372658851533312,Low
0.1547061757969297,Low
0.13607918667466856,Low
0.5498911984491365,High
0.20915481768725697,Medium
0.1633146054271359,Low
0.14268260937873434,Low
0.1739277704164437,Medium
0.17725499561777963,Medium
0.2327823047352498,Medium
0.2379309530090981,Medium
0.21292850147407819,Medium
0.23327164232306924,Medium
0.16281817347150784,Low
0.6170219195867527,High
0.034675188965694576,Low
0.45563431689522726,High
0.2582436892183175,Medium
0.17993249765827923,Medium
0.1515967000841666,Low
0.14136344225731828,Low
0.4791058589774121,High
0.32116858172362966,Medium
0.1510139901648163,Low
0.25728558903906595,Medium
0.11960114501922328,Low
0.19403492461296568,Medium
0.2767342216896705,Medium
0.06914024177577471,Low
0.1566629552376909,Low
0.1467943294015839,Low
0.39724101749400514,High
0.7555023271554124,High
0.12315717027181561,Low
0.3585468531525892,High
0.11416519680743532,Low
0.083675351793643,Low
0.21005761173682477,Medium
0.029376516939282546,Low
0.21576481540327566,Medium
0.13221666384003036,Low
0.15297451092840048,Low
0.4169770336482507,High
0.15158096540452642,Low
0.2779642414551011,Medium
0.40360017314080926,High
0.3970352200953625,High
0.7142111326169167,High
0.11552126453610964,Low
0.2010043383066812,Medium
0.18710209362478625,Medium
0.1640665388930745,Low
0.13219153623404087,Low
0.4588788150880156,High
0.14646177877760613,Low
0.11703027217659262,Low
0.12902624994608547,Low
0.1776076063688115,Medium
0.16850132265989165,Medium
0.15744409844195448,Low
0.10574881099425583,Low
0.5608941197115959,High
0.24981463604196585,Medium
0.11555233205224642,Low
0.13478692628527417,Low
0.26524763573102617,Medium
0.15169572921225496,Low
0.10042246883208229,Low
0.10607395742109477,Low
0.0753902901327568,Low
0.19006241034454843,Medium
0.14039417502777377,Low
0.10473630305524217,Low
0.18253328015933507,Medium
0.4507886239007873,High
0.04940405952824476,Low
0.03004258365478936,Low
0.09280581389488761,Low
0.5034151137889924,High
0.16712537745860323,Medium
0.13011071015853126,Low
0.13002736845149424,Low
0.20193059346713252,Medium
0.7150154740126247,High
0.5030548193431292,High
0.6157786430295898,High
0.5992090099800075,High
0.21655260497862402,Medium
0.13383403132524158,Low
0.2746370893172313,Medium
0.16069002514895583,Low
0.15523914872969408,Low
0.12977475249892775,Low
0.1964501325724821,Medium
0.0737472784619834,Low
0.2284143161749897,Medium
0.21802441060291447,Medium
0.4319053965304762,High
0.14228291654101838,Low
0.6244612395611424,High
0.1685755478380998,Medium
0.19286281506841832,Medium
0.12529450750212712,Low
0.10304386686125575,Low
0.1178922007027228,Low
0.05957829297480852,Low
0.11456710427530083,Low
0.348523740157024,High
0.08029402829785363,Low
0.11107876927720112,Low
0.2143412794403029,Medium
0.33153264154207895,High
0.2463685177757093,Medium
0.542394660551501,High
0.18238616241718433,Medium
0.10739872075971399,Low
0.12756460632628736,Low
0.6597958584206034,High
0.1317350977303369,Low
0.09767915395978284,Low
0.42376680617870827,High
0.11747670780511486,Low
0.06392708994579725,Low
0.19556073329141346,Medium
0.4376704983545535,High
0.2827620357851234,Medium
0.6808940668893722,High
0.07242253439169472,Low
0.1261293613261001,Low
0.061743856126524006,Low
0.06966255448063349,Low
0.04689367494945843,Low
0.1466137731249591,Low
0.12175675512961742,Low
0.3194820149915572,Medium
0.05983995556287127,Low
0.160949496664916,Low
0.05031882064137763,Low
0.17662711999760713,Medium
0.21297250649360636,Medium
0.3637146206573971,High
0.4921240476312354,High
0.49182797762951175,High
0.115356741341152,Low
0.1976266937091423,Medium
0.6420626698973525,High
0.21704366230495464,Medium
0.4717679042434748,High
0.5571123577312888,High
0.2296420574590459,Medium
0.41390100064951,High
0.4019640021522412,High
0.13060289670276387,Low
0.20527908118303842,Medium
0.11899752912307453,Low
0.23976298309045316,Medium
0.08935821325828464,Low
0.21390275224181185,Medium
0.0307583524985828,Low
0.5694279220269289,High
0.14091211794986536,Low
0.2878335113329444,Medium
0.34452037971807664,High
0.2735205300635989,Medium
0.10310978334439783,Low
0.05232761536871557,Low
0.09356145822598176,Low
0.22801828884093037,Medium
0.0525309312802005,Low
0.209854410262577,Medium
0.3385560740302951,High
0.12811842839014156,Low
0.20001811995641325,Medium
0.07104811366801742,Low
0.19090598657007193,Medium
0.21661220151242183,Medium
0.411576237271069,High
0.0519519196154023,Low
0.21696681002388268,Medium
0.17893104234356944,Medium
0.13680518077252982,Low
0.3064639660254684,Medium
0.5282878898572757,High
0.39718398376059344,High
0.08492150455546656,Low
0.1109134185330155,Low
0.7303497606383865,High
0.16356844820392208,Low
0.502844967516568,High
0.24632753064542798,Medium
0.1704758748535194,Medium
0.07882291043906108,Low
0.8531042722901158,High
0.1575712217853606,Low
0.12637562921277706,Low
0.23985591003422793,Medium
0.11990655521271966,Low
0.08627249401785292,Low
0.0778584239242358,Low
0.2577761110930349,Medium
0.19856544144154067,Medium
0.2691184604566589,Medium
0.17185566145524347,Medium
0.18303951830847093,Medium
0.16375491041762855,Low
0.16746129542790514,Medium
0.256436578240306,Medium
0.11701244069744368,Low
0.06182117645576675,Low
0.3720639132745695,High
0.1689376775852146,Medium
0.14632172233417243,Low
0.12896984671114334,Low
0.42319639262169323,High
0.0910149323701081,Low
0.5604258917076845,High
0.10214629370293202,Low
0.09221429592835208,Low
0.07341338802502909,Low
0.3760310125921955,High
0.4216902969960599,High
0.07805714973497359,Low
0.13117547399429,Low
0.7039891611575483,High
0.16045148090254402,Low
0.16289253123898517,Low
0.2571896098245761,Medium
0.1654132113024177,Low
0.3474310027905654,High
0.2122448243015203,Medium
0.18229848112923247,Medium
0.07555710243863356,Low
0.13629093950683263,Low
0.15368114427928012,Low
0.40364407990339674,High
0.5957392025723989,High
0.14399914317025947,Low
0.22721023633358864,Medium
0.18553974954778435,Medium
0.2703362911944969,Medium
0.16322496145411883,Low
0.11918728389241912,Low
0.14476779047708135,Low
0.1220476663168223,Low
0.1331258705860045,Low
0.15342574893091968,Low
0.08882595589801202,Low
0.10031546223585751,Low
0.13191455607158598,Low
0.14063921428669587,Low
0.5743558185766389,High
0.1877504352325466,Medium
0.12064272911444214,Low
0.03771995154712229,Low
0.6415009565580837,High
0.09168124825296452,Low
0.12736670786288656,Low
0.350752759632619,High
0.2187749945382285,Medium
0.07848994804887965,Low
0.7327484465567823,High
0.08076985129787183,Low
0.17591322587630445,Medium
0.04964996144735817,Low
0.42545884171854836,High
0.15019411471625901,Low
0.21630937030885372,Medium
0.10720261803774456,Low
0.5346792463562662,High
0.3967935154595873,High
0.11537124887366815,Low
0.18699025206240988,Medium
0.22850163231815288,Medium
0.1600533660633373,Low
0.08135308581588314,Low
0.07742745316338535,Low
0.2344823733215379,Medium
0.3784384716811051,High
0.08843591131219793,Low
0.12750107238071506,Low
0.16899792614880912,Medium
0.13531379821816586,Low
0.14395630089069836,Low
0.15754277571031022,Low
0.15941729568834306,Low
0.18843955653228828,Medium
0.3554292185999452,High
0.14813239820108168,Low
0.5627790054330014,High
0.0738355088446828,Low
0.15643716457296972,Low
0.09162429271497217,Low
0.11690665699021188,Low
0.10670825620348275,Low
0.584290210477119,High
0.23011159691884264,Medium
0.09265304815899304,Low
0.10011518160720115,Low
0.46585810584156034,High
0.20729780947169657,Medium
0.18349728452881583,Medium
0.09351951239462843,Low
0.14335462438033206,Low
0.721278139520225,High
0.10038861783715669,Low
0.16046760518292624,Low
0.15938664224745833,Low
0.12806106607016524,Low
0.209716982497589,Medium
0.1672647929098724,Medium
0.34223021321683245,High
0.28641786685918547,Medium
0.15652832088497468,Low
0.6451383584366476,High
0.1174257812533705,Low
0.8622304741047448,High
0.08132877973831783,Low
0.11517872908884798,Low
0.1803736648612765,Medium
0.1754672453068174,Medium
0.21197361868882625,Medium
0.373306804823846,High
0.05524081461375891,Low
0.19185754070151853,Medium
0.21468718305670348,Medium
0.5762852628765925,High
0.11875759256811094,Low
0.045043543950695195,Low
0.13994519499993877,Low
0.41362466318084884,High
0.20844672969218034,Medium
0.3709408481034975,High
0.09338926094091125,Low
0.5334522224660502,High
0.2199122479909059,Medium
0.4416799938214711,High
0.09870319540040691,Low
0.34862708159211825,High
0.3716059411379171,High
0.3045635938905006,Medium
0.3367390570396899,High
0.2286453380183503,Medium
0.2734095033761443,Medium
0.18278864443875553,Medium
0.3870692448190535,High
0.2945959140385392,Medium
0.08272334608872281,Low
0.6264571659679751,High
0.6985615867217241,High
0.07273730001427157,Low
0.413105805991451,High
0.17055528120641664,Medium
0.19020203904147667,Medium
0.1498923536684707,Low
0.13118208744301899,Low
0.06576159689262231,Low
0.13640691432418306,Low
0.9555732026181754,High
0.09586469699195614,Low
0.4348044161439603,High
0.10783018081979931,Low
0.20569435011523401,Medium
0.4135144293916407,High
0.2850054922989379,Medium
0.6489822769874787,High
0.2382697041267075,Medium
0.23216646976405164,Medium
0.08695126988699241,Low
0.06986327966380614,Low
0.1275180811076123,Low
0.11601992772870759,Low
0.20336731296944338,Medium
0.2248043516954232,Medium
0.19245101363279998,Medium
0.16774677276661384,Medium
0.6176412459480626,High
0.5364937718660162,High
0.49840321543224214,High
0.2355629198177944,Medium
0.9159742629188583,High
0.19087430092059937,Medium
0.2069815287991212,Medium
0.4015464326601153,High
0.17259347793162977,Medium
0.11165031702193381,Low
0.2917556796196795,Medium
0.4926090704021581,High
0.23205936416649212,Medium
0.7426319766840829,High
0.33213297862035096,High
0.2502291856568386,Medium
0.3640391380141279,High
0.10761009708377381,Low
0.176676064597692,Medium
0.36910005908012117,High
0.35742138629634984,High
0.21823877850611464,Medium
0.08161700976697797,Low
0.20009651031421075,Medium
0.41694804151272885,High
0.20181863421009807,Medium
0.17309446385595528,Medium
0.6741048323544007,High
0.06030695685210616,Low
0.030350249051444293,Low
0.11895384526498962,Low
0.014198173230973941,Low
0.5925529422605879,High
0.13974339047916942,Low
0.8978128806587095,High
0.0668193044707979,Low
0.5570828354594912,High
0.24463017289900377,Medium
0.6266861118275249,High
0.2009012992173042,Medium
0.35591815866024484,High
0.17103244417594193,Medium
0.1999191356899145,Medium
0.11143871205689598,Low
0.20171828568872555,Medium
0.22807760196676982,Medium
0.15273489006740823,Low
0.35631614221372054,High
0.1356492724916983,Low
0.4372140247528749,High
0.23080106493963762,Medium
0.13010829788498493,Low
0.1851642794736469,Medium
0.0399019689362717,Low
0.26257379908484263,Medium
0.17520501618240897,Medium
0.1661099576159958,Low
0.515871600128901,High
0.7552099962742591,High
0.18493364349786223,Medium
0.18962501714364136,Medium
0.16212802531834222,Low
0.48799894239939845,High
0.20012201181465392,Medium
0.2584002628601839,Medium
0.08043898227421455,Low
0.131448976866756,Low
0.1501662746769873,Low
0.6475937090174315,High
0.11918795198092472,Low
0.7257475835119308,High
0.10688835720630348,Low
0.47763251219258196,High
0.1300969619751863,Low
0.18757225736369376,Medium
0.09982991459702305,Low
0.1718034451190952,Medium
0.49697793242436444,High
0.1808765556652604,Medium
0.1309423667409027,Low
0.1274173180749937,Low
0.10023680652099716,Low
0.22789818226630693,Medium
0.1443833789325936,Low
0.06684339565341153,Low
0.15521997118863334,Low
0.391724772533816,High
0.22138129760062483,Medium
0.954280564954598,High
0.6658698072685476,High
0.044455526913528304,Low
0.27641160085542527,Medium
0.1460334535234553,Low
0.13767608417099889,Low
0.19380923544568415,Medium
0.07915729692502571,Low
0.28434217040732784,Medium
0.5017701028969884,High
0.18259906821278973,Medium
0.20412211703616523,Medium
0.9544864784009246,High
0.043426189860944625,Low
0.0710702108092014,Low
0.21259156952463687,Medium
0.2708807566763613,Medium
0.3641620183467591,High
0.21192131152561286,Medium
0.238567921541211,Medium
0.12310607712358791,Low
0.2432745102300749,Medium
0.37505195598133295,High
0.1955326662990878,Medium
0.18280025690270144,Medium
0.1578207106051029,Low
0.4340528266337337,High
0.11480113417473538,Low
0.17913628685478397,Medium
0.42006153809975516,High
0.18697632382174376,Medium
0.0709862175915401,Low
0.19747740354020557,Medium
0.2986718448377119,Medium
0.5274065441448966,High
0.13860229123193243,Low
0.2821457111271879,Medium
0.19555167876128415,Medium
0.42844854517482617,High
0.1890302766702333,Medium
0.3605816723965501,High
0.9247443711172348,High
0.35216310230635783,High
0.21820419430480195,Medium
0.49126052029110506,High
0.17896950757589636,Medium
0.5385008135230228,High
0.3574419806133968,High
0.3980127121479098,High
0.25572954086210214,Medium
0.12134378686941455,Low
0.19159313648557963,Medium
0.2174528740768711,Medium
0.607017333390209,High
0.19450357976770266,Medium
0.15249354400584184,Low
0.5436495702445,High
0.17923634633875218,Medium
0.20104420054479294,Medium
0.6004054313238354,High
0.08994174155375084,Low
0.48464805507247777,High
0.7323817079237936,High
0.11856127187289298,Low
0.920423969418747,High
0.41713606518851143,High
0.04472541427574906,Low
0.10069792925235042,Low
0.29588778183811126,Medium
0.2919060344956358,Medium
0.1066105110161398,Low
0.1310114045504922,Low
0.2388626065491112,Medium
0.19132356952530896,Medium
0.19146092481008306,Medium
0.1161473468604235,Low
0.11042440829582728,Low
0.13606999970409134,Low
0.6305037258854393,High
0.15293928005544682,Low
0.12288901585750665,Low
0.1786138551806006,Medium
0.3534494307124837,High
0.3182990044888132,Medium
0.3165017826887225,Medium
0.39630094106841807,High
0.2546066324524237,Medium
0.1942252706692093,Medium
0.7136526662640577,High
0.3366238248975492,High
0.2668577519880093,Medium
0.14179265672613456,Low
0.15159934246559964,Low
0.2079727141352067,Medium
0.2143718602263251,Medium
0.1197305025995102,Low
0.10871114065531995,Low
0.6778512075582424,High
0.2219215280424073,Medium
0.1352478283998499,Low
0.15107436368190705,Low
0.16353408946564488,Low
0.259703338477721,Medium
0.38416243946765627,High
0.6151152204509988,High
0.15741111990055542,Low
0.10554755964819021,Low
0.22355801739563735,Medium
0.21870666357205565,Medium
0.4379026925807559,High
0.19699166993706393,Medium
0.8971283497575402,High
0.5694138079606506,High
0.19913061727912382,Medium
0.23343853610639756,Medium
0.11392392021130897,Low
0.19392376269132086,Medium
0.16668533204576536,Low
0.17997372955649663,Medium
0.09145524460933933,Low
0.2349799571094082,Medium
0.0924302134376644,Low
0.1711689636872642,Medium
0.1252282488007588,Low
0.2957532567836289,Medium
0.09180072531842429,Low
0.6080508306644059,High
0.20002301052915675,Medium
0.16766748337520787,Medium
0.23479779927478256,Medium
0.08219271441518865,Low
0.12333265569919288,Low
0.18873127681990468,Medium
0.033832208672716184,Low
0.12144096963529545,Low
0.031970683441324824,Low
0.0716473245457463,Low
0.4586601762648548,High
0.3685786933648826,High
0.33069561868689346,High
0.16485691934354216,Low
0.7750384814070198,High
0.07407969437004215,Low
0.7087274107217928,High
0.033281190135899134,Low
0.05527860522284057,Low
0.4594504286545158,High
0.07767635293883476,Low
0.4873621540753186,High
0.20011419312690945,Medium
0.5085395991129649,High
0.1374176450612694,Low
0.20313719881448564,Medium
0.2657544396275727,Medium
0.3022610940193621,Medium
0.20688125627937373,Medium
0.4147508392919343,High
0.7927340182359065,High
0.30136616560271823,Medium
0.13265888634803852,Low
0.19671559082514997,Medium
0.1380011320049773,Low
0.36511834546577737,High
0.307241761128157,Medium
0.3549684815452523,High
0.24697752870403566,Medium
0.1530270067789454,Low
0.12302082151145399,Low
0.21174502230451897,Medium
0.21689443733524993,Medium
0.044572485233204555,Low
0.5403222919442461,High
0.11028933603110595,Low
0.3299047513711329,High
0.12249750219645202,Low
0.273398045889433,Medium
0.6029807155133898,High
0.8267671508758515,High
0.12169612295801094,Low
0.30835952136710687,Medium
0.5144041484552594,High
0.17869474396114224,Medium
0.08048271978458509,Low
0.22171497675297833,Medium
0.21793324510070683,Medium
0.29802316639484916,Medium
0.42536537976502997,High
0.33109570816945416,High
0.16227737380862003,Low
0.05290330639241203,Low
0.1047727244284829,Low
0.15877433808195465,Low
0.13875203868004105,Low
0.22450280395220143,Medium
0.026127989564348614,Low
0.3673098807445803,High
0.9568904147100801,High
0.09186275782127382,Low
0.11791321029060012,Low
0.10081155786135747,Low
0.741249998961353,High
0.3194239892896766,Medium
0.35070371576702786,High
0.08656293975935796,Low
0.5528838437387465,High
0.5227202485146902,High
0.04016800953410962,Low
0.15695029551129838,Low
0.1327640971387719,Low
0.5710824815960566,High
0.4737441034216707,High
0.5711265785395351,High
0.3451196797640787,High
0.44989050375416056,High
0.18463283810048858,Medium
0.08981287790277646,Low
0.0763278603604307,Low
0.18178648832576855,Medium
0.20008037915992008,Medium
0.4026730450706504,High
0.2212410388291006,Medium
0.48793541394806966,High
0.38748634463355297,High
0.5804247197550496,High
0.07961476988809947,Low
0.08780633210528462,Low
0.1979034251997287,Medium
0.13617665729562706,Low
0.08059516288279817,Low
0.13534827237323135,Low
0.2947317965142788,Medium
0.08540931085460987,Low
0.9128437621891794,High
0.14505376208414864,Low
0.43254195969347414,High
0.1863296518400798,Medium
0.4046081189174627,High
0.867598308374961,High
0.6061422701284824,High
0.35886916038263966,High
0.18428590299202774,Medium
0.18720949004938375,Medium
0.42613006411046567,High
0.0994638057956115,Low
0.13308230311859337,Low
0.08032563883254726,Low
0.09595585060667033,Low
0.604119885733776,High
0.6383142613329129,High
0.4428903362741211,High
0.16890021084852525,Medium
0.1493820698607539,Low
0.0852774139706923,Low
0.16556565510119947,Low
0.676734444309998,High
0.17594615455008733,Medium
0.1293651195445726,Low
0.15708131944907544,Low
0.15349169625481696,Low
0.2224948462726514,Medium
0.34511630587801867,High
0.23481517706125982,Medium
0.09430814467570152,Low
0.1910444492227524,Medium
0.084431630688569,Low
0.17022714058219143,Medium
0.2659973727295135,Medium
0.18687607279317595,Medium
0.2623621810260819,Medium
0.03055097691476992,Low
0.12612965671096085,Low
0.11503780178046316,Low
0.14898778424583112,Low
0.9036014664312316,High
0.3040552657978518,Medium
0.2598006502189084,Medium
0.11293764308832836,Low
0.16642187428710709,Low
0.1773126540079713,Medium
0.16473231912631417,Low
0.22757132724454768,Medium
0.024766969916526604,Low
0.05614109913230881,Low
0.2238043354566976,Medium
0.1389049137472382,Low
0.0754025445190549,Low
0.17165934041210837,Medium
0.29397189799985635,Medium
0.077278287003327,Low
0.4478638954514966,High
0.03852769603925519,Low
0.15665503331608116,Low
0.22966406401509754,Medium
0.32159050745954276,Medium
0.16629165489897946,Low
0.551429431640314,High
0.5221196049926001,High
0.02189908882900178,Low
0.3009614187224431,Medium
0.17986549096669702,Medium
0.20869493803915168,Medium
0.22392739577349308,Medium
0.12424847524416631,Low
0.20962599169404086,Medium
0.22717921339640942,Medium
0.0276814855452124,Low
0.11693869272725563,Low
0.6161419414789074,High
0.15526484833793788,Low
0.06819061200561628,Low
0.15097582096626447,Low
0.27609024885297173,Medium
0.14279266062598642,Low
0.18480566556467984,Medium
0.7141951909730537,High
0.333857522474396,High
0.19840008829304,Medium
0.24436635236950396,Medium
0.04876086184348639,Low
0.2070044135977562,Medium
0.025574730673485924,Low
0.05740670231063267,Low
0.15332004082196504,Low
0.43404219165286917,High
0.13218220686326698,Low
0.1266553052261232,Low
0.26882096086054696,Medium
0.24101003519519226,Medium
0.2746464713016664,Medium
0.22356059017713176,Medium
0.5705913781421629,High
0.4062274709131393,High
0.06877682046561148,Low
0.28098871579182394,Medium
0.1322972936300252,Low
0.05248928944886919,Low
0.5994255628286284,High
0.19409939256694303,Medium
0.07746768631071882,Low
0.11288749389012598,Low
0.12592704128527837,Low
0.12065740942596245,Low
0.10677716464725263,Low
0.20407362830224485,Medium
0.3034762393139208,Medium
0.10333367329821048,Low
0.07911598776807072,Low
0.09606747512578301,Low
0.06759251561920501,Low
0.21111750511078375,Medium
0.25212431568197596,Medium
0.10222756919121176,Low
0.19568627837954888,Medium
0.3069364282798251,Medium
0.4131290049687807,High
0.2493906684399636,Medium
0.19272304991457664,Medium
0.44199486586900083,High
0.43916840398802054,High
0.6629626476076913,High
0.13802714717297385,Low
0.39944128606578644,High
0.13121442729381713,Low
0.6806375532968958,High
0.23392077032951997,Medium
0.5550438432331519,High
0.7786202376964643,High
0.731569596242694,High
0.12488389848624935,Low
0.1867950102948297,Medium
0.24268891081644967,Medium
0.07129532753963673,Low
0.4732969134010757,High
0.21624592005285576,Medium
0.1869185886848903,Medium
0.18743322609307722,Medium
0.26949902003236315,Medium
0.10547892815732322,Low
0.29305385880370066,Medium
0.6429528869559522,High
0.24010251679433722,Medium
0.7542153137979909,High
0.3128883404317,Medium
0.08501388630453528,Low
0.44491501274250794,High
0.10151837766341765,Low
0.22137211517638086,Medium
0.49541829402931015,High
0.5482203794734427,High
0.11888465131866609,Low
0.48390384932674513,High
0.06304659902408591,Low
0.22217493276399014,Medium
0.10947323900656505,Low
0.8976188142373883,High
0.2592391756628372,Medium
0.34467625225876775,High
0.9314491748997213,High
0.046279402452563,Low
0.31842553601832757,Medium
0.13185629183451658,Low
0.15815905626106702,Low
0.15542129375551145,Low
0.2351013835369,Medium
0.42777155101968045,High
0.24300253803885052,Medium
0.2714267268289966,Medium
0.07649473295423939,Low
0.23198841879763,Medium
0.7444288124780459,High
0.16497306706801992,Low
0.31029006102679235,Medium
0.1479225793729015,Low
0.18209892309131728,Medium
0.1865189028745419,Medium
0.6586290655247392,High
0.634660674123354,High
0.15102926795547925,Low
0.3790895456475659,High
0.31865766234137316,Medium
0.15082280749803056,Low
0.1423665568856748,Low
0.3351720468811462,High
0.19350162509918908,Medium
0.1519249679898784,Low
0.08028777557300648,Low
0.07618103678988636,Low
0.04545971174302494,Low
0.22758385662032626,Medium
0.20011581094147654,Medium
0.19516504543888386,Medium
0.10794160280894756,Low
0.27750828972249686,Medium
0.11779704471149433,Low
0.45338746033808414,High
0.09747396510222352,Low
0.1425837585864572,Low
0.11282088857760152,Low
0.2274142170210428,Medium
0.37071374321192996,High
0.2843173033849666,Medium
0.21335794491355012,Medium
0.22053305932276102,Medium
0.22736053958863084,Medium
0.0667578763515785,Low
0.1241792343546369,Low
0.08644236206693176,Low
0.12285924996184715,Low
0.039802193567243065,Low
0.12083374949911158,Low
0.19274063607797087,Medium
0.20895145343641058,Medium
0.7004960120942493,High
0.06331439293477152,Low
0.26816186661555313,Medium
0.23168328151589515,Medium
0.19728137091543796,Medium
0.1400603581128296,Low
0.15938992997361554,Low
0.04407631412488499,Low
0.21710574951961603,Medium
0.0763395560629601,Low
0.1799741239690937,Medium
0.3379805579993063,High
0.08107967811638819,Low
0.22846059834762122,Medium
0.18564393242243846,Medium
0.16066702849712927,Low
0.09942794478205658,Low
0.261108970320687,Medium
0.11090504702092063,Low
0.16720736958159804,Medium
0.19351356591619437,Medium
0.6166139378887167,High
0.21138247886047223,Medium
0.1828663217612435,Medium
0.17397258763833418,Medium
0.07128352628902394,Low
0.25148308145032183,Medium
0.1639563133542245,Low
0.423836936869365,High
0.1758468730385461,Medium
0.21015365464384134,Medium
0.09879337150046427,Low
0.5021102504382122,High
0.382680321861043,High
0.1801114471281449,Medium
0.05661593182730583,Low
0.2046339611438869,Medium
0.7654700308653081,High
0.05172356358963047,Low
0.16509666523483948,Low
0.17125181508680593,Medium
0.05105980537557566,Low
0.06968849056824104,Low
0.3850927728155435,High
0.37736205466686135,High
0.34152186432217047,High
0.3116867274772954,Medium
0.12625353675882497,Low
0.13063345713736516,Low
0.10597993792549879,Low
0.1741261173908077,Medium
0.07788101821305918,Low
0.13275369070725443,Low
0.07882606988628632,Low
0.3052385076157675,Medium
0.373667606359277,High
0.5951749419687434,High
0.05799144699812756,Low
0.1814357028674741,Medium
0.3144272221002034,Medium
0.19604614215300908,Medium
0.6095827603119154,High
0.16101311535889193,Low
0.1537865840733188,Low
0.1895592076031113,Medium
0.08452374177471783,Low
0.3254229360030169,High
0.6226378756491475,High
0.4864641662714316,High
0.45569268265715124,High
0.24503402940252644,Medium
0.16357174055413481,Low
0.1007962862386211,Low
0.23160701681012885,Medium
0.06219026061679064,Low
0.1437408378143894,Low
0.35074810597838585,High
0.15703228418186385,Low
0.1144967447560667,Low
0.5378629215417571,High
0.08249721406062181,Low
0.20252629737805267,Medium
0.2098566469307308,Medium
0.22050360916797698,Medium
0.10501805064850608,Low
0.06373652550238541,Low
0.17215076707837174,Medium
0.18359951940597571,Medium
0.22538800912989845,Medium
0.17252523809338652,Medium
0.05582442482408752,Low
0.17074604636581958,Medium
0.1083284107675353,Low
0.16287062746669817,Low
0.1731786026695446,Medium
0.43384369400402767,High
0.1608958764718138,Low
0.1453166868324299,Low
0.18627562921305957,Medium
0.05546909370830469,Low
0.20801045274368482,Medium
0.17128741437915507,Medium
0.17264612628052026,Medium
0.2934355913144895,Medium
0.14681468171780906,Low
0.5884441054531415,High
0.3955639997505704,High
0.2987220208053233,Medium
0.36247080161817713,High
0.15477339271976193,Low
0.20197041337199842,Medium
0.5857267647579117,High
0.10832178629611378,Low
0.24720560215080106,Medium
0.20828222115893535,Medium
0.4275525425233248,High
0.17105914361679117,Medium
0.19740702295022938,Medium
0.3395392907437316,High
0.1872378564940862,Medium
0.10485640839818063,Low
0.09800494727127466,Low
0.0851658243758117,Low
0.49150058368878413,High
0.1238095521133625,Low
0.17971424687124746,Medium
0.23338278872142415,Medium
0.13612366057850794,Low
0.24883149843529664,Medium
0.5349185954008542,High
0.5946149265911734,High
0.15882870012996697,Low
0.0689755335461627,Low
0.0526406434251492,Low
0.4151219666729565,High
0.44918723347049955,High
0.4848390194629601,High
0.10439879303892131,Low
0.18450962482129715,Medium
0.053593362112938615,Low
0.5464138181286765,High
0.16024305795044566,Low
0.12344211295221443,Low
0.05224791054043211,Low
0.11794280483620967,Low
0.22675770184971572,Medium
0.17479389123718508,Medium
0.12116688046580816,Low
0.23442763184530543,Medium
0.14857827222411824,Low
0.07093110697046023,Low
0.19604344966304493,Medium
0.16875723936294137,Medium
0.5194502148760233,High
0.050128599409659615,Low
0.18700028487165088,Medium
0.17146928333602338,Medium
0.241865529318528,Medium
0.06471284102810926,Low
0.16166106581784112,Low
0.08879011364299541,Low
0.20897121097524451,Medium
0.10141613897969709,Low
0.09940742107061633,Low
0.2904506345368244,Medium
0.2628046390361399,Medium
0.05726872003790686,Low
0.24000916971299768,Medium
0.14603870735960686,Low
0.18956815491998977,Medium
0.21405419525386768,Medium
0.17554733538804296,Medium
0.15612458689282765,Low
0.1650252293829945,Low
0.11161380281547327,Low
0.3134402293076065,Medium
0.19308695467044118,Medium
0.09251234213625652,Low
0.137803925086761,Low
0.06973484873779834,Low
0.272080488685276,Medium
0.2222028179809021,Medium
0.1558428821330091,Low
0.11411535294790563,Low
0.15620076620368456,Low
0.07589004699659649,Low
0.14532626986029615,Low
0.22198981789479494,Medium
0.12747203027581466,Low
0.2297239586385815,Medium
0.124278100536984,Low
0.10415841910929186,Low
0.20461470851141716,Medium
0.30880055973662246,Medium
0.2808673733338926,Medium
0.1549061326417703,Low
0.20587466209778676,Medium
0.15426782616520524,Low
0.470616232588851,High
0.5326220616931137,High
0.5412005097579015,High
0.5253381281273527,High
0.05872174442892173,Low
0.07284902733100784,Low
0.6463503240026905,High
0.14780966968182502,Low
0.1605189740306973,Low
0.0903846087195895,Low
0.15662773043703143,Low
0.19763699211518646,Medium
0.1590967838472177,Low
0.1591495397427839,Low
0.18328148623809104,Medium
0.2286213452114135,Medium
0.09043633370125476,Low
0.348794210138467,High
0.06653193423278675,Low
0.0637634340824256,Low
0.4749562007215643,High
0.07979694556062361,Low
0.12818063266252253,Low
0.047508880380447344,Low
0.48735720978329533,High
0.16691989890726489,Medium
0.16228794577847816,Low
0.640282097654653,High
0.12414349767008354,Low
0.11702572162417295,Low
0.14407038582777973,Low
0.03423696814806993,Low
0.07657171307374919,Low
0.14027767134255478,Low
0.1668386947111737,Medium
0.07661805696693862,Low
0.11977015095297998,Low
0.0610300993788004,Low
0.09172789242936191,Low
0.14820021247262594,Low
0.03104510273342549,Low
0.2350584934270102,Medium
0.41706736576042214,High
0.10443918346835845,Low
0.06856191128507551,Low
0.26631531019490745,Medium
0.19852658669427614,Medium
0.17774208006015535,Medium
0.026766234563531947,Low
0.09286411472090117,Low
0.14867403062380227,Low
0.13823398837009931,Low
0.04740149671748523,Low
0.09758170887466787,Low
0.06848382122375134,Low
0.09436892232436422,Low
0.057306846558808335,Low
0.21579998984585755,Medium
0.18230643735648458,Medium
0.13496054595718476,Low
0.09763805190702297,Low
0.07237189880762485,Low
0.1945680494414501,Medium
0.26939752847863774,Medium
0.22369550856721648,Medium
0.04301198743758387,Low
0.08720609682186437,Low
0.4413458191709381,High
0.4360894989646179,High
0.04175425216361083,Low
0.45518090180026355,High
0.12148138094168447,Low
0.1928087857053655,Medium
0.11220996942424405,Low
0.07541811272616482,Low
0.10476044426823371,Low
0.054251501036983424,Low
0.13031158219802158,Low
0.10547285101556728,Low
0.36575524034572526,High
0.09623115338037072,Low
0.30995749205889866,Medium
0.15251795001766832,Low
0.07236061985666131,Low
0.11642046197437242,Low
0.051273001462803794,Low
0.16458864952346206,Low
0.11061089847399028,Low
0.08506917920174605,Low
0.1537638522700237,Low
0.09789010854321288,Low
0.21454793086502572,Medium
0.058808450456545404,Low
0.1804878610650068,Medium
0.3127384030720924,Medium
0.1916933004248315,Medium
0.15148785727363645,Low
0.6837374702820146,High
0.12465802463931973,Low
0.13164114015476075,Low
0.10450208671404614,Low
0.34154141499664886,High
0.38732950156098434,High
0.14842847760424388,Low
0.10480873520678669,Low
0.0631054707521634,Low
0.419420874169669,High
0.10430100885301541,Low
0.08202675292060978,Low
0.30419993019427377,Medium
0.5357127781044574,High
0.11517475179635953,Low
0.18148567759914916,Medium
0.513519258096103,High
0.08453651888270072,Low
0.14425548016823994,Low
0.5686837680375775,High
0.1936229667149352,Medium
0.20502810325588786,Medium
0.11635616705828476,Low
0.19076574255683817,Medium
0.017839105932762486,Low
0.2548676789668142,Medium
0.14622926447517384,Low
0.19416092253684605,Medium
0.09164491693328818,Low
0.13584992557768036,Low
0.332078235216251,High
0.10545099884087329,Low
0.18198826390482326,Medium
0.18277552310755638,Medium
0.2462574840575254,Medium
0.38394701879791276,High
0.18585528366742718,Medium
0.08386450224123436,Low
0.20043119270019547,Medium
0.030636858208300154,Low
0.055646044448617336,Low
0.048459421450222216,Low
0.1325754587238589,Low
0.0824687480200303,Low
0.13777400233471468,Low
0.31807745091127115,Medium
0.4288174711157778,High
0.39395036904905933,High
0.34075448982231493,High
0.7533879568559941,High
0.23525739063385848,Medium
0.18264063522355015,Medium
0.07011574026263548,Low
0.27981936064470075,Medium
0.16728807026224618,Medium
0.158366036303521,Low
0.19466673242959834,Medium
0.16890047740210343,Medium
0.1034056576151541,Low
0.18429850479420964,Medium
0.030074036187303938,Low
0.20588800027713172,Medium
0.13194348315008006,Low
0.10147935123404908,Low
0.19872685824622682,Medium
0.13195685592736509,Low
0.12880160293363582,Low
0.04128153221048749,Low
0.13923534957232456,Low
0.07321024247106675,Low
0.5226171879143218,High
0.10681245200554033,Low
0.15369319042528815,Low
0.20039630346304468,Medium
0.3595565737181577,High
0.2811442694147628,Medium
0.1249067653866264,Low
0.4350939054035772,High
0.544924501235393,High
0.08272365304070632,Low
0.15077861224127503,Low
0.2839474244739217,Medium
0.5383208154989404,High
0.2349364104077603,Medium
0.20238313958755214,Medium
0.5827556422649522,High
0.1045774362463152,Low
0.03658892788523099,Low
0.026016795633998065,Low
0.3038145754278198,Medium
0.0894674289239184,Low
0.3000904278383398,Medium
0.2359771727074821,Medium
0.11654636093280356,Low
0.38260759685003365,High
0.10349975928633945,Low
0.22288116712498496,Medium
0.5486501292909516,High
0.40400902868666866,High
0.1934165322465568,Medium
0.16750811595496798,Medium
0.16505395665620273,Low
0.17018773233018275,Medium
0.13019467608644955,Low
0.14367656631338005,Low
0.13841497334196032,Low
0.19154715931039806,Medium
0.017339880813279224,Low
0.10100235451989545,Low
0.5569473155154709,High
0.45083885564903575,High
0.5172655809095562,High
0.042419497570216506,Low
0.08257057102692084,Low
0.12790784971298896,Low
0.11796063493637228,Low
0.5082577703781592,High
0.0921972812568185,Low
0.1170629364863399,Low
0.11201475186189509,Low
0.14638795516720818,Low
0.20187877043616242,Medium
0.38819053363861844,High
0.10907317550748448,Low
0.2009572883511079,Medium
0.3222405470327433,Medium
0.5421628506531939,High
0.3399954322024585,High
0.20543689855966682,Medium
0.19696810363614353,Medium
0.10876813406871697,Low
0.10837172458898787,Low
0.07001905307798625,Low
0.1943135810191793,Medium
0.22804993989695915,Medium
0.1295814507487092,Low
0.1611759264597098,Low
0.23312561630099443,Medium
0.4580997805790413,High
0.5909003051489196,High
0.12838000478583744,Low
0.1223457241397105,Low
0.08220908858384618,Low
0.12661338924710927,Low
0.0806549044514565,Low
0.16889650095296171,Medium
0.019661058986958562,Low
0.18121903269083592,Medium
0.27991869230917904,Medium
0.11969329501248703,Low
0.42328743966368965,High
0.08123787831516939,Low
0.12143715770656792,Low
0.13280731866424453,Low
0.13923379836829042,Low
0.10022651920788644,Low
0.07479469773362013,Low
0.40195438550206786,High
0.18310066899455488,Medium
0.1676281040012448,Medium
0.16750304850423797,Medium
0.2379494001231429,Medium
0.14369854686966074,Low
0.1964606243921149,Medium
0.5456915416241006,High
0.13170437209898772,Low
0.12748525880312755,Low
0.10243856225454152,Low
0.3465093760384736,High
0.10980055913690355,Low
0.06881123773510289,Low
0.1430273728533004,Low
0.2990824113846202,Medium
0.14346436974013432,Low
0.08923376712239237,Low
0.052120833636751365,Low
0.18979107235582005,Medium
0.1112887444440661,Low
0.18348269558149177,Medium
0.13930839471801212,Low
0.13453838773803364,Low
0.2196999639017077,Medium
0.26466978578438327,Medium
0.16186118468734953,Low
0.2759299224445852,Medium
0.13378576045917132,Low
0.1540400282359001,Low
0.04234424938044972,Low
0.20866532222603107,Medium
0.15943782137126525,Low
0.3808764484781862,High
0.10109764191266128,Low
0.14360567802218266,Low
0.14102811428054265,Low
0.11771552955427307,Low
0.10902327500281099,Low
0.22597466493601012,Medium
0.30453402445598754,Medium
0.1887234462353064,Medium
0.15756468659742479,Low
0.18775351468159648,Medium
0.1335825895411843,Low
0.2984592191479439,Medium
0.1292093710952738,Low
0.19369022130679844,Medium
0.11526386939189782,Low
0.20619850438381487,Medium
0.11707076566593137,Low
0.1930327708635503,Medium
0.18806984222364684,Medium
0.17584132067038216,Medium
0.12278489048628141,Low
0.24249201660866723,Medium
0.11390849326267241,Low
0.08300519143938072,Low
0.14970264543727746,Low
0.3893289944533413,High
0.5518391718562055,High
0.11484590008451967,Low
0.10854156245997025,Low
0.07267377982178316,Low
0.13587496691579068,Low
0.13612910139128745,Low
0.17455384454352904,Medium
0.18519152295331867,Medium
0.15959477530418617,Low
0.1806390919118081,Medium
0.4457419969504016,High
0.06110617602781087,Low
0.1374325808924396,Low
0.0994806566006085,Low
0.4937149606017113,High
0.38926140645905266,High
0.20102321100280612,Medium
0.056421027250730095,Low
0.16958981476253443,Medium
0.19997088887445125,Medium
0.13165951605203374,Low
0.13787064622745798,Low
0.3807216796686603,High
0.09397603327352468,Low
0.06171248606767672,Low
0.7820439761176394,High
0.09882324777646222,Low
0.19940469446148787,Medium
0.17799266788828833,Medium
0.19756808400084788,Medium
0.17408344342646967,Medium
0.18102407623183367,Medium
0.14979305609698326,Low
0.11425798094474095,Low
0.041032818181601836,Low
0.22991596190603195,Medium
0.2628662148251135,Medium
0.11341576389290597,Low
0.3919838177702966,High
0.5637089753945798,High
0.12509824240093886,Low
0.9932298773516239,High
0.3531563270672181,High
0.3471117070202863,High
0.1934853050008593,Medium
0.1664300749197772,Low
0.28927844351675236,Medium
0.17351157900814584,Medium
0.452948633495955,High
0.02266167676004019,Low
0.049396840768692565,Low
0.14007747734114412,Low
0.15080993796604714,Low
0.3414004864374812,High
0.042943055239752295,Low
0.19106508596544014,Medium
0.06884781887255295,Low
0.3703603675366867,High
0.09077387622098008,Low
0.15322596530963775,Low
0.1254460927858439,Low
0.06502092850439599,Low
0.11192899188479603,Low
0.08179226425560268,Low
0.2420471049383245,Medium
0.08153435859060007,Low
0.4260737574618263,High
0.11535070785962763,Low
0.18846742503787337,Medium
0.16040692994932668,Low
0.12291703751422503,Low
0.07913154630782478,Low
0.03392095341446809,Low
0.5409194241263622,High
0.16040519014287505,Low
0.12064209875117825,Low
0.16537429723020086,Low
0.03739847010432464,Low
0.03743101261090391,Low
0.08368455792231694,Low
0.0987270029989086,Low
0.16023803946474693,Low
0.057801298919616266,Low
0.12398683031595459,Low
0.8904061348999062,High
0.18163480625098552,Medium
0.08632659471826104,Low
0.5905760725523236,High
0.378810159697144,High
0.3119686696096046,Medium
0.11013088248122735,Low
0.38062045923922205,High
0.42046744572545075,High
0.3337242489911003,High
0.2574473284426809,Medium
0.1464190988214481,Low
0.12127231325416946,Low
0.15338729416215297,Low
0.14580350143136128,Low
0.6555867675964991,High
0.12368655469200965,Low
0.1750627769334171,Medium
0.5673822055720084,High
0.03160856753124663,Low
0.13094854219506247,Low
0.16799512586261714,Medium
0.18694585095069,Medium
0.167423259418785,Medium
0.3958517456914011,High
0.23589751454799826,Medium
0.5649539704625602,High
0.0577820042824056,Low
0.331106365808065,High
0.11008277334327188,Low
0.20614558532245145,Medium
0.16793936235635407,Medium
0.16920082781437001,Medium
0.10133141799640694,Low
0.1394459839780887,Low
0.15250670026849314,Low
0.38352579254198366,High
0.2458292330530259,Medium
0.09747034029073706,Low
0.14896573641746613,Low
0.3551727236046196,High
0.6801345095723699,High
0.15658873511060892,Low
0.06921957086932473,Low
0.21987632628468382,Medium
0.16601452737000785,Low
0.06786628393836659,Low
0.4867690543704601,High
0.13695843180428,Low
0.10541725567633287,Low
0.10481079738378525,Low
0.3711718252934057,High
0.14321567013773104,Low
0.13695999590973434,Low
0.152753162141407,Low
0.05876745642106113,Low
0.21620362154091669,Medium
0.17077094956256778,Medium
0.06368186996768647,Low
0.11373038753816295,Low
0.041531517097358896,Low
0.07541676973444933,Low
0.6324639560420254,High
0.19461291766444394,Medium
0.11088203190894352,Low
0.2069280140324453,Medium
0.1272660002403358,Low
0.17237859153991636,Medium
0.17435698212214487,Medium
0.11222503696242798,Low
0.03625684652931502,Low
0.08814970073792434,Low
0.10151305660545848,Low
0.1618186232913067,Low
0.09812401639731778,Low
0.08911290517492693,Low
0.20986664628572374,Medium
0.14455310034434796,Low
0.6276278490644821,High
0.19484851273001752,Medium
0.21586947391843944,Medium
0.6544310414689226,High
0.059882473585701826,Low
0.17643571256706572,Medium
0.1487461547451657,Low
0.2260639775557864,Medium
0.2186240754380239,Medium
0.11436360094820897,Low
0.0636639077847799,Low
0.3198650534522021,Medium
0.1444744207033313,Low
0.34532534618159405,High
0.038537411824389634,Low
0.11951238354497039,Low
0.06706396491346346,Low
0.11820933416040451,Low
0.03538274205771084,Low
0.08171021431387177,Low
0.04730031764440933,Low
0.08252332587369814,Low
0.07279704009574661,Low
0.3888983003271173,High
0.09641832529251376,Low
0.08196427554734675,Low
0.20839987862253248,Medium
0.06157461742969144,Low
0.1213462080636993,Low
0.18417911174431442,Medium
0.1332609155610592,Low
0.07355159751097634,Low
0.08429678878456516,Low
0.557818025831192,High
0.10485012004486474,Low
0.5567534755494243,High
0.2020052539670913,Medium
0.23634389324455124,Medium
0.1809377745615088,Medium
0.25177945238559324,Medium
0.08840572792846295,Low
0.4636863853361565,High
0.26795029285944344,Medium
0.16698931332419928,Medium
0.5954481958824782,High
0.21944511915197307,Medium
0.18917224934678636,Medium
0.544413644253913,High
0.20916431357237583,Medium
0.2696584370134121,Medium
0.15164986055926385,Low
0.4664349235538239,High
0.13034219065848185,Low
0.1629468305819044,Low
0.5767493465107233,High
0.19157359804776733,Medium
0.08130527825514057,Low
0.2524797662039484,Medium
0.14992216291928956,Low
0.1471946471407274,Low
0.16370027986720614,Low
0.8428953013422394,High
0.6662478597535928,High
0.10282479763219042,Low
0.6364062690488972,High
0.1799461539156334,Medium
0.22868244161568418,Medium
0.6257404566262291,High
0.31126462219302636,Medium
0.3247010716326868,Medium
0.22675465339062653,Medium
0.39174786012893775,High
0.18020351099716964,Medium
0.049878439503961966,Low
0.12359486586478281,Low
0.1702517345479129,Medium
0.4415575108609397,High
0.5631567493806182,High
0.2566225980390055,Medium
0.21239958435673478,Medium
0.22188522774196118,Medium
0.6936614792406902,High
0.21360263461363918,Medium
0.11119157620181652,Low
0.20131137689595127,Medium
0.2189131959012173,Medium
0.11700906636674256,Low
0.3932373167348505,High
0.1397498718203817,Low
0.45618462254602293,High
0.2195411223722815,Medium
0.133824203108451,Low
0.08497028100405472,Low
0.10795792667945595,Low
0.21289291406117025,Medium
0.5528343158027954,High
0.10077297699858971,Low
0.1804494965380375,Medium
0.16161700374704885,Low
0.46044301281990074,High
0.17566322146924432,Medium
0.08973032593500029,Low
0.15031575953903392,Low
0.606408323250842,High
0.12355527949575038,Low
0.19145683634701288,Medium
0.2615980967166936,Medium
0.17096445574270455,Medium
0.2069334088312699,Medium
0.2387835781084976,Medium
0.7143846685769797,High
0.17178015131040442,Medium
0.4882919429459096,High
0.5292908106195909,High
0.20580129515709214,Medium
0.5478498082813004,High
0.5177952548294118,High
0.30221084130896875,Medium
0.1172758457753469,Low
0.17355734318246424,Medium
0.10227408947058061,Low
0.11365722020095329,Low
0.17003067112572778,Medium
0.2198590377531878,Medium
0.14413616884091415,Low
0.052225636767841324,Low
0.1390857006443467,Low
0.46751750152287364,High
0.13435459198700084,Low
0.2966627186608001,Medium
0.17559466763681,Medium
0.19301842938626174,Medium
0.15390807450272254,Low
0.14424156390591594,Low
0.10709038672863806,Low
0.04712711781348764,Low
0.1346654102524739,Low
0.12369410066415852,Low
0.3300981038168231,High
0.11395714605258603,Low
0.20795349675157943,Medium
0.40882830289042693,High
0.6587252336256287,High
0.1292453546084387,Low
0.21397031916574089,Medium
0.5655327699780786,High
0.07240300963641196,Low
0.2682840497890468,Medium
0.3618385228121971,High
0.16006371680542775,Low
0.055255498713165666,Low
0.36208226447153136,High
0.18331584072321716,Medium
0.018183442679841778,Low
0.0794944399168168,Low
0.10788622866570742,Low
0.175615166014776,Medium
0.6422511589326442,High
0.0115696054429468,Low
0.07344378046116996,Low
0.14572192220349744,Low
0.5601791593780463,High
0.14242276065024229,Low
0.20118257744476145,Medium
0.11745737296047311,Low
0.19882740720830064,Medium
0.1750992459368074,Medium
0.10038819231210658,Low
0.0648170116620261,Low
0.12346698279121435,Low
0.25262525078020887,Medium
0.128347680386282,Low
0.05796387550869982,Low
0.06160106329267172,Low
0.09902341738333267,Low
0.14411770423453374,Low
0.03679326516893592,Low
0.10473165927467484,Low
0.25694671081935894,Medium
0.4078509455703057,High
0.10636264554526438,Low
0.13553505664663001,Low
0.13559388902583971,Low
0.1545901309663677,Low
0.174414030336337,Medium
0.1295624449396888,Low
0.11212575270068877,Low
0.44006312142982823,High
0.127231652645244,Low
0.027302683256020324,Low
0.4830961758679362,High
0.15033918874782642,Low
0.12479353941543972,Low
0.14152619297070954,Low
0.15594319347197463,Low
0.06694214843447997,Low
0.20737169545335896,Medium
0.1354922640882555,Low
0.012610930946329774,Low
0.09332166484600295,Low
0.028525360009489208,Low
0.30228537670679734,Medium
0.23246546104191668,Medium
0.19520723426194836,Medium
0.04099190173425407,Low
0.12328475470648326,Low
0.2736741381845616,Medium
0.07589287931133827,Low
0.09766517028760255,Low
0.011760406184575039,Low
0.17595416741020384,Medium
0.11185145664173773,Low
0.8029391522768687,High
0.13102723852550208,Low
0.10472544139936847,Low
0.1400316025400594,Low
0.25060623396057624,Medium
0.1486412513236008,Low
0.6392153012999096,High
0.12515511531547946,Low
0.11264284102024293,Low
0.11596059372621742,Low
0.16220683077354375,Low
0.37129556178526807,High
0.37290018552180276,High
0.04354072699156628,Low
0.661368750981813,High
0.20852464111470995,Medium
0.10316552828716812,Low
0.12641989602568596,Low
0.27277859534721666,Medium
0.05544543305735299,Low
0.5649383804860875,High
0.036056337544181215,Low
0.11561025893405757,Low
0.1154191114361935,Low
0.09169007378954952,Low
0.15353586990999316,Low
0.21519180530680862,Medium
0.12764729726599186,Low
0.07782562486290755,Low
0.3940441969358783,High
0.10357738435785789,Low
0.18819557899345446,Medium
0.20585960273293516,Medium
0.1995515097357082,Medium
0.2812260106770745,Medium
0.020083545366428795,Low
0.4200827166462428,High
0.05044888621637995,Low
0.028507882897913825,Low
0.02378969700329518,Low
0.13904147430750619,Low
0.5387292504083578,High
0.06476173745903266,Low
0.2924541483256751,Medium
0.1376372434045426,Low
0.1022167526579477,Low
0.6046710266200732,High
0.05140748615043325,Low
0.5456887745315986,High
0.44955257207720695,High
0.04072431597253005,Low
0.11282904916496177,Low
0.0960752751575236,Low
0.18203221146648121,Medium
0.08553386504377239,Low
0.12307762726377565,Low
0.1641553818220209,Low
0.03156425512808655,Low
0.7206574064373394,High
0.11112316984150876,Low
0.49591718677491214,High
0.1756182870969451,Medium
0.3609048950937269,High
0.1231269096036745,Low
0.47418265877352966,High
0.149156476818542,Low
0.17857977631922117,Medium
0.06066905624581038,Low
0.16024408197476223,Low
0.09714465874174363,Low
0.9495555157960781,High
0.16810541556283137,Medium
0.0832199642718802,Low
0.16750499985336798,Medium
0.32735273241005775,High
0.04838191475507412,Low
0.14710340709648048,Low
0.13811664317832092,Low
0.29468661558422743,Medium
0.10643613635457662,Low
0.11942596785465978,Low
0.05861128443707047,Low
0.0663217481680832,Low
0.18706138613895162,Medium
0.38303690910089283,High
0.2247087965491198,Medium
0.09320935344050724,Low
0.11206694873216713,Low
0.15370411223697097,Low
0.12602485622072956,Low
0.07964964345709694,Low
0.05233639185178774,Low
0.21020475681789833,Medium
0.12985122009532057,Low
0.09037625270681163,Low
0.06689929477627196,Low
0.16783626533294344,Medium
0.1219553360205105,Low
0.09333067341696129,Low
0.07234753538488477,Low
0.1289588800862855,Low
0.055967992821956386,Low
0.43752372389257954,High
0.18634909510155762,Medium
0.2443173455244996,Medium
0.07846633951364787,Low
0.20690798615612999,Medium
0.07054979165289772,Low
0.10475200114048101,Low
0.12272741549482834,Low
0.11149352174857041,Low
0.17670128246861086,Medium
0.34062256193275947,High
0.029322000984294057,Low
0.10554327016296317,Low
0.9538451258473546,High
0.10801993042201855,Low
0.7061323385996758,High
0.09575102861609058,Low
0.15187754286099414,Low
0.24675523726574475,Medium
0.12546253526572979,Low
0.9843788840332243,High
0.07936667767271759,Low
0.06298501504899909,Low
0.1104052034368375,Low
0.27545632710013357,Medium
0.39202191647802054,High
0.4401548376773245,High
0.2193732138222904,Medium
0.15683917161297806,Low
0.20936293270821582,Medium
0.0758275563507204,Low
0.21539194560801925,Medium
0.09103830460992507,Low
0.039159648617036545,Low
0.15091802610799757,Low
0.13875295618679537,Low
0.07020620189507981,Low
0.1982771195976491,Medium
0.22959096193054926,Medium
0.1504577858145874,Low
0.17068398228438086,Medium
0.3448265089922253,High
0.6773308738322554,High
0.04535453087739714,Low
0.414173641816393,High
0.3854688411820844,High
0.289104367579219,Medium
0.19793409597427541,Medium
0.41275045617699874,High
0.5389073513059988,High
0.11514594856944214,Low
0.2514365743405292,Medium
0.24012388771552717,Medium
0.08411047373232702,Low
0.11752414547484379,Low
0.41109193697023644,High
0.4688380528864144,High
0.11978117794223493,Low
0.32216158633486747,Medium
0.09095297688161831,Low
0.13578012854796506,Low
0.19974366524984824,Medium
0.030200213035731307,Low
0.06553614925300794,Low
0.07177618196853461,Low
0.1785437848320935,Medium
0.2918391541621105,Medium
0.12407947918435554,Low
0.28986593315827813,Medium
0.09266624822240037,Low
0.07556938913109772,Low
0.04626359782433081,Low
0.17256468319287446,Medium
0.13723634641629262,Low
0.008577336313243405,Low
0.2192068157962331,Medium
0.12291556595149529,Low
0.1479440025053754,Low
0.0392867690152477,Low
0.5456649346029783,High
0.17979472973291832,Medium
0.48797689540680206,High
0.11453821300283562,Low
0.7182020067141947,High
0.1261866302382148,Low
0.07827056697497868,Low
0.3689158347811571,High
0.27060600841512733,Medium
0.10118549406621574,Low
0.02787455144083817,Low
0.06796516783484957,Low
0.12287399647437217,Low
0.02303034222352532,Low
0.13606353085409711,Low
0.18877645714130864,Medium
0.16345803006870038,Low
0.11278718561385007,Low
0.07539661548680578,Low
0.4573571887972549,High
0.25250993551727813,Medium
0.04674804591200004,Low
0.27296377227562624,Medium
0.11960776497011168,Low
0.11635057974634501,Low
0.14854171270599714,Low
0.05382839341079553,Low
0.27734179217654253,Medium
0.057284283457144515,Low
0.02229890568651337,Low
0.362862418216933,High
0.25671567409038265,Medium
0.12596118066631865,Low
0.19116584223045183,Medium
0.05795810433001043,Low
0.14042674493038024,Low
0.10087776454238195,Low
0.18444184726859567,Medium
0.16330494730071493,Low
0.0434306100651682,Low
0.10933276702805747,Low
0.17105978710333972,Medium
0.1477406880504412,Low
0.08788616404855681,Low
0.27340065226283367,Medium
0.1382855765124046,Low
0.08808785473330277,Low
0.18124638679030114,Medium
0.2557416207092154,Medium
0.06750949556112533,Low
0.35912283358741964,High
0.16465961139839347,Low
0.39573693106194346,High
0.35456062556430784,High
0.1616133066157382,Low
0.07354096789562486,Low
0.09424004390729748,Low
0.03716829399082098,Low
0.06967228429922834,Low
0.289275545647011,Medium
0.2992664288452522,Medium
0.12197925226837285,Low
0.15698137831301642,Low
0.3791697326878513,High
0.1897791610367575,Medium
0.0723021617382156,Low
0.23440882320092807,Medium
0.1571822274653318,Low
0.175872455096675,Medium
0.08695214047157286,Low
0.09259310303236833,Low
0.5116486445339148,High
0.37792212768813077,High
0.09328898929172295,Low
0.23300320651129394,Medium
0.07109852677415854,Low
0.13796328242284808,Low
0.0948166916351479,Low
0.12621352778611342,Low
0.43355475932121607,High
0.057672823019762454,Low
0.22991484463345618,Medium
0.03683792711783648,Low
0.20676871573893207,Medium
0.4708245763255153,High
0.07471757010035911,Low
0.0913145585889969,Low
0.15328780458755134,Low
0.02977513761004996,Low
0.4563942507504525,High
0.610313643010001,High
0.15877445935603537,Low
0.08267641783480227,Low
0.12288695576071267,Low
0.04905533096975234,Low
0.11018249645884715,Low
0.1242692865430459,Low
0.10396690724569416,Low
0.10982746309508326,Low
0.16951433265713425,Medium
0.3246673220750808,Medium
0.118344127894103,Low
0.14744663621558804,Low
0.42298571440471044,High
0.44782335842237475,High
0.11940065168428021,Low
0.35453402091127884,High
0.5004394351332008,High
0.43768057242024905,High
0.06258270492605787,Low
0.23559447068948247,Medium
0.11522827091884548,Low
0.08093971978086281,Low
0.11094994742566663,Low
0.13656081559260103,Low
0.2700845449415041,Medium
0.17253441666559463,Medium
0.12662876690596037,Low
0.33454506750077073,High
0.06885287842365945,Low
0.04542114416839419,Low
0.20828212850360514,Medium
0.16952366676375158,Medium
0.09696776831702951,Low
0.10382186570871431,Low
0.5285109342354033,High
0.12737893440402276,Low
0.14950868132545658,Low
0.038195474340009736,Low
0.32120642139029076,Medium
0.1118676345006184,Low
0.13328755203974313,Low
0.09251103448427653,Low
0.28803187144616427,Medium
0.4062722914441508,High
0.09532834443653909,Low
0.09120914302706583,Low
0.19711608796705568,Medium
0.20365201679423445,Medium
0.643540406862728,High
0.15797895798982295,Low
0.5373591061455285,High
0.0827114740132393,Low
0.19959413565929982,Medium
0.02712629838759627,Low
0.12545316333782386,Low
0.1876190720224043,Medium
0.30156460223690457,Medium
0.125520186130537,Low
0.12877788904208745,Low
0.08455481899341187,Low
0.6138533557197372,High
0.6636709893170853,High
0.254406905781822,Medium
0.13199104020243843,Low
0.42181971963689846,High
0.13697193321392723,Low
0.09066859837796588,Low
0.06930562878038604,Low
0.15752715281616278,Low
0.16514531340480018,Low
0.13395221083362346,Low
0.22385625870904155,Medium
0.07674915234637895,Low
0.44697726103785285,High
0.20855867026971775,Medium
0.33847314269702145,High
0.3058295988820259,Medium
0.11341179608622223,Low
0.1480987453414461,Low
0.6241251162868339,High
0.09790702493912326,Low
0.05818558935119507,Low
0.31909099107040534,Medium
0.18274886048194405,Medium
0.63361730204378,High
0.07882484707058363,Low
0.1312328202969811,Low
0.14212626611619036,Low
0.11874837452324721,Low
0.1102733124637734,Low
0.13493981288778217,Low
0.06205584997643866,Low
0.1619279554486104,Low
0.2573804358235128,Medium
0.04500946588993255,Low
0.10676394368315663,Low
0.08658082679088981,Low
0.2319939112316011,Medium
0.21683081072687357,Medium
0.14304905733176176,Low
0.05695952461429277,Low
0.2146873953682514,Medium
0.14045627387266002,Low
0.11239697152781992,Low
0.12045327147371836,Low
0.5325229802650392,High
0.1541494901136806,Low
0.11350328572814448,Low
0.03767722539605538,Low
0.056966320603098676,Low
0.15561882041346628,Low
0.1589938415062735,Low
0.07789515785590445,Low
0.13123341571057967,Low
0.12582704542692566,Low
0.6686366918596769,High
0.18238023033240638,Medium
0.11216117063053069,Low
0.11836273035961539,Low
0.30626184691888625,Medium
0.13620172000051417,Low
0.15063661055882685,Low
0.24807121658054404,Medium
0.33748391643858155,High
0.2255955431552913,Medium
0.12702795362336528,Low
0.10364580478018752,Low
0.1545125313759666,Low
0.0844589518116925,Low
0.037108944115782305,Low
0.26377048961715255,Medium
0.10588996265767435,Low
0.37071374321192996,High
0.1474931395876212,Low
0.1430879778397165,Low
0.1351372762849651,Low
0.04115635854449827,Low
0.11186159451608073,Low
0.12768027700558005,Low
0.06893675747024375,Low
0.035221155713341404,Low
0.09136248735977173,Low
0.09627751462456281,Low
0.17469247944926444,Medium
0.33252312565815184,High
0.04301967923629629,Low
0.027096687292939837,Low
0.09751508823736231,Low
0.07595186059428918,Low
0.4066958175583377,High
0.06893492980509609,Low
0.10244718553249514,Low
0.2061609489051148,Medium
0.09616581424878758,Low
0.17010127166286404,Medium
0.17049002712906103,Medium
0.40692346944230556,High
0.19169544878281802,Medium
0.1829330975176065,Medium
0.16156101288791358,Low
0.04314037060201801,Low
0.1888879819029983,Medium
0.05812283427325686,Low
0.15071526005500374,Low
0.14895294451521418,Low
0.44940975184779086,High
0.03144175643547403,Low
0.5512649091697213,High
0.42711754982369704,High
0.08983475513725139,Low
0.027295168228282433,Low
0.09172793844046671,Low
0.15345509071845367,Low
0.02669948092117672,Low
0.10536684515193954,Low
0.21198930729936272,Medium
0.11962451224071187,Low
0.4589285025701979,High
0.16764474229555912,Medium
0.2511816218776914,Medium
0.05490056256572441,Low
0.03547569061250634,Low
0.215557188142331,Medium
0.19269803125274576,Medium
0.21761381696945542,Medium
0.3510900147773059,High
0.0643698803130039,Low
0.48132419107333985,High
0.25637781693368844,Medium
0.1792982469633867,Medium
0.03236997594817997,Low
0.08824415030107885,Low
0.10855467359831596,Low
0.12287375402275563,Low
0.12003223559428178,Low
0.19911824541655476,Medium
0.2000647049229704,Medium
0.1886468253503709,Medium
0.40659127105032467,High
0.17684370415324668,Medium
0.19618026380436193,Medium
0.2006322650026654,Medium
0.020566608520812917,Low
0.07892206150502164,Low
0.16143186866000128,Low
0.195261169330492,Medium
0.11842637679919249,Low
0.15989541877260588,Low
0.09956256385927938,Low
0.15473472089179802,Low
0.15441741655263913,Low
0.18760135289058263,Medium
0.1304644145069327,Low
0.29889940533771214,Medium
0.5612942935812373,High
0.08683473260392856,Low
0.10896394891448098,Low
0.06995063562316316,Low
0.10666616014933525,Low
0.04185864086061873,Low
0.22681107463434166,Medium
0.19627509970170115,Medium
0.2348864872893369,Medium
0.15024843297332793,Low
0.11956272408141802,Low
0.5410607007250324,High
0.042364046458801354,Low
0.421642295265102,High
0.20639543312297512,Medium
0.12090496827165577,Low
0.046206388870365704,Low
0.17412865847652825,Medium
0.2791392224180308,Medium
0.12631144752177265,Low
0.2778542269965048,Medium
0.5291984127756162,High
0.11186912550663548,Low
0.17914316861515214,Medium
0.05604469561588149,Low
0.7931645725379266,High
0.17929779844330848,Medium
0.07198019512293909,Low
0.16887555972542437,Medium
0.09976385309212216,Low
0.3643462913537048,High
0.15582424322835867,Low
0.07179311594011242,Low
0.12768633150660305,Low
0.11667394771219222,Low
0.13896213557205112,Low
0.07118965647455779,Low
0.09096195986415755,Low
0.12264861090749579,Low
0.14242519309740678,Low
0.3501475475350265,High
0.13001311864307172,Low
0.07834865527923152,Low
0.1282434081649318,Low
0.08089832295299977,Low
0.12821670228296808,Low
0.2043175103766862,Medium
0.03949764410539478,Low
0.05666529308186625,Low
0.15710579888146164,Low
0.19497925892668685,Medium
0.6516104700925109,High
0.21565961274755455,Medium
0.7068540677293478,High
0.155079180296199,Low
0.02668305169420043,Low
0.24601688710855468,Medium
0.1733501240300394,Medium
0.12449114817891616,Low
0.31848241739692423,Medium
0.17355823108363877,Medium
0.07138313008204783,Low
0.058635730219880874,Low
0.0653278247236434,Low
0.12788205481104536,Low
0.16010717002297964,Low
0.5152510401190943,High
0.13455136440825316,Low
0.3295450189534861,High
0.47887304222637084,High
0.1616092024410194,Low
0.191599523033851,Medium
0.04443574055780376,Low
0.08614889293397408,Low
0.13536033443045448,Low
0.2528356156022373,Medium
0.16483668142882782,Low
0.10414339182617574,Low
0.20015102468771467,Medium
0.4974122620868514,High
0.07620204762516444,Low
0.2523249561778515,Medium
0.07184360669607326,Low
0.1600502776499508,Low
0.7011278829603979,High
0.03466623409129763,Low
0.1932294173301285,Medium
0.18247912082746173,Medium
0.15118233025500902,Low
0.3266739187026477,High
0.08925024368776684,Low
0.18032263650094543,Medium
0.11295082399195132,Low
0.15717751222473894,Low
0.031271827894961454,Low
0.1447028631870547,Low
0.4384031629363007,High
0.25402141570874964,Medium
0.11352871034089453,Low
0.05840104204386068,Low
0.02890703020116564,Low
0.12272217635594126,Low
0.19029286840912096,Medium
0.19117192364192792,Medium
0.1084398903552231,Low
0.16824178696201667,Medium
0.322833581131802,Medium
0.3334553267527126,High
0.07513283679064198,Low
0.0762085919757736,Low
0.06330540735236392,Low
0.07579325208389932,Low
0.3866493729019574,High
0.13449465355973558,Low
0.08526047633776618,Low
0.32419617678216284,Medium
0.19305126231200376,Medium
0.05515600481388136,Low
0.06514345331459315,Low
0.09499820305757693,Low
0.09398949553585617,Low
0.22541268300466516,Medium
0.21586307779012961,Medium
0.4691293423593468,High
0.08186310561675807,Low
0.05716066468225919,Low
0.07398554657373756,Low
0.3328531720362199,High
0.66661627623719,High
0.20145668778682374,Medium
0.1727713634817725,Medium
0.42507113147089354,High
0.36308607536274806,High
0.3041864959498702,Medium
0.2618058429333307,Medium
0.18110548322497932,Medium
0.2490421927324512,Medium
0.21263268390665233,Medium
0.7280745779899888,High
0.07760362009943496,Low
0.2320992852044478,Medium
0.1547251287766006,Low
0.13251795380282236,Low
0.2846219952441494,Medium
0.30591802321404526,Medium
0.4223749399643052,High
0.1985174557006292,Medium
0.1456999411154561,Low
0.41169249553148424,High
0.1274583697419915,Low
0.11348421079518102,Low
0.047310246078680514,Low
0.13219674991840846,Low
0.5023547755694916,High
0.19397328185246335,Medium
0.14819760829656137,Low
0.47200439622576573,High
0.5220163042231086,High
0.31629914627774164,Medium
0.41471713907128593,High
0.11346273076348075,Low
0.3534784057526876,High
0.05674353498225651,Low
0.1484194207771943,Low
0.049515158539429394,Low
0.12047633196614495,Low
0.19428194109055888,Medium
0.3893854095078056,High
0.2323388232651672,Medium
0.4080586372013847,High
0.03912330602191231,Low
0.07706718753844939,Low
0.11776551126859451,Low
0.21138111052340955,Medium
0.1769846661492817,Medium
0.45148187236991205,High
0.05694638296681204,Low
0.15203358917667067,Low
0.034236649541438485,Low
0.6072476641650867,High
0.22558959625413338,Medium
0.1371553887310726,Low
0.1827080958478043,Medium
0.052278243987072516,Low
0.1810334254404056,Medium
0.031731550431004764,Low
0.2899411366682327,Medium
0.15768781323209866,Low
0.115788558172937,Low
0.3174257908987285,Medium
0.14044680315958566,Low
0.23513764687101985,Medium
0.11125844037767481,Low
0.1543716008841704,Low
0.2044709514891753,Medium
0.033671487393451605,Low
0.06287452852131308,Low
0.03199181402933392,Low
0.08467964504950112,Low
0.10702042148180563,Low
0.10443402579988426,Low
0.35119953925249425,High
0.26426577294890813,Medium
0.0890802424520254,Low
0.07798051287742669,Low
0.03532956613609165,Low
0.13984971834039955,Low
0.1522855000152011,Low
0.06784856189544852,Low
0.35444996740005763,High
0.163024673891876,Low
0.41968646825559497,High
0.4534618102249185,High
0.17619701470012267,Medium
0.17448979224045655,Medium
0.21420907057764152,Medium
0.08033960829944913,Low
0.02022460430322841,Low
0.0729702665988181,Low
0.04990557122680422,Low
0.47708386723658064,High
0.1656595792441152,Low
0.16439494086448037,Low
0.11980091392227045,Low
0.11879170865177187,Low
0.0692885416062664,Low
0.2020573871781531,Medium
0.20375162118355314,Medium
0.17723790830247468,Medium
0.054287393793565696,Low
0.09410950064764867,Low
0.08811378334453687,Low
0.05980422884515979,Low
0.1357232366292841,Low
0.08178027162370771,Low
0.2014227773879681,Medium
0.14254967386069536,Low
0.21352304556386664,Medium
0.1670456438308949,Medium
0.21230657270086942,Medium
0.21720395759727293,Medium
0.4085868560339193,High
0.09755382972150532,Low
0.09909293340561105,Low
0.22629235894144004,Medium
0.24657380385266797,Medium
0.15803151138780472,Low
0.1510097015653347,Low
0.09317541338670127,Low
0.5854308385445736,High
0.20603798015147434,Medium
0.37408023512773364,High
0.20276967057264642,Medium
0.1002227003649403,Low
0.2816563074313664,Medium
0.1289868169562657,Low
0.26088891186382546,Medium
0.22550315545172375,Medium
0.05335039064151546,Low
0.13965249741422575,Low
0.1878510453138322,Medium
0.4272597012557556,High
0.0852729471853633,Low
0.3500255882050769,High
0.12172321240034219,Low
0.061169895847711944,Low
0.07067811591043655,Low
0.0443503131797736,Low
0.07634634017041013,Low
0.3648381892479028,High
0.235700629516107,Medium
0.31828556138914804,Medium
0.14940149937182928,Low
0.297326516830938,Medium
0.5006622299260624,High
0.21805938676897318,Medium
0.1181171426917451,Low
0.2231127512939388,Medium
0.04645960517629534,Low
0.13784393323423919,Low
0.026073399907632227,Low
0.08364569675811964,Low
0.017736070488111162,Low
0.06847437078590785,Low
0.5416547519614876,High
0.24954627900622223,Medium
0.09959601315287822,Low
0.038930549257449404,Low
0.0970394137723271,Low
0.19041865626823576,Medium
0.29659435349190694,Medium
0.37891182724488237,High
0.1115714300641716,Low
0.14605924599078085,Low
0.13145558704557941,Low
0.1162454558379991,Low
0.8829271044720667,High
0.07062466253720578,Low
0.16157910864663813,Low
0.10577874178263291,Low
0.03415326262270752,Low
0.22321755941778038,Medium
0.5765321063710831,High
0.17408927078619446,Medium
0.1692015629738332,Medium
0.41363873865547085,High
0.09734369489717849,Low
0.19488070681699793,Medium
0.07795487457966287,Low
0.1525605081002983,Low
0.2016418315631443,Medium
0.11230424820685105,Low
0.2007557705505287,Medium
0.2191923479582835,Medium
0.06947030448009728,Low
0.519222898886153,High
0.06928790759742214,Low
0.08502159818052442,Low
0.05672980785393009,Low
0.16977874352608463,Medium
0.16729550767307325,Medium
0.13668783115207728,Low
0.11523257438231452,Low
0.02848836733760739,Low
0.1770037534741057,Medium
0.21048773592582148,Medium
0.040210515559216994,Low
0.13355676965345667,Low
0.025724015716548115,Low
0.10125369857403616,Low
0.04716772964979266,Low
0.19268392991482747,Medium
0.06812736181606589,Low
0.08730616339809942,Low
0.11345376935092309,Low
0.5306454533030389,High
0.09511951896768778,Low
0.08002611389643285,Low
0.09642001989095465,Low
0.1486176586261366,Low
0.16995484843033806,Medium
0.17164414066092157,Medium
0.4106470459119788,High
0.08893662709055299,Low
0.03139279296803094,Low
0.3066108378758661,Medium
0.30943816948908576,Medium
0.4794183147629657,High
0.1316890616490642,Low
0.031000596834754056,Low
0.043775861275143706,Low
0.12994173265807987,Low
0.07481593140940841,Low
0.11369912369143856,Low
0.18654458442153612,Medium
0.17890777175610775,Medium
0.08764976785612118,Low
0.03779892814446872,Low
0.23833804185005447,Medium
0.11503810842992016,Low
0.24302356699862473,Medium
0.14546684307450575,Low
0.21479890373736563,Medium
0.17388224739136424,Medium
0.3318762417971986,High
0.034233713969892374,Low
0.17388265152408106,Medium
0.09411678332448467,Low
0.22527643282484755,Medium
0.13027730274224258,Low
0.08555030486132115,Low
0.17869283746767195,Medium
0.09098902352193032,Low
0.02051779753619677,Low
0.1281004527388355,Low
0.05286638621448534,Low
0.014775926015415922,Low
0.15360751378660886,Low
0.08509190005021734,Low
0.19102225417744612,Medium
0.2673080408647723,Medium
0.11409389618918504,Low
0.10743913704751096,Low
0.3552884134133514,High
0.13438855045965586,Low
0.18629643077329314,Medium
0.13957933874112954,Low
0.1949971798238568,Medium
0.14190272253030436,Low
0.11290302384230852,Low
0.07556891270298437,Low
0.056690325392698616,Low
0.07965597849044756,Low
0.17038569646628493,Medium
0.05891116213028231,Low
0.08197118749530843,Low
0.07381977232739542,Low
0.3556655875272185,High
0.06864990721586155,Low
0.17361847118911689,Medium
0.10361614118612966,Low
0.17828747556139096,Medium
0.013748468948870269,Low
0.15578141743842455,Low
0.23643158130154276,Medium
0.1532791434311988,Low
0.21699546045510268,Medium
0.1030849657602799,Low
0.6082943238146156,High
0.135810660794446,Low
0.08180374224650742,Low
0.03632592125615695,Low
0.03518439045276439,Low
0.2593597235617666,Medium
0.22679235519341437,Medium
0.11741517098393478,Low
0.14371699705057314,Low
0.17856768816319707,Medium
0.1316721550700534,Low
0.3776104254158615,High
0.12473791853571095,Low
0.18272195919673367,Medium
0.22370815224981083,Medium
0.015512564353499106,Low
0.12261732686231179,Low
0.06136228390972424,Low
0.07946366650255364,Low
0.2982163866444053,Medium
0.16991435993640044,Medium
0.05341360858938376,Low
0.17770422944013375,Medium
0.20702368352217942,Medium
0.12070863286599312,Low
0.04655981321759607,Low
0.14883826916997472,Low
0.09390125145482094,Low
0.1076892274815604,Low
0.10995396456918334,Low
0.2163774956591576,Medium
0.09665441724139488,Low
0.13200078432142182,Low
0.12753659968939202,Low
0.05191776000460094,Low
0.43977395211029,High
0.36816106603393395,High
0.039226203834886196,Low
0.16015562725679572,Low
0.2887862169669039,Medium
0.14747960402256965,Low
0.2003912560903756,Medium
0.1293419773801634,Low
0.11793106129135877,Low
0.021428417516179535,Low
0.14568394047219207,Low
0.636596323713589,High
0.04534522852149428,Low
0.16203452343862826,Low
0.03945002898751037,Low
0.0972368773283053,Low
0.12445874674212816,Low
0.7431985724658995,High
0.22288136864956573,Medium
0.5401082666252384,High
0.16904334410696512,Medium
0.22412058728751236,Medium
0.43795909779093534,High
0.10539863199069108,Low
0.13065206820573633,Low
0.23080594841608978,Medium
0.19318319727255506,Medium
0.1722910757169465,Medium
0.1563970494369831,Low
0.03385058812949177,Low
0.3429685677894297,High
0.1026572119911534,Low
0.14987284896234276,Low
0.06421642482700166,Low
0.9492090985224123,High
0.11279117389037095,Low
0.025490823131066508,Low
0.12408709344783035,Low
0.0665625614912309,Low
0.06628346225226311,Low
0.10824120977207156,Low
0.2340470307730504,Medium
0.2062488263397581,Medium
0.24361996026438484,Medium
0.30473531735293574,Medium
0.09024799542569054,Low
0.13471096584668815,Low
0.2363507791271253,Medium
0.19184628817806249,Medium
0.07171126358906237,Low
0.08667363758917443,Low
0.4034268400483989,High
0.14086669202489932,Low
0.03913120468668957,Low
0.07321400532893348,Low
0.02322965565341979,Low
0.10992968073271314,Low
0.14458764865221205,Low
0.13063729667164162,Low
0.23107256027877385,Medium
0.05662228130851797,Low
0.11382044212900279,Low
0.06743902319004914,Low
0.03715215466461948,Low
0.1735259208641149,Medium
0.18465489901815632,Medium
0.00889352335581278,Low
0.0908722256930643,Low
0.03491077458563527,Low
0.06646420363399938,Low
0.09238499763809065,Low
0.2122113832083572,Medium
0.0846313740527566,Low
0.1015058273178975,Low
0.038092889974067554,Low
0.2551951785191242,Medium
0.21397242049143586,Medium
0.3141053226731187,Medium
0.12603433933012603,Low
0.15012775745908566,Low
0.23217269772227198,Medium
0.4178808432932057,High
0.2165072642589376,Medium
0.11893741261011856,Low
0.2549437245633373,Medium
0.6550384390630009,High
0.11286358652417111,Low
0.14003852071552272,Low
0.4267180815160182,High
0.37857516189791873,High
0.12217223649179294,Low
0.5780988653934476,High
0.21188803609745843,Medium
0.2264548948383187,Medium
0.41309934710220036,High
0.6611671720359292,High
0.18781478742677904,Medium
0.07006193270127795,Low
0.1875134126488018,Medium
0.2085173118526502,Medium
0.3041719824390931,Medium
0.48670248691318935,High
0.2538729287155658,Medium
0.04261328331728053,Low
0.21434568102903773,Medium
0.0990916900930728,Low
0.15003648861492294,Low
0.40590452315336706,High
0.2332835483400943,Medium
0.5965597076466963,High
0.07556237670013277,Low
0.12449155175251797,Low
0.07477651000071373,Low
0.1780120016042509,Medium
0.10991282613250922,Low
0.015099502719858694,Low
0.19088507200748123,Medium
0.10174244406364631,Low
0.1770268526846797,Medium
0.4102008542733688,High
0.12320669146265247,Low
0.2268427810197176,Medium
0.11355271344622786,Low
0.15898087519482038,Low
0.13783301496151462,Low
0.9502514317042733,High
0.34434257325781215,High
0.20574285977566098,Medium
0.08424255936808109,Low
0.06053906975153235,Low
0.20396936386505404,Medium
0.20565493726037573,Medium
0.06790668083435915,Low
0.2188071206879856,Medium
0.30871639769029935,Medium
0.06609396915991692,Low
0.19277165187987602,Medium
0.6022972582525203,High
0.23622603962950886,Medium
0.443696902191923,High
0.2580535862732305,Medium
0.2352235729646514,Medium
0.2540587349102024,Medium
0.5125654697522802,High
0.10064808249124682,Low
0.03795770252835727,Low
0.19873148219203907,Medium
0.2394787929148734,Medium
0.15860011032719717,Low
0.07191782266546037,Low
0.1490428251099937,Low
0.19597577439153419,Medium
0.6992623385740712,High
0.6556134240367144,High
0.2340579799759838,Medium
0.556386482174685,High
0.13474397421558984,Low
0.029021394596098902,Low
0.1211953267620998,Low
0.20633379796424067,Medium
0.1171069303222031,Low
0.5119514316749554,High
0.03295607372384782,Low
0.18275177352833774,Medium
0.13503075270731113,Low
0.052065416904557474,Low
0.29585213246483255,Medium
0.1908604526302353,Medium
0.11128624243130027,Low
0.1817586592929018,Medium
0.13070245934234415,Low
0.13064646426950485,Low
0.18151324728989116,Medium
0.06933804584934644,Low
0.22193474099492683,Medium
0.021720603403495038,Low
0.24836667367908297,Medium
0.3113873502073651,Medium
0.565512300597541,High
0.16660675519708176,Low
0.37605263486540763,High
0.13447298855889672,Low
0.20689511950386358,Medium
0.23133977844551412,Medium
0.1636824033758564,Low
0.3122766055902273,Medium
0.046428732082654606,Low
0.2060698834012084,Medium
0.03920308307230206,Low
0.4248019916047229,High
0.09570426532880744,Low
0.16451041224299534,Low
0.19889226385568035,Medium
0.3593783440343126,High
0.13734434112659386,Low
0.06924822508432048,Low
0.20283612338009732,Medium
0.19074483697120792,Medium
0.1076072799273866,Low
0.21887639039815335,Medium
0.06647916255750091,Low
0.26752415711906896,Medium
0.1931159653911432,Medium
0.26043902895749194,Medium
0.1708134335345253,Medium
0.049026518494135994,Low
0.6223268016914425,High
0.23618191219324747,Medium
0.6600391251746921,High
0.5152498415419796,High
0.0720764805803169,Low
0.0998779353621075,Low
0.10234030472820117,Low
0.4091545886534335,High
0.09403929459370694,Low
0.19191505417829333,Medium
0.3253768912932368,High
0.28717220195362675,Medium
0.1767752860221079,Medium
0.04151865358352454,Low
0.4795200688777738,High
0.1492639685012488,Low
0.17407043870774364,Medium
0.19554050454211364,Medium
0.19581378777817987,Medium
0.3159778445100603,Medium
0.12038976112253592,Low
0.17576032426982585,Medium
0.1428491824570916,Low
0.39498002012870725,High
0.7523295684819411,High
0.18362970658854894,Medium
0.1342696676223541,Low
0.11454390221281285,Low
0.41410281756418693,High
0.4632353784574552,High
0.21271707917618835,Medium
0.3867102109196338,High
0.668988074064004,High
0.29061457618359543,Medium
0.16218641165345501,Low
0.21984781108787815,Medium
0.2144227759202389,Medium
0.39781226782641105,High
0.5564159754772621,High
0.24452816002365046,Medium
0.08565219710715156,Low
0.16644276846586276,Low
0.4818547319997169,High
0.3682972580764414,High
0.7733688208591839,High
0.14951852205368144,Low
0.5764702938036629,High
0.2221109541986123,Medium
0.23559774550123672,Medium
0.6112394084551971,High
0.4490612656701574,High
0.14188301395638045,Low
0.2548023044530001,Medium
0.5783613573467149,High
0.5003182638870859,High
0.05450982116264393,Low
0.2615155012818354,Medium
0.13976421102733863,Low
0.061165928170311926,Low
0.19666257275688626,Medium
0.585206792617225,High
0.19953729096349354,Medium
0.05123924772064815,Low
0.79799828336687,High
0.2322651658945191,Medium
0.17715622624313684,Medium
0.21546280890216227,Medium
0.5002311131999723,High
0.09897415315303308,Low
0.04083169121253877,Low
0.20356137648856215,Medium
0.2147441613738978,Medium
0.2532366510498322,Medium
0.4099194634761295,High
0.21071096993850683,Medium
0.11968691909950757,Low
0.24237574337993892,Medium
0.047987443683881914,Low
0.1490816451622879,Low
0.17756991646398534,Medium
0.3542777309977392,High
0.21379977175708859,Medium
0.3185815729613463,Medium
0.16165364999064685,Low
0.13584025805581995,Low
0.22153872597864263,Medium
0.0652755922778521,Low
0.20851231737130277,Medium
0.09153695841112036,Low
0.4671216752416317,High
0.5410180760346991,High
0.20824709074897532,Medium
0.845866228397114,High
0.3830637894689435,High
0.5720654368436742,High
0.3912395782891279,High
0.21174678552541493,Medium
0.19363073770243389,Medium
0.16722438474741894,Medium
0.03890040901637082,Low
0.10431775274001973,Low
0.16858372875278257,Medium
0.8225588616060071,High
0.2412330458184702,Medium
0.29964649906766844,Medium
0.5432068077774896,High
0.10483580171176889,Low
0.1445239171526061,Low
0.11370077106999034,Low
0.10792907131635458,Low
0.15302230861888458,Low
0.6004574779223318,High
0.26587899864587045,Medium
0.07468992309102056,Low
0.025675448329632318,Low
0.19980093578969324,Medium
0.16018335060371766,Low
0.11279953966117356,Low
0.25816871776164496,Medium
0.09306648580495493,Low
0.1772761105300694,Medium
0.022635571864050238,Low
0.10051547155447296,Low
0.17969025309604506,Medium
0.13268494355999452,Low
0.18772142994992613,Medium
0.2655086304187895,Medium
0.19255189913965562,Medium
0.15789346672053356,Low
0.4617767198817704,High
0.28926000804819113,Medium
0.16993864685640397,Medium
0.23312266294812903,Medium
0.21551500083333586,Medium
0.049795203810908545,Low
0.3756481020397058,High
0.2390364027471963,Medium
0.5252222959704448,High
0.23382691580952397,Medium
0.11302431424670796,Low
0.3370107956453559,High
0.17349208923705828,Medium
0.12699137825913676,Low
0.4087392125989606,High
0.17609846896903894,Medium
0.4406306978695704,High
0.21832995444874617,Medium
0.07815290385768149,Low
0.22401048825896205,Medium
0.20326784444084647,Medium
0.1460291597928127,Low
0.18964121935490608,Medium
0.15443752719815823,Low
0.06129394212933608,Low
0.17066891471563078,Medium
0.4409206993706176,High
0.13655062985265268,Low
0.16168616497055333,Low
0.4176048193465584,High
0.5161828807134349,High
0.022314903552519964,Low
0.5369604538328066,High
0.48943406346365553,High
0.08848557935460066,Low
0.11590527545242545,Low
0.07019952053559543,Low
0.14107344138842107,Low
0.1349622565235851,Low
0.07935590286303039,Low
0.26970187249619415,Medium
0.184875263818314,Medium
0.0701764388998691,Low
0.05470483508641197,Low
0.18703329368926547,Medium
0.05106799230296228,Low
0.26266790490828645,Medium
0.2296461569136686,Medium
0.10242493805044418,Low
0.3316243842860561,High
0.17509378543631451,Medium
0.15409577680248387,Low
0.058840269062232095,Low
0.14105706571056986,Low
0.4022330100444574,High
0.20761511827207374,Medium
0.3302145451600499,High
0.5950001200924188,High
0.19493902180221565,Medium
0.6522952956130434,High
0.034464491016176935,Low
0.5404532037055549,High
0.1228386090584468,Low
0.4263628119066226,High
0.20317289822481974,Medium
0.21933979256066113,Medium
0.26991130758042803,Medium
0.06620765458166532,Low
0.19823058418856537,Medium
0.012782328902748113,Low
0.22384843337313437,Medium
0.16323954505815394,Low
0.13890575564533236,Low
0.04077045897965859,Low
0.04904887520560925,Low
0.36445784762553696,High
0.1638167086088394,Low
0.5316146125769081,High
0.22186163622013136,Medium
0.03179916129493196,Low
0.06660852492784543,Low
0.9225622953739161,High
0.06702327644132419,Low
0.12549326047224338,Low
0.6895829610904625,High
0.2679006820801626,Medium
0.12160114583568458,Low
0.18831840900878344,Medium
0.03267581008237286,Low
0.1708602590238777,Medium
0.11637545826993675,Low
0.25582174144515013,Medium
0.05680714927808231,Low
0.19254016174607302,Medium
0.19041320999145364,Medium
0.7489956082312847,High
0.16135792903845794,Low
0.524852106044908,High
0.16377372411903277,Low
0.25632642757303864,Medium
0.17607522637867185,Medium
0.04358449513886654,Low
0.4452455268127879,High
0.0829196615291423,Low
0.5738415121598937,High
0.15268134597923483,Low
0.1604139573054956,Low
0.3867453042303006,High
0.27073063010827575,Medium
0.16271396293346904,Low
0.46209119786241276,High
0.07269781904452324,Low
0.19485407946952502,Medium
0.7774712730165895,High
0.17796599069144475,Medium
0.05802080892425208,Low
0.23329766614865963,Medium
0.42562005715728846,High
0.19971231439552523,Medium
0.14798614697881796,Low
0.37737456922610635,High
0.08016188567489367,Low
0.060959115374442756,Low
0.16013719322768258,Low
0.14888003796742483,Low
0.22412880131409924,Medium
0.03372410765731379,Low
0.09049786783663064,Low
0.2215783669053548,Medium
0.13809486050967382,Low
0.20074097617301,Medium
0.06612836823093636,Low
0.4747485028495504,High
0.14713925216736223,Low
0.11781208823599587,Low
0.24800621000637935,Medium
0.1130616225919843,Low
0.053635574757975486,Low
0.2670093505616641,Medium
0.12450231229955908,Low
0.14067161388467553,Low
0.4014121194954905,High
0.05452153443372445,Low
0.033256261292777686,Low
0.08098481966939501,Low
0.5371831841352634,High
0.10663377460039435,Low
0.08387150809163686,Low
0.2355360145983708,Medium
0.16288032152329315,Low
0.8372662694877847,High
0.07324555500629878,Low
0.178066659810201,Medium
0.23526487230431728,Medium
0.11003205739225018,Low
0.17034427168981225,Medium
0.12211939131588805,Low
0.06255962270621118,Low
0.17635016731269806,Medium
0.15889557444263805,Low
0.1273608784454881,Low
0.2386170527780971,Medium
0.1542144657089167,Low
0.12480778062741744,Low
0.08038725772483976,Low
0.2043912313574166,Medium
0.14516547338971275,Low
0.1271922122007239,Low
0.23736474819986567,Medium
0.12623838609059124,Low
0.09970342746630872,Low
0.08207495899029464,Low
0.11866139089921966,Low
0.3873721174760438,High
0.2314873689030169,Medium
0.2753252887491311,Medium
0.2650636350252274,Medium
0.10581761881505591,Low
0.16862111827790452,Medium
0.17661601045270947,Medium
0.31925872672714084,Medium
0.4528592781739889,High
0.48639476892952943,High
0.134085852450141,Low
0.24593771396900657,Medium
0.21498442813347965,Medium
0.18402137824688794,Medium
0.7710678269994519,High
0.9481369231766545,High
0.08652207342378661,Low
0.2001763534916085,Medium
0.060817526254008096,Low
0.1531155865779165,Low
0.23049708217109868,Medium
0.29752520612140904,Medium
0.5023261344389002,High
0.10178671003756953,Low
0.45314445873994985,High
0.22198638290185627,Medium
0.7882074772214125,High
0.20585981005484516,Medium
0.22655094370331233,Medium
0.24071066588758347,Medium
0.1854128105088985,Medium
0.5146144125585105,High
0.1216107199695083,Low
0.46908553560476957,High
0.13901175905929852,Low
0.2548642090795829,Medium
0.4512397136848967,High
0.13524243722331192,Low
0.7424242366569705,High
0.061019904418108936,Low
0.19954491312926806,Medium
0.21580712983641426,Medium
0.1416966520629587,Low
0.5095540251299285,High
0.18613600536100727,Medium
0.3125753161947574,Medium
0.20638800816850666,Medium
0.5612386615821494,High
0.165406999852431,Low
0.3818812136204172,High
0.5348372727978051,High
0.05931888022655946,Low
0.7699885083170671,High
0.03674678980250604,Low
0.1094927367341429,Low
0.2304366701752524,Medium
0.16519209282101122,Low
0.4407744013878798,High
0.4579408153833865,High
0.20430151070899705,Medium
0.2354003159943075,Medium
0.16530794713290994,Low
0.16026063949253874,Low
0.1588139847689681,Low
0.5805858902278378,High
0.19180421541943807,Medium
0.20723501610868078,Medium
0.10937573497617693,Low
0.21435021930245368,Medium
0.10133806495086604,Low
0.2947432369987548,Medium
0.05510497065128108,Low
0.6115855419999001,High
0.23120500653379686,Medium
0.1512084520256761,Low
0.20248091158664192,Medium
0.1539676968327114,Low
0.06782880736097155,Low
0.21860591398209317,Medium
0.13983463607952995,Low
0.18913792434636215,Medium
0.30479091465504327,Medium
0.1466681143005435,Low
0.17313851586701196,Medium
0.9529827911966807,High
0.40101477972088106,High
0.04176522275597949,Low
0.4750719646360295,High
0.05362395847947226,Low
0.2925850789207389,Medium
0.5081632920266933,High
0.20025486953605962,Medium
0.09677818919662011,Low
0.1931270651379636,Medium
0.23065463982971626,Medium
0.18846152126584892,Medium
0.7782151284819812,High
0.21131708850724443,Medium
0.1697121548503815,Medium
0.4609959737849721,High
0.9512691451745395,High
0.6308231505175841,High
0.07224499702993296,Low
0.12011248084712449,Low
0.6223987641298815,High
0.09311333110513954,Low
0.1642652083082866,Low
0.09432983033886369,Low
0.09461716366152177,Low
0.19097803075368172,Medium
0.04609368153446245,Low
0.18332433871533416,Medium
0.2545466160221825,Medium
0.12329290870705936,Low
0.20547759038821095,Medium
0.04248354412248064,Low
0.26766349399466133,Medium
0.4162531511917247,High
0.1771926941358937,Medium
0.7566741324056013,High
0.5610859697513302,High
0.15090365637799688,Low
0.19199550586177022,Medium
0.1222930551393063,Low
0.23195416356919066,Medium
0.032697892800189005,Low
0.03195447406092069,Low
0.2895563314201113,Medium
0.22106135593189946,Medium
0.1716642824461112,Medium
0.14458764744688712,Low
0.4358278851411251,High
0.06786044082578083,Low
0.5809802533807674,High
0.2742390093798164,Medium
0.17353692323966108,Medium
0.08305860325475074,Low
0.6343255105177769,High
0.14502178967921164,Low
0.5604231634265008,High
0.06676444095429546,Low
0.1543764869887529,Low
0.2149992923953795,Medium
0.19546521734925137,Medium
0.17614779586809173,Medium
0.20223441821452356,Medium
0.12190982898744827,Low
0.03319427524422159,Low
0.14952836645886408,Low
0.15950013607209457,Low
0.11190015084983797,Low
0.16317219573784,Low
0.028763062221378193,Low
0.04633946813678172,Low
0.08872941177979586,Low
0.11261706307896198,Low
0.27807626980537475,Medium
0.23063163735940867,Medium
0.22644646843130783,Medium
0.026817340178538766,Low
0.3762289966323555,High
0.24810505481879297,Medium
0.35939864766562324,High
0.08713732235768312,Low
0.12006553372846689,Low
0.53193012481094,High
0.4489262413434472,High
0.11550246736616804,Low
0.2776213563076527,Medium
0.12449215438307339,Low
0.2005361000412387,Medium
0.2665787806975724,Medium
0.07837129919632749,Low
0.5749793833379462,High
0.08891922096100414,Low
0.4984765632669794,High
0.18888544098333307,Medium
0.07565296212993718,Low
0.12313228873147271,Low
0.15929856146533,Low
0.22598964880486766,Medium
0.06288210626443205,Low
0.07859317859386357,Low
0.10358773915311043,Low
0.08098336323813603,Low
0.07659256599796145,Low
0.18354963901485802,Medium
0.11316563467749738,Low
0.20616948220327624,Medium
0.1386601906165491,Low
0.11968907258561781,Low
0.28531612304695597,Medium
0.2328305792132025,Medium
0.22638386994872703,Medium
0.09708185766320618,Low
0.04741203516186829,Low
0.4465468494845063,High
0.10301185196538867,Low
0.04054071898822527,Low
0.12289232705645653,Low
0.038684055910955514,Low
0.24496138783845978,Medium
0.2456430423783555,Medium
0.33010640352735604,High
0.12420555914313557,Low
0.15611138419453566,Low
0.07128699261449017,Low
0.2020284026042459,Medium
0.07372285353226489,Low
0.3740739157803491,High
0.20190366652945194,Medium
0.17178262841505837,Medium
0.07757221097607088,Low
0.1473307320902585,Low
0.17058250538796438,Medium
0.5385997664506499,High
0.21217325640469847,Medium
0.5625101485444787,High
0.36145303592323025,High
0.18915332216403424,Medium
0.1662628858989003,Low
0.3800043841831689,High
0.19857577690370357,Medium
0.12391029757075414,Low
0.4124635242353067,High
0.10981808360599153,Low
0.20599884601390633,Medium
0.17442405202009484,Medium
0.16418584270293182,Low
0.5443779704414279,High
0.5342587716564311,High
0.48191177986226835,High
0.11190743626676272,Low
0.36930461479150534,High
0.3908218076762386,High
0.05125030834982288,Low
0.16911472666784272,Medium
0.09082910742772349,Low
0.1459589623286915,Low
0.18011390933949642,Medium
0.26628498104803233,Medium
0.09110732799747787,Low
0.312747006381764,Medium
0.21799112716946573,Medium
0.4133541211476274,High
0.05780712724912497,Low
0.3596572342906895,High
0.1611340024066155,Low
0.3151596364076733,Medium
0.09198452606816564,Low
0.14940359260206962,Low
0.14411621463397484,Low
0.3809487270048563,High
0.1277141898571189,Low
0.15813701420160362,Low
0.27014980182866605,Medium
0.07118911631917442,Low
0.1867401779901936,Medium
0.04919353256346864,Low
0.20420952954291074,Medium
0.20692911449339507,Medium
0.06049360463340426,Low
0.36356767524484895,High
0.08498007387052989,Low
0.11982387747097842,Low
0.949618135463483,High
0.9520036340845104,High
0.04554464640036723,Low
0.12943174698167753,Low
0.46816815047796223,High
0.22334757111223066,Medium
0.1640784234512796,Low
0.23275151445315145,Medium
0.11569942021945753,Low
0.18294259212292296,Medium
0.13148553415160188,Low
0.5300880949160198,High
0.21716339842920676,Medium
0.09227128427055023,Low
0.17261941198135988,Medium
0.3566953253213588,High
0.3289991634366771,High
0.514603790065643,High
0.535240639079275,High
0.38843609000581303,High
0.04431415091674095,Low
0.1685533139024763,Medium
0.24211673470494133,Medium
0.04451706867722598,Low
0.1605582590042941,Low
0.2861804230357413,Medium
0.08062830616487755,Low
0.07817523041385765,Low
0.22053354645904685,Medium
0.0357444710526083,Low
0.6062745526011752,High
0.20559413271363058,Medium
0.07244503823364021,Low
0.2496500187450684,Medium
0.40596834617028493,High
0.29283081880316153,Medium
0.03812955214206721,Low
0.21009227286771254,Medium
0.18741853716685583,Medium
0.1275962763640236,Low
0.4153912993680559,High
0.3072657291821645,Medium
0.07497649578850894,Low
0.052137720999244574,Low
0.14608345636835926,Low
0.04881267315560532,Low
0.2700688549305298,Medium
0.19106260165647626,Medium
0.05899258177339892,Low
0.03212704166291746,Low
0.25382631504805014,Medium
0.17129303077730537,Medium
0.11354375644868453,Low
0.26382706219158886,Medium
0.13690451611302534,Low
0.24784547153172182,Medium
0.24334105508725978,Medium
0.09859602218505001,Low
0.0960194635953582,Low
0.3557570336085123,High
0.23427343750135718,Medium
0.37031556728643206,High
0.0586649938245157,Low
0.13505277715622957,Low
0.1425011931702216,Low
0.9415243458009215,High
0.13266750738204314,Low
0.07249622445273363,Low
0.09954349951933396,Low
0.2350725002389624,Medium
0.29102704151917047,Medium
0.2579794125003705,Medium
0.20573561550299418,Medium
0.08886230509936631,Low
0.022995462261707105,Low
0.47692901880273664,High
0.21526685695570458,Medium
0.1541351807746509,Low
0.11347221489104699,Low
0.06642170347034973,Low
0.17976673529346843,Medium
0.5598076622353175,High
0.04248209804238565,Low
0.1623212695643586,Low
0.584494095261147,High
0.1314269403549915,Low
0.0929383656097243,Low
0.05091993135941286,Low
0.35656559769809776,High
0.518043191250022,High
0.4053133685769383,High
0.3543872002971078,High
0.18561621190817293,Medium
0.5025730988941544,High
0.3895266784490844,High
0.19416769470508385,Medium
0.13401609835910028,Low
0.13954547517861585,Low
0.4457846399936396,High
0.2408135600843022,Medium
0.12437861732028273,Low
0.3295854531828094,High
0.3958191895921191,High
0.18090746609093344,Medium
0.12723958889943227,Low
0.07863995233590239,Low
0.0649564112161474,Low
0.2382005748184664,Medium
0.2633701270417571,Medium
0.1999925593778339,Medium
0.8648219435402356,High
0.4123457933890246,High
0.1724816012956559,Medium
0.2959742541572585,Medium
0.3380874331994875,High
0.42956395056222024,High
0.24469722537230765,Medium
0.1505036062606874,Low
0.019925873793852522,Low
0.04996647033656028,Low
0.07109543328924099,Low
0.23707760076574935,Medium
0.14749643874753496,Low
0.03048495191750012,Low
0.2686374293877589,Medium
0.6652042601090994,High
0.23302221136962314,Medium
0.21998969384290987,Medium
0.13578556963485328,Low
0.8041044062145041,High
0.3670410214425741,High
0.8423302622402031,High
0.03349200345229091,Low
0.21542959293613578,Medium
0.26165182941338333,Medium
0.1775525023249201,Medium
0.12417410899931922,Low
0.19199002255597897,Medium
0.1098016671431162,Low
0.20865976880665,Medium
0.23718645932796384,Medium
0.24770246905210172,Medium
0.1982648065234912,Medium
0.0861642040526584,Low
0.5414546994538576,High
0.054637497602689614,Low
0.15832574702746435,Low
0.30262405952409777,Medium
0.5517167911798099,High
0.05724538013299775,Low
0.6199732243908649,High
0.15901291470371312,Low
0.19255657710505328,Medium
0.19518062305134634,Medium
0.37785370927322876,High
0.8274073908597515,High
0.04355475997108338,Low
0.16922278628174436,Medium
0.13677359620101182,Low
0.08601793451075662,Low
0.3943955362402825,High
0.09208857345575427,Low
0.38135896655015405,High
0.2125114698547158,Medium
0.19016309685028024,Medium
0.35078097254266755,High
0.052800610038122545,Low
0.10805473638247674,Low
0.1257010206569903,Low
0.04228821976218789,Low
0.25556215157305034,Medium
0.09430652087164527,Low
0.19928147185299797,Medium
0.17017177266286354,Medium
0.40369101946131586,High
0.22344677174851663,Medium
0.2457584791557823,Medium
0.1415774985363914,Low
0.11273591712046746,Low
0.060284268396484944,Low
0.1926019161683737,Medium
0.1149043840388763,Low
0.06666429782745927,Low
0.05843343682625176,Low
0.15936270034751612,Low
0.08201404889324658,Low
0.08315883380013406,Low
0.22393441246779067,Medium
0.10741760643950232,Low
0.05754979467866252,Low
0.03982551962799932,Low
0.015049519525513378,Low
0.2331241601541064,Medium
0.16287452594212032,Low
0.15859833664305517,Low
0.4553227496340028,High
0.40377665789737544,High
0.15625552526478315,Low
0.1673551621044438,Medium
0.32974910761324283,High
0.3134683685041561,Medium
0.2236259698207353,Medium
0.30148021170773404,Medium
0.7943736145316957,High
0.20745501192865717,Medium
0.5436196832163963,High
0.24709294104998636,Medium
0.43692214617130803,High
0.09656254379520934,Low
0.08224624997412276,Low
0.26600050145859233,Medium
0.06404726078514744,Low
0.08392048115101544,Low
0.08794866002206547,Low
0.20856082246848126,Medium
0.044029037636130836,Low
0.0619802409776546,Low
0.41967290063307616,High
0.6184790119680699,High
0.20183584460725415,Medium
0.10441354607804189,Low
0.032816007812112295,Low
0.2228620790988374,Medium
0.5861701902728649,High
0.16366298951928185,Low
0.3244331144321738,Medium
0.1619301954842611,Low
0.23493254593875632,Medium
0.21951047884186425,Medium
0.11164858666818817,Low
0.0198218487710892,Low
0.10819911317358666,Low
0.06579280684568115,Low
0.07132022379057104,Low
0.1322563544572512,Low
0.03125120116145236,Low
0.27595634189587087,Medium
0.23186731978598726,Medium
0.08079893656566707,Low
0.12659184582325309,Low
0.2202153966823234,Medium
0.23796658475889138,Medium
0.4241370137371666,High
0.12473388203387047,Low
0.352002475275191,High
0.4035476121925921,High
0.1513132951888282,Low
0.08581614437414496,Low
0.15180418039259724,Low
0.1268078170942983,Low
0.16022433726525048,Low
0.17923724085649792,Medium
0.11635683795125645,Low
0.080518487854694,Low
0.43046203828172974,High
0.4702361410772463,High
0.1281442256129934,Low
0.17989923485583578,Medium
0.11248424471899225,Low
0.15323991524859704,Low
0.2076175343941602,Medium
0.08093804474650067,Low
0.18342294041692186,Medium
0.751096726070237,High
0.48110604856233835,High
0.1291207868997118,Low
0.18294623231476753,Medium
0.32292746476349554,Medium
0.13559007375611123,Low
0.1339255101194343,Low
0.03936159503027928,Low
0.12997445935302013,Low
0.1718452766204301,Medium
0.5020352735496233,High
0.1478567304098454,Low
0.12687771907957807,Low
0.27992518728922905,Medium
0.14295401001150163,Low
0.16210754002163485,Low
0.5934454730231465,High
0.22076370225524067,Medium
0.09248799441161157,Low
0.14849634139972834,Low
0.23497992710971438,Medium
0.1386941969445633,Low
0.0742937800938279,Low
0.1871364889609698,Medium
0.036225829628458404,Low
0.10377748298162226,Low
0.0769504046617853,Low
0.0683865999084979,Low
0.11587687789986434,Low
0.1481269428065927,Low
0.343761524683985,High
0.13073298303719527,Low
0.2742262663426854,Medium
0.8694800912655269,High
0.15879652338232886,Low
0.05378492858150039,Low
0.8050725607811117,High
0.18553792359126683,Medium
0.37455460046994565,High
0.09796249502060322,Low
0.1447350851411336,Low
0.5921571736541663,High
0.03344854047824019,Low
0.07066305302399241,Low
0.076095243783668,Low
0.22483015826906216,Medium
0.15640498291018579,Low
0.6757448640577464,High
0.10887422000757552,Low
0.16686848129587803,Medium
0.18554330891584161,Medium
0.1402685284430155,Low
0.49513295768866655,High
0.10591339216099514,Low
0.20015772246249394,Medium
0.6813986952983044,High
0.4849808493103362,High
0.057472667746595346,Low
0.18109318013587036,Medium
0.47625474517299043,High
0.48582882913856484,High
0.17415134209652436,Medium
0.07729001197775805,Low
0.23253494053391333,Medium
0.4409368513417822,High
0.20240804203132318,Medium
0.10692954693466161,Low
0.29068646663465575,Medium
0.3273730008787714,High
0.15574901770960414,Low
0.4132768984838655,High
0.40777957027431355,High
0.14354792010244827,Low
0.10825896576730826,Low
0.03783064608721975,Low
0.501338656828841,High
0.3231206191935936,Medium
0.4473266663254092,High
0.16925240686207385,Medium
0.12168455672011703,Low
0.11984261394819548,Low
0.6401196531358129,High
0.2607172170106914,Medium
0.23366634158758548,Medium
0.05004978851456001,Low
0.10610709470066595,Low
0.1098696386129894,Low
0.0460128248777329,Low
0.13831119276997367,Low
0.1573801188287623,Low
0.23908625324792385,Medium
0.20998957556755002,Medium
0.10941980831901633,Low
0.04090415156728555,Low
0.4591597448232139,High
0.27098386505775174,Medium
0.2996833209041702,Medium
0.44898530429962535,High
0.26563265452150875,Medium
0.2531089952549996,Medium
0.47180682816944025,High
0.7080945902051745,High
0.17298783572929816,Medium
0.19297633752890858,Medium
0.1657707060992846,Low
0.19762686474510105,Medium
0.10949772418198207,Low
0.28107639276020374,Medium
0.6082907668570887,High
0.4022866099448753,High
0.21761431556135735,Medium
0.2519470637775995,Medium
0.3547485131073203,High
0.23091328893506477,Medium
0.10555359288660278,Low
0.14882726134445487,Low
0.19435287114637606,Medium
0.10910294984169155,Low
0.18648546570960353,Medium
0.2974129566239837,Medium
0.491513535668181,High
0.1643112370050437,Low
0.14556680405186517,Low
0.19387923270129484,Medium
0.5577335562366696,High
0.08869805461114176,Low
0.14878936121574537,Low
0.49068998573892697,High
0.17302103626446563,Medium
0.037974441295796385,Low
0.26982250102364475,Medium
0.17139349730016976,Medium
0.2590604901718564,Medium
0.1362627640762007,Low
0.14520528792990384,Low
0.24460047834417906,Medium
0.5780136002180994,High
0.31372190457787935,Medium
0.09716115440134007,Low
0.06025150806459888,Low
0.48332459073409995,High
0.22480395881037787,Medium
0.22979528515540357,Medium
0.09264888404790968,Low
0.2180773680449431,Medium
0.5161412064665605,High
0.5912316940342615,High
0.1703874229408525,Medium
0.16953618657764155,Medium
0.16313852213461313,Low
0.1949864779140732,Medium
0.2118648144740306,Medium
0.7918830736703545,High
0.06400311538570423,Low
0.37383148562284174,High
0.1221721602347578,Low
0.4191754785306749,High
0.038982300143370556,Low
0.39385264233483563,High
0.10847418094878525,Low
0.2717885931300386,Medium
0.23724520265315557,Medium
0.1271630366509131,Low
0.22920876110788885,Medium
0.15769414936794673,Low
0.5388972031113765,High
0.24449355254733743,Medium
0.038026296851077765,Low
0.021598869446233356,Low
0.12823858039226985,Low
0.25329546237649386,Medium
0.06949846421699016,Low
0.10489300327582106,Low
0.172088697676816,Medium
0.09827204795306481,Low
0.2924544767403258,Medium
0.20674093175085972,Medium
0.6944749000518053,High
0.4168752634480123,High
0.18521688815894186,Medium
0.09614830304954249,Low
0.08279492331867135,Low
0.2366207554146459,Medium
0.43474597231484463,High
0.030927315073500224,Low
0.1171012013682159,Low
0.22569392647724565,Medium
0.15206706650525348,Low
0.19781883569633207,Medium
0.5803543852855668,High
0.22017679634711568,Medium
0.20460789365724094,Medium
0.2361071955678352,Medium
0.182034539795823,Medium
0.22646926100801743,Medium
0.3709113066914917,High
0.24693821240025624,Medium
0.9449279885240611,High
0.18341914161084777,Medium
0.18607544038307902,Medium
0.22036160152108072,Medium
0.1607151950968522,Low
0.12848155730862112,Low
0.5630061363317356,High
0.26281921601492536,Medium
0.1411435588760526,Low
0.3429316436236978,High
0.16644912106874374,Low
0.15211928310984554,Low
0.2928383324690058,Medium
0.07125642493197804,Low
0.7930778765957789,High
0.1465627995059416,Low
0.06869455885965824,Low
0.18350577296905546,Medium
0.6716413872871821,High
0.06495226870661859,Low
0.143065345742791,Low
0.08138508041637285,Low
0.17824192489008847,Medium
0.256882980971632,Medium
0.2721487936924976,Medium
0.4211121800421593,High
0.16182575545325523,Low
0.17615961873415625,Medium
0.4423458455413697,High
0.0848746813904394,Low
0.6033498050504549,High
0.16141170368289987,Low
0.267674883268784,Medium
0.06424778362464646,Low
0.17505763592383744,Medium
0.0972613661309155,Low
0.3077530921666593,Medium
0.20903013988004354,Medium
0.1817466944306546,Medium
0.6416720182363594,High
0.18648307207750567,Medium
0.25324019439405887,Medium
0.2104647057948747,Medium
0.2311660636680471,Medium
0.16364375542167633,Low
0.11046474019658416,Low
0.18751237467601012,Medium
0.139802108007772,Low
0.4184236424060365,High
0.16297249927922203,Low
0.034848011717274974,Low
0.1606568754208596,Low
0.07832184613400814,Low
0.17740880355626992,Medium
0.15667942322415188,Low
0.1348444159776615,Low
0.5703996075970437,High
0.18410724904718645,Medium
0.46236921427741134,High
0.11979368591556311,Low
0.017382756018963982,Low
0.11122870847279846,Low
0.16145819397385527,Low
0.06935380040148702,Low
0.11451697879350889,Low
0.3689286207338278,High
0.22010854223816176,Medium
0.22963922171507198,Medium
0.09434885512141872,Low
0.24547493817091448,Medium
0.10728515081929312,Low
0.04809376235526409,Low
0.18364142776340525,Medium
0.31239054915912595,Medium
0.24174400568091622,Medium
0.06306500592127781,Low
0.12993616287564963,Low
0.07938290919287344,Low
0.10052819415717613,Low
0.2780941941168354,Medium
0.14900819946572405,Low
0.15477030587410187,Low
0.15979094517973966,Low
0.09453189260269632,Low
0.37992687387590074,High
0.5552040725665883,High
0.06685173261375227,Low
0.5396252335309352,High
0.156223860384151,Low
0.08509032309641926,Low
0.4379683665241482,High
0.0355796658628928,Low
0.181430320155903,Medium
0.305386288989306,Medium
0.08984902888831449,Low
0.1287317602222715,Low
0.2600576419569385,Medium
0.07267868968529793,Low
0.10340429275606494,Low
0.2026035787781272,Medium
0.6215090742781009,High
0.282406155515658,Medium
0.29071861278477235,Medium
0.07827359426950352,Low
0.35002581387676807,High
0.10399771953764508,Low
0.06761755249191975,Low
0.11499065038191898,Low
0.4246816008297902,High
0.12013494645059145,Low
0.048834706397468064,Low
0.16300119994429657,Low
0.10943658855960532,Low
0.10326249971588147,Low
0.22825649115431512,Medium
0.20483663123845808,Medium
0.06787206201295237,Low
0.12411622025858321,Low
0.5837129515762081,High
0.0719118408807458,Low
0.0987576173766735,Low
0.10410336028040884,Low
0.11004195062953855,Low
0.5482793319032243,High
0.22443878409963705,Medium
0.09000547488648394,Low
0.19673722629062498,Medium
0.1056528057396263,Low
0.109832984190666,Low
0.0679261903771091,Low
0.07097101612016667,Low
0.13242307910245557,Low
0.15217767582914463,Low
0.1391741039795878,Low
0.09210413380762389,Low
0.5327918608020535,High
0.135527486817524,Low
0.14727773260862145,Low
0.23274508267123675,Medium
0.38058271296402724,High
0.1400946720039577,Low
0.150507246600563,Low
0.2244712180973078,Medium
0.023914048890084746,Low
0.11414712333165973,Low
0.8379907821354977,High
0.3736464711057174,High
0.9750770190411404,High
0.1373851522398167,Low
0.4431099234681969,High
0.09213283116246843,Low
0.47748231607321373,High
0.08971372620366985,Low
0.3325398050894228,High
0.623671863106805,High
0.17670761319543224,Medium
0.14297756942529855,Low
0.1703038996556923,Medium
0.19911570081288066,Medium
0.1791278596301476,Medium
0.4323539699987168,High
0.2816946357185009,Medium
0.2505283913329698,Medium
0.396255407719741,High
0.10877764206696904,Low
0.15381038373356148,Low
0.21774482198198747,Medium
0.1301457157887408,Low
0.7161591410615648,High
0.1699071101172308,Medium
0.5493779391979459,High
0.5324024917639825,High
0.29937239609535554,Medium
0.5391382278505822,High
0.27444602975526916,Medium
0.19691570858781726,Medium
0.15074071443782686,Low
0.2928700991900552,Medium
0.12891268373795375,Low
0.22839568832325546,Medium
0.20708576434320625,Medium
0.319346315329093,Medium
0.07167621016392257,Low
0.12451737864820075,Low
0.22360138801702917,Medium
0.36415422932925356,High
0.5654152400360362,High
0.07807753963344408,Low
0.1423825852841551,Low
0.3587191468107307,High
0.09138137187673052,Low
0.23475694274957226,Medium
0.15669431345150336,Low
0.44704875458989574,High
0.4883807620174714,High
0.17782947596111415,Medium
0.2206455452798081,Medium
0.09756056065227246,Low
0.20456214474190895,Medium
0.4002697167539816,High
0.17912788701361973,Medium
0.5863032932879986,High
0.45960391998642064,High
0.1733153582048831,Medium
0.14768809397512403,Low
0.2075249376603051,Medium
0.3249001417260296,Medium
0.05732739821821025,Low
0.07864447638244383,Low
0.09565953738585661,Low
0.483805775416944,High
0.5979714212182342,High
0.18397610151159063,Medium
0.19203516188316141,Medium
0.1595868437942801,Low
0.14452793656050208,Low
0.1720991287462599,Medium
0.19247712235825534,Medium
0.41660440249431946,High
0.1388392342797306,Low
0.8985548232011846,High
0.1364490691199559,Low
0.2285738861859283,Medium
0.1944397083435709,Medium
0.18363956384842747,Medium
0.23147878007420244,Medium
0.051474151623437416,Low
0.1517108588972807,Low
0.1451698811006208,Low
0.1249460134909771,Low
0.44693511463060087,High
0.10625851603655788,Low
0.2015943782233248,Medium
0.16351558884857761,Low
0.13212155242002105,Low
0.24405584211585118,Medium
0.20829063231247133,Medium
0.3707476607091829,High
0.20788448399776832,Medium
0.5553067758085205,High
0.13661955131815906,Low
0.07565823402134933,Low
0.13509150038800777,Low
0.14205311003133414,Low
0.16752690797194583,Medium
0.053005134106305155,Low
0.1269009137590266,Low
0.18052469214755573,Medium
0.04817364214061663,Low
0.31203283151477,Medium
0.42633030526242643,High
0.260482556063828,Medium
0.13830817295499548,Low
0.20819736266547442,Medium
0.1113428811872279,Low
0.17125454168819745,Medium
0.14799908549288504,Low
0.15722491176228703,Low
0.14712173368281625,Low
0.12028929043304293,Low
0.13413552577587914,Low
0.09619965243737479,Low
0.450502803536007,High
0.17192084285589543,Medium
0.14068682434206478,Low
0.14467389154308194,Low
0.18453152692643643,Medium
0.05538192111258615,Low
0.2453202820501818,Medium
0.08515013166335199,Low
0.10749625174129088,Low
0.09532004186396999,Low
0.42097895605883523,High
0.5633204953455776,High
0.5212312555667298,High
0.42568454741885403,High
0.149739558585692,Low
0.686050787378408,High
0.05970233064618048,Low
0.32291894711003005,Medium
0.1582920347602422,Low
0.09686141021782746,Low
0.36739494263381167,High
0.07324924765049268,Low
0.4285480987713294,High
0.5223592453075937,High
0.1035679640121531,Low
0.14938052655009573,Low
0.10951047564229456,Low
0.6113696695366884,High
0.17350748148002762,Medium
0.05322747142503283,Low
0.13960364400872133,Low
0.08993438534200347,Low
0.08412172632233811,Low
0.13258418867427563,Low
0.2599569649824801,Medium
0.38142646769678695,High
0.15811110429894337,Low
0.11648979747710728,Low
0.16217631380410275,Low
0.20126882203666707,Medium
0.18437205717382263,Medium
0.09326762645206431,Low
0.18298191381884882,Medium
0.8681107150044597,High
0.1487012613686661,Low
0.015342225403592506,Low
0.06675489696349102,Low
0.08922183726210188,Low
0.31800940130336686,Medium
0.15601254071836,Low
0.19899827608246132,Medium
0.20289755123869282,Medium
0.19905211802249903,Medium
0.1640826397019302,Low
0.048820154961223744,Low
0.2121555803170469,Medium
0.19115669891912587,Medium
0.21809468509471136,Medium
0.1413353223928895,Low
0.1966539144791897,Medium
0.18172523232237875,Medium
0.04833789534947273,Low
0.19948639412326355,Medium
0.28501329773661915,Medium
0.20156069163963145,Medium
0.1747484399028696,Medium
0.2318981476116719,Medium
0.04157838207126463,Low
0.057946936555129794,Low
0.37112698401859384,High
0.07098666487596271,Low
0.17449714065514757,Medium
0.15706125053825198,Low
0.18633207205519212,Medium
0.2838944313595825,Medium
0.21287048190035823,Medium
0.05148920801081722,Low
0.4667986203325066,High
0.41206742083704423,High
0.1800537628280534,Medium
0.012730436595331268,Low
0.35397988189656854,High
0.14702062943685154,Low
0.7031248692723061,High
0.5109545664851245,High
0.07110620556721847,Low
0.17050995103974548,Medium
0.207762158665167,Medium
0.1269658955753539,Low
0.10904858045639859,Low
0.07950760799632188,Low
0.4886614335545365,High
0.33820673878495383,High
0.29004366641955404,Medium
0.19092415538047514,Medium
0.22136279344096393,Medium
0.19204953959443263,Medium
0.16506007455748745,Low
0.21232801863853865,Medium
0.1377578611334956,Low
0.6147789136620815,High
0.15023698780114583,Low
0.4944105130796851,High
0.0774840685099907,Low
0.1622216095575863,Low
0.25816595478412924,Medium
0.09446662461896989,Low
0.05797752143705891,Low
0.09426106739887989,Low
0.1059470204933205,Low
0.059546214797316824,Low
0.1104346955252172,Low
0.23513075336662703,Medium
0.10443480255311631,Low
0.17517444402940713,Medium
0.3136490092698404,Medium
0.5762441261833311,High
0.10347315902113699,Low
0.3444992577017286,High
0.17102398228717078,Medium
0.11360871969451287,Low
0.18388536029737168,Medium
0.26411884230444166,Medium
0.13697061699341798,Low
0.10686042827690989,Low
0.16862626010480386,Medium
0.15043285143488072,Low
0.43769444730889334,High
0.16599204513888932,Low
0.1486526297747667,Low
0.023053747539644547,Low
0.4778232541371845,High
0.11629552867122724,Low
0.15025467061723533,Low
0.050345051331790285,Low
0.17212399848934115,Medium
0.1024884712789439,Low
0.21817125349956837,Medium
0.23936059499324985,Medium
0.056324275257512664,Low
0.11489684198030081,Low
0.30491017903488316,Medium
0.08248255215358628,Low
0.10610377792321228,Low
0.11527717035347429,Low
0.05400935624454152,Low
0.11588815571732554,Low
0.4825346211865066,High
0.1577832419133169,Low
0.0255596402068658,Low
0.45114576117128496,High
0.16758508544583683,Medium
0.06717533853296077,Low
0.20446667510185265,Medium
0.19809477267181713,Medium
0.11202780347195339,Low
0.22321661384272484,Medium
0.2481294048262082,Medium
0.11964608574157883,Low
0.06430098763613626,Low
0.12375322409437994,Low
0.3502779866627644,High
0.06176480992975865,Low
0.3480157377246967,High
0.053851318420076656,Low
0.46950122064958466,High
0.14390666753130354,Low
0.04652065335849524,Low
0.19457568891493385,Medium
0.1747914830231474,Medium
0.1606887868410027,Low
0.1668328157714198,Medium
0.1128952241280199,Low
0.08972758626598712,Low
0.1976830744501872,Medium
0.05907009594753599,Low
0.6254855992185442,High
0.12805844911013536,Low
0.16093511591487597,Low
0.06783913406215286,Low
0.11516367335471066,Low
0.025703387135499793,Low
0.2225559613678917,Medium
0.15039308104114904,Low
0.19727589308074236,Medium
0.2782656601810119,Medium
0.23169331895459894,Medium
0.7496396978137445,High
0.25992037191767725,Medium
0.14748022228468158,Low
0.3284429124191379,High
0.28996161745237126,Medium
0.1255548190996662,Low
0.16308005816217075,Low
0.11829298410915184,Low
0.30278357535621775,Medium
0.19069339665325558,Medium
0.173341290576793,Medium
0.2719113008432972,Medium
0.15166098583728682,Low
0.04330098095382585,Low
0.126007344327717,Low
0.09746828037294557,Low
0.0690475354199512,Low
0.1426625506712919,Low
0.07524535569571986,Low
0.3500718507862561,High
0.19936139921158066,Medium
0.16122549696044625,Low
0.3803361052203814,High
0.1220716036501471,Low
0.2110956853512457,Medium
0.15858261313118577,Low
0.08513396012117559,Low
0.11347047167807477,Low
0.17127366680371267,Medium
0.4666536342611819,High
0.16927120444444094,Medium
0.1433997662774962,Low
0.17913749720990504,Medium
0.12105340731538193,Low
0.1352551386885174,Low
0.15010671493879094,Low
0.49699032299568513,High
0.12420338558789591,Low
0.061034742085473055,Low
0.09443665507402953,Low
0.05908928864157101,Low
0.4381201998856947,High
0.1116721852899397,Low
0.1170869000466579,Low
0.09024199229722758,Low
0.22201722620819464,Medium
0.24342984037480667,Medium
0.11933503817278734,Low
0.03825346522128285,Low
0.15022728586578948,Low
0.1411406047199841,Low
0.08732076341549923,Low
0.08658427719551556,Low
0.18523725998136256,Medium
0.38062183657486465,High
0.07350423912011254,Low
0.18276161382078804,Medium
0.4959706685021254,High
0.1442295264979529,Low
0.07333936360923517,Low
0.17646529733820976,Medium
0.21566241536474978,Medium
0.3372913744072958,High
0.16751664251897005,Medium
0.09313180803030945,Low
0.5316460522843155,High
0.17128362997157787,Medium
0.1384378406382048,Low
0.1558046827682386,Low
0.31405873201023027,Medium
0.11187248088378228,Low
0.17283871217550423,Medium
0.12893292385422447,Low
0.08785319971675606,Low
0.2767588196763285,Medium
0.11800141082294548,Low
0.13908248944728177,Low
0.1544150430895832,Low
0.16832516543500642,Medium
0.13669727520015787,Low
0.5043536044795751,High
0.14060568853085217,Low
0.05740642298769258,Low
0.2580542180983157,Medium
0.17138061905050625,Medium
0.33805986718377884,High
0.11883495679302664,Low
0.13687149365757578,Low
0.36155501125059697,High
0.3997186248868561,High
0.15057410776746938,Low
0.11892962278102456,Low
0.05503328880022237,Low
0.0792351030275083,Low
0.1874767011859138,Medium
0.11552526489100075,Low
0.14218147480487398,Low
0.09780185798277374,Low
0.17657199828998663,Medium
0.1416001163828686,Low
0.20562448301328348,Medium
0.08408661271757505,Low
0.5489744617125811,High
0.13025662771978216,Low
0.12520039319656642,Low
0.6690110528790802,High
0.1422623821960146,Low
0.19758565305247228,Medium
0.19318119807564677,Medium
0.11012683720780884,Low
0.032831895663070695,Low
0.13145449842523257,Low
0.16692810705970929,Medium
0.15692198403083946,Low
0.17196649375162942,Medium
0.06404117754017775,Low
0.05331291569300042,Low
0.1678766131182221,Medium
0.05115680458810582,Low
0.11053203393808424,Low
0.16068813689975417,Low
0.3540982333799443,High
0.08261129405852898,Low
0.15596225917710438,Low
0.10107183740871468,Low
0.4990090552332571,High
0.14831428636535846,Low
0.17965998373571954,Medium
0.13997630478270096,Low
0.05844799326828966,Low
0.21533945563614995,Medium
0.029220161223864415,Low
0.03860985314364547,Low
0.32788921253071823,High
0.08349190121761611,Low
0.13470809006579462,Low
0.2513519503517921,Medium
0.12821686746657976,Low
0.15200564529764335,Low
0.27105339466407735,Medium
0.05072179634974799,Low
0.16342131536174412,Low
0.1035264254663442,Low
0.11116438327552415,Low
0.07923204148520152,Low
0.19497084720626934,Medium
0.10563323283583302,Low
0.19722687276945394,Medium
0.09536199548456611,Low
0.9346342799509416,High
0.07578160478463064,Low
0.03238788947590821,Low
0.08094844395730905,Low
0.07395010434050915,Low
0.07511190041943132,Low
0.08477779002976742,Low
0.15797719916448907,Low
0.10103851394209155,Low
0.10336730945548861,Low
0.1403319229552645,Low
0.2989851776756108,Medium
0.5113314232138289,High
0.18559665555965252,Medium
0.34400225242842214,High
0.09471711893150361,Low
0.4412384735502776,High
0.06697157211656686,Low
0.1355080592436315,Low
0.1931525667870454,Medium
0.2295464468094735,Medium
0.10295480503086266,Low
0.13981209075235074,Low
0.1835784551500711,Medium
0.08008854242487091,Low
0.14595292699532234,Low
0.043023209918832996,Low
0.2931791266609039,Medium
0.09213597004695567,Low
0.11082247829053585,Low
0.17779373328039869,Medium
0.18912544611219934,Medium
0.09967849901437624,Low
0.10063865312214762,Low
0.16547841766667015,Low
0.10229075181024769,Low
0.05015850779307397,Low
0.2310094995135746,Medium
0.11509778668313768,Low
0.14029439839530822,Low
0.21527525773182518,Medium
0.043756697961046184,Low
0.10204223094523525,Low
0.04798575471032487,Low
0.04702960370836454,Low
0.1309160223414727,Low
0.32877131631580647,High
0.12591624045925676,Low
0.12285931102648888,Low
0.08524137359758002,Low
0.5175506126401389,High
0.5334960174893484,High
0.23122665694042696,Medium
0.07051012651085763,Low
0.1960568880927575,Medium
0.24651954717661023,Medium
0.2505488855292036,Medium
0.11708289269791498,Low
0.15712114410258626,Low
0.16693945110798292,Medium
0.2557484992791374,Medium
0.1941610668044477,Medium
0.34913324663670925,High
0.18449165737429007,Medium
0.23549057203027973,Medium
0.1495771004772714,Low
0.12470301455928146,Low
0.13887468263617747,Low
0.06671217160502019,Low
0.08141843813794243,Low
0.20666856755709656,Medium
0.08199175830021356,Low
0.11876249194686869,Low
0.12304985339623375,Low
0.09216495727030778,Low
0.05009618336526047,Low
0.165786795141315,Low
0.14888394898935212,Low
0.11382740440278043,Low
0.06881191976901638,Low
0.06889253078911527,Low
0.19872801289497122,Medium
0.373339534260581,High
0.1380882041830143,Low
0.08333890219348579,Low
0.09930269935995877,Low
0.12994342070568116,Low
0.1954577625313814,Medium
0.05195302354097689,Low
0.08904672778603098,Low
0.09816479809019837,Low
0.26382054595157883,Medium
0.39065435359207396,High
0.14764726077971102,Low
0.02102887768003088,Low
0.597575293688453,High
0.4201342643551012,High
0.14948802177959117,Low
0.16495727842899727,Low
0.23377772116861018,Medium
0.6206325454684812,High
0.133582844917107,Low
0.0826930329322614,Low
0.22913628973139727,Medium
0.14099226346632449,Low
0.09584360982124616,Low
0.08603012331355143,Low
0.11384100882335568,Low
0.060547620473913995,Low
0.0891754924217539,Low
0.15931490269811513,Low
0.10131867855208151,Low
0.12835165679633778,Low
0.07405602262171163,Low
0.13734744118150058,Low
0.2673719761895406,Medium
0.1784713777300025,Medium
0.13624996113531704,Low
0.2665372947736439,Medium
0.18704767849029164,Medium
0.4908230254983453,High
0.4055844605885992,High
0.24557304660388626,Medium
0.05412475016277726,Low
0.17841405650261355,Medium
0.1199782236669211,Low
0.1296549214787656,Low
0.09361250413416068,Low
0.1108938396926143,Low
0.2509050948004159,Medium
0.1447021602217186,Low
0.1752172457681041,Medium
0.12627706119334076,Low
0.3722099837144884,High
0.5957293018890286,High
0.06708996786777441,Low
0.09716179246554651,Low
0.3271920616874866,High
0.12025800401881623,Low
0.1466393581623371,Low
0.19060899079439436,Medium
0.15212589356173903,Low
0.1445675523458106,Low
0.10519769140793117,Low
0.12148856601947593,Low
0.0632635859819222,Low
0.1443123639716334,Low
0.47863290627339833,High
0.05175671067655843,Low
0.23494817045238267,Medium
0.06985601504844806,Low
0.3826290108058107,High
0.20001077636146475,Medium
0.04351280706199385,Low
0.40503289810909215,High
0.0607231840431002,Low
0.04064488743987853,Low
0.1397842393060234,Low
0.09414951587837608,Low
0.2645423011686472,Medium
0.19958922308366056,Medium
0.0935434758797624,Low
0.19170255853919724,Medium
0.12946963497238873,Low
0.6655972479187786,High
0.05491838831831848,Low
0.13385151187563393,Low
0.11603778548224557,Low
0.13113448301922861,Low
0.12594565005381944,Low
0.20512140203513937,Medium
0.204291487348276,Medium
0.3731715345883341,High
0.34522834290129806,High
0.16447843719060007,Low
0.2184887808668344,Medium
0.0378299386749124,Low
0.3359041466747506,High
0.10027067279477485,Low
0.1761911927763069,Medium
0.1476685374922748,Low
0.18917578675568117,Medium
0.3502093057819345,High
0.1548954260187961,Low
0.023832834930955803,Low
0.16640271647683424,Low
0.05931413329591671,Low
0.3234968357783524,Medium
0.08759407129346901,Low
0.11532243589237581,Low
0.06909714405754398,Low
0.046234581493619004,Low
0.37693151132831093,High
0.19360947016399946,Medium
0.2991077290201308,Medium
0.18824951907146364,Medium
0.19722828680447527,Medium
0.23954856798052596,Medium
0.08201996985742474,Low
0.08574419299851348,Low
0.10195934955252232,Low
0.12790279506171492,Low
0.3379805579993063,High
0.2962112212879132,Medium
0.33330877268617337,High
0.17816177527518853,Medium
0.15104629318484714,Low
0.1660046198400949,Low
0.48163824606129446,High
0.2248497118837995,Medium
0.18929010381516967,Medium
0.1192890540764798,Low
0.181364412149929,Medium
0.10675191845371662,Low
0.18635241713700515,Medium
0.037077672281059994,Low
0.2619092954075225,Medium
0.09941178698579754,Low
0.06845338058380072,Low
0.022174278150446314,Low
0.1458626383626875,Low
0.043813305466544446,Low
0.28751616638954114,Medium
0.03736460609869338,Low
0.06792872719117228,Low
0.05977482681399436,Low
0.10117491595017057,Low
0.05656319698717408,Low
0.15666820312685634,Low
0.10699199499713001,Low
0.06424507829562559,Low
0.04415491753300369,Low
0.18413764128661408,Medium
0.07121470324082141,Low
0.35072210486798383,High
0.15631529956996154,Low
0.12607713035668927,Low
0.15007109101292096,Low
0.07202474866000821,Low
0.09054191174451443,Low
0.17310892079608498,Medium
0.20954176318705003,Medium
0.42441241268856056,High
0.24744405581274626,Medium
0.07726355519971072,Low
0.10753985436000615,Low
0.17663684376252548,Medium
0.1332475962532498,Low
0.24624855994687628,Medium
0.047749816609304066,Low
0.15185828787120997,Low
0.09790625718256454,Low
0.20199595172963275,Medium
0.16518998801282925,Low
0.11502329005260012,Low
0.12740477952697368,Low
0.19867633723527386,Medium
0.11866723272048002,Low
0.15833572698659334,Low
0.11360814176903272,Low
0.12908876067463138,Low
0.03701260927723599,Low
0.01755499593308025,Low
0.1571526011713412,Low
0.20044071212544012,Medium
0.15283491067609523,Low
0.04883974446136408,Low
0.1304372351165659,Low
0.1006380298283986,Low
0.2593666512919306,Medium
0.30499857598674923,Medium
0.12414257212715885,Low
0.09265483064916329,Low
0.15462938761272219,Low
0.08614647815154129,Low
0.06644699768731445,Low
0.200281710715795,Medium
0.10687432879695574,Low
0.0455263075038842,Low
0.1258238630839636,Low
0.10523501862379686,Low
0.12681768337519989,Low
0.03914836273828435,Low
0.11939176596000464,Low
0.16485463642533812,Low
0.48426806142738127,High
0.0615786504777886,Low
0.17071489489454422,Medium
0.13375648444753338,Low
0.1772725581787519,Medium
0.19299237082880383,Medium
0.16389567621657186,Low
0.011953805908154444,Low
0.11420567087654236,Low
0.02927280253779065,Low
0.1549518502325018,Low
0.02562134462782548,Low
0.43176004892906933,High
0.0718711093883449,Low
0.17623681209540598,Medium
0.057252224519187475,Low
0.3411272097020334,High
0.062317354645440824,Low
0.08675478352296485,Low
0.14856601483257081,Low
0.012917608830322409,Low
0.18313429606063095,Medium
0.11733678284726665,Low
0.0997136714167072,Low
0.050678288200265036,Low
0.0780657390450009,Low
0.08943432011872507,Low
0.17755053540694715,Medium
0.1520883120897145,Low
0.03236996281579843,Low
0.139128108915706,Low
0.08657402334590701,Low
0.19733214292294055,Medium
0.027641654391493214,Low
0.2073859051700147,Medium
0.09605955899963906,Low
0.17230924239277476,Medium
0.1676236656787425,Medium
0.09126743633846185,Low
0.1490620021086386,Low
0.5161925862175005,High
0.5485660697598418,High
0.49420926259891423,High
0.5685868975684384,High
0.23145897440651148,Medium
0.5500263756983581,High
0.25628948436962046,Medium
0.16118147881223574,Low
0.15239131399755895,Low
0.059926879346577686,Low
0.1251657109632712,Low
0.14071446948057428,Low
0.15399616108382086,Low
0.10724060319802524,Low
0.2303335209847512,Medium
0.045829682402886096,Low
0.15421126209280187,Low
0.1081478435411335,Low
0.21743965465732007,Medium
0.09052231718309667,Low
0.15939861378808182,Low
0.21146779062261595,Medium
0.1016282225472819,Low
0.19795080989064864,Medium
0.19990771304046556,Medium
0.5766384853720499,High
0.10781362313044023,Low
0.09154093168917898,Low
0.06980535760199427,Low
0.037858359461822054,Low
0.31103471784882214,Medium
0.18303645230717083,Medium
0.26933025373907293,Medium
0.3506779277679334,High
0.049279996717134976,Low
0.11653005303722681,Low
0.09308591733774772,Low
0.0778616106023599,Low
0.13348767736443273,Low
0.15741550846162125,Low
0.16284229349083607,Low
0.09735487320494494,Low
0.3598202265715573,High
0.20636540389670027,Medium
0.16809968148132967,Medium
0.239646933760019,Medium
0.14521286346894,Low
0.0289765267784561,Low
0.15417090950080087,Low
0.15767220915508542,Low
0.30525827155436824,Medium
0.18890781207706125,Medium
0.05256919112478046,Low
0.1425439153459473,Low
0.104864320031059,Low
0.10901958502610352,Low
0.0943155789600841,Low
0.028179026739573808,Low
0.12135558353888436,Low
0.29137232395630597,Medium
0.42488733686310554,High
0.03426179076808275,Low
0.061805586094793474,Low
0.03110542464476133,Low
0.09771837788854111,Low
0.07246577712658767,Low
0.17472848805625513,Medium
0.09420692419374592,Low
0.23287183414230003,Medium
0.057968751953664195,Low
0.3373625045569014,High
0.12436061347040074,Low
0.03921520478662974,Low
0.12481391784610153,Low
0.01731178642256518,Low
0.04473247415315938,Low
0.18990985415021613,Medium
0.18523451206120856,Medium
0.1428947596188869,Low
0.17035322351230106,Medium
0.2933698031655645,Medium
0.09539303954507125,Low
0.21132551847432243,Medium
0.13761115356562145,Low
0.08829826411816723,Low
0.12510594720061993,Low
0.1058802488391496,Low
0.10908771496352072,Low
0.09120140797475627,Low
0.4000101225511912,High
0.14252936643425745,Low
0.5614378849022775,High
0.13790654507204173,Low
0.1025428534629336,Low
0.054185237765942376,Low
0.021933808770770575,Low
0.05605656716238844,Low
0.17944168459015325,Medium
0.08865224795571718,Low
0.08412675409277967,Low
0.09461290361955367,Low
0.49422432207546574,High
0.14250974065625246,Low
0.07893390185226493,Low
0.08648546138579621,Low
0.05035551008395569,Low
0.24205135370915182,Medium
0.03502913225326552,Low
0.1874266090566157,Medium
0.13178606454391378,Low
0.15245469166466835,Low
0.12164015431814117,Low
0.11594942621579868,Low
0.06971050297640818,Low
0.21514992665886437,Medium
0.04184337548687234,Low
0.41684008054078403,High
0.36770615336815915,High
0.15522650248610512,Low
0.13200699093866572,Low
0.08985467801246322,Low
0.11616946234329442,Low
0.12190763012856556,Low
0.09579079912308482,Low
0.13000412347624649,Low
0.08471396316418756,Low
0.21873251038366245,Medium
0.21502831629311464,Medium
0.40122043043375,High
0.5034922175608466,High
0.5481829645811144,High
0.5076883132650968,High
0.1722254718575221,Medium
0.09929281728720671,Low
0.19737417946172095,Medium
0.2579061656408138,Medium
0.5361505770585219,High
0.18498616734796575,Medium
0.12286477588455032,Low
0.09756492306446349,Low
0.11199372363792605,Low
0.19286493008703823,Medium
0.13355187434329444,Low
0.13983324813354908,Low
0.2988799026938758,Medium
0.2592393334282673,Medium
0.04864822672742238,Low
0.13635063058783695,Low
0.3272115119886334,High
0.20778583127273925,Medium
0.08834341885086026,Low
0.09179980410524922,Low
0.032348301183934794,Low
0.6600554613581219,High
0.15626665472558332,Low
0.1663183468210877,Low
0.07958569044254665,Low
0.1372920843154094,Low
0.22004331998897597,Medium
0.12038943303364798,Low
0.05091008062835285,Low
0.09019384350631718,Low
0.17859677920999642,Medium
0.12469261187766659,Low
0.12492352172638155,Low
0.17698162879403262,Medium
0.10259611100854474,Low
0.2319567867178907,Medium
0.16837905333337544,Medium
0.10519435998908058,Low
0.12956641008399114,Low
0.0715057262016828,Low
0.19779543340175632,Medium
0.2608733984137468,Medium
0.6450709612412378,High
0.08562300468243779,Low
0.05963639569389578,Low
0.6811097169348944,High
0.17338149843417872,Medium
0.6162321292321873,High
0.06455903447238026,Low
0.6008310231988171,High
0.10228594976256394,Low
0.24564444837054678,Medium
0.4447596424943761,High
0.22233879380109203,Medium
0.12788631281944426,Low
0.6323627732912672,High
0.2355450759151243,Medium
0.4883013442388945,High
0.04395847233117408,Low
0.2974520893298761,Medium
0.13798730197485357,Low
0.5629436188365625,High
0.3176156518960508,Medium
0.06185689757302312,Low
0.033958266561398234,Low
0.09109776556366347,Low
0.09202810265193073,Low
0.0776213923417181,Low
0.2719386433799283,Medium
0.06937914850386188,Low
0.15798141968212612,Low
0.19441326642631723,Medium
0.15983786904297395,Low
0.3829625180550544,High
0.2717641655401333,Medium
0.18817277706734928,Medium
0.1532756305881097,Low
0.5679238439733909,High
0.09609555226219174,Low
0.20416599322241127,Medium
0.11439520234499619,Low
0.16754749652181347,Medium
0.1105642019117684,Low
0.10146819189235733,Low
0.16831323046038252,Medium
0.34370991190945116,High
0.08297326510102557,Low
0.04199734930425654,Low
0.09970269905891442,Low
0.5830125454349219,High
0.046648569601063214,Low
0.17598866998863333,Medium
0.049296825108646976,Low
0.21554426351188655,Medium
0.17118570442538125,Medium
0.10743058202390486,Low
0.15372544082274947,Low
0.1345262718013994,Low
0.2092077120583668,Medium
0.11616555313578791,Low
0.07538189162730649,Low
0.03877417872773127,Low
0.01959699554035035,Low
0.5058144679364709,High
0.12257028014769186,Low
0.635182098533962,High
0.1394832529725399,Low
0.16264030663772594,Low
0.07134844395539738,Low
0.035900121035880625,Low
0.11321911210504393,Low
0.10364971504487666,Low
0.4808064801558501,High
0.04735412494782247,Low
0.2214423337389293,Medium
0.08171681817603363,Low
0.24489421175022,Medium
0.16809195471317756,Medium
0.2328476871264174,Medium
0.5373856961003106,High
0.2188540431056183,Medium
0.09569948315578325,Low
0.12345530107702381,Low
0.33531123491454234,High
0.1754364716122241,Medium
0.46999452321244967,High
0.378149277493982,High
0.16458104877426932,Low
0.21588910262541924,Medium
0.12211845187616313,Low
0.08288532642220721,Low
0.05074238467743075,Low
0.17388566989368356,Medium
0.7278737595156455,High
0.11439605972183908,Low
0.19619736432995302,Medium
0.4089935520400092,High
0.3382045455169409,High
0.05689728945543575,Low
0.05457341398637317,Low
0.22048928746796478,Medium
0.0866939170113838,Low
0.1656987364602566,Low
0.38503149751876675,High
0.10464580359900752,Low
0.13690319198336123,Low
0.08764305896402633,Low
0.016918649806965263,Low
0.05422991860274276,Low
0.5650763380585418,High
0.0870798686503961,Low
0.27101331831498765,Medium
0.16816921388721776,Medium
0.15651782968725633,Low
0.11801462863162836,Low
0.16598903533728337,Low
0.17534509431544137,Medium
0.07102187059027364,Low
0.17155548423942546,Medium
0.15714695790631927,Low
0.09672476355297373,Low
0.09299301268301417,Low
0.174514870903362,Medium
0.02788351156307224,Low
0.03819346276795453,Low
0.03170665560079373,Low
0.11293457397948237,Low
0.4838039935245897,High
0.21000819104444046,Medium
0.10166452758723855,Low
0.18194038826231013,Medium
0.10413647739453576,Low
0.06762760095444159,Low
0.11699232923493248,Low
0.1374142757106849,Low
0.382977597436779,High
0.07508038673863052,Low
0.15504076757956217,Low
0.13931826248995943,Low
0.15078506976705203,Low
0.28173694852058,Medium
0.1287302276958278,Low
0.014623030938484759,Low
0.04349812718248761,Low
0.044583916122476204,Low
0.07421788493557734,Low
0.16817620773592856,Medium
0.3006579833723423,Medium
0.12206760972291182,Low
0.4448334897208467,High
0.10336769719867693,Low
0.12967148926023886,Low
0.18772775559893895,Medium
0.4569730443474763,High
0.19501307371107263,Medium
0.01563689150541665,Low
0.11578366383751709,Low
0.18716652093961358,Medium
0.04021937027417282,Low
0.220539583740532,Medium
0.12321739987508393,Low
0.44660034929121784,High
0.1473057257569736,Low
0.9080469751864031,High
0.13209833288460784,Low
0.3873981535895129,High
0.14435035320980585,Low
0.13827818099598976,Low
0.27933198600312104,Medium
0.19340768336939765,Medium
0.4224635365539085,High
0.615200797656205,High
0.030002256442618558,Low
0.19681496953492775,Medium
0.016463494244920635,Low
0.1901891648443274,Medium
0.1899202476881312,Medium
0.2261723414256944,Medium
0.11241648330853905,Low
0.18023544273448808,Medium
0.20232320460106493,Medium
0.1021182134064917,Low
0.03344281902683999,Low
0.08171571281876053,Low
0.1566970475507976,Low
0.3934418790798478,High
0.010863194165805213,Low
0.15359468010978278,Low
0.07844866378818362,Low
0.19300277333316926,Medium
0.5878488812126841,High
0.1446151358622842,Low
0.08368353533406268,Low
0.138898230153581,Low
0.21189463250441923,Medium
0.13203676939590378,Low
0.03226428395998573,Low
0.017955315998080697,Low
0.07028407609499601,Low
0.3279475657406744,High
0.036448358374836086,Low
0.08517588892005948,Low
0.10120087590166754,Low
0.022285713133230904,Low
0.11733014554186096,Low
0.10187759701338912,Low
0.06978021862795245,Low
0.3410490328840814,High
0.09152903559419158,Low
0.1097929837918255,Low
0.13461410905013727,Low
0.06500096154810686,Low
0.12556113877094632,Low
0.146044832702379,Low
0.09040444355355333,Low
0.19221394711677206,Medium
0.06599606388126256,Low
0.13142996477678345,Low
0.11283073970208254,Low
0.030710226105071684,Low
0.07831167630407038,Low
0.22761012713058001,Medium
0.4202569113588562,High
0.023910624276579664,Low
0.08590710317604895,Low
0.0531914556104482,Low
0.17934332223401278,Medium
0.020968623354972234,Low
0.16716811015308472,Medium
0.09169938532322497,Low
0.15192010233596415,Low
0.589279934106523,High
0.13215676263870957,Low
0.5236471045930464,High
0.1403655168501159,Low
0.36100507666029785,High
0.10175115960331813,Low
0.10208553813819314,Low
0.1286654330673802,Low
0.09691114580641408,Low
0.05718577751827629,Low
0.07100305359301134,Low
0.5105978163793619,High
0.08336805181291598,Low
0.15353558826689773,Low
0.05785157261233264,Low
0.13017413296439534,Low
0.18855599903819564,Medium
0.35423117852973063,High
0.03148604702818475,Low
0.08091560484642234,Low
0.16505772845524547,Low
0.14575234334015216,Low
0.09999873169914879,Low
0.11253175937478418,Low
0.07456636632874998,Low
0.11415513175591138,Low
0.07354458643640702,Low
0.16610588724044698,Low
0.0930257457665898,Low
0.06830219674296195,Low
0.05816567999991483,Low
0.06580692111390307,Low
0.2021099019165122,Medium
0.1384013097551685,Low
0.04043937108629743,Low
0.07228883236860303,Low
0.8901912151112835,High
0.11500676448087935,Low
0.3749001284942555,High
0.01911633361514956,Low
0.0366342980741266,Low
0.20930683619733303,Medium
0.09752904761306695,Low
0.08717718420778946,Low
0.1338888508349784,Low
0.29172926974456526,Medium
0.04443352814142094,Low
0.050628255437578394,Low
0.11589525658189741,Low
0.2619664672154072,Medium
0.09751312413423323,Low
0.07726392274172718,Low
0.11233094981848751,Low
0.1669317064130469,Medium
0.10735834734828918,Low
0.2055714114922253,Medium
0.07319339761060951,Low
0.08522225212450972,Low
0.24207048738877246,Medium
0.07961315046938548,Low
0.3594047458808937,High
0.01429726559909544,Low
0.034485221268423724,Low
0.07899669382116739,Low
0.11308681977911245,Low
0.35287744322682435,High
0.14514202191033562,Low
0.13541384129791956,Low
0.24041367564558844,Medium
0.11975179917395555,Low
0.04066294140200822,Low
0.8868162741960921,High
0.017063828195235886,Low
0.03234471649525754,Low
0.04823715460595864,Low
0.12873718698917097,Low
0.05335399503899665,Low
0.10865848595773729,Low
0.03371066665762415,Low
0.08514384339533262,Low
0.1274394003382052,Low
0.20398624776243657,Medium
0.10017423036637639,Low
0.18617587105709715,Medium
0.32296664411159914,Medium
0.293938991317359,Medium
0.10825459116505899,Low
0.016748697472129568,Low
0.09362561906404766,Low
0.08673408210679193,Low
0.1193488759115528,Low
0.032731305081303355,Low
0.208107061334215,Medium
0.17066278106377114,Medium
0.24953332409048967,Medium
0.0660922403393072,Low
0.04621776721202719,Low
0.11949323997182248,Low
0.48123234515998164,High
0.11358003994481676,Low
0.5023273768070943,High
0.10351666686178941,Low
0.12799960216170217,Low
0.4214143599771715,High
0.07644875140881995,Low
0.07683697059320563,Low
0.07540589041116053,Low
0.1020692273109893,Low
0.10654909348208774,Low
0.12721579831149776,Low
0.1251785407376622,Low
0.08201543334576882,Low
0.08435482712659195,Low
0.20857827473938223,Medium
0.05283366658083002,Low
0.1413995824161611,Low
0.03832640021645735,Low
0.34122556212255445,High
0.15218607889590913,Low
0.09583931249285495,Low
0.1294665540703557,Low
0.045142097320665556,Low
0.07274155905385274,Low
0.15603309363217258,Low
0.4930772976374106,High
0.07924374278247412,Low
0.1667163158528576,Low
0.1640031763680449,Low
0.12746072876482115,Low
0.0325145842045616,Low
0.2217120453132156,Medium
0.13987607154475024,Low
0.086436995071645,Low
0.11190079673003632,Low
0.21031841639579585,Medium
0.1349276650921058,Low
0.12293498409789155,Low
0.38597520163540594,High
0.1985256399814157,Medium
0.030499488656707898,Low
0.20379666199922827,Medium
0.14404865304636966,Low
0.6750223202612167,High
0.7909753807946849,High
0.14580361370231817,Low
0.10300065912239093,Low
0.01631286755797208,Low
0.07386198314527578,Low
0.2288098486312572,Medium
0.044011788893552485,Low
0.0641589424731304,Low
0.13751284382076204,Low
0.10863015289479627,Low
0.18457708492229674,Medium
0.13810537334468004,Low
0.18922568623600852,Medium
0.13611787006442658,Low
0.145065984679764,Low
0.30065048488459556,Medium
0.14288763504489915,Low
0.15387729032941858,Low
0.14267075899835893,Low
0.06524398994871122,Low
0.287724896338088,Medium
0.40952035688888283,High
0.15900214574051522,Low
0.1508442316063551,Low
0.21174706390438153,Medium
0.10468927753880636,Low
0.09798846142563616,Low
0.2905197362855396,Medium
0.10225811600154479,Low
0.2761942555403745,Medium
0.2046635160058854,Medium
0.5720501965798404,High
0.10983247858816153,Low
0.10046509105154262,Low
0.1160412858175781,Low
0.15693610885693846,Low
0.025133912503395004,Low
0.24596865879406424,Medium
0.3517368376287899,High
0.060603564366873315,Low
0.6525161356654666,High
0.06616007157212903,Low
0.04244838670370332,Low
0.1739908601139644,Medium
0.16415943577956846,Low
0.21039510449871618,Medium
0.08790551946177845,Low
0.4452312292985085,High
0.022642362043052557,Low
0.6330671017819924,High
0.08433247047703477,Low
0.10879801705653225,Low
0.12114963191456135,Low
0.13760150423434422,Low
0.15864130100510618,Low
0.43358648256087695,High
0.02481660501764537,Low
0.08129799396345212,Low
0.05461223882391217,Low
0.13419975217802246,Low
0.09956995645534465,Low
0.13224310210618825,Low
0.11521979438106246,Low
0.05260939675015699,Low
0.379719174627279,High
0.12941470425138193,Low
0.6025525320401345,High
0.164040288050347,Low
0.18084536367957013,Medium
0.7115952764734484,High
0.4092050501536174,High
0.10895205641702523,Low
0.16509642289792617,Low
0.3561433785688953,High
0.13534910505136657,Low
0.05463223899064962,Low
0.028148930452419705,Low
0.09480068446424313,Low
0.1289788840493572,Low
0.09891950747380665,Low
0.20094685349124106,Medium
0.05004607484325634,Low
0.07864624692901084,Low
0.11766996746514188,Low
0.10800820534286958,Low
0.17031364425466208,Medium
0.15984704020415727,Low
0.09533287536931415,Low
0.14217530787583166,Low
0.10284536347366152,Low
0.11813258624228377,Low
0.159237942446959,Low
0.07303706008290824,Low
0.17021496892075522,Medium
0.03206581483769683,Low
0.2160731337382339,Medium
0.0904087251162069,Low
0.1122970987446478,Low
0.07607211072819764,Low
0.17410159716808432,Medium
0.21069373387757118,Medium
0.09798914993440093,Low
0.11060989392476936,Low
0.051331800786946054,Low
0.025403415011693315,Low
0.37064243230193356,High
0.07350117252449168,Low
0.15171472815287437,Low
0.17685456981045589,Medium
0.19127653351833077,Medium
0.08460649219302593,Low
0.057286288691475416,Low
0.14136556399824673,Low
0.1870755238506707,Medium
0.3331617256558165,High
0.11461654921295691,Low
0.1341526058829919,Low
0.12760773887160654,Low
0.14430138133552914,Low
0.25287285464182335,Medium
0.0936724803261063,Low
0.15801949872612092,Low
0.20722512646653807,Medium
0.14090017673883024,Low
0.09176713157311364,Low
0.14890718035802086,Low
0.18435673629745108,Medium
0.1472210749920619,Low
0.13279406274446476,Low
0.05770338059266111,Low
0.11122638401431295,Low
0.1881570209411247,Medium
0.10892536160954859,Low
0.09550593779403195,Low
0.10790540570984997,Low
0.207404952264206,Medium
0.17490361629333248,Medium
0.2702498164578102,Medium
0.2905420619330565,Medium
0.15285102838617715,Low
0.08507358273982715,Low
0.20010684142019539,Medium
0.25675365199701494,Medium
0.07501359434631741,Low
0.15419998218369646,Low
0.034170470861671,Low
0.1403803558864658,Low
0.5833871111031053,High
0.09725725117299804,Low
0.01655526341125685,Low
0.10514072634082931,Low
0.03891321588185712,Low
0.24644828075166725,Medium
0.08913120620604596,Low
0.0687630910813432,Low
0.07239676237725892,Low
0.023522162919190334,Low
0.06335421528661954,Low
0.23107877147945036,Medium
0.06442900853704579,Low
0.1475647283471625,Low
0.09479060646649883,Low
0.5175145545752718,High
0.19618726388974558,Medium
0.09566549066436178,Low
0.033534458426737086,Low
0.1097191476722477,Low
0.128133380087046,Low
0.1504259494059475,Low
0.15168778468500987,Low
0.2730807757261748,Medium
0.10368237288097369,Low
0.2410483977350392,Medium
0.04245610792046884,Low
0.35578458512564615,High
0.09783840360453926,Low
0.03437014164860261,Low
0.031011671491790765,Low
0.14571346497403878,Low
0.10996069694507975,Low
0.13975288904293032,Low
0.2513624168596685,Medium
0.05622277440771891,Low
0.09262091012304449,Low
0.12662146464744023,Low
0.09674335339974315,Low
0.163716729576503,Low
0.027150697240115207,Low
0.22062266096992372,Medium
0.0850637779978351,Low
0.15439327271920242,Low
0.0701561675708267,Low
0.8069315715915879,High
0.07592945371210474,Low
0.11697666688615378,Low
0.07692733256194889,Low
0.02382766903611523,Low
0.12654325267941346,Low
0.04548976400979727,Low
0.5614759615459215,High
0.40517645438994576,High
0.08082599743750964,Low
0.2004463938116973,Medium
0.04204101434085942,Low
0.10705683195780097,Low
0.010724879533978344,Low
0.15059123397501298,Low
0.019905113181786307,Low
0.9962009127009379,High
0.10128852068691307,Low
0.04304256492445571,Low
0.168922660149693,Medium
0.1283267343006148,Low
0.07697781281395427,Low
0.3460789573990994,High
0.11034565522620791,Low
0.2756052405985252,Medium
0.18905765843352268,Medium
0.21060913505856327,Medium
0.026107689173893556,Low
0.17440072232566145,Medium
0.1713777213991972,Medium
0.22304503779397492,Medium
0.19041326515339763,Medium
0.048983559207241026,Low
0.12275888269971566,Low
0.1435810300385529,Low
0.20353648246521694,Medium
0.14565376655637444,Low
0.1197301125121039,Low
0.0972283015499416,Low
0.2004416415813695,Medium
0.244522532083659,Medium
0.05514811827396113,Low
0.5296502122080461,High
0.05279352189037846,Low
0.09622352325234079,Low
0.034884169890576806,Low
0.270297314637652,Medium
0.2409155026288932,Medium
0.01758562179920456,Low
0.04643561027530921,Low
0.10494431199067687,Low
0.13421985966004601,Low
0.089146497161582,Low
0.05940548414120841,Low
0.11800520578272992,Low
0.012093823270349998,Low
0.18153350617716538,Medium
0.33847724744272883,High
0.27527196660223274,Medium
0.5215134943437,High
0.1385251817649626,Low
0.020163378241985944,Low
0.10786181191799307,Low
0.028217036768323663,Low
0.5295710804129429,High
0.21457526668537172,Medium
0.24583898637724136,Medium
0.1329084075059947,Low
0.03461652960916114,Low
0.09662485063228425,Low
0.1601681828133746,Low
0.12960994682655647,Low
0.14728249889894046,Low
0.05511613951166764,Low
0.0755039225520429,Low
0.11202063687996482,Low
0.5955957668044103,High
0.09134348366456232,Low
0.042309264705718726,Low
0.14938208095076796,Low
0.11977410926187682,Low
0.1117425638555973,Low
0.024081513710273842,Low
0.10470444065903398,Low
0.10781264238648537,Low
0.22077534441447857,Medium
0.3163746312613529,Medium
0.07598945195689918,Low
0.5441234934897938,High
0.22919914730804905,Medium
0.1574533117074379,Low
0.22128699402881213,Medium
0.19655191257090152,Medium
0.10948027033141106,Low
0.09632256066396398,Low
0.174492200976735,Medium
0.054507630060170655,Low
0.16927644838847158,Medium
0.1137297383605838,Low
0.08780760121631405,Low
0.030907874201124896,Low
0.0930735188471843,Low
0.18183842769592815,Medium
0.13973803009226698,Low
0.17136733351728645,Medium
0.2710550233409208,Medium
0.23151338933422308,Medium
0.28308800014943636,Medium
0.22424287004230756,Medium
0.25187856985991064,Medium
0.09545618334470991,Low
0.09414596184740207,Low
0.130639742112115,Low
0.04063991320640063,Low
0.20165802183978326,Medium
0.1889419643807008,Medium
0.07164282473008952,Low
0.06640903707489171,Low
0.12522698347264077,Low
0.17218490977459958,Medium
0.160725830720877,Low
0.10490237213710059,Low
0.04741575815323669,Low
0.08633162180721171,Low
0.03807778228510615,Low
0.22695171635234848,Medium
0.07139993434658229,Low
0.07101390574624142,Low
0.0707169898520468,Low
0.32189829442796775,Medium
0.08693724503587984,Low
0.13365593894875105,Low
0.5003916518267791,High
0.40208927020732693,High
0.1232558876483507,Low
0.6140805753821738,High
0.1272525286376755,Low
0.21173793796591572,Medium
0.17691459092576206,Medium
0.12952164714876963,Low
0.0927438246162975,Low
0.10714349959832731,Low
0.37153550122784695,High
0.5296423157814241,High
0.15451708720954513,Low
0.19150877944009437,Medium
0.4021177038134361,High
0.05958714790491003,Low
0.30276241293420864,Medium
0.12026608383332743,Low
0.040919260063798486,Low
0.11845717060340266,Low
0.08258094317776998,Low
0.11121182852166195,Low
0.22023634809989212,Medium
0.3943375477911118,High
0.38793737373057574,High
0.03933773423570931,Low
0.14697073451092485,Low
0.09478355639360143,Low
0.2081237937491554,Medium
0.14717879824335325,Low
0.06852530009803633,Low
0.13200582688997464,Low
0.03734284928052606,Low
0.15844902780534126,Low
0.17657833892998503,Medium
0.08813191730996713,Low
0.01897308693405317,Low
0.21775528818470843,Medium
0.1985715813714167,Medium
0.00978676788613642,Low
0.4097300908819896,High
0.13125556936590654,Low
0.14713392021343125,Low
0.12991150191642506,Low
0.1788324091608703,Medium
0.18120804256533665,Medium
0.03300366330487356,Low
0.12391623871640754,Low
0.05184845867275024,Low
0.07652136897131928,Low
0.35794030602240606,High
0.07292460656737479,Low
0.009755566977702466,Low
0.05345623676021578,Low
0.14465000732273484,Low
0.47696609193477807,High
0.18055103180373633,Medium
0.03272099680447095,Low
0.1860595373928332,Medium
0.07617480019305807,Low
0.7017591322707056,High
0.03948924459145746,Low
0.20872015427080343,Medium
0.014472843874368877,Low
0.17812063215417495,Medium
0.23377390788235622,Medium
0.19816966836902508,Medium
0.07528050793112866,Low
0.12526046571259572,Low
0.08212869438998456,Low
0.24764077141977076,Medium
0.0909911264890109,Low
0.23966518313091761,Medium
0.05571989448202828,Low
0.11284829152658031,Low
0.01848531087777759,Low
0.031340067579509925,Low
0.11205149459529347,Low
0.5065020153799148,High
0.0223115259839914,Low
0.16239119371939997,Low
0.3525937361743039,High
0.05892105363732123,Low
0.19625672566354663,Medium
0.2677143332933808,Medium
0.17077717056037267,Medium
0.400118704004782,High
0.12013619045454245,Low
0.1221075417499305,Low
0.09799202404142596,Low
0.07728064002295515,Low
0.41170157963614484,High
0.1894275193179796,Medium
0.13446763816244975,Low
0.17242412369012225,Medium
0.211324661558902,Medium
0.24574809270517511,Medium
0.5451370212371704,High
0.11162391246391822,Low
0.1578688486550892,Low
0.198945817794329,Medium
0.05794264068232778,Low
0.07583423188633913,Low
0.6320638937064769,High
0.10801461828250299,Low
0.3493143843257468,High
0.27485814816843557,Medium
0.17405571652706697,Medium
0.4696417992949245,High
0.1493635258692211,Low
0.12229126307095582,Low
0.08785283169903316,Low
0.1484332382289199,Low
0.3909732082821022,High
0.1340818941595917,Low
0.1658199438504283,Low
0.059959630554841256,Low
0.36275553154673285,High
0.038189384914024745,Low
0.12578406496440725,Low
0.07515231827207602,Low
0.12257110237782286,Low
0.13517198505590206,Low
0.07778593103330071,Low
0.023128060951499906,Low
0.09181008388967736,Low
0.37498662521108017,High
0.18386060630417023,Medium
0.13903382317734547,Low
0.07840111469224392,Low
0.12005880394852908,Low
0.23607078952023816,Medium
0.213299765670861,Medium
0.05852167119104783,Low
0.04800969726121135,Low
0.0833735059283634,Low
0.12626849450611413,Low
0.2653918582709978,Medium
0.032521063262317886,Low
0.198739857931987,Medium
0.06740000716901116,Low
0.32174677280319375,Medium
0.15118188371857974,Low
0.11977684117024431,Low
0.12684025300625607,Low
0.042690376374524205,Low
0.5600838034735092,High
0.08624374444260048,Low
0.1851931593117405,Medium
0.24174980012990996,Medium
0.12127160800038632,Low
0.7138669855352704,High
0.14375745841744966,Low
0.09642182635724567,Low
0.25053744896334684,Medium
0.5366912388095073,High
0.13165088554693044,Low
0.05687778894657465,Low
0.18601439461013647,Medium
0.1231719263748714,Low
0.6667215754029678,High
0.07261296516960337,Low
0.34309160310374753,High
0.07674693968028315,Low
0.12830071192357967,Low
0.1561976378625004,Low
0.02222464282533108,Low
0.21273182534586416,Medium
0.47904091420151396,High
0.1462066484090963,Low
0.15382495302613408,Low
0.18242490409410336,Medium
0.15974447339481873,Low
0.04774060218803079,Low
0.02339165485749066,Low
0.07466281742543697,Low
0.09830621161294167,Low
0.06560830399707607,Low
0.14302845294428165,Low
0.024873903634609097,Low
0.19808725275553965,Medium
0.18344687948918054,Medium
0.03914059141950552,Low
0.44248162919161854,High
0.5760090695415824,High
0.121165851988939,Low
0.4258352368400244,High
0.40258476613756694,High
0.020569645703006345,Low
0.1738469837892116,Medium
0.01721888522638663,Low
0.09190241541075465,Low
0.15844325542934798,Low
0.1290527581780411,Low
0.10156411078144754,Low
0.1574330855148396,Low
0.1498193621071148,Low
0.15225351068557483,Low
0.10753027238510966,Low
0.11473503689663545,Low
0.9144171649554985,High
0.2341611516415048,Medium
0.27574353867844364,Medium
0.14681183917761745,Low
0.4774194474980978,High
0.032692801076170355,Low
0.17747652420205998,Medium
0.030071393690789244,Low
0.013301139059929652,Low
0.07183480464164008,Low
0.10454368781312469,Low
0.049290821909650784,Low
0.24927183812074918,Medium
0.13065380298996873,Low
0.11603615506655722,Low
0.11743043067182596,Low
0.09473632461628867,Low
0.08764635510560882,Low
0.3826175065329078,High
0.14804743824847766,Low
0.17796244601438715,Medium
0.0874133478747641,Low
0.16321840726448425,Low
0.13166592120826234,Low
0.1148209876256871,Low
0.13449761288526682,Low
0.1231504100652888,Low
0.13326977649555952,Low
0.14345169451015558,Low
0.5871469532426179,High
0.3946087069873579,High
0.0665570256111636,Low
0.11134177895008356,Low
0.14028818299026521,Low
0.1530516636149531,Low
0.05755961751152636,Low
0.15668098881255207,Low
0.20288917082428645,Medium
0.019008944345640343,Low
0.19204559938222487,Medium
0.2245964592911581,Medium
0.04068153274709611,Low
0.17090242165398362,Medium
0.15489981191307212,Low
0.10504778910928976,Low
0.14123802532849802,Low
0.20052906704274273,Medium
0.2293383662908424,Medium
0.22398525324427485,Medium
0.07574234468322467,Low
0.09857190008180035,Low
0.39127876611979834,High
0.1746041143153623,Medium
0.7672379470705959,High
0.0466538449791108,Low
0.289520545364079,Medium
0.09540026563919297,Low
0.09659114610474619,Low
0.1310525384582758,Low
0.4413250082306471,High
0.8918776933421021,High
0.11680632967859106,Low
0.5601918661695063,High
0.3478607909516471,High
0.18150864648303214,Medium
0.1261228899910278,Low
0.1761747589973021,Medium
0.43454285764466427,High
0.09039357059027973,Low
0.04618508522582545,Low
0.03136067145498237,Low
0.6020481758438503,High
0.29155169927949554,Medium
0.06835419469533674,Low
0.05181545262627309,Low
0.1549862298819015,Low
0.1088567832606999,Low
0.2338936608887034,Medium
0.09486526283486911,Low
0.08058641951360486,Low
0.11280783644141086,Low
0.19662033929879907,Medium
0.11562555685628673,Low
0.1790040597941606,Medium
0.05141926646218558,Low
0.034683510535648394,Low
0.07082223643038053,Low
0.2099150766710258,Medium
0.11402883324712908,Low
0.020944703669442895,Low
0.013014467408044196,Low
0.18694431246544999,Medium
0.11500964069832792,Low
0.07351342086220668,Low
0.06924982176525202,Low
0.09289774295035702,Low
0.31164143546500767,Medium
0.022853501616082704,Low
0.11532095416165804,Low
0.08779552356109485,Low
0.22830507214963008,Medium
0.02463579982542997,Low
0.06842119414694312,Low
0.24460405725332132,Medium
0.0757649207531158,Low
0.15069807671029783,Low
0.04073788483305092,Low
0.03410249033109893,Low
0.1475832217862863,Low
0.36099074294101857,High
0.6280592970816664,High
0.20643957956441747,Medium
0.031113947302813527,Low
0.6022982690092014,High
0.260248801998266,Medium
0.2880745632224169,Medium
0.44500380737070955,High
0.044260224145613224,Low
0.13013220083981397,Low
0.08168800301934658,Low
0.06189772350091007,Low
0.013020549882953581,Low
0.4591733247574275,High
0.09556674003576653,Low
0.13233123887569123,Low
0.06711860791370275,Low
0.3605778976145544,High
0.19803053944779908,Medium
0.24530337862734425,Medium
0.07095391238911815,Low
0.135344980719553,Low
0.08684732885951796,Low
0.05755801338135727,Low
0.12426193043100779,Low
0.2032047327207973,Medium
0.14986860792073578,Low
0.21720437227759032,Medium
0.14259206464497828,Low
0.16775433213944618,Medium
0.19006656082450107,Medium
0.30800661105956106,Medium
0.04288090287791775,Low
0.05985163890099788,Low
0.11232494702631714,Low
0.2523536432124695,Medium
0.09957499451827102,Low
0.44756672018571914,High
0.15854314380154202,Low
0.10304570546503447,Low
0.028143691590420204,Low
0.5008402532571411,High
0.032174311922420123,Low
0.039324030607716484,Low
0.27104297225436064,Medium
0.5736090316931253,High
0.16028963167300384,Low
0.06556331343979098,Low
0.18613733161463136,Medium
0.09754914841161688,Low
0.6164795231740323,High
0.13201305154108164,Low
0.037045031171960834,Low
0.09445130126669483,Low
0.0878361073072429,Low
0.17957317845198992,Medium
0.13235637997241967,Low
0.19903107796792635,Medium
0.13623864468590802,Low
0.34739528367634787,High
0.1292706878425704,Low
0.5542956530261253,High
0.3910625917770478,High
0.08134844753360851,Low
0.15688606350329432,Low
0.5186673021960765,High
0.13750186072373694,Low
0.05230102800723077,Low
0.47813514404223983,High
0.028554140927365294,Low
0.09448239082432636,Low
0.1040404101618693,Low
0.05299529932092619,Low
0.1892958803497905,Medium
0.04819259797179028,Low
0.2415625005447316,Medium
0.1661917345435082,Low
0.09954168948033335,Low
0.030278356549817028,Low
0.12244870121730204,Low
0.0890377176792926,Low
0.14450248315127656,Low
0.10931320290108859,Low
0.194496645951413,Medium
0.10411669035775732,Low
0.19794948256835024,Medium
0.058419105437526896,Low
0.1295236418015976,Low
0.07636773456190853,Low
0.06039750951639612,Low
0.07224098357764819,Low
0.0767981007050396,Low
0.10942832803372456,Low
0.1442168717221386,Low
0.12637452617892397,Low
0.13193310963574412,Low
0.08478115658825873,Low
0.05039713987168066,Low
0.1264086074851837,Low
0.045829965722356814,Low
0.437213064790768,High
0.2018838577976496,Medium
0.045280643136198256,Low
0.3614221154755292,High
0.06045752025418381,Low
0.07385087988841156,Low
0.0282042137202848,Low
0.10475133376830198,Low
0.024528514003747063,Low
0.06004726434373012,Low
0.060827072729387005,Low
0.14004748932704755,Low
0.10180516730280477,Low
0.032121313321767854,Low
0.07615325998931034,Low
0.09803510920664901,Low
0.0202753860746566,Low
0.37687421846454366,High
0.15299090749833683,Low
0.11572984371228885,Low
0.13300436521305248,Low
0.06159371273488637,Low
0.07297638656636674,Low
0.09258907601368185,Low
0.03146217302642222,Low
0.1233458342830042,Low
0.2611106343620543,Medium
0.11029178519411995,Low
0.4826688847538261,High
0.09584902980332184,Low
0.2450420263127643,Medium
0.2570048318615665,Medium
0.15224663232900465,Low
0.017383792566389084,Low
0.08630394130368309,Low
0.1420703197281801,Low
0.0639787360684592,Low
0.045623289207762645,Low
0.3324291717645246,High
0.49336986728999715,High
0.05487414800008218,Low
0.15162011051018842,Low
0.40867512535946826,High
0.5021594556523715,High
0.1462112234396548,Low
0.14743842282957945,Low
0.21160656545288994,Medium
0.13157903837039847,Low
0.11005042721524838,Low
0.3148068208782735,Medium
0.1054490075127847,Low
0.43019970804583685,High
0.02191395534335361,Low
0.4274323766539887,High
0.42902279630511336,High
0.12237287768253129,Low
0.04622847214808525,Low
0.026628724109046202,Low
0.3831235162454775,High
0.5600868507643558,High
0.06453155868595131,Low
0.13269557162802625,Low
0.15174034149926804,Low
0.09204042464978474,Low
0.17015211080929474,Medium
0.161112849688435,Low
0.4113774701419293,High
0.0514508052307519,Low
0.10732615377397343,Low
0.16591199280546648,Low
0.020691876528030447,Low
0.3373772756334155,High
0.021734833549134677,Low
0.11371480154580449,Low
0.1312290215860439,Low
0.39210725987539236,High
0.09385507689480538,Low
0.3651911014533936,High
0.04590249763753825,Low
0.031213483163220465,Low
0.08983275803545111,Low
0.47460252980550965,High
0.054801121972352325,Low
0.07167562384564874,Low
0.12403836243275078,Low
0.6012798360476933,High
0.24976602880032836,Medium
0.09481321689063234,Low
0.433122693554152,High
0.0498772988106709,Low
0.06486854292820175,Low
0.1312991104006702,Low
0.3272558055263616,High
0.11505992785825092,Low
0.23688025632683482,Medium
0.13810701105194234,Low
0.03811382334330136,Low
0.09062756964370312,Low
0.5546828596993497,High
0.06706630290089007,Low
0.6301707603777624,High
0.22935679191500608,Medium
0.14982729284059,Low
0.1221301319141997,Low
0.24503979119857472,Medium
0.0391004767870725,Low
0.2545768183328386,Medium
0.10224105550814248,Low
0.27454181604026406,Medium
0.035791491788824736,Low
0.2788116641838375,Medium
0.24179435334871993,Medium
0.08190893908823875,Low
0.19610222492814447,Medium
0.08283409023591627,Low
0.4106470459119788,High
0.0915540786959043,Low
0.07925847407103363,Low
0.0982267076375201,Low
0.03878760816247227,Low
0.16964636505126682,Medium
0.2110326277807101,Medium
0.04857008575328371,Low
0.6612751068712932,High
0.08060821026549707,Low
0.3121886271615709,Medium
0.08651722589022326,Low
0.8671731156578582,High
0.07795669169282433,Low
0.14842060650444378,Low
0.4073325175599653,High
0.22347526951425098,Medium
0.40962254828973005,High
0.13604857115936353,Low
0.5078128971671699,High
0.4016459425089453,High
0.04768634382692154,Low
0.1643690599246161,Low
0.04153045266877495,Low
0.0937684712819672,Low
0.58984188004469,High
0.09707617362917668,Low
0.09767604005878601,Low
0.29909269909582736,Medium
0.08682744843586888,Low
0.2982165941487999,Medium
0.6096464836796539,High
0.09928250524625552,Low
0.18701232111089003,Medium
0.12534014100843355,Low
0.16158092395940746,Low
0.7328829198399776,High
0.46665003834874225,High
0.17276751331574927,Medium
0.04540604732321179,Low
0.22418609074731213,Medium
0.04880482885673015,Low
0.09182708690457325,Low
0.2683801505520981,Medium
0.20747044618952037,Medium
0.16637717285460277,Low
0.12179543968221021,Low
0.1819201074418253,Medium
0.10205679194997402,Low
0.04503715796424027,Low
0.2486929130887725,Medium
0.2554589409311988,Medium
0.14099178613136326,Low
0.2192260819806382,Medium
0.19500627680106905,Medium
0.12654438936331522,Low
0.08145128218802902,Low
0.14231325012633006,Low
0.18531505184761465,Medium
0.17608295855139897,Medium
0.22622551692396645,Medium
0.225315489904823,Medium
0.14820448831384417,Low
0.6427711581995339,High
0.061114166058183234,Low
0.16371306927722085,Low
0.37179173506877217,High
0.07008390420931143,Low
0.47070035506157815,High
0.24069554933277296,Medium
0.08107278871440077,Low
0.13156922968875984,Low
0.5415643371464768,High
0.17315467044744987,Medium
0.12294311480246542,Low
0.18893111165575277,Medium
0.22935312324421037,Medium
0.04943774988328087,Low
0.11785668880929755,Low
0.0691457439795676,Low
0.20449528453821253,Medium
0.0426606325915823,Low
0.18206826332465387,Medium
0.26934337019397836,Medium
0.17828602003440835,Medium
0.19771824005677968,Medium
0.08613764664293835,Low
0.20889000066150362,Medium
0.12942059516512094,Low
0.32521934872426084,Medium
0.18287190872128428,Medium
0.13719685022201467,Low
0.13711735023920532,Low
0.20699318099527417,Medium
0.13264916763149884,Low
0.1067261306660387,Low
0.21563031015147427,Medium
0.24291909093230798,Medium
0.6545727505780058,High
0.37744518629869095,High
0.025530598933101775,Low
0.0495611922753097,Low
0.5139476282943537,High
0.4237694406396481,High
0.263753704589157,Medium
0.05018372726698487,Low
0.40374312388065164,High
0.4703603494435183,High
0.3378977298615108,High
0.37349424436539697,High
0.42181178870247116,High
0.11606416279034457,Low
0.558095097981329,High
0.22468898151829558,Medium
0.5373736924680919,High
0.04388876327344461,Low
0.13480755035716885,Low
0.07744798820986695,Low
0.12929196831274126,Low
0.10813145196972665,Low
0.0618636325808403,Low
0.15163834824733746,Low
0.05492707393474903,Low
0.5551102383404234,High
0.15536273437468343,Low
0.15161796024920826,Low
0.18984654247713728,Medium
0.03144617577687681,Low
0.11828196123067437,Low
0.4052972931644566,High
0.08096700983800052,Low
0.04162154710523065,Low
0.693814354218387,High
0.08197097737467397,Low
0.18897713994026633,Medium
0.15089634644312716,Low
0.0528204958007946,Low
0.2039659534729585,Medium
0.11710361751611216,Low
0.1344486921855951,Low
0.1697526680586361,Medium
0.144897350142668,Low
0.3539394611868872,High
0.3318694538647206,High
0.12956728194325196,Low
0.21400795340446996,Medium
0.381015332789238,High
0.14718494078386443,Low
0.47849525314783786,High
0.044874532385324156,Low
0.11017501594765773,Low
0.06573939764252532,Low
0.020024079754591955,Low
0.11936129110667451,Low
0.7108088613358192,High
0.26150131910482854,Medium
0.20027314056676987,Medium
0.1638442053127352,Low
0.09863337333524588,Low
0.23057310175170376,Medium
0.06445167372835395,Low
0.08379129157071064,Low
0.11109320877948084,Low
0.055462561711265984,Low
0.1397412607314783,Low
0.4237694406396481,High
0.05816292514069094,Low
0.23955277748169065,Medium
0.09473117780407435,Low
0.07836741252352783,Low
0.4454393819389387,High
0.17355508853720222,Medium
0.2974274340032897,Medium
0.5375655341302696,High
0.02493793559940212,Low
0.25041562488878516,Medium
0.10533834228776248,Low
0.36744188955975804,High
0.3638249672040168,High
0.1734889938914505,Medium
0.12096943562516795,Low
0.1567679110063749,Low
0.12369606124839148,Low
0.1630995304215712,Low
0.6334536761069153,High
0.5198227199566114,High
0.49424429137419296,High
0.13291878634211568,Low
0.09542425694290668,Low
0.39534687245704225,High
0.2643972251868237,Medium
0.1075936181306454,Low
0.11904760126837215,Low
0.08024343991347031,Low
0.15687429262266275,Low
0.4805050320287459,High
0.19107712395390952,Medium
0.3427673276637312,High
0.12731320978293675,Low
0.2088507842677783,Medium
0.05143827818932862,Low
0.10697531027613304,Low
0.07821696256674814,Low
0.2059979632876968,Medium
0.14094440853817197,Low
0.11518248154949925,Low
0.12229970151258486,Low
0.09017325551385694,Low
0.27471994432654795,Medium
0.16615894690839683,Low
0.195218287847641,Medium
0.22499295229819677,Medium
0.30626865361050737,Medium
0.17093411132070638,Medium
0.061273712976272245,Low
0.07889692652296051,Low
0.41990012785071223,High
0.10986833358154484,Low
0.2254218818839415,Medium
0.8060073092408964,High
0.509542617819193,High
0.17422064916805244,Medium
0.1373112497284192,Low
0.19452381793658058,Medium
0.24804780049136957,Medium
0.5372443380836179,High
0.20611709094892403,Medium
0.20293074705843878,Medium
0.23368077662337083,Medium
0.1573479015635744,Low
0.471040136458826,High
0.1755387541965998,Medium
0.15118443900846124,Low
0.2405430497112069,Medium
0.2937222870243274,Medium
0.21343124245686884,Medium
0.14441712349096053,Low
0.13816603813769956,Low
0.189914893079027,Medium
0.6564852455354295,High
0.6367003803263851,High
0.19982574890042532,Medium
0.2563240201054117,Medium
0.1931193530836303,Medium
0.3636933894858692,High
0.08737623227530521,Low
0.22665076805044498,Medium
0.4167127489176858,High
0.09991675672442929,Low
0.21772355211735336,Medium
0.21956216462163058,Medium
0.11613534768271597,Low
0.3220595749030038,Medium
0.21916623449238756,Medium
0.2019963033124438,Medium
0.7812127871029034,High
0.08768088073862548,Low
0.3652672760580679,High
0.07268946313464447,Low
0.5747981608331244,High
0.39449557777994687,High
0.27536523834332827,Medium
0.1711071105154985,Medium
0.19645785564328272,Medium
0.398339326401196,High
0.21045176718636055,Medium
0.1608498693267771,Low
0.16470307028271497,Low
0.11521652329601872,Low
0.17204976445972794,Medium
0.6365892245899661,High
0.4280870375439831,High
0.14157293861302878,Low
0.3688151773123544,High
0.12117682326339989,Low
0.22765095350902584,Medium
0.13876742925227264,Low
0.21064859929723936,Medium
0.37183868699660516,High
0.4192418293694834,High
0.3109814792480909,Medium
0.3148986666426169,Medium
0.19413688108849816,Medium
0.13720215696584628,Low
0.24968643302096752,Medium
0.7229720775842954,High
0.2355457998403788,Medium
0.2288088731881142,Medium
0.07600177659218484,Low
0.43336532277273304,High
0.1079806500315051,Low
0.3247023164095077,Medium
0.2467551463413125,Medium
0.2800135215537324,Medium
0.2332764099532803,Medium
0.19727536023306932,Medium
0.2015513851930965,Medium
0.04034533998498771,Low
0.17090883100107596,Medium
0.28183043285986503,Medium
0.45420879381765866,High
0.11200068801107638,Low
0.19903385975453805,Medium
0.18547664636671432,Medium
0.2274002551236406,Medium
0.05527702213222435,Low
0.2361353505670584,Medium
0.42619958947891745,High
0.1158364800036924,Low
0.2840445989214048,Medium
0.08726532817713797,Low
0.17844046136438357,Medium
0.23564498208260803,Medium
0.20206558613716252,Medium
0.17063729371247133,Medium
0.18706816394288245,Medium
0.4092501972261363,High
0.2504823878867595,Medium
0.20973683171024776,Medium
0.1002670137241595,Low
0.20178006682170238,Medium
0.4869120014727977,High
0.1781384295720374,Medium
0.13466879712206611,Low
0.8979838544879384,High
0.20104117839654784,Medium
0.1250949368090702,Low
0.16699844368400743,Medium
0.15689589480503735,Low
0.17178136021059517,Medium
0.26773346615599575,Medium
0.15869651410871774,Low
0.3903438620065735,High
0.8247709693312151,High
0.49011662046362187,High
0.22163813611632713,Medium
0.13429397024416845,Low
0.10676312833890654,Low
0.1071639168514706,Low
0.1685657194165801,Medium
0.12111982019486679,Low
0.4227064666937585,High
0.305231885654117,Medium
0.5613032173694616,High
0.08847886265240107,Low
0.28393350837267567,Medium
0.9137003178872778,High
0.20077481946954903,Medium
0.22093913782998859,Medium
0.2473804504318528,Medium
0.10202048125727832,Low
0.10336577562553322,Low
0.10639467999921612,Low
0.35255664090356864,High
0.14582398942438754,Low
0.5382138907834513,High
0.44024877131837936,High
0.12903366611761405,Low
0.09022695316917637,Low
0.5896471465976119,High
0.5080511074656587,High
0.12148786729468351,Low
0.9182461791410313,High
0.25764247911541394,Medium
0.07561686143950976,Low
0.22374424125949338,Medium
0.21105726014657228,Medium
0.21092312415754677,Medium
0.17089063425314835,Medium
0.06961824472300532,Low
0.23724120915029154,Medium
0.02483659698361354,Low
0.18081424381772332,Medium
0.11611245638961476,Low
0.1253013097928538,Low
0.07438306478846866,Low
0.3918162263948681,High
0.8667339910129492,High
0.10153041668270193,Low
0.11072156647275923,Low
0.22199960723573453,Medium
0.22479747355301927,Medium
0.18024406054604966,Medium
0.4009690041805752,High
0.05156020858964038,Low
0.1872230736277462,Medium
0.06967255306849349,Low
0.2561005713527233,Medium
0.09699811208405695,Low
0.23781161170790685,Medium
0.20623267427750563,Medium
0.20197427084685413,Medium
0.19355775165552885,Medium
0.13291936274338864,Low
0.20297014093945184,Medium
0.21984221495581716,Medium
0.6101183324311344,High
0.08638427005097445,Low
0.11791211966380782,Low
0.048104335397451736,Low
0.22280241065818435,Medium
0.19265615169626696,Medium
0.2907363623877032,Medium
0.45205755004527187,High
0.14959159436912564,Low
0.13252656655620898,Low
0.12149762428423884,Low
0.13593784429502478,Low
0.20615997521428464,Medium
0.15150228889687398,Low
0.058657025144917156,Low
0.038895285182972424,Low
0.1763835825022485,Medium
0.5586916370420243,High
0.15098304068683277,Low
0.034671985805000284,Low
0.08787026078536393,Low
0.13069789795194012,Low
0.27334828228814523,Medium
0.06264288523613502,Low
0.11478610059644455,Low
0.2691070471074441,Medium
0.06348600766281941,Low
0.5034351194887632,High
0.06966224090619291,Low
0.06106064166716797,Low
0.23595002157522516,Medium
0.25176464110039026,Medium
0.15081999462934387,Low
0.5044159102797688,High
0.1978427261146093,Medium
0.1532143611287897,Low
0.12841046095619468,Low
0.11826199980843165,Low
0.1388860343361732,Low
0.1829908512911769,Medium
0.18912925967445718,Medium
0.03887654734001059,Low
0.07747035834615791,Low
0.060678447522570254,Low
0.08044186811818722,Low
0.030660584072109642,Low
0.1953350520577886,Medium
0.385778400225701,High
0.15013229617235407,Low
0.22190580350014655,Medium
0.2250604105491271,Medium
0.4695209718788315,High
0.09307684435507893,Low
0.141929621128478,Low
0.19046246940518366,Medium
0.5860612456907422,High
0.15544398110597002,Low
0.47990636700519773,High
0.1604168072613828,Low
0.09477286892349247,Low
0.05208043628390605,Low
0.14039529815767945,Low
0.05203022023426098,Low
0.05178334841862523,Low
0.15759870850704685,Low
0.2364631090915403,Medium
0.11085082452877165,Low
0.18358522722131349,Medium
0.2602407187686639,Medium
0.2070397733396292,Medium
0.024824838651799498,Low
0.06937210835128219,Low
0.24439166329983758,Medium
0.1966160195230936,Medium
0.12193646820502961,Low
0.11184295706561707,Low
0.21877828354105874,Medium
0.13512284390126603,Low
0.23115980325098504,Medium
0.512674183038313,High
0.901784822900899,High
0.19590353506637606,Medium
0.29697851215862536,Medium
0.048827709698873095,Low
0.2173121801770884,Medium
0.1067994376343072,Low
0.06263198687442859,Low
0.21007780593465372,Medium
0.20852475913498403,Medium
0.4454847997748203,High
0.905671898278212,High
0.08585282824929896,Low
0.9482428198243893,High
0.6277794861775351,High
0.14245549124556214,Low
0.166267344724388,Low
0.04832586895410177,Low
0.514083781919993,High
0.1373125899294252,Low
0.057291166495851566,Low
0.09689649452541049,Low
0.22690946972870935,Medium
0.1264604653721976,Low
0.2969920211872979,Medium
0.056137179709556916,Low
0.20175472957108972,Medium
0.1346376127628582,Low
0.03218155916164542,Low
0.11936519184634344,Low
0.09362664860927286,Low
0.36287073035974937,High
0.2507117954620492,Medium
0.08672881567882215,Low
0.14916154702288587,Low
0.10212006350338267,Low
0.0984169583329282,Low
0.2206449848056311,Medium
0.6202544879803906,High
0.22877360448744238,Medium
0.13132956167772994,Low
0.040599178407880736,Low
0.147156013085777,Low
0.5504273686048813,High
0.20905099305681243,Medium
0.45951055132819235,High
0.14012223026934953,Low
0.11860908831028379,Low
0.11748071306160217,Low
0.14832853815405445,Low
0.03858869203508061,Low
0.15359472793682938,Low
0.07534775154370649,Low
0.10211368145736473,Low
0.2546843973444604,Medium
0.11312378707171675,Low
0.016425250189541222,Low
0.023724010531873542,Low
0.03703352197409794,Low
0.17316402268790781,Medium
0.41661589586395764,High
0.09254664259528554,Low
0.02302745136183803,Low
0.408185324885622,High
0.3641600343940093,High
0.2063278256294417,Medium
0.10917187665476706,Low
0.14778258484953605,Low
0.10630186578594378,Low
0.055761464242637414,Low
0.16244909857387102,Low
0.2693868522325987,Medium
0.3952767963687534,High
0.10566920928782401,Low
0.4257981401364091,High
0.5840432144470356,High
0.1619902910601632,Low
0.12070256921743655,Low
0.43118574582292385,High
0.0672083759694453,Low
0.2162241333722438,Medium
0.17788661478795859,Medium
0.4461971298513524,High
0.1498457117448007,Low
0.1943190542465168,Medium
0.3539055841359128,High
0.1289330954145806,Low
0.20813043514825455,Medium
0.05657387539241319,Low
0.018928092720611633,Low
0.09159848559033591,Low
0.1994475482775079,Medium
0.1156578565356887,Low
0.18197782645329583,Medium
0.45664784897208566,High
0.12431912162098858,Low
0.29484867296753126,Medium
0.14877788988753946,Low
0.3808118483252162,High
0.19460169462806395,Medium
0.13075821310817717,Low
0.16743904352581596,Medium
0.4776648618815198,High
0.6521210897560797,High
0.20208992319109206,Medium
0.1945805703287901,Medium
0.09356512913985633,Low
0.13166531488042657,Low
0.092981686479666,Low
0.08817232827213914,Low
0.06693936060344395,Low
0.1285148830201136,Low
0.06498550194279207,Low
0.32100005723952596,Medium
0.05855679308500106,Low
0.21669659381170794,Medium
0.1876848671887872,Medium
0.5125955900290585,High
0.03803386961488103,Low
0.07481235038122452,Low
0.1163672569412743,Low
0.20552576033893608,Medium
0.03465295192775647,Low
0.2659417773687685,Medium
0.05584755751910353,Low
0.17043352776134787,Medium
0.14465510071576107,Low
0.13260125393997388,Low
0.07643210552067782,Low
0.10459881737502955,Low
0.07493086397165905,Low
0.20494480143082994,Medium
0.6367882445180113,High
0.15629572634808336,Low
0.06999278485633115,Low
0.14221201740880998,Low
0.10831525826041188,Low
0.3039512563773527,Medium
0.09172524457770657,Low
0.26055261015801023,Medium
0.1302138631101684,Low
0.09140386330456449,Low
0.14995338860575463,Low
0.6215744988809208,High
0.31374176578515245,Medium
0.2738281426817733,Medium
0.09356015785235777,Low
0.09627575303842562,Low
0.5054085719544953,High
0.4907883048380557,High
0.15748781501934261,Low
0.1829805643601735,Medium
0.12247251644753424,Low
0.4767265799787057,High
0.03898910777104994,Low
0.0723928604031967,Low
0.15744337585561702,Low
0.09579410506014965,Low
0.11864196223790366,Low
0.1637805509906622,Low
0.09993019458996989,Low
0.5958616438806047,High
0.20475207657638844,Medium
0.31395659553285205,Medium
0.15630790328550334,Low
0.42074717847292625,High
0.10641760890123139,Low
0.07215458398249697,Low
0.09463106437554984,Low
0.19588839914558592,Medium
0.5919588274647776,High
0.1937380922247026,Medium
0.2574180537174321,Medium
0.5954388949264408,High
0.03174910162023988,Low
0.5738751735480694,High
0.4279701645252806,High
0.1496612221290608,Low
0.5756297845953685,High
0.4047821746749521,High
0.16539191269073672,Low
0.2260157850122962,Medium
0.133075419956147,Low
0.31165895193797927,Medium
0.26509449339627705,Medium
0.0819488257772922,Low
0.0953280721614468,Low
0.5080734909248836,High
0.35714713719158414,High
0.1469270229269709,Low
0.12471581766073145,Low
0.890948769845827,High
0.0919043575338257,Low
0.11774023803600224,Low
0.08210755027918942,Low
0.24038386268565362,Medium
0.8508411391974297,High
0.2060069710470002,Medium
0.11848151172443794,Low
0.07040599312236034,Low
0.28028219563223117,Medium
0.12790167026238855,Low
0.10820557846562989,Low
0.04035104964733012,Low
0.06664619267552258,Low
0.3260782695836466,High
0.3770059798521696,High
0.3981639049722053,High
0.2979740590745657,Medium
0.45606711680041967,High
0.22638357406679965,Medium
0.09139877513203465,Low
0.4117856832953928,High
0.09592619455484039,Low
0.1301259838503918,Low
0.18561065449375597,Medium
0.10318142065641493,Low
0.06789545035395789,Low
0.24017483801629066,Medium
0.06102304601285822,Low
0.18915274877759503,Medium
0.0964534783587413,Low
0.2421465028031859,Medium
0.18893412470823548,Medium
0.42012309561510536,High
0.06342796430988511,Low
0.22716967309240643,Medium
0.4635261842337901,High
0.45576664127183775,High
0.2064064115666441,Medium
0.05316000315451822,Low
0.21847359728624258,Medium
0.4485151885713888,High
0.05430973213413376,Low
0.06695648034759097,Low
0.053786844834244826,Low
0.2515624701106182,Medium
0.25177885343957074,Medium
0.06985285288935256,Low
0.13969531575599073,Low
0.29007060015267533,Medium
0.5300785126271419,High
0.37904002555398475,High
0.9137359109641424,High
0.4027245053581589,High
0.03515516505341683,Low
0.578097816930507,High
0.1239054921307168,Low
0.06242883381868901,Low
0.10579232329437656,Low
0.05437892541786331,Low
0.3692441732290383,High
0.24256379684683232,Medium
0.09726413860649354,Low
0.1710061904455029,Medium
0.2493522312233899,Medium
0.20269158382924019,Medium
0.22322982422369173,Medium
0.5391917549001173,High
0.09147957374235323,Low
0.11888569983140432,Low
0.20618262566827775,Medium
0.14394347441834945,Low
0.06901270996986894,Low
0.44587779852716747,High
0.09867791713182814,Low
0.09363271887613543,Low
0.10573446695205997,Low
0.4321313530286132,High
0.49062165044206646,High
0.45416579842133636,High
0.1565419351240217,Low
0.07028670648422235,Low
0.14456815993174205,Low
0.35342524971566125,High
0.19102478291592367,Medium
0.34991715479086727,High
0.1693353854135822,Medium
0.08520610569321113,Low
0.045529886975347565,Low
0.2597960719495103,Medium
0.34273939273319337,High
0.07545074238831269,Low
0.12230018550823603,Low
0.09141173779745582,Low
0.0842339018960573,Low
0.5466323542179914,High
0.25306242891250247,Medium
0.14167017622335973,Low
0.06465314399389999,Low
0.1343631485983131,Low
0.16839214606403982,Medium
0.04121749418123863,Low
0.038852408809012855,Low
0.22333628526366467,Medium
0.29714921686473017,Medium
0.2890367585462789,Medium
0.213205580654999,Medium
0.13572045617264905,Low
0.07857835212608995,Low
0.12380501836351354,Low
0.4221845021908487,High
0.2403124248014186,Medium
0.2030953343337693,Medium
0.7701337584553994,High
0.33327813194756967,High
0.18552790441648004,Medium
0.07868207728681517,Low
0.1996842250036821,Medium
0.08716870525098626,Low
0.1251336299027257,Low
0.14657917401465528,Low
0.22132286059373996,Medium
0.18258363816483558,Medium
0.17693389690219888,Medium
0.14912300218173005,Low
0.10188532625602739,Low
0.6568000051720827,High
0.04476569530829757,Low
0.10079090066083787,Low
0.0938430841516854,Low
0.23480508085016713,Medium
0.039396306727544815,Low
0.1303845883954839,Low
0.21625667237184354,Medium
0.22549084364763256,Medium
0.1158476013943568,Low
0.28313316210154654,Medium
0.2067794203430101,Medium
0.4401885300359198,High
0.21085749243013213,Medium
0.051027232572031955,Low
0.13181036783176694,Low
0.3276398933429198,High
0.0487483464136126,Low
0.09133213722548551,Low
0.17893715013311098,Medium
0.04527905318633971,Low
0.1725652530316553,Medium
0.47438584101499565,High
0.31551378932216995,Medium
0.1554290216403341,Low
0.16406983258518337,Low
0.2797940807641144,Medium
0.08516701421042512,Low
0.990626144587866,High
0.29546496180578957,Medium
0.15627323395666154,Low
0.5264011324806575,High
0.05265386341781999,Low
0.4977400366340572,High
0.18773488150927345,Medium
0.27882609565500793,Medium
0.015479786229860334,Low
0.13998430331835662,Low
0.1730703069304666,Medium
0.18764298161148446,Medium
0.22857213977992494,Medium
0.035937449895783555,Low
0.16046696005534886,Low
0.20392953608067987,Medium
0.12676445765052322,Low
0.1658114080539642,Low
0.16367324413375134,Low
0.3118018327386534,Medium
0.042110355876571574,Low
0.22281539947835816,Medium
0.19960313305166286,Medium
0.09415412343842687,Low
0.21061753762844462,Medium
0.12527016480141337,Low
0.11643224976475021,Low
0.10948373354040562,Low
0.44657666244805183,High
0.16329059845788635,Low
0.14979782216981663,Low
0.13856500435544133,Low
0.25268255108881493,Medium
0.16048276329454292,Low
0.13657728069090677,Low
0.14455622931992673,Low
0.24755591863177492,Medium
0.12757884239805228,Low
0.2860793173781469,Medium
0.24872738697052338,Medium
0.1427135666109325,Low
0.1880257320595138,Medium
0.12666632132738598,Low
0.04370736017818351,Low
0.22008064561740298,Medium
0.32047081880705786,Medium
0.03959909846937753,Low
0.098783785231092,Low
0.16238757607484255,Low
0.20255736581750539,Medium
0.0787144213259954,Low
0.15093545065130107,Low
0.11764993259398081,Low
0.27748151192713794,Medium
0.08040338166542808,Low
0.12057597771858174,Low
0.15553077733000994,Low
0.17841341787132647,Medium
0.2336595055650419,Medium
0.7697873623208702,High
0.10166138815893114,Low
0.41659202694305386,High
0.16683965723977623,Medium
0.09221583791010622,Low
0.10742988446057335,Low
0.19707821556379254,Medium
0.39091132452563865,High
0.20738589572850993,Medium
0.10200955848238806,Low
0.23734898138680083,Medium
0.20970436491580355,Medium
0.9028699678508835,High
0.2685638348901511,Medium
0.19604388258453925,Medium
0.47695535339758927,High
0.1705131998754032,Medium
0.15995252066661542,Low
0.17467911195946365,Medium
0.14812925012345543,Low
0.322741735015047,Medium
0.045827953941700424,Low
0.2997266971078051,Medium
0.21793145108715,Medium
0.2972159778551834,Medium
0.06055961502014195,Low
0.09913854994784776,Low
0.24309656285590242,Medium
0.16696187463977438,Medium
0.144227429330023,Low
0.17130564165861678,Medium
0.11389537371969129,Low
0.4630100168481429,High
0.1268447366522406,Low
0.15300883709590926,Low
0.07587308577589214,Low
0.40727865415062264,High
0.15002142813810126,Low
0.2209418435843809,Medium
0.06559293750628506,Low
0.6555613372354493,High
0.0869727369942971,Low
0.4703795168968825,High
0.313315017286914,Medium
0.09464358323410992,Low
0.32137546221367735,Medium
0.15118946910365524,Low
0.1940510618190021,Medium
0.059824572861357714,Low
0.44569331595787787,High
0.21154292309630782,Medium
0.04246444121824438,Low
0.23423617797554674,Medium
0.07232735690638817,Low
0.17659376450693035,Medium
0.17847360146593666,Medium
0.16803503946407158,Medium
0.15774252494276264,Low
0.10285568144990732,Low
0.3474572772190303,High
0.26017400514762967,Medium
0.15710052826492246,Low
0.2724056022374407,Medium
0.049260650234519934,Low
0.1728677100697457,Medium
0.22648704767564584,Medium
0.08029012930337699,Low
0.03142112708412465,Low
0.1991295535546825,Medium
0.4401834354931731,High
0.1786157016073395,Medium
0.10584171827380201,Low
0.20975651250360292,Medium
0.1317294643203975,Low
0.10744404650632569,Low
0.06582270028856647,Low
0.06307980337062048,Low
0.18749632113084586,Medium
0.12588499647787463,Low
0.12272456964283421,Low
0.13415022792930853,Low
0.17060774849796598,Medium
0.17735818264111494,Medium
0.16562358492934534,Low
0.04718203543546907,Low
0.18981076750856127,Medium
0.133557820907861,Low
0.1648705726800781,Low
0.18089655443283764,Medium
0.16763116619962387,Medium
0.07169787563493368,Low
0.09130736621919719,Low
0.4216032497365999,High
0.03386974079595771,Low
0.09326604795189389,Low
0.038604411742020714,Low
0.0744632396528064,Low
0.20386707577723015,Medium
0.3287959963046585,High
0.0852971253961579,Low
0.14198683233258796,Low
0.12265361241064043,Low
0.1010193863963526,Low
0.24959186329261868,Medium
0.16223302408843393,Low
0.17333781767355325,Medium
0.4532104764156434,High
0.6546960609990798,High
0.5127121891471379,High
0.049097829129238615,Low
0.061535862385594775,Low
0.13442553890709413,Low
0.10633192042976868,Low
0.13349085271830202,Low
0.2684546177188782,Medium
0.18963281372927476,Medium
0.5051610802973115,High
0.07292338889219836,Low
0.5385146040331884,High
0.35923236890132487,High
0.08405371865950374,Low
0.5627364437462051,High
0.09644268818156042,Low
0.09409816443774904,Low
0.10801986950047489,Low
0.07578201806202241,Low
0.42083171612068054,High
0.1828891897655342,Medium
0.07555910825960925,Low
0.1822189302756693,Medium
0.05276145219452693,Low
0.0945310664855366,Low
0.10940408125386955,Low
0.1929863891276166,Medium
0.36877719886814697,High
0.12807609331833758,Low
0.15604153328368628,Low
0.11120299520426505,Low
0.21427426663894264,Medium
0.38679265009849273,High
0.11067468851897232,Low
0.06475258775518229,Low
0.15001889916975258,Low
0.12542259016370547,Low
0.03139798512047632,Low
0.47260055293208963,High
0.49214506968284255,High
0.039297206336867854,Low
0.2024104981694847,Medium
0.027488276351888795,Low
0.4044679483279547,High
0.2745605697873266,Medium
0.19801823934400778,Medium
0.33645329792987727,High
0.5154226833284651,High
0.12581614723631035,Low
0.44543032428809465,High
0.16069355848598849,Low
0.5921979044625844,High
0.28573774167687344,Medium
0.11072035401977255,Low
0.06445370348461095,Low
0.11916643204273453,Low
0.07974823264776543,Low
0.2054037484268379,Medium
0.49810513290379405,High
0.1497533056227054,Low
0.10353115585997424,Low
0.12391889477366325,Low
0.23023810312720341,Medium
0.14841322230898749,Low
0.2309099933089143,Medium
0.2176958761680597,Medium
0.021815004946964724,Low
0.43475150885957314,High
0.18542570655313884,Medium
0.15212212913429315,Low
0.0633041638401014,Low
0.11569070081758824,Low
0.167363583866844,Medium
0.18687683499348923,Medium
0.11515915267877143,Low
0.24955146219240673,Medium
0.23110547550482033,Medium
0.07953191560598744,Low
0.2558684350728298,Medium
0.21536215914951637,Medium
0.2671224549463551,Medium
0.07715042920214599,Low
0.35439232702090057,High
0.1803521864471144,Medium
0.24963806805971908,Medium
0.4928025790233784,High
0.13484131164245872,Low
0.5497091541758193,High
0.06544769138368575,Low
0.2444439091478229,Medium
0.11787489955526137,Low
0.21965041026694698,Medium
0.11295133685842708,Low
0.4089642765703228,High
0.3214353892959501,Medium
0.3071654240111891,Medium
0.16977410308770824,Medium
0.09143746295417268,Low
0.038468990932324525,Low
0.22913095181847654,Medium
0.6130007570022219,High
0.016822363145441097,Low
0.3867138719904957,High
0.6031393640752934,High
0.1856826608811977,Medium
0.10527317518968504,Low
0.28181724349344095,Medium
0.264436606532331,Medium
0.26850687406561363,Medium
0.13302930832675994,Low
0.30003815317420046,Medium
0.12955823021612178,Low
0.28278456596362334,Medium
0.03436989656639164,Low
0.1792110362469715,Medium
0.16341955069375616,Low
0.5816232385359885,High
0.07318981006804202,Low
0.041851022936914443,Low
0.34665320109001013,High
0.03109444045037281,Low
0.10017437533195271,Low
0.17408812815668112,Medium
0.24892148128995192,Medium
0.2829196013296454,Medium
0.23433669838619073,Medium
0.1836019602821846,Medium
0.0724393383669271,Low
0.16519063654286315,Low
0.13081062747990468,Low
0.06977931666554997,Low
0.3087700226083852,Medium
0.5966250562448491,High
0.3643488796791532,High
0.485157971223717,High
0.15869646451874528,Low
0.5155717171654467,High
0.19693025143967618,Medium
0.13563132359173985,Low
0.037807730202379576,Low
0.18959015821065803,Medium
0.20202111282611612,Medium
0.12009841054536416,Low
0.26183525926635004,Medium
0.24957256840878,Medium
0.26948339138656013,Medium
0.188734615856948,Medium
0.2410191699921732,Medium
0.22894825974603264,Medium
0.232920129803914,Medium
0.08791180657507922,Low
0.10676943218096464,Low
0.5200391379303179,High
0.048294517414388505,Low
0.09837410580520137,Low
0.10451939444235868,Low
0.19323309915536538,Medium
0.07511505552587878,Low
0.28120246656000375,Medium
0.09154363467866176,Low
0.02883874522826964,Low
0.2454380226369151,Medium
0.6501254646100069,High
0.04502874899773932,Low
0.18769473640597878,Medium
0.22234120214505806,Medium
0.2198131180536787,Medium
0.1349525790097431,Low
0.2003514695228231,Medium
0.6276616704476674,High
0.1566590924599814,Low
0.14513945958438995,Low
0.2391124402434188,Medium
0.1800165778175002,Medium
0.22545102139520795,Medium
0.1106586529979523,Low
0.1600878384650194,Low
0.08149616777538583,Low
0.03494119712369913,Low
0.4701225373413905,High
0.09299045261554445,Low
0.39100117081860164,High
0.05187355866487443,Low
0.19350835006126635,Medium
0.017759818655531657,Low
0.10356675212782912,Low
0.16705610716290542,Medium
0.3687694779080121,High
0.04813601904847623,Low
0.2339565380997984,Medium
0.1673746713706771,Medium
0.06366156007643242,Low
0.14956712858373927,Low
0.13775491920945115,Low
0.10617934066419316,Low
0.11450058278861054,Low
0.1272708175934064,Low
0.2131161086243384,Medium
0.13972571301557046,Low
0.14457154452529297,Low
0.19801938128105437,Medium
0.4046074997898129,High
0.22935413821456568,Medium
0.13375732831007314,Low
0.20067033445745758,Medium
0.13603264318570366,Low
0.23888181049709004,Medium
0.11895199806137932,Low
0.7071679704715391,High
0.11965090259724395,Low
0.24976583780542247,Medium
0.6014773102055215,High
0.10416255059445437,Low
0.28780119220123024,Medium
0.10074155205853282,Low
0.13134755891515043,Low
0.1582836975784833,Low
0.055725717825215654,Low
0.18958352675416218,Medium
0.3771904658570291,High
0.09971011707596233,Low
0.16025958578489818,Low
0.13860480080812793,Low
0.09767087811308674,Low
0.21474811859796658,Medium
0.2754863085648493,Medium
0.06462521895234297,Low
0.23946531425419434,Medium
0.27236526905132746,Medium
0.0630563902209888,Low
0.08816751865390093,Low
0.18175027245016573,Medium
0.18104771928329466,Medium
0.07620790491207505,Low
0.3567206439796828,High
0.1385983779742708,Low
0.05335596624645537,Low
0.08823616418575028,Low
0.11983260231876966,Low
0.14382444518996962,Low
0.08751135490787844,Low
0.9305049979658027,High
0.20391828337975895,Medium
0.04468145306899507,Low
0.02926834947754236,Low
0.07260054561288481,Low
0.12326644669961474,Low
0.20758717880775585,Medium
0.5297890085514767,High
0.043961007466235075,Low
0.14692025122764357,Low
0.10397952615285361,Low
0.20369806747547228,Medium
0.019026983437575504,Low
0.20436679792253645,Medium
0.04430015279506141,Low
0.15348908892328914,Low
0.2020418077386767,Medium
0.10710667928513423,Low
0.147948506180135,Low
0.2556520008315776,Medium
0.45170951690784167,High
0.3837486280874361,High
0.044526133596437915,Low
0.403129284093038,High
0.14389318388732059,Low
0.1701327112589223,Medium
0.10723173688804714,Low
0.581538667548095,High
0.1813429411875411,Medium
0.14771354571642653,Low
0.08932396892365844,Low
0.23151119785059118,Medium
0.47959514153741023,High
0.14517420468503708,Low
0.20717011689937417,Medium
0.08963131450103945,Low
0.26931408460796835,Medium
0.14297472212637374,Low
0.0816013120292907,Low
0.08036886263272434,Low
0.14217130586974333,Low
0.2505725590303042,Medium
0.21280925617371224,Medium
0.14613736904431088,Low
0.4845262072590448,High
0.12711804688907063,Low
0.1577610300544212,Low
0.22578728538059922,Medium
0.08723966893430471,Low
0.42247473177467787,High
0.11465051859645012,Low
0.06493810104424089,Low
0.18025803566374982,Medium
0.16717688791418334,Medium
0.07219416802362447,Low
0.17700299000219516,Medium
0.4899322675250398,High
0.03028836829527665,Low
0.07769302903335303,Low
0.21693532047106842,Medium
0.5167389492769192,High
0.04542419259588311,Low
0.55914122178855,High
0.5428598391759367,High
0.40621520940103867,High
0.03525863038113343,Low
0.23003556510327308,Medium
0.628755464870855,High
0.13346191753992,Low
0.2621680383405153,Medium
0.09835863558040263,Low
0.07189471965594318,Low
0.04063791781779221,Low
0.24261367040765072,Medium
0.12669872679585661,Low
0.4355236399823474,High
0.2596173593534474,Medium
0.42071132858516447,High
0.10091217287777637,Low
0.13018931279692286,Low
0.19352221396883876,Medium
0.17224005623988345,Medium
0.6233769958953078,High
0.12766891853473003,Low
0.15904023025778535,Low
0.14486384878397565,Low
0.4389276323572639,High
0.0979645147602864,Low
0.22688948958685337,Medium
0.05818157553145894,Low
0.6392188989749015,High
0.11978661871029099,Low
0.1899174858473178,Medium
0.2065419519751297,Medium
0.17094538196414844,Medium
0.07802081898254605,Low
0.2047212648545392,Medium
0.15630721393665287,Low
0.20412185023785118,Medium
0.24153717814862571,Medium
0.47066561692293707,High
0.35715453347427195,High
0.8578109251497128,High
0.03534016353139899,Low
0.320582033539494,Medium
0.05842022006171553,Low
0.1799682417418561,Medium
0.025834860908111414,Low
0.25309123040014275,Medium
0.7049850397507167,High
0.12319565322896131,Low
0.26090603948548446,Medium
0.2682755933461152,Medium
0.09960005987926349,Low
0.17155988315315432,Medium
0.15581002430091173,Low
0.12811063031740066,Low
0.07680153906148289,Low
0.6245988429087032,High
0.15195521917776358,Low
0.2803305864994186,Medium
0.2595409166573589,Medium
0.11443697289272951,Low
0.09550351227639733,Low
0.1804556186993277,Medium
0.1937278376987247,Medium
0.6925750093899089,High
0.29453057917912795,Medium
0.2526799529526812,Medium
0.2730289667925628,Medium
0.07958900942487464,Low
0.06335258245264212,Low
0.08715086696098683,Low
0.1714756039397938,Medium
0.16610964619233082,Low
0.21910437576593197,Medium
0.38509583446821843,High
0.45896907935265885,High
0.4425166851426603,High
0.19369170044261003,Medium
0.13973288318318278,Low
0.05408356357715615,Low
0.30224655283539004,Medium
0.1966855543942359,Medium
0.1419541268979743,Low
0.12050048542458959,Low
0.2892861843659282,Medium
0.8905613520936534,High
0.24868020259512846,Medium
0.045476001470324615,Low
0.03878459062937926,Low
0.15954558931324606,Low
0.14696820383008732,Low
0.20717137609799663,Medium
0.15306237826758695,Low
0.12294964325304401,Low
0.2914281600150356,Medium
0.24469967847386567,Medium
0.06988453260612133,Low
0.1453645459247346,Low
0.23101211031047952,Medium
0.06877672063345486,Low
0.15481400147495986,Low
0.33526899864570103,High
0.1377515753845849,Low
0.4289322504325326,High
0.2151520420343212,Medium
0.27720498331991894,Medium
0.2623935667775703,Medium
0.03367810209263175,Low
0.2535084353008479,Medium
0.1801917287065761,Medium
0.15037086816203502,Low
0.1992231953838182,Medium
0.32764978218539437,High
0.07206501567420442,Low
0.1285914736368477,Low
0.4359823700942234,High
0.3303576651903071,High
0.2525353376238832,Medium
0.19623797418000785,Medium
0.12320799913348943,Low
0.0501207449484631,Low
0.24834551028034657,Medium
0.155991456732064,Low
0.1571876707074632,Low
0.279717865381773,Medium
0.08370949885429957,Low
0.04621205637417879,Low
0.10770435612925713,Low
0.10516175577273114,Low
0.284159864163611,Medium
0.07792410957515057,Low
0.1589696235847102,Low
0.12329140638010275,Low
0.1249131551375201,Low
0.6209347254723374,High
0.2289842194653459,Medium
0.18886974999118408,Medium
0.24211710799648917,Medium
0.2222523536691137,Medium
0.21540287054651666,Medium
0.15725156368546905,Low
0.49676213420109905,High
0.23162611958803553,Medium
0.1372978685241173,Low
0.15001225413815042,Low
0.24612169280287538,Medium
0.30286730076939705,Medium
0.2759430665832973,Medium
0.08561765481545595,Low
0.15462323559199542,Low
0.049378662821469674,Low
0.1453255894637964,Low
0.16842087599809502,Medium
0.6044952211856568,High
0.17252585102038717,Medium
0.03979036844728724,Low
0.16081718878525994,Low
0.29419600086770875,Medium
0.09840420170461324,Low
0.09086702830317404,Low
0.1277066933972925,Low
0.10398093698144734,Low
0.04448453827647153,Low
0.1247231247841872,Low
0.09470561049582148,Low
0.12983347686712648,Low
0.22089771590927246,Medium
0.04858978424691153,Low
0.4486006018565085,High
0.3290292831224011,High
0.1904126967343502,Medium
0.07463275339037809,Low
0.25411614785147124,Medium
0.12080105586679271,Low
0.11550985236852306,Low
0.9209275436287475,High
0.17863512299822298,Medium
0.1391830526632191,Low
0.38496369621787935,High
0.07732260532739492,Low
0.11803825951840809,Low
0.03587761339016562,Low
0.1980277995029635,Medium
0.024755690671338468,Low
0.19139682633381366,Medium
0.5276053677351374,High
0.48744847305439387,High
0.6212730702195274,High
0.21081374769942776,Medium
0.23568280422807023,Medium
0.4393045332255814,High
0.08517449743668638,Low
0.6817557584449494,High
0.24024073358732004,Medium
0.6198917189829635,High
0.1616119497341226,Low
0.08360076295316882,Low
0.16291917748542506,Low
0.3295297654061233,High
0.3389684438727429,High
0.28452045770800394,Medium
0.4083145409257155,High
0.17486092988118493,Medium
0.2309745514130139,Medium
0.2547517497568925,Medium
0.21962595806006913,Medium
0.3268877244078094,High
0.4857334164638296,High
0.5218997776445786,High
0.6121753889542773,High
0.22419394982230104,Medium
0.15969334285995482,Low
0.5402193845013391,High
0.20768161765468693,Medium
0.3473592551520761,High
0.15882535369472509,Low
0.221787141151843,Medium
0.5805195517962127,High
0.20068417933788546,Medium
0.18155145193354644,Medium
0.13094756354799264,Low
0.1969808580598282,Medium
0.37707140376281006,High
0.5714620200852177,High
0.868447133342954,High
0.36322505351815304,High
0.1505020438853195,Low
0.24068764046900176,Medium
0.6657213271751581,High
0.18849137696370094,Medium
0.2131943448524546,Medium
0.2991646852054175,Medium
0.4240625434648954,High
0.19423059812102247,Medium
0.15769070201127486,Low
0.18785844210752312,Medium
0.12111076211140266,Low
0.25163052115977125,Medium
0.0971605876605928,Low
0.24868439540424953,Medium
0.1162828580688707,Low
0.1952911532515827,Medium
0.18749351559037153,Medium
0.1927438685044542,Medium
0.10906208988957077,Low
0.17421992322578717,Medium
0.2954479186386298,Medium
0.2153686940759375,Medium
0.12197551009469075,Low
0.16855446187337264,Medium
0.18459204977218638,Medium
0.24454119655567505,Medium
0.4910219226616756,High
0.1191019453415731,Low
0.10712484157272954,Low
0.3209141693001663,Medium
0.1137845653439921,Low
0.2089752438347522,Medium
0.2758217496382586,Medium
0.18163386529284403,Medium
0.1807876853608282,Medium
0.16175152673960924,Low
0.20791780546582567,Medium
0.11208717342432786,Low
0.07580738164476125,Low
0.22984755083366587,Medium
0.1215536449483079,Low
0.23638825773354324,Medium
0.03648974887462819,Low
0.14768670283119475,Low
0.16019431202498724,Low
0.1637177229842901,Low
0.14269343953208394,Low
0.1846853455661526,Medium
0.08328122310722252,Low
0.4575741498270453,High
0.11140263057862257,Low
0.11351598396409233,Low
0.14727723065863887,Low
0.32495976130262455,Medium
0.9019261115545366,High
0.17740017369912744,Medium
0.34088510711621484,High
0.15277868885091062,Low
0.48914744864336507,High
0.16703267277817863,Medium
0.0934308293620535,Low
0.3741052143511975,High
0.2344008494683942,Medium
0.3889910454230125,High
0.08598757622782484,Low
0.6068306865380052,High
0.46757130041732126,High
0.3861794388792997,High
0.37187764787972794,High
0.20413080406762393,Medium
0.09021715602070068,Low
0.12582789637713854,Low
0.10898872554364603,Low
0.18560547494671223,Medium
0.18416540642053345,Medium
0.14082991365074016,Low
0.11593187086280765,Low
0.13100375930643082,Low
0.17785143025091524,Medium
0.1743398047963809,Medium
0.1479554820414233,Low
0.2131056460435585,Medium
0.16130279261719885,Low
0.09269139853691202,Low
0.1645297827365615,Low
0.15855691757210677,Low
0.3180106089469944,Medium
0.11481109748230464,Low
0.13201516672214464,Low
0.3721949764974576,High
0.14841517147534303,Low
0.4025899410136946,High
0.3276474791883932,High
0.11411949176954186,Low
0.18701736047514153,Medium
0.11491822056209378,Low
0.15120339321652843,Low
0.1478515933074229,Low
0.14040652925820404,Low
0.14689878449051338,Low
0.11899781717189778,Low
0.1734113423328939,Medium
0.13063298019476846,Low
0.19177067893443586,Medium
0.3334057161270936,High
0.1788494222793899,Medium
0.2047798796555882,Medium
0.13636827751134925,Low
0.30807169266844975,Medium
0.17386977962147204,Medium
0.13816687128092167,Low
0.6083107685814071,High
0.1384584536511583,Low
0.17404625043434716,Medium
0.039998647748749776,Low
0.22292976363631364,Medium
0.10045661668541901,Low
0.5884072591452678,High
0.1426534441791334,Low
0.17928737401129718,Medium
0.1681136036802003,Medium
0.1955114447438288,Medium
0.5723671022963152,High
0.041002145395873046,Low
0.30257334130410446,Medium
0.09691370282527434,Low
0.17437976043234393,Medium
0.12771564439195757,Low
0.14073365467271678,Low
0.17546435048629255,Medium
0.11655393053865133,Low
0.043732536129977496,Low
0.1637826222274397,Low
0.4299681156402032,High
0.11619103150448232,Low
0.3037035984334848,Medium
0.12945032782943305,Low
0.24786778758241393,Medium
0.04084461983093983,Low
0.05338050699009581,Low
0.12863488675051912,Low
0.11113858759375009,Low
0.18176380913131845,Medium
0.0982529808156572,Low
0.1954899295523366,Medium
0.22334648247540478,Medium
0.02903967100271863,Low
0.1315857819675186,Low
0.08187606254325747,Low
0.14997736061004016,Low
0.1499188533085798,Low
0.18692506603333692,Medium
0.047970166508381075,Low
0.2682647857942889,Medium
0.1443328521365026,Low
0.09761925552616582,Low
0.15105415773512884,Low
0.21607038207058868,Medium
0.12588077996916872,Low
0.3179084867954192,Medium
0.16692786964872117,Medium
0.2131427898152191,Medium
0.1592907498031923,Low
0.1082542712912691,Low
0.160409006771648,Low
0.08235688247839307,Low
0.07975265571068735,Low
0.08600857901339522,Low
0.3152953479513079,Medium
0.6232838219839044,High
0.2190379784792338,Medium
0.1341223291963611,Low
0.15718010120901982,Low
0.17130763699671897,Medium
0.11358529390513324,Low
0.12728884742698282,Low
0.1385983364364819,Low
0.10031179653235743,Low
0.07437173829121324,Low
0.6230959580961859,High
0.16404347819847362,Low
0.15043456972014244,Low
0.12633391630477608,Low
0.13715434336712137,Low
0.12695696397817466,Low
0.23722878699973132,Medium
0.20608147758435647,Medium
0.651666916089042,High
0.023114125677413513,Low
0.45565524598741897,High
0.3787096279538297,High
0.06528027127935913,Low
0.1834641728360224,Medium
0.4297412363616887,High
0.07826991716656836,Low
0.12205595874359913,Low
0.1995066032115744,Medium
0.06138919753940168,Low
0.029028771595948962,Low
0.0595615987660756,Low
0.2126945799368961,Medium
0.06775936202856354,Low
0.06724142451410449,Low
0.4119440700548608,High
0.15136291408699104,Low
0.10692409205106938,Low
0.399725579557074,High
0.1327031224006762,Low
0.19589056356179768,Medium
0.2499139328631875,Medium
0.09620363753805312,Low
0.26445494464510616,Medium
0.18012366446079722,Medium
0.19157435133062836,Medium
0.18861413675213742,Medium
0.1238108262118229,Low
0.1099542053947601,Low
0.08618625265669888,Low
0.1822481347827128,Medium
0.23652309571751928,Medium
0.08296980612746323,Low
0.5352953084657402,High
0.15265765489567612,Low
0.0551927059560055,Low
0.13407523320406708,Low
0.20136945625472727,Medium
0.5043684534730495,High
0.12227904279954369,Low
0.04904190432824673,Low
0.057693279561442316,Low
0.06645168418250853,Low
0.20526430722150824,Medium
0.4410342474259333,High
0.12200459889766176,Low
0.22356979315552716,Medium
0.19193521137666358,Medium
0.14370234297346723,Low
0.09747806376535387,Low
0.17829854341826373,Medium
0.9012999880069059,High
0.12007797418768013,Low
0.18078113698115061,Medium
0.0638247838102894,Low
0.08856706984553207,Low
0.10841867460734102,Low
0.2011747706544519,Medium
0.18608463366289363,Medium
0.03856747959165235,Low
0.14992424280432168,Low
0.09915967307304857,Low
0.07126388661805189,Low
0.2375330697364982,Medium
0.2340363236231569,Medium
0.17670638884307635,Medium
0.14005580616447474,Low
0.30850568020658925,Medium
0.20785753284402894,Medium
0.1522622765132155,Low
0.07343714818664282,Low
0.29104071624403277,Medium
0.0740475078481221,Low
0.21335994880197548,Medium
0.09175847915474436,Low
0.15956875983034546,Low
0.10260130206793261,Low
0.3459917586717174,High
0.45241652215611344,High
0.1491630685953697,Low
0.16130143350351486,Low
0.20108721228177537,Medium
0.1710350623685275,Medium
0.20931373671082107,Medium
0.09113762787071435,Low
0.7133661768461046,High
0.19638881552913343,Medium
0.04669817162875288,Low
0.015104456462389637,Low
0.1124023058239724,Low
0.11475987294739386,Low
0.10012453382080269,Low
0.16812485606898558,Medium
0.17920252039331042,Medium
0.10568012607711583,Low
0.08808642701564934,Low
0.11510438867640616,Low
0.13093128604204807,Low
0.08429390162640998,Low
0.06366027191257617,Low
0.16685877361584034,Medium
0.39326569532606515,High
0.3246787406516458,Medium
0.14443905616518907,Low
0.0814805713772398,Low
0.20809780165869263,Medium
0.11603619634599047,Low
0.12823533289685482,Low
0.4106220910808448,High
0.0736713594182349,Low
0.04955980934299237,Low
0.13810109490351602,Low
0.11663257324836965,Low
0.13938446011678757,Low
0.11113847396372672,Low
0.11738247550045411,Low
0.1451629351401927,Low
0.1415538386528353,Low
0.12642587074925535,Low
0.35417894325105587,High
0.0954127887710457,Low
0.38726589909370274,High
0.1446242915985611,Low
0.1767107951675734,Medium
0.13040567056713337,Low
0.0991243666871205,Low
0.3235485805553464,Medium
0.1630198908205703,Low
0.6812627985033998,High
0.2077201363492495,Medium
0.2079643897416247,Medium
0.16057158308897018,Low
0.18455657674416867,Medium
0.1173960292032562,Low
0.10471187152781612,Low
0.1872722936050809,Medium
0.032299714387085496,Low
0.10771670428686703,Low
0.3586192887384003,High
0.043185313490566854,Low
0.10826649654216863,Low
0.19251695999943771,Medium
0.28280737114351934,Medium
0.024852214922131553,Low
0.03443254090612943,Low
0.13560650283899917,Low
0.13410681492784848,Low
0.0784215730908203,Low
0.6223697366352604,High
0.13805475959436733,Low
0.6040360876405328,High
0.07991190491294371,Low
0.1701572655367901,Medium
0.04669679887772083,Low
0.4016386202251331,High
0.2985087218662673,Medium
0.16948024925399469,Medium
0.2360760635754079,Medium
0.46562905076631744,High
0.21778371372339134,Medium
0.15429855963980696,Low
0.39574129405170155,High
0.15181048869538225,Low
0.043204538632854825,Low
0.4452495327970903,High
0.1277411945443385,Low
0.6959184786616613,High
0.12056101283705663,Low
0.08586968084386673,Low
0.07133206646016384,Low
0.3042980392892808,Medium
0.113580797947817,Low
0.07156278379049351,Low
0.353028142061331,High
0.28020478692499734,Medium
0.2069837991147465,Medium
0.11200110486850784,Low
0.1148397281243986,Low
0.07868503014747945,Low
0.09909218222783844,Low
0.29040963128278685,Medium
0.07289831665647116,Low
0.08162630109484326,Low
0.14561435612424917,Low
0.1297511529122736,Low
0.06788482206555814,Low
0.1348111055780103,Low
0.7554301635743944,High
0.07679977370767009,Low
0.1413724875233462,Low
0.1253574314194196,Low
0.11230348521087913,Low
0.5757625649786602,High
0.08050851779771792,Low
0.14858834685980574,Low
0.1837838034250913,Medium
0.056234108290528315,Low
0.23503176485799196,Medium
0.4172535929796392,High
0.46740795444741584,High
0.11394753886890029,Low
0.09617089877995842,Low
0.7281898522697159,High
0.11417145695790572,Low
0.1708937682189527,Medium
0.3981538520644271,High
0.17312034539714677,Medium
0.2550560607290716,Medium
0.490462742621867,High
0.04571258460562516,Low
0.15895050607779282,Low
0.13251182897390382,Low
0.14553602214942832,Low
0.1630482746627935,Low
0.13869879117707887,Low
0.053028506926471396,Low
0.22037921355459292,Medium
0.16069602507742986,Low
0.10497196320157307,Low
0.03125437635118819,Low
0.11756830122180957,Low
0.08221323329876586,Low
0.5895844695478758,High
0.3187644022042181,Medium
0.3652328274541448,High
0.1170426680050055,Low
0.13418933290217408,Low
0.05312246563864269,Low
0.20939896630033206,Medium
0.1861825936242295,Medium
0.16381999533076527,Low
0.12444727129191024,Low
0.09149844305807917,Low
0.15093150261217694,Low
0.0714854705086627,Low
0.12295889139134687,Low
0.03363922820502214,Low
0.3400651332993125,High
0.1654756053963354,Low
0.1764777171497548,Medium
0.2712425159920615,Medium
0.14654581010409526,Low
0.19017776475045464,Medium
0.08377919945871998,Low
0.08609200003431175,Low
0.2819380240749283,Medium
0.1748586541678404,Medium
0.6129286621133996,High
0.14519341573759115,Low
0.18631335823853098,Medium
0.07880714443826485,Low
0.6182431114099474,High
0.19906976906304719,Medium
0.03738055568510067,Low
0.03211114118634861,Low
0.14487160067599314,Low
0.0309580856360399,Low
0.21649818865504067,Medium
0.2005232926755185,Medium
0.04108163693014157,Low
0.17544469065828047,Medium
0.07379642272720108,Low
0.10047961299811382,Low
0.5648205192923356,High
0.1511279864899731,Low
0.10964522764841379,Low
0.11423124253902807,Low
0.14948430308294966,Low
0.058726567242265104,Low
0.13338082138405172,Low
0.26395640765642264,Medium
0.40372346670511416,High
0.06659623808872467,Low
0.13742845837113135,Low
0.08412468267369438,Low
0.07189624109800327,Low
0.17829975044841057,Medium
0.19142009220353656,Medium
0.1287572074897696,Low
0.02196597985461873,Low
0.20007004631918682,Medium
0.16987648478071524,Medium
0.16195104453090373,Low
0.1154873965281566,Low
0.21152613564688696,Medium
0.19217202814917855,Medium
0.318611427103319,Medium
0.17953315162429162,Medium
0.2012603420629461,Medium
0.01913231934134547,Low
0.17888054844230775,Medium
0.15723164257004352,Low
0.13335193116642932,Low
0.10884813086451474,Low
0.4581301617944447,High
0.05707083419573039,Low
0.4357579839932677,High
0.14381042818827414,Low
0.09839631575231365,Low
0.24923562619883985,Medium
0.07065994801568862,Low
0.11435640307718933,Low
0.15493070542571552,Low
0.23635653792414218,Medium
0.12427352122254089,Low
0.02043836124516149,Low
0.0670652510883056,Low
0.030382805496155768,Low
0.2068738298005293,Medium
0.025233494846569598,Low
0.027787057538865685,Low
0.10007414168474446,Low
0.09331773193119415,Low
0.2295933078797684,Medium
0.14307378714229332,Low
0.12037336896570718,Low
0.0480567069950936,Low
0.19649807085848886,Medium
0.09090245797900404,Low
0.16958711519753855,Medium
0.02405567935613948,Low
0.2815728178768159,Medium
0.51983805515848,High
0.10533706622558427,Low
0.03361118284800611,Low
0.04494081272084487,Low
0.3883181456149214,High
0.2286465177899922,Medium
0.1053250729678635,Low
0.1560990211967229,Low
0.1957758383705,Medium
0.12791270724321935,Low
0.07524690972997115,Low
0.1707215015381683,Medium
0.3684645547625858,High
0.1672548868832092,Medium
0.10354938678613798,Low
0.049715748694091275,Low
0.3004031795750788,Medium
0.04759381005888283,Low
0.13228908464461975,Low
0.1701043911684823,Medium
0.20739867918178403,Medium
0.35095080770978804,High
0.04420536847635768,Low
0.3282884303927857,High
0.09939155791821472,Low
0.1545905991220124,Low
0.28175376197650015,Medium
0.15532749925385492,Low
0.385225467836272,High
0.06996514702670478,Low
0.05693244554506868,Low
0.1329915238785434,Low
0.5090757492654657,High
0.10677771512726157,Low
0.17038021924815608,Medium
0.6514946367130359,High
0.055505776637003644,Low
0.7555178906034282,High
0.10217096212930467,Low
0.2231316535821533,Medium
0.132532214428627,Low
0.2449458838471892,Medium
0.2740769942748006,Medium
0.189812743280651,Medium
0.05180883246595616,Low
0.13626506217294962,Low
0.35078757154205725,High
0.06940746669408579,Low
0.29207626068480064,Medium
0.3344439442768873,High
0.022001943325223924,Low
0.14833106511554617,Low
0.13693406952138942,Low
0.11511282483771798,Low
0.09340416055676526,Low
0.15353424697225518,Low
0.13104568142158274,Low
0.029687903889968392,Low
0.1202360544247381,Low
0.5734389472116953,High
0.08099502682118666,Low
0.10889212391030655,Low
0.0962414893323793,Low
0.20442952211777968,Medium
0.23425693617181786,Medium
0.04711045820608313,Low
0.014085317536432761,Low
0.043302951585676756,Low
0.10535589986389385,Low
0.09017210624588573,Low
0.1733170236083623,Medium
0.13127851197039953,Low
0.1664090358340622,Low
0.2235216724053512,Medium
0.2695959765904354,Medium
0.1974524305656691,Medium
0.2571493597149271,Medium
0.09929893808229819,Low
0.11548298875591036,Low
0.05569317271929499,Low
0.1603170595253647,Low
0.030627512726810444,Low
0.3819604663849779,High
0.2594487254881742,Medium
0.04470967527908437,Low
0.07314383758907785,Low
0.13890160495437182,Low
0.12103977379203491,Low
0.030053249642923566,Low
0.11298641578651616,Low
0.03279522481479669,Low
0.1840955139670451,Medium
0.031158595819084593,Low
0.5657877479590009,High
0.1363867221775357,Low
0.017845621079957064,Low
0.08980747216993208,Low
0.13866256961850557,Low
0.36435651649523526,High
0.21188430760684993,Medium
0.1592263045068279,Low
0.1051064186473845,Low
0.14909897056013807,Low
0.09699985568950899,Low
0.48349507284062687,High
0.05778570156587283,Low
0.11557786776952458,Low
0.028422634524256474,Low
0.24273528583636422,Medium
0.04488276686874009,Low
0.21434036181702146,Medium
0.16038062551786034,Low
0.1618215172446083,Low
0.06697596296617317,Low
0.2105060487161922,Medium
0.06585390021632244,Low
0.11190953972121039,Low
0.44309143960412034,High
0.0962391220587738,Low
0.12200942678903717,Low
0.27906295832504613,Medium
0.08708140400604224,Low
0.14512385837290834,Low
0.16404253825450668,Low
0.23893641440135155,Medium
0.10122441357581358,Low
0.3873281436509236,High
0.10057683092788186,Low
0.11254514935066541,Low
0.05759050103872554,Low
0.6738429192036542,High
0.11826018258725818,Low
0.13647970329514086,Low
0.5306565479070566,High
0.49147930519428074,High
0.22326307437025708,Medium
0.07579256696427739,Low
0.14557710991538375,Low
0.1305500303807309,Low
0.044430013727529735,Low
0.44718008538833304,High
0.14325037308018101,Low
0.16409333177650542,Low
0.0346643009028958,Low
0.09742915626572946,Low
0.11473208103761329,Low
0.11730374665347973,Low
0.4339575871209606,High
0.04146505991994632,Low
0.06194548568276187,Low
0.07024868732796996,Low
0.22831222147554228,Medium
0.1261367901814157,Low
0.11041339644823564,Low
0.14522337183829842,Low
0.26769294157500995,Medium
0.029107344791536403,Low
0.14803471223819306,Low
0.3052209749283571,Medium
0.23874185850104176,Medium
0.18878034227550622,Medium
0.1203388728887629,Low
0.3232995937088239,Medium
0.20438767428674803,Medium
0.33475165743485247,High
0.9938678154117504,High
0.10550720581180816,Low
0.08607683784139711,Low
0.04476630149995602,Low
0.31396361849560206,Medium
0.480357159514071,High
0.03317029903653327,Low
0.024853459915847025,Low
0.052643830534381174,Low
0.5541747933772535,High
0.08181344574986305,Low
0.12408880385754094,Low
0.05509362533040323,Low
0.1765301770809105,Medium
0.09129540523837688,Low
0.5972091420417993,High
0.09241671536729511,Low
0.5672015470483381,High
0.14008406042064261,Low
0.11721342236620481,Low
0.09172475081104695,Low
0.3631655277887673,High
0.06629530315373838,Low
0.18487609591558776,Medium
0.05810228958719143,Low
0.22598132770220639,Medium
0.06865788161789894,Low
0.18711913495832128,Medium
0.3349252268757387,High
0.15210200016650466,Low
0.19918132705328903,Medium
0.09423393633081235,Low
0.10937828275921099,Low
0.08724237768025557,Low
0.18116797556941241,Medium
0.2429989740595521,Medium
0.23324023531922544,Medium
0.2102078489870004,Medium
0.20954348284567656,Medium
0.28474503500887505,Medium
0.06441435427636354,Low
0.19936571791892232,Medium
0.08041964793078914,Low
0.5874804396125742,High
0.08404736155330064,Low
0.12875959867505762,Low
0.21660250002884884,Medium
0.18892618591516808,Medium
0.08655143835483885,Low
0.09089288065338234,Low
0.16084771109626692,Low
0.1698519730985255,Medium
0.045229879498579026,Low
0.12396043768986534,Low
0.22912933526517,Medium
0.2314249255939469,Medium
0.15239535130565993,Low
0.1199365160674979,Low
0.02603176278768344,Low
0.13236947181958908,Low
0.3739083326406091,High
0.08750576916441212,Low
0.1271627187813013,Low
0.1133750174936905,Low
0.5945563527682604,High
0.1562954445865742,Low
0.06586550388930242,Low
0.4209347009836669,High
0.14594297247946272,Low
0.11004735740828353,Low
0.1300959116824012,Low
0.15475949843937142,Low
0.08870213809467346,Low
0.3922605495121587,High
0.20939656311752983,Medium
0.05804471873873086,Low
0.0801317349311601,Low
0.07114996051817271,Low
0.035117323161410585,Low
0.14091516937373805,Low
0.09230642644974689,Low
0.0537345964772318,Low
0.21045102413389472,Medium
0.044376942710988077,Low
0.027050743470708936,Low
0.1833314865441357,Medium
0.2626563966246768,Medium
0.2946059163611939,Medium
0.15525933158410313,Low
0.10991263428902731,Low
0.15757212641405197,Low
0.15950155304017458,Low
0.26159784242648587,Medium
0.20281394487971952,Medium
0.03703515736189015,Low
0.2600851336974038,Medium
0.025651173214859567,Low
0.1568175144726222,Low
0.2682503566343392,Medium
0.17989176058192954,Medium
0.16998000886302356,Medium
0.07274684675097345,Low
0.08054649592175286,Low
0.35688865102475864,High
0.15279757443625905,Low
0.5569974333228728,High
0.08940701078446846,Low
0.20894397207135734,Medium
0.08407135138695931,Low
0.08306965183360178,Low
0.07304584562624845,Low
0.054426628100484285,Low
0.18031120660346153,Medium
0.40097976617834696,High
0.09555527847655594,Low
0.33310699767830965,High
0.14438460485441046,Low
0.5713640189692119,High
0.17106231998000293,Medium
0.18457290406334026,Medium
0.12891561638259277,Low
0.08823209592030157,Low
0.23105841254047532,Medium
0.10972099644663923,Low
0.1117887590046489,Low
0.14295661969369947,Low
0.3698164245089172,High
0.08306357664252752,Low
0.12435268001065047,Low
0.170306200104814,Medium
0.2500350683039985,Medium
0.2426818330899817,Medium
0.2522495368642913,Medium
0.22167699457584528,Medium
0.060005949209601894,Low
0.060903055268308255,Low
0.13767133249359784,Low
0.1267215678912683,Low
0.1632343547091139,Low
0.11757313108741269,Low
0.1836879729138511,Medium
0.01739582564855905,Low
0.2229032654609394,Medium
0.7491511071059692,High
0.07318256223281919,Low
0.15448244777472875,Low
0.14754274703459772,Low
0.09377349035197924,Low
0.1268507412179502,Low
0.07955843626625428,Low
0.10375657729248033,Low
0.10709071155111628,Low
0.05181317695611823,Low
0.3847392216557043,High
0.14362157476225118,Low
0.15874226265853839,Low
0.20173091685271957,Medium
0.1533847260847742,Low
0.1237825956509682,Low
0.035457051227362715,Low
0.16592193985004558,Low
0.07499523090723229,Low
0.182522258928543,Medium
0.14644647186986234,Low
0.12317023100332619,Low
0.3621482094876209,High
0.09069733003570674,Low
0.07397217108062495,Low
0.09345606707409453,Low
0.10955454432253466,Low
0.0373119302232425,Low
0.07757624252477396,Low
0.30866445771714335,Medium
0.08818103791298466,Low
0.6016451144182933,High
0.020977452647165377,Low
0.09399466826616903,Low
0.03435509945181152,Low
0.1253944256180633,Low
0.18639237130712336,Medium
0.07741123802327725,Low
0.21289177867878376,Medium
0.14322046351082052,Low
0.12557437894061602,Low
0.07133688624279946,Low
0.07552914291825852,Low
0.0757387486125549,Low
0.1427092027079921,Low
0.4124545268371964,High
0.3465093760384736,High
0.05183928464195877,Low
0.15823560624696625,Low
0.010030818953548544,Low
0.6091164339700241,High
0.09172049864915996,Low
0.11166920531941538,Low
0.1370735928861703,Low
0.04317357552774728,Low
0.0338545820739333,Low
0.03740483293475407,Low
0.2440090824651944,Medium
0.16302403331634965,Low
0.2692952061680161,Medium
0.18621691382590536,Medium
0.4090200251008137,High
0.05365110782178301,Low
0.3356948298017807,High
0.44606051342275377,High
0.18116435749098356,Medium
0.2806720247044431,Medium
0.020380820071351526,Low
0.18784510037645066,Medium
0.18025497316959158,Medium
0.6196343317628277,High
0.10431291364931183,Low
0.1156925886894894,Low
0.07165555431953391,Low
0.22143463051512755,Medium
0.19389960800762576,Medium
0.27190873708545565,Medium
0.07859810423980014,Low
0.15990322794426215,Low
0.1762283900590325,Medium
0.18657677164458494,Medium
0.04504509417329576,Low
0.5078692467534534,High
0.06806155776116689,Low
0.09599318746619528,Low
0.023470604349931642,Low
0.4660008017962263,High
0.0920461306505659,Low
0.1203666824057715,Low
0.4347246559688817,High
0.05689923734186741,Low
0.099952857597788,Low
0.06992710831670504,Low
0.20361133394000192,Medium
0.3072713765785575,Medium
0.15130061985064044,Low
0.3624589272586044,High
0.12250891678013798,Low
0.15266960140047503,Low
0.0360299463686148,Low
0.11967347471203281,Low
0.2625615127111383,Medium
0.11235613091008245,Low
0.34468855438008217,High
0.16603881376208005,Low
0.1184544897180542,Low
0.17955691660522086,Medium
0.13295761056338268,Low
0.1592125851564808,Low
0.03580968359016941,Low
0.1078105923411133,Low
0.04134050936768014,Low
0.19263320535394032,Medium
0.2751543285212783,Medium
0.13012691753207647,Low
0.38238908324582016,High
0.22090498122436572,Medium
0.12117566809454153,Low
0.11212793347936918,Low
0.0918022622545435,Low
0.5423144378963772,High
0.18255754606765004,Medium
0.050295060375596855,Low
0.17733922502383967,Medium
0.02039065278329671,Low
0.13094535369602908,Low
0.5259503194224462,High
0.05547966296562495,Low
0.15807033049876484,Low
0.05305587928740873,Low
0.13021871073745483,Low
0.3294215017654995,High
0.06506923012335203,Low
0.09376026585072181,Low
0.380478656502375,High
0.08145455526187566,Low
0.4576083651076425,High
0.12612839356714284,Low
0.7350073841143633,High
0.06407817432724144,Low
0.09383856839271751,Low
0.21679650108879414,Medium
0.20093329432303758,Medium
0.09394743138891347,Low
0.12264236114868785,Low
0.11967888227773107,Low
0.08914968115935247,Low
0.07886246765675668,Low
0.42822590612405254,High
0.146747949050387,Low
0.05564586865434956,Low
0.11674341962303264,Low
0.279054375749121,Medium
0.1945669302973997,Medium
0.13468446344864035,Low
0.6000536758442342,High
0.361475882547643,High
0.34548736235487,High
0.40435600359275387,High
0.19562121070408683,Medium
0.1765881751281309,Medium
0.6390083201943313,High
0.13580730319219886,Low
0.18202643069742222,Medium
0.09849085832007583,Low
0.1054284648104698,Low
0.18079243089824004,Medium
0.25380793774174576,Medium
0.13341193314203098,Low
0.12254907099289904,Low
0.14409310984344406,Low
0.29602254734315253,Medium
0.05948629929405326,Low
0.06630402598545206,Low
0.16444712467591416,Low
0.10479350040470185,Low
0.19812540293241943,Medium
0.08837465337582398,Low
0.09754723660842861,Low
0.16549362368854528,Low
0.024894731585521877,Low
0.16926889971094858,Medium
0.037123275472922976,Low
0.32812737854650914,High
0.1487677729384173,Low
0.09314846060662364,Low
0.21840111493393047,Medium
0.09794888807981272,Low
0.17860056324608076,Medium
0.23269628653001284,Medium
0.03171080741641718,Low
0.0975074732446565,Low
0.1488032716027514,Low
0.15451744869262254,Low
0.03462972527902119,Low
0.16820533864400555,Medium
0.13689884138352437,Low
0.2651180460951031,Medium
0.09779363687469418,Low
0.3568137475630992,High
0.07051368800711849,Low
0.09460385012149047,Low
0.05013524324197939,Low
0.16152112925588838,Low
0.7395430356079702,High
0.1895117832029687,Medium
0.17858400132991814,Medium
0.14925892068675511,Low
0.1553136247602117,Low
0.23270399419991264,Medium
0.17310334851870615,Medium
0.0921807738242847,Low
0.15967818594508362,Low
0.11737969863350885,Low
0.13513972356518736,Low
0.059289135250544085,Low
0.11440973691030866,Low
0.1912749761933076,Medium
0.2762695480111603,Medium
0.1392031543779125,Low
0.1651736171414811,Low
0.17928427793518523,Medium
0.7082514452357429,High
0.05999835390088138,Low
0.15854681787239103,Low
0.05738006257077819,Low
0.10917938708877395,Low
0.14726148253908644,Low
0.1044180780701094,Low
0.14394048199466664,Low
0.09045446228305135,Low
0.47642575901934264,High
0.08734769565690308,Low
0.13211943039609608,Low
0.46436470392082313,High
0.1660241708497761,Low
0.07703470010232073,Low
0.37490012849425547,High
0.03308897021588791,Low
0.015441319052614741,Low
0.07579195178818036,Low
0.06239801473582774,Low
0.22035570499698687,Medium
0.1734732841978876,Medium
0.062005541973511796,Low
0.16110222867257815,Low
0.09659949853883111,Low
0.41311354518199545,High
0.1593591532934505,Low
0.04047537307440068,Low
0.06892769587902652,Low
0.16758485996750608,Medium
0.2095237288500145,Medium
0.492831705603781,High
0.05451799096479844,Low
0.11385791656805376,Low
0.21626714543784042,Medium
0.13925023357359628,Low
0.06675990830070463,Low
0.21338044887250054,Medium
0.12827168300887737,Low
0.027494379385668833,Low
0.11718782729595867,Low
0.18371952404704806,Medium
0.36224019163650767,High
0.10205285918568856,Low
0.271799084978905,Medium
0.3525385082811221,High
0.6464221134443723,High
0.12563128267721366,Low
0.12885247627135446,Low
0.13063619627506412,Low
0.16300502698248748,Low
0.12929815480597745,Low
0.11145949199928677,Low
0.2547346355884464,Medium
0.385017584297764,High
0.18912216194366127,Medium
0.174100355602253,Medium
0.12783881661148086,Low
0.07948366704391333,Low
0.3344107234183218,High
0.18674587423191297,Medium
0.14750599719087595,Low
0.05704812080184274,Low
0.4957669894954315,High
0.175315961281565,Medium
0.17779593272646518,Medium
0.4653364126753576,High
0.19046211500971405,Medium
0.07986665263613023,Low
0.608055311072986,High
0.0869735658910551,Low
0.22072431949193805,Medium
0.09858216453613841,Low
0.4258751530254509,High
0.060705609821890855,Low
0.18212779890205302,Medium
0.13194927017361036,Low
0.09057097044160071,Low
0.13237698429104264,Low
0.4104982721413177,High
0.435840578467034,High
0.06519011471835284,Low
0.05069338945559838,Low
0.11373139389135381,Low
0.14346441627000855,Low
0.04109070287575685,Low
0.17181362354258609,Medium
0.19583940828002905,Medium
0.09731825398334948,Low
0.12310043606083333,Low
0.10999388139923597,Low
0.09322398219009218,Low
0.3971800006997721,High
0.27061071974925865,Medium
0.11101258870951473,Low
0.27989308563027715,Medium
0.06300736929745611,Low
0.17996061136605745,Medium
0.1446683150823908,Low
0.015676878152308095,Low
0.3623739227402066,High
0.02930189663523755,Low
0.09287474300385269,Low
0.16859093843793804,Medium
0.09919803174101323,Low
0.12453730645142792,Low
0.16824856569578703,Medium
0.11327070737412441,Low
0.11645122291788002,Low
0.12252545326554923,Low
0.10958281819944142,Low
0.0662771563559809,Low
0.21009037434056915,Medium
0.418614666900907,High
0.04510515413483551,Low
0.11878676809374684,Low
0.029543761739073856,Low
0.19102004964970784,Medium
0.04142596287411007,Low
0.1667311854746729,Medium
0.2204620261884249,Medium
0.2586784156615669,Medium
0.08915359231371264,Low
0.06363118400480233,Low
0.446470163616108,High
0.016450289567234693,Low
0.030560307986431442,Low
0.10081029997315213,Low
0.13289915139383657,Low
0.0879824183124758,Low
0.2069530393310901,Medium
0.1414983565127331,Low
0.10178308907259646,Low
0.15591047704512723,Low
0.22919319319057277,Medium
0.04377739650946556,Low
0.13017554137862047,Low
0.135143997333524,Low
0.31375995923754263,Medium
0.20403705952737733,Medium
0.39222237653885905,High
0.4285938477122947,High
0.15944507710082853,Low
0.12124551646024671,Low
0.4816107233753148,High
0.38579085344133146,High
0.051888398150633556,Low
0.3564404048428539,High
0.1897404791530988,Medium
0.05404341214754317,Low
0.13398398832829064,Low
0.06824030504245542,Low
0.2829787509555312,Medium
0.06462414943129009,Low
0.12867597660753333,Low
0.12173795041313352,Low
0.5919271817137981,High
0.05939568194426282,Low
0.06515080107531672,Low
0.13174155882126246,Low
0.6637326317342864,High
0.052940767442301084,Low
0.03610234787415609,Low
0.11565235533108208,Low
0.1489818142825558,Low
0.11344243814007264,Low
0.0734974191166392,Low
0.1683014279053269,Medium
0.18571533134077955,Medium
0.06536620161408181,Low
0.1440254139094526,Low
0.3395003140703532,High
0.27962361934180274,Medium
0.17239206179899505,Medium
0.11923021115181148,Low
0.07759214812904837,Low
0.1373472867917577,Low
0.2929159956771374,Medium
0.6189675286352968,High
0.12332233639370294,Low
0.11250988239656878,Low
0.334906796853464,High
0.12305693861583186,Low
0.10367305521496807,Low
0.07591237517735236,Low
0.23089121127990822,Medium
0.08510229790387507,Low
0.1706489111474557,Medium
0.17120441121400942,Medium
0.21981966403934072,Medium
0.15219554782282194,Low
0.14329043638733716,Low
0.12767290340023918,Low
0.08711699782697022,Low
0.03120485769267411,Low
0.0787334559968297,Low
0.043373140862099265,Low
0.1814580739129556,Medium
0.05972497273469581,Low
0.05074785067314476,Low
0.1736404962167015,Medium
0.29935639882154963,Medium
0.09530773173390865,Low
0.0821123166890994,Low
0.14245041624586122,Low
0.24360163701745788,Medium
0.5888115993033729,High
0.36117362203073794,High
0.15249918382934424,Low
0.2377069932248559,Medium
0.1352678423645032,Low
0.3622003466909817,High
0.26522063227329623,Medium
0.11594212827764756,Low
0.19312890671195332,Medium
0.08603739132966202,Low
0.14693896011740487,Low
0.14024564489194566,Low
0.03594071343139187,Low
0.23580436440009886,Medium
0.39352474261979375,High
0.07944486690656265,Low
0.2121926477871222,Medium
0.5492339252002375,High
0.16438420134543766,Low
0.2683440969997523,Medium
0.18016698590627803,Medium
0.05269180359933347,Low
0.11495137637874622,Low
0.1585810245153842,Low
0.1968447946593941,Medium
0.11877897020560853,Low
0.07654583704076125,Low
0.19334422572588045,Medium
0.23475732891085405,Medium
0.21343082902041238,Medium
0.1755658927848145,Medium
0.14711670001333205,Low
0.16048251430858224,Low
0.18749675459403412,Medium
0.1115744632027439,Low
0.317969615017082,Medium
0.038468659072972616,Low
0.16892094279544553,Medium
0.11455439641177917,Low
0.19218920829949462,Medium
0.25385217767615614,Medium
0.17470307895527473,Medium
0.21308620445728646,Medium
0.5442600678456011,High
0.5116065386253997,High
0.08092961382722112,Low
0.4349146168630949,High
0.15738063718761644,Low
0.118463650733003,Low
0.1097280639427677,Low
0.45245258184391657,High
0.15981384520416464,Low
0.053283491881703324,Low
0.20279457296326625,Medium
0.4042063256261812,High
0.15664251216945235,Low
0.06462044104176086,Low
0.20482894868256052,Medium
0.20079745743002833,Medium
0.1114985597085351,Low
0.6704174143535171,High
0.22263598340452945,Medium
0.3928185878629537,High
0.20592731177912335,Medium
0.051119147872038626,Low
0.13348488384953977,Low
0.6875895780680348,High
0.11378979525833005,Low
0.1790980479766312,Medium
0.10483278515595694,Low
0.39055179915631666,High
0.7662032612903324,High
0.1862358836615329,Medium
0.13477003768461926,Low
0.23311930585334378,Medium
0.18386189018794913,Medium
0.39621822658882727,High
0.208246497829146,Medium
0.47617671236219006,High
0.23100904294139937,Medium
0.2439024287107178,Medium
0.13011983485327006,Low
0.1774110897220189,Medium
0.06416482946229415,Low
0.49875471487402195,High
0.17204829617889278,Medium
0.19668878985952767,Medium
0.06078394127044824,Low
0.02765750472884145,Low
0.19140827321036413,Medium
0.5780561110982736,High
0.11641350806085979,Low
0.21472862043292307,Medium
0.3512756925550601,High
0.22866441193309114,Medium
0.5981244212295939,High
0.18248471564959592,Medium
0.07668391338106699,Low
0.2398970920508622,Medium
0.3811319538287138,High
0.33613365666679007,High
0.04012432564820209,Low
0.05356161867050093,Low
0.09415473658740431,Low
0.13483131375256405,Low
0.06987575775820586,Low
0.031307369729627006,Low
0.08152866144272673,Low
0.08164044242842418,Low
0.05401287938945581,Low
0.16671827129293917,Medium
0.19694214802652188,Medium
0.1057067396381061,Low
0.183501728816062,Medium
0.5783449882695845,High
0.18452214051597157,Medium
0.6317378264834831,High
0.13498239034340556,Low
0.2127444105678841,Medium
0.20509728455401288,Medium
0.5388983057031571,High
0.25157530765589187,Medium
0.17161077289603785,Medium
0.17705453079960035,Medium
0.45966599882665493,High
0.1534321367803157,Low
0.18845059343217577,Medium
0.14217303758080435,Low
0.14452277301672387,Low
0.2610472855331735,Medium
0.11859062883076432,Low
0.3090364692855247,Medium
0.20397636378419406,Medium
0.1108664602257729,Low
0.15389932815436433,Low
0.19325920206871405,Medium
0.23181980128897048,Medium
0.061132047882199204,Low
0.3276872652496019,High
0.6898571866888397,High
0.20086477477352593,Medium
0.07433797103799235,Low
0.1565968427028047,Low
0.14024998781270231,Low
0.267405233969925,Medium
0.13124849203772426,Low
0.23305857588276024,Medium
0.5130093774862519,High
0.4880100220387254,High
0.05613012223679919,Low
0.15859048384432067,Low
0.1735620844290818,Medium
0.12331014397214442,Low
0.07506792306915629,Low
0.11341099033556341,Low
0.133163660790025,Low
0.24879716863442985,Medium
0.23770624923621977,Medium
0.4667805670681061,High
0.04172852859838406,Low
0.23247830717105059,Medium
0.22937252369590516,Medium
0.41926389814318554,High
0.20390016263457017,Medium
0.07700981384606854,Low
0.9449137329956006,High
0.1786777450687285,Medium
0.08771178072228675,Low
0.15853617664025216,Low
0.3691655424300365,High
0.13305501533590405,Low
0.3287767890734943,High
0.18558655555124587,Medium
0.4105488761969196,High
0.6988292337735966,High
0.35184639165326276,High
0.21939998777775316,Medium
0.2953350563426008,Medium
0.1768295969274228,Medium
0.6080363997417423,High
0.09528717814483581,Low
0.22386960037929649,Medium
0.23585253412016724,Medium
0.21136096175104432,Medium
0.21202253069636376,Medium
0.12372624866613716,Low
0.24629055391399995,Medium
0.34742589430643656,High
0.16354663477825815,Low
0.131126448406828,Low
0.16175308140708416,Low
0.31266785791098795,Medium
0.2596519252744903,Medium
0.39223741331694717,High
0.11279166584184172,Low
0.5074113117055807,High
0.19602269594423247,Medium
0.213546375716757,Medium
0.16307279895175508,Low
0.30176593515878863,Medium
0.7130733815371286,High
0.16059821234202987,Low
0.16603808159867972,Low
0.5920129359739335,High
0.16859145560859992,Medium
0.22186642659769767,Medium
0.20734690460960464,Medium
0.47057441265579597,High
0.13394026001863374,Low
0.434640045755733,High
0.37386288471136675,High
0.6261865159601654,High
0.17323623096962892,Medium
0.09836031746597168,Low
0.1993859381493946,Medium
0.392109463756105,High
0.236417510043749,Medium
0.2898082953789577,Medium
0.4237416434052178,High
0.24212896354120647,Medium
0.11624895943210534,Low
0.18445720915622985,Medium
0.22496744448245476,Medium
0.9000968207819275,High
0.08378300112565924,Low
0.2706625784804736,Medium
0.13601999688361285,Low
0.24001898907983782,Medium
0.23420580945074393,Medium
0.17178470804979712,Medium
0.17110306698687794,Medium
0.18763822908399136,Medium
0.14216710429946328,Low
0.27340016268337825,Medium
0.09781125211173605,Low
0.17665056510798124,Medium
0.12553796117609892,Low
0.028132442384303086,Low
0.1836313243269283,Medium
0.3721309694479437,High
0.4715517456603464,High
0.21039660974743765,Medium
0.22346031661092844,Medium
0.2640519148180665,Medium
0.39311142705355306,High
0.39160717731895334,High
0.4967016182877277,High
0.4006913977974943,High
0.24797461272421256,Medium
0.5995112171518888,High
0.1681730045841321,Medium
0.3926374085517629,High
0.08248614962224073,Low
0.15845883793689441,Low
0.21817498712859285,Medium
0.1349146374539362,Low
0.25824083275256704,Medium
0.22831902878145524,Medium
0.1595346156537307,Low
0.18457875581845173,Medium
0.15436972946634395,Low
0.3982969548095305,High
0.6512351929982431,High
0.057117475890966676,Low
0.1557207621770711,Low
0.09638442084830334,Low
0.43860189649353304,High
0.20203924582249239,Medium
0.0772735090714734,Low
0.07182325214974578,Low
0.37937843957690615,High
0.14416230472270664,Low
0.6553164827441005,High
0.18525334193264076,Medium
0.22381140752351497,Medium
0.38750185307307533,High
0.09347114539594815,Low
0.2227568746106611,Medium
0.1976352724626648,Medium
0.46172840412088684,High
0.19828661542582557,Medium
0.1015239784713296,Low
0.13208205692643732,Low
0.2128132082610181,Medium
0.10378904949021771,Low
0.13802606821168234,Low
0.10446689824182194,Low
0.1572158022501757,Low
0.3894093443996873,High
0.19811180401982623,Medium
0.1908396731190875,Medium
0.2148894109597786,Medium
0.10859615731555622,Low
0.3746828439716299,High
0.11392099422152092,Low
0.12992551589506462,Low
0.45472753368487984,High
0.1493341223276163,Low
0.5722935247971508,High
0.15948651068889771,Low
0.15714544821816698,Low
0.3162246104472436,Medium
0.13705391014172613,Low
0.3095360613084689,Medium
0.10863009584233416,Low
0.13631255690482139,Low
0.5806337892004907,High
0.08249168129671469,Low
0.03674970768661107,Low
0.4217514044579404,High
0.0692643218821422,Low
0.0681622972322331,Low
0.17159409218221813,Medium
0.09477458995824863,Low
0.16616674259966088,Low
0.05390824106587835,Low
0.1178654401612317,Low
0.4596099846100136,High
0.20824605925402204,Medium
0.1291269521134855,Low
0.1408895642754824,Low
0.2338639051952979,Medium
0.36520682032605317,High
0.13663924511138323,Low
0.44967661111475915,High
0.16631683430192257,Low
0.18862033849993054,Medium
0.23190448281877835,Medium
0.15613385204904215,Low
0.10256046187290287,Low
0.08183599959336153,Low
0.2585929516104973,Medium
0.13515499927125782,Low
0.5816548526756882,High
0.7316499014197296,High
0.17693828028536607,Medium
0.16906066443847323,Medium
0.08942683063918695,Low
0.10944875942711424,Low
0.5317825669133428,High
0.11207908936092544,Low
0.4192071559030125,High
0.11935848518339551,Low
0.09592650861098972,Low
0.7443176140335975,High
0.45066969758738323,High
0.08022787867071682,Low
0.04008000014370137,Low
0.09466218072004286,Low
0.2908422431873964,Medium
0.13212418510652404,Low
0.12526194126150553,Low
0.36276124595412423,High
0.09551044441148762,Low
0.1029883887372255,Low
0.11158442407431259,Low
0.034602983092222414,Low
0.21075149049588265,Medium
0.17084705092757654,Medium
0.19451715175559023,Medium
0.11973976113430082,Low
0.8890486595920619,High
0.2433659739199657,Medium
0.6923489173091455,High
0.17805762049269097,Medium
0.11982235466867525,Low
0.09419535429793818,Low
0.08022145108237179,Low
0.17593105180733143,Medium
0.13288807316089188,Low
0.19465955449590217,Medium
0.16416021825243024,Low
0.17305756686624443,Medium
0.13205571558119106,Low
0.27656248892132584,Medium
0.273750340984819,Medium
0.1195347863072888,Low
0.15498042064543555,Low
0.38261714326662216,High
0.061029075726732315,Low
0.05814578963459866,Low
0.1410536228274315,Low
0.20708362749552325,Medium
0.2049765225808445,Medium
0.15777453722988233,Low
0.044868110496024724,Low
0.6663479422116398,High
0.1652608400333038,Low
0.08020361358336946,Low
0.25020623777654166,Medium
0.1320151798288934,Low
0.13234011131244156,Low
0.15713392635557616,Low
0.16160106364046772,Low
0.01609884266220748,Low
0.17920082000813578,Medium
0.03866729241256467,Low
0.41376118052604804,High
0.07727732289750366,Low
0.1873529360378624,Medium
0.2735111350547177,Medium
0.09036451826308756,Low
0.03186059405190015,Low
0.09352476061667418,Low
0.1971891659970659,Medium
0.5681873051399894,High
0.4948780871330539,High
0.16583439404585387,Low
0.5745028982520527,High
0.5454851166136254,High
0.020496855361236285,Low
0.3243439324815844,Medium
0.11139146751651949,Low
0.4735025690050564,High
0.2133751218168317,Medium
0.26493841534341667,Medium
0.12492900251305122,Low
0.10925704402870177,Low
0.5995930741870341,High
0.1250450455571286,Low
0.0966640310705609,Low
0.1520200945302658,Low
0.19442007826445423,Medium
0.21594903609155258,Medium
0.16672947347604022,Medium
0.4774209212808991,High
0.07941762510750039,Low
0.10822409480603838,Low
0.15159136415685395,Low
0.1071682821638891,Low
0.5403452665191177,High
0.040972734543099555,Low
0.07649913439592615,Low
0.22790423136672,Medium
0.13554282929715364,Low
0.10513358256950837,Low
0.2659762449603267,Medium
0.11228224592726169,Low
0.09953227729758424,Low
0.3345185301302778,High
0.7737687909334954,High
0.0461133753558076,Low
0.1342435714822207,Low
0.42737756567712926,High
0.09245199566369848,Low
0.04348656107103996,Low
0.04057193004637122,Low
0.07433127633120687,Low
0.08227212568763669,Low
0.5969147242490134,High
0.06904183991518174,Low
0.08735745990422841,Low
0.6320068368391123,High
0.24951403624738633,Medium
0.313146372952399,Medium
0.2251530532066232,Medium
0.28508129423623896,Medium
0.29080557727333406,Medium
0.13832963684236174,Low
0.146589584130304,Low
0.1929115787549461,Medium
0.23979244282809883,Medium
0.1755277277308211,Medium
0.1654728455515344,Low
0.07662798675455687,Low
0.1427176299313331,Low
0.140391017255442,Low
0.1917753977843167,Medium
0.10228809527997909,Low
0.1156362836528726,Low
0.5790525463854255,High
0.16194424402138188,Low
0.18293515619435463,Medium
0.28336367299766413,Medium
0.7042683927958481,High
0.06541134872870372,Low
0.4547998662183031,High
0.26338228757218507,Medium
0.2636053017346578,Medium
0.3192086177324656,Medium
0.1606015365363374,Low
0.12145946508870092,Low
0.21723511577968183,Medium
0.1332679586024656,Low
0.13865511188011342,Low
0.4873529296256105,High
0.07029549837989486,Low
0.20351987927720644,Medium
0.36136585584048575,High
0.4802302962945581,High
0.21561333815754422,Medium
0.05621800153157328,Low
0.12589071709271296,Low
0.1542826816080718,Low
0.2591667944722956,Medium
0.151350925680847,Low
0.40422835875760726,High
0.11316829935901059,Low
0.12900540942933375,Low
0.11014381306826003,Low
0.04415414005300512,Low
0.1540369247083747,Low
0.6010413089977639,High
0.44434224524751625,High
0.07911939169385342,Low
0.13961276640390885,Low
0.4350688752103782,High
0.6039089717280383,High
0.18319599381858395,Medium
0.0911210495542147,Low
0.023765455285619748,Low
0.4359674580518243,High
0.1011020612762759,Low
0.2217831065578145,Medium
0.05339373514439776,Low
0.2423627457016384,Medium
0.12125845472019472,Low
0.15609249909860856,Low
0.22231382559170193,Medium
0.15443415193579488,Low
0.17479914681290917,Medium
0.056777570741695677,Low
0.02696918121239596,Low
0.05777748814372007,Low
0.19061143147368914,Medium
0.1311155235895944,Low
0.2122734997549323,Medium
0.16808880432577858,Medium
0.17738574172717184,Medium
0.10470617951838923,Low
0.32743558661290295,High
0.20815825715519184,Medium
0.11868838941480142,Low
0.10256604716009389,Low
0.1700400893206911,Medium
0.2548769339100756,Medium
0.08768454355748476,Low
0.1426087941893735,Low
0.9417196253580222,High
0.090174541772821,Low
0.24000366444318638,Medium
0.14609278680456206,Low
0.12789398346691658,Low
0.0562075366427847,Low
0.08116587620105058,Low
0.18990697806425072,Medium
0.03218926259183243,Low
0.1962549170751542,Medium
0.035331247701873125,Low
0.08901341843412709,Low
0.17031143666757326,Medium
0.17978315020555458,Medium
0.13310067751545762,Low
0.4414370983765217,High
0.038262142284258296,Low
0.030872378218204644,Low
0.5424314457793256,High
0.13212231933036178,Low
0.14743931224021178,Low
0.04251395912548095,Low
0.190766798839662,Medium
0.2149658452944674,Medium
0.20499774568531726,Medium
0.1276969731787445,Low
0.22283077143847027,Medium
0.5080103283356764,High
0.22987490631691718,Medium
0.06304055695481635,Low
0.25399393377310886,Medium
0.09024758313162401,Low
0.5640468238874884,High
0.10903857687875564,Low
0.15362575007233562,Low
0.30516897392677966,Medium
0.10683691176202702,Low
0.10692311668775559,Low
0.11508578222026206,Low
0.19826337117256793,Medium
0.21904273075947067,Medium
0.07482577247767998,Low
0.372935677873066,High
0.22023733490471709,Medium
0.12197154708152932,Low
0.20364351441786097,Medium
0.33411659814038536,High
0.0628062316119256,Low
0.10545003118658938,Low
0.8674448466604137,High
0.26110082652879196,Medium
0.08577816881383284,Low
0.11490653384730369,Low
0.13913259628717062,Low
0.1667279170107001,Medium
0.03276560048417314,Low
0.3850873942470249,High
0.1854543708900241,Medium
0.09261026736779333,Low
0.1928345671077804,Medium
0.027886758156576832,Low
0.07121497520242118,Low
0.0664368431023328,Low
0.16284229074999582,Low
0.1645113187198476,Low
0.24355090398754675,Medium
0.15032210173098506,Low
0.04619661554462197,Low
0.35202537979188236,High
0.32761752945864153,High
0.5452146000565719,High
0.26410754151669885,Medium
0.06921348323668439,Low
0.08850871828199472,Low
0.2670941560791727,Medium
0.6343847880425753,High
0.07726728972141383,Low
0.24279236764636333,Medium
0.47390509558066224,High
0.25787191270638693,Medium
0.19005799514199348,Medium
0.13295521289820775,Low
0.2417830439918052,Medium
0.3672628138108004,High
0.087264961266784,Low
0.1306636727589654,Low
0.2993503008220951,Medium
0.037761793282708796,Low
0.40522009851286483,High
0.17684935042503677,Medium
0.5704648502621498,High
0.0942523279511772,Low
0.18967454952650165,Medium
0.8851328830564079,High
0.05997217144558268,Low
0.03913222898940819,Low
0.15566657965909425,Low
0.17786817447155898,Medium
0.05275171954804268,Low
0.5115287879143785,High
0.17798536853216762,Medium
0.12845811399923576,Low
0.029633405976432013,Low
0.15027990723846407,Low
0.61169223167401,High
0.08081741247885889,Low
0.38823726218121496,High
0.25005916453201765,Medium
0.06516158530065265,Low
0.3703990212343432,High
0.3036382270517007,Medium
0.17165107593991602,Medium
0.2905037859508072,Medium
0.3501547923466415,High
0.14961889083522184,Low
0.20199161783480243,Medium
0.10391041715936163,Low
0.047779450936096354,Low
0.14363314610693118,Low
0.08248654454934995,Low
0.39433114505508515,High
0.17418587599076812,Medium
0.07880530392482145,Low
0.15767820053163792,Low
0.11404122754592118,Low
0.07780361511079775,Low
0.23042062579926165,Medium
0.2947881461593751,Medium
0.1342887409005506,Low
0.138499384783856,Low
0.21635938479832265,Medium
0.19839627533123014,Medium
0.36873917029623426,High
0.6524062908569342,High
0.026602972021222648,Low
0.17655900500247254,Medium
0.1578198175692273,Low
0.420628218888674,High
0.33873667865441004,High
0.11374392269904443,Low
0.08695383863066973,Low
0.18814344453210688,Medium
0.19147852264805373,Medium
0.3173322766591616,Medium
0.5545354338050945,High
0.15319024087658378,Low
0.27828644219401866,Medium
0.0920677011046968,Low
0.17316428326762479,Medium
0.061325951736098984,Low
0.07678370816676963,Low
0.23341178844020938,Medium
0.0964366684770256,Low
0.1309190911911202,Low
0.1689829476488285,Medium
0.09884990411925441,Low
0.1506578998955724,Low
0.04655234425438043,Low
0.7624631995024295,High
0.20272160592380867,Medium
0.11737537145499281,Low
0.6262760169779649,High
0.06391295931766983,Low
0.06654992128109855,Low
0.12717753852946242,Low
0.1322369341392214,Low
0.04934056794322055,Low
0.15510654374471566,Low
0.08155894821278015,Low
0.11167025556667967,Low
0.14110617256954028,Low
0.583766495108724,High
0.3462661040148098,High
0.3951945543228025,High
0.1363926513827277,Low
0.0511577324004919,Low
0.7636982207106107,High
0.044490074778990245,Low
0.9900637174322686,High
0.6480398802721866,High
0.2867652059279032,Medium
0.22480191269901986,Medium
0.8995842737031929,High
0.17891873210261275,Medium
0.17309353704882358,Medium
0.9143777213551186,High
0.24854511174663066,Medium
0.2916684310381088,Medium
0.46829766840983084,High
0.25795257603806937,Medium
0.28471299300653724,Medium
0.11997816272903462,Low
0.17840018678505373,Medium
0.16367911687316417,Low
0.13050778446706507,Low
0.15328957623009984,Low
0.21317821799258055,Medium
0.11793833059955657,Low
0.40571822679354,High
0.03776014582871938,Low
0.5166950858012124,High
0.2439307766738183,Medium
0.032656032435792196,Low
0.23776705715195673,Medium
0.12460454928931208,Low
0.13679709464000442,Low
0.30934830094514665,Medium
0.19990022618726636,Medium
0.061671217441850036,Low
0.08545904208662983,Low
0.13641148373832127,Low
0.3374459426609955,High
0.2533626024440406,Medium
0.13444055407088457,Low
0.8699910937206923,High
0.23692113065803563,Medium
0.11334834076799742,Low
0.5921304224922906,High
0.2355101010044951,Medium
0.06831086257554031,Low
0.4238568155209256,High
0.15458907876213496,Low
0.18879116877089383,Medium
0.07591071745983594,Low
0.17146911752150296,Medium
0.29413609944711605,Medium
0.1645091392941172,Low
0.20098546888747001,Medium
0.19950781512619292,Medium
0.1902714799143072,Medium
0.21018707967853628,Medium
0.30857954260521914,Medium
0.1388483288637595,Low
0.5766695640058955,High
0.16171563420412233,Low
0.46508483529034733,High
0.6830972255476693,High
0.07558043952759827,Low
0.6175502563492148,High
0.5363935341646543,High
0.18744541423611966,Medium
0.14210932528066775,Low
0.2002844726450115,Medium
0.37006834870221744,High
0.3697599863979563,High
0.11797548136518275,Low
0.19543006424754455,Medium
0.24059203474659652,Medium
0.03045708196724047,Low
0.10374049954819926,Low
0.7970976591475463,High
0.2989646640685381,Medium
0.4889450397117893,High
0.017150199174649505,Low
0.18208678250089871,Medium
0.06842512296940921,Low
0.08040818566139678,Low
0.4954517135420434,High
0.19487385620221398,Medium
0.054276421000995084,Low
0.19765493475727844,Medium
0.06341223550522183,Low
0.17491818738392123,Medium
0.4798970939224302,High
0.21725553268469097,Medium
0.12378465963162893,Low
0.2304937589713825,Medium
0.1817860017236018,Medium
0.5251477044127472,High
0.08247207027832894,Low
0.12857534579791974,Low
0.34404518241789483,High
0.15453923548887238,Low
0.10755812224653623,Low
0.26101836012483914,Medium
0.24057128279407664,Medium
0.6762743210146697,High
0.12177191211200528,Low
0.0542844109699951,Low
0.1348372164009436,Low
0.09337486325355128,Low
0.6406364184628224,High
0.18330559131595928,Medium
0.7555087825601354,High
0.8143127064264893,High
0.25228798509170464,Medium
0.0864080233912531,Low
0.12618664739481,Low
0.07243315427729224,Low
0.6723572882742902,High
0.10631140095046115,Low
0.10163690882446735,Low
0.011710349485497505,Low
0.04252740169102276,Low
0.04856883599943518,Low
0.13989551752671395,Low
0.23336434701344086,Medium
0.07132814911546206,Low
0.6300779409732998,High
0.5627842382825374,High
0.0627065784425946,Low
0.24557271265310882,Medium
0.15757780102247626,Low
0.42092843718209183,High
0.20615023128172033,Medium
0.1227688818563257,Low
0.15295046107266844,Low
0.09639365493720735,Low
0.34440823820114513,High
0.08551152806161501,Low
0.10114267366164383,Low
0.04839211960460897,Low
0.2282944222899175,Medium
0.2429749148183629,Medium
0.020166569272273786,Low
0.23477616578949317,Medium
0.26195408687783384,Medium
0.4414370983765217,High
0.24630031518864162,Medium
0.24171420872809563,Medium
0.4011778910080006,High
0.033778913354578714,Low
0.1723998106096326,Medium
0.173129115080364,Medium
0.0910388231682594,Low
0.13077213934523377,Low
0.027266606784173333,Low
0.1500251666229416,Low
0.17664068137809963,Medium
0.30599835884102156,Medium
0.6172468050501407,High
0.15259794372603852,Low
0.2788753116409657,Medium
0.26084602981096416,Medium
0.08852863572220143,Low
0.08860466695001959,Low
0.2619545508118687,Medium
0.1525469414360106,Low
0.1287958971321874,Low
0.21669783051031924,Medium
0.11712783664308299,Low
0.13465293866052863,Low
0.3825477207231244,High
0.21838587442238913,Medium
0.040039436723103006,Low
0.2538038358279599,Medium
0.0806247077165093,Low
0.20608907378864189,Medium
0.11320115511655793,Low
0.25203311194904726,Medium
0.14180951186294022,Low
0.22456956971215347,Medium
0.09297432489858816,Low
0.035651259120010804,Low
0.17776838508238887,Medium
0.273558548510624,Medium
0.12596591616156605,Low
0.09911077389624176,Low
0.5393096722097865,High
0.12865993162722153,Low
0.062334741523365045,Low
0.34009145091835696,High
0.17681720349871474,Medium
0.09074086701711265,Low
0.19085287867242626,Medium
0.08996738413266106,Low
0.14498500808756298,Low
0.04990946773365004,Low
0.18798566106978246,Medium
0.3000771265442893,Medium
0.05878174683025731,Low
0.12867587953457474,Low
0.15475693577450628,Low
0.11328544032771358,Low
0.3004645339443651,Medium
0.4162893949953408,High
0.35910779976316937,High
0.1365246811333341,Low
0.07729991050167911,Low
0.1222135524254103,Low
0.19807226729539792,Medium
0.12189902343223245,Low
0.3671378236605623,High
0.2256722857370074,Medium
0.21297378569137213,Medium
0.1932792574335676,Medium
0.261152620582968,Medium
0.2762514415914333,Medium
0.11224220113803582,Low
0.5368018461095131,High
0.41775621666154383,High
0.06065674872853415,Low
0.055510379216798314,Low
0.01724812982343288,Low
0.3784869652837722,High
0.11012716985502273,Low
0.2641684439722972,Medium
0.11073852494261101,Low
0.205697703139576,Medium
0.09907418524839665,Low
0.11690708306089528,Low
0.21393446317822723,Medium
0.13920746561711983,Low
0.07101667654090109,Low
0.18275348593764862,Medium
0.1187958824906925,Low
0.47624626831936134,High
0.19772208901141294,Medium
0.33185866979630957,High
0.10856636304958876,Low
0.3097983147838355,Medium
0.19801530834118997,Medium
0.04804667618584908,Low
0.019758282757797143,Low
0.16362205933651566,Low
0.420395683311843,High
0.1743832981412093,Medium
0.14873435915334407,Low
0.4193510632239769,High
0.22751293332486205,Medium
0.0959391854329888,Low
0.11873688195016224,Low
0.18613277179811294,Medium
0.10650943306216405,Low
0.25183261320075995,Medium
0.11925369581449663,Low
0.1798378700355913,Medium
0.302417807515329,Medium
0.27417266453818584,Medium
0.09107835280277173,Low
0.08853669656471132,Low
0.18288265643782195,Medium
0.08596788088296815,Low
0.06619458171504891,Low
0.10771122551335562,Low
0.314595191827559,Medium
0.1283209882350488,Low
0.14284036799675454,Low
0.2038853665681656,Medium
0.050518995601314565,Low
0.11320861904474101,Low
0.18802471665239426,Medium
0.13805926592306342,Low
0.20661611477783465,Medium
0.08866770397565281,Low
0.2609276979441074,Medium
0.1590772678272483,Low
0.1253197348623549,Low
0.16595973412190976,Low
0.5895676210220089,High
0.21257861645170162,Medium
0.2330213634052389,Medium
0.25307756017055816,Medium
0.12163759795199176,Low
0.3944107534190951,High
0.13335902109979886,Low
0.22828007841682038,Medium
0.0994871851219775,Low
0.24448124584874178,Medium
0.117019482755043,Low
0.017690923552889287,Low
0.4526253086226829,High
0.1945530041067702,Medium
0.4649915920922599,High
0.42721503079871276,High
0.12295462409412031,Low
0.10178112790512928,Low
0.17477842374871214,Medium
0.168998251184562,Medium
0.06811824712750857,Low
0.476959413126519,High
0.28516609453455616,Medium
0.0726079710355803,Low
0.13386873458702,Low
0.21004799872304866,Medium
0.6073598924926018,High
0.4030254203521034,High
0.13998744277028521,Low
0.15666076213999383,Low
0.4662278863359095,High
0.6603467314833568,High
0.04286799111796897,Low
0.12838018376739013,Low
0.12972816641691517,Low
0.06457450315340596,Low
0.5474111224214679,High
0.1845765291108833,Medium
0.33291601307697527,High
0.19307085569412144,Medium
0.4657539955638128,High
0.1656471725056414,Low
0.23139487863889685,Medium
0.5179270214830598,High
0.10488572867426854,Low
0.07091979256035469,Low
0.6474898675472888,High
0.13308352384564362,Low
0.24820440150595366,Medium
0.37275873423119205,High
0.3037542214323987,Medium
0.07394030409189947,Low
0.07447364080813959,Low
0.020388798867012482,Low
0.1439803539956139,Low
0.4739421417052533,High
0.5267853699684109,High
0.6036013720687226,High
0.534705178806468,High
0.2924538299841625,Medium
0.17690107579266945,Medium
0.22695572615177909,Medium
0.16025468601932338,Low
0.24249839302818768,Medium
0.05516800478195596,Low
0.21617165116007409,Medium
0.24531069435132918,Medium
0.3546675416842303,High
0.16718464731475932,Medium
0.24800552695268988,Medium
0.2519791076723004,Medium
0.21766774733284,Medium
0.8534453587165607,High
0.26435082103063556,Medium
0.10144346694309311,Low
0.3828992036493714,High
0.2487829334064034,Medium
0.1650629079921122,Low
0.15145400589471172,Low
0.129859144194957,Low
0.20195299460817523,Medium
0.13442516122066064,Low
0.5210631997254479,High
0.9704960630357315,High
0.4141183256774036,High
0.0693723016379716,Low
0.06416509329922704,Low
0.04592316170741771,Low
0.14640976417918164,Low
0.2939952056929664,Medium
0.19077097340349453,Medium
0.07171527145097713,Low
0.11900375858151864,Low
0.17877648256824008,Medium
0.3347271060048034,High
0.27460435072203493,Medium
0.40343273388243067,High
0.17471790442970736,Medium
0.24379794466910543,Medium
0.502043741309025,High
0.18839919543198838,Medium
0.06713698741665255,Low
0.49564254783624007,High
0.174674596380652,Medium
0.17378203359640274,Medium
0.24318835619393453,Medium
0.5888919849008984,High
0.24248093724325445,Medium
0.9047728806587707,High
0.8964095823804101,High
0.2972577786795936,Medium
0.12225303368443419,Low
0.19862336370223752,Medium
0.10719174872358794,Low
0.15023205269822737,Low
0.25247348762808247,Medium
0.2565993369251597,Medium
0.5732569557356719,High
0.13621376189323983,Low
0.17415765970744346,Medium
0.42657455300957775,High
0.512368568570527,High
0.6255610368758355,High
0.420257865537631,High
0.1200983662424637,Low
0.13364603077666617,Low
0.3568079536816928,High
0.46575230571116555,High
0.0516520295693983,Low
0.6044294359671223,High
0.09993310497058049,Low
0.15902014484522306,Low
0.2264999159589009,Medium
0.13835549846843062,Low
0.23641586079109417,Medium
0.27729355243619047,Medium
0.13971635173922128,Low
0.036597474910901796,Low
0.4127784364384295,High
0.634435600994715,High
0.11640208565473693,Low
0.44392418744028633,High
0.09562869795203113,Low
0.2517986252439562,Medium
0.06377197820560117,Low
0.0811363800661412,Low
0.04973534498230122,Low
0.22019071920240119,Medium
0.08122676479566901,Low
0.11672789532078398,Low
0.39467262388118646,High
0.24100789513423354,Medium
0.6669094754019924,High
0.43267046670789194,High
0.744962272718224,High
0.19905362551678457,Medium
0.08889827780453174,Low
0.22611895624966327,Medium
0.4252309670281344,High
0.4133262084939745,High
0.20488571821185236,Medium
0.07908286506515028,Low
0.454933864694119,High
0.19169261531271692,Medium
0.4449782312310029,High
0.2184790119432726,Medium
0.21590903620215193,Medium
0.2312380457741339,Medium
0.2524731121027481,Medium
0.06365055384494692,Low
0.18309005577144966,Medium
0.12796215053058332,Low
0.44349669328769803,High
0.15033649491076892,Low
0.16581301754628203,Low
0.01452867327929634,Low
0.1445485283894949,Low
0.19887828983990644,Medium
0.17731324943161061,Medium
0.18979593538860545,Medium
0.13136450172135228,Low
0.11526186169082836,Low
0.14483178253098372,Low
0.04206686085748597,Low
0.20198800909806205,Medium
0.597651547819494,High
0.4840828785302369,High
0.11143204467875036,Low
0.5118314486046375,High
0.18163750477128543,Medium
0.3215533369717624,Medium
0.5529039524420697,High
0.21991762176833532,Medium
0.19439803625018945,Medium
0.09971102584773898,Low
0.06594564726822559,Low
0.467743480267807,High
0.20230528436849599,Medium
0.11681432111931549,Low
0.06770155226904452,Low
0.6507855966024412,High
0.17422723123393402,Medium
0.2096986377145347,Medium
0.646751418448345,High
0.49063694073992564,High
0.2734941769927313,Medium
0.19099804621461927,Medium
0.12126085284164091,Low
0.176980067667153,Medium
0.36106597514584265,High
0.22247303223302964,Medium
0.24906469510287166,Medium
0.18476017980934537,Medium
0.2153188556083068,Medium
0.1733848637662426,Medium
0.16396172756569763,Low
0.5692443214212648,High
0.166302960258722,Low
0.03819637665835654,Low
0.12915889718155713,Low
0.17084018027837572,Medium
0.10524921149776054,Low
0.1412146318945015,Low
0.5369713611793128,High
0.31449676743089555,Medium
0.28930793382918873,Medium
0.4372711004165687,High
0.3988721688367896,High
0.19290850651904393,Medium
0.16419559674824163,Low
0.3588412757263283,High
0.3704342231305834,High
0.5364643237207432,High
0.15336313679215519,Low
0.15709166755599363,Low
0.24608639606580454,Medium
0.3507072723622908,High
0.6532034895587,High
0.1393426625672171,Low
0.07647932517203034,Low
0.19883977975863978,Medium
0.2828432452390347,Medium
0.4181302498983302,High
0.3943902824206507,High
0.3256593039029804,High
0.17231963865782382,Medium
0.23975734878643054,Medium
0.17021532732985306,Medium
0.4039830403672336,High
0.10252533228850737,Low
0.1608302681253546,Low
0.11020973031243875,Low
0.11600959075253746,Low
0.14055511724514097,Low
0.2524823519454807,Medium
0.29771266209724795,Medium
0.37647328362385507,High
0.146520162260949,Low
0.24930355640147145,Medium
0.20252792678321296,Medium
0.24493551576765435,Medium
0.17088622755169816,Medium
0.22427279424307187,Medium
0.06785620451323811,Low
0.10386798028961121,Low
0.13002213802413215,Low
0.1892886728802656,Medium
0.18495874547317756,Medium
0.1479747109717793,Low
0.4922357195109988,High
0.17136061765756375,Medium
0.10716669057965045,Low
0.26484995343345447,Medium
0.2055684713266215,Medium
0.586507762614167,High
0.291947691739709,Medium
0.5449592675112662,High
0.4617864366137746,High
0.12157486383232714,Low
0.17903456999940429,Medium
0.11895095069024368,Low
0.18942335582793435,Medium
0.2084441554748742,Medium
0.1893687847253396,Medium
0.19028883364117424,Medium
0.053573816686054355,Low
0.21638245057188557,Medium
0.10615052122064796,Low
0.3552106469314666,High
0.16707743927448407,Medium
0.13730921402465518,Low
0.374141829951971,High
0.12062437643430043,Low
0.3531970193709062,High
0.12276080020621685,Low
0.3994650683061718,High
0.3862885125664182,High
0.32704918947412487,High
0.09633122437191279,Low
0.1405226996695301,Low
0.2574077055776298,Medium
0.17772636930214283,Medium
0.1520438469254299,Low
0.7560719595131723,High
0.23577318788984397,Medium
0.26435904176903824,Medium
0.39973287788469264,High
0.05885827581288883,Low
0.18368571911723805,Medium
0.4762558713652274,High
0.22361374784591556,Medium
0.15164443990039206,Low
0.09519143593012643,Low
0.1873745831750366,Medium
0.1769912043214323,Medium
0.568714613952614,High
0.20133064997441802,Medium
0.13296184463200225,Low
0.21624890980094436,Medium
0.18444438957092746,Medium
0.5678246606433126,High
0.25306846981087905,Medium
0.2282714818431469,Medium
0.10935400466697362,Low
0.14623720405488275,Low
0.14383203618698126,Low
0.05457574084767334,Low
0.3324001946001074,High
0.19756277834550556,Medium
0.2033078130848237,Medium
0.1506006652343109,Low
0.20005918486182156,Medium
0.48118295439099973,High
0.1389105116390563,Low
0.14629274575892318,Low
0.1928141615570142,Medium
0.18276256060233398,Medium
0.18889341158996287,Medium
0.11527717035347429,Low
0.3750329820920004,High
0.13552828072814319,Low
0.030359278927089495,Low
0.06522519718353674,Low
0.1403888784662512,Low
0.12314311957002241,Low
0.13372615398331775,Low
0.4868596893794198,High
0.1339686784407875,Low
0.25835455849336175,Medium
0.11777617413008096,Low
0.17232660521098173,Medium
0.212879659016911,Medium
0.10597882081512715,Low
0.14306789889636692,Low
0.06077365569749229,Low
0.19132228340920543,Medium
0.1910183405295038,Medium
0.11771860318634672,Low
0.08546335379598366,Low
0.18827136739720884,Medium
0.14183143487884567,Low
0.037907362486516744,Low
0.2017279029658961,Medium
0.5125495100106036,High
0.06155602285622148,Low
0.12869397645160893,Low
0.4172681528338188,High
0.048908915535714435,Low
0.14695629966427337,Low
0.0751166434717276,Low
0.11193729434347258,Low
0.14891926891854934,Low
0.5757545516192325,High
0.6160991575745237,High
0.3258971962883942,High
0.053640439992513105,Low
0.1549295066987389,Low
0.25099214297904643,Medium
0.17764629920586766,Medium
0.17732209422153367,Medium
0.06637698361116838,Low
0.039498653120036115,Low
0.44550499553449985,High
0.18645194173656887,Medium
0.05350036778251818,Low
0.32476041548089746,Medium
0.36680477087252966,High
0.07804080605723274,Low
0.11611283264006862,Low
0.0414963941142155,Low
0.12673009292481094,Low
0.07317708526558614,Low
0.036928427144914865,Low
0.3770784496083519,High
0.15497915340906643,Low
0.20251320630999703,Medium
0.39310740177843245,High
0.05940371985740211,Low
0.11392884211881611,Low
0.4453645341105737,High
0.10497968402252904,Low
0.020349529448015338,Low
0.2604374927556524,Medium
0.03276024855047972,Low
0.13354037641587732,Low
0.1159771465928733,Low
0.27806060363465684,Medium
0.11609004975864175,Low
0.140330527088286,Low
0.154793075770986,Low
0.20394959182059685,Medium
0.27754556548359094,Medium
0.310285981168702,Medium
0.24654098437989616,Medium
0.40674955382170264,High
0.30267620046939653,Medium
0.3839755595831642,High
0.03556685204447744,Low
0.5162012737597393,High
0.14252573908798,Low
0.23425531373483646,Medium
0.11652477320393609,Low
0.35948392215570957,High
0.3385612796995971,High
0.33180191359709943,High
0.3854227618971958,High
0.3207317790721886,Medium
0.16300049402133773,Low
0.030022095502029795,Low
0.1678922605515126,Medium
0.7570704736031816,High
0.4100821236410701,High
0.22636372103635763,Medium
0.15073813368686145,Low
0.12258607033539241,Low
0.08919100730633217,Low
0.4022616759965015,High
0.09466515726937787,Low
0.1794370170753639,Medium
0.24460408807956802,Medium
0.0519387606534741,Low
0.12079800178773335,Low
0.15780345629219686,Low
0.09606144718610643,Low
0.0236637737844351,Low
0.27206704655382163,Medium
0.06485337107828065,Low
0.1052504062603972,Low
0.33615601669680195,High
0.16738857973401436,Medium
0.016904795164095727,Low
0.4653975321064224,High
0.14622072526998434,Low
0.17583676117243127,Medium
0.11787062700109947,Low
0.10856345010247236,Low
0.4239392929834978,High
0.12108364130899213,Low
0.15020358709641948,Low
0.06130382483510454,Low
0.20190693840922733,Medium
0.47079669967634863,High
0.06245640085980094,Low
0.12551606315238917,Low
0.23896711447532182,Medium
0.13381439602848852,Low
0.10898607927238851,Low
0.1474748547653424,Low
0.10767433859611926,Low
0.08585104423866216,Low
0.13554707541650857,Low
0.22440631633567468,Medium
0.13585475054113608,Low
0.18265339777880898,Medium
0.04266233073396316,Low
0.1508930590513652,Low
0.0398118076322609,Low
0.2416937812401065,Medium
0.08381778924022541,Low
0.07011025611882661,Low
0.09646403076403685,Low
0.03025077919386502,Low
0.35245656830888017,High
0.1691971639314196,Medium
0.09271267095281627,Low
0.1318912694272896,Low
0.6972316450327073,High
0.17812328037248285,Medium
0.9448706482873817,High
0.11274674378297579,Low
0.11693078534756884,Low
0.1616810597845728,Low
0.3988095231293507,High
0.3633123127010275,High
0.09024078286432033,Low
0.492245733974826,High
0.08552140890694204,Low
0.18900937099102158,Medium
0.5084636776140093,High
0.17183628642291393,Medium
0.0564084954888858,Low
0.3588318233507043,High
0.6102780116582018,High
0.40940947676718215,High
0.17972322632679064,Medium
0.2831203088644499,Medium
0.09833765223094208,Low
0.05844381015100853,Low
0.2265750104343855,Medium
0.1288421489992929,Low
0.3499925713648356,High
0.11983965769103794,Low
0.31589559729732747,Medium
0.10125419742760093,Low
0.07829078651785092,Low
0.1349525667268046,Low
0.1395593215091255,Low
0.1274035345401178,Low
0.13027723611905329,Low
0.209472250808588,Medium
0.36743112160415947,High
0.13677987314454185,Low
0.0749906362639091,Low
0.2083653479241385,Medium
0.10535841731919438,Low
0.1652332425348702,Low
0.1761790577859778,Medium
0.10915039691580036,Low
0.39471634289905594,High
0.10539936350842298,Low
0.60228125036975,High
0.6755970946983341,High
0.12927534607085145,Low
0.08042414339018619,Low
0.3891966514942962,High
0.34307530526157903,High
0.13559500662647883,Low
0.10238489392130595,Low
0.11983353726965085,Low
0.33454506750077073,High
0.16226529379733723,Low
0.11341024820463529,Low
0.13024662680636778,Low
0.09955007065468303,Low
0.3089896444724948,Medium
0.056516650254578686,Low
0.10805779647033983,Low
0.07203846027482891,Low
0.1744886335676253,Medium
0.12710350027273923,Low
0.1203220495739365,Low
0.07775837428951761,Low
0.17950257983549484,Medium
0.02449385994314097,Low
0.1590863131441024,Low
0.15852750844915295,Low
0.2356647435450483,Medium
0.08003782059413861,Low
0.12661374867334105,Low
0.0593109469677009,Low
0.09896955139398764,Low
0.15408405462026442,Low
0.11295797328057518,Low
0.10147062096854073,Low
0.19641801935751077,Medium
0.026788749091205644,Low
0.27129800208741245,Medium
0.13243069970111135,Low
0.07301195990434942,Low
0.046132017457892666,Low
0.10196888617371454,Low
0.10249345606147027,Low
0.16868208817796643,Medium
0.5678144645745158,High
0.11580404607848915,Low
0.33050742741296496,High
0.04150681933971681,Low
0.32356966376462976,Medium
0.07947156847566474,Low
0.19054027166930368,Medium
0.19254779095460797,Medium
0.3928002035188801,High
0.15815313690140945,Low
0.06916411590315362,Low
0.0533438173507339,Low
0.06754632908385656,Low
0.03309332729766217,Low
0.15440498373826322,Low
0.4689164131640245,High
0.0692707868968254,Low
0.07255234200228466,Low
0.23405083332765803,Medium
0.39793543485842703,High
0.35004196431236945,High
0.05401106457598373,Low
0.12881428185962582,Low
0.15428547730355813,Low
0.09750712848341805,Low
0.08338249609828935,Low
0.207201442853451,Medium
0.4026299730755451,High
0.1608959679446544,Low
0.03055941418716616,Low
0.2135630045063945,Medium
0.06113087467063597,Low
0.42777360266278996,High
0.2642260262242249,Medium
0.07234045691600399,Low
0.06801437792085853,Low
0.14042053422032186,Low
0.10570110918080489,Low
0.1010644273112997,Low
0.17509948162601927,Medium
0.0839503372708389,Low
0.06340130945910127,Low
0.24477413668878997,Medium
0.17683147315524733,Medium
0.11008572476808488,Low
0.1797725393928585,Medium
0.11275646037744087,Low
0.1782872708806122,Medium
0.14711411813504247,Low
0.07422616127798012,Low
0.060797556678549435,Low
0.16071098366863537,Low
0.15106051992856093,Low
0.11833909066067451,Low
0.9546774786384086,High
0.3388079074632014,High
0.389769843726739,High
0.6302341913181545,High
0.17360306374371828,Medium
0.4513056517731863,High
0.21237732082781385,Medium
0.6484482726572133,High
0.09391140303783593,Low
0.3123227744164702,Medium
0.17522952534962827,Medium
0.20413932425872644,Medium
0.08515642799596261,Low
0.1252051831436588,Low
0.1450240984505786,Low
0.1237402608808814,Low
0.15977662516159274,Low
0.14184781603329294,Low
0.1328315882263724,Low
0.3412697880882949,High
0.18350827227367628,Medium
0.08515628667116432,Low
0.5823272246945254,High
0.11113830958949963,Low
0.2845516633805518,Medium
0.2655477669212053,Medium
0.2746676421558789,Medium
0.9602211651635915,High
0.19112352842839328,Medium
0.17758911719062906,Medium
0.14750955701241797,Low
0.11159413621727447,Low
0.025987886069244556,Low
0.11358767948165364,Low
0.022546817007565563,Low
0.17688489256419557,Medium
0.16104255047089033,Low
0.21204557871535212,Medium
0.120615290230817,Low
0.13532627701016203,Low
0.12139704218465733,Low
0.13531379304357682,Low
0.5297733124183693,High
0.019597528401372823,Low
0.09742371839765897,Low
0.43322829636415905,High
0.07101485049947795,Low
0.14774448177019,Low
0.5293272341942438,High
0.46236683078595353,High
0.3375038168647787,High
0.07245386995709048,Low
0.02778629118418998,Low
0.3452522856895462,High
0.6721230169229171,High
0.16647318594276625,Low
0.025840142920085685,Low
0.23248261669868903,Medium
0.028353068876262877,Low
0.11164558613249533,Low
0.1448144908221134,Low
0.4148350969896006,High
0.14016042747631588,Low
0.15193688508486633,Low
0.08997093468296825,Low
0.2765212572304722,Medium
0.1466362293126847,Low
0.16594337063545134,Low
0.1508700987854439,Low
0.2365839086384551,Medium
0.07876163208738944,Low
0.47953814128715994,High
0.39672828877182253,High
0.12432816412983008,Low
0.03281987587630234,Low
0.23718505531949485,Medium
0.19277513835636687,Medium
0.07768290661779395,Low
0.1740568141461395,Medium
0.23477710995583528,Medium
0.06295153737228609,Low
0.07098541304515002,Low
0.2108746350187079,Medium
0.23645096277590302,Medium
0.1931925520099688,Medium
0.03151657069375077,Low
0.06461498242252665,Low
0.10115676341922095,Low
0.02179444336483598,Low
0.5624192687514281,High
0.08265296477665837,Low
0.034422442927741936,Low
0.04784183561808136,Low
0.2151436672140565,Medium
0.064159384827807,Low
0.5712446956801475,High
0.6779488194785918,High
0.05420780025107411,Low
0.3531802751811931,High
0.16962373710692533,Medium
0.22081754616995478,Medium
0.07873459318061228,Low
0.15503340323141762,Low
0.06990547567669649,Low
0.09584727130516886,Low
0.031244561717168953,Low
0.08933562533663159,Low
0.043754540608963506,Low
0.14615870385895083,Low
0.4198571689157505,High
0.13765741766412481,Low
0.30989497633341245,Medium
0.2362653275332556,Medium
0.18955207928379425,Medium
0.0969345301866225,Low
0.04799453639682007,Low
0.6456189067640198,High
0.1573249860624408,Low
0.20420479929690113,Medium
0.11190784371618111,Low
0.07793986835474505,Low
0.2509959867767044,Medium
0.36253078527039867,High
0.11721627079907421,Low
0.38574429434186197,High
0.15359411525192102,Low
0.10980595127206909,Low
0.3777159869990627,High
0.08236581405975518,Low
0.22921068590465785,Medium
0.11410991363145452,Low
0.3639621028533385,High
0.08220793869750825,Low
0.13844733133044573,Low
0.16872080842583703,Medium
0.20587059736144647,Medium
0.23199393618135908,Medium
0.1033647845632535,Low
0.058039795047858674,Low
0.06793683458756876,Low
0.21934382775293865,Medium
0.013525094835670536,Low
0.04083918498664433,Low
0.17660477001945998,Medium
0.03061264916543818,Low
0.13772926673712066,Low
0.0821743102697499,Low
0.5042256969658194,High
0.0907087144449974,Low
0.17533627438083557,Medium
0.09418192665020905,Low
0.23825091810951426,Medium
0.11342391526502647,Low
0.11431348039491704,Low
0.11802686804113995,Low
0.10409306261518225,Low
0.20623039102961327,Medium
0.0751799789699834,Low
0.1493781222135572,Low
0.07340260920010691,Low
0.12249648763167088,Low
0.26405110240694885,Medium
0.14477009496243107,Low
0.12031588229568792,Low
0.20171186424655227,Medium
0.2326624870667789,Medium
0.9538875007707431,High
0.15771698245160037,Low
0.12866367870909284,Low
0.02689085925814505,Low
0.12671748693779478,Low
0.1685408610425862,Medium
0.03896162437929868,Low
0.21392325822033778,Medium
0.40098182689530726,High
0.18228033022926418,Medium
0.09079058144286191,Low
0.4835995138147897,High
0.07416192021152053,Low
0.20608787863489833,Medium
0.09538219622830102,Low
0.4055641636494394,High
0.06418790811715613,Low
0.020760359646600165,Low
0.11556862803217766,Low
0.21966864466401728,Medium
0.06782849337214343,Low
0.2188679325365976,Medium
0.45801290308766496,High
0.15456378081224387,Low
0.11144932866882959,Low
0.3245843066983394,Medium
0.07213482567242822,Low
0.2725989586608987,Medium
0.024671270583434643,Low
0.41287778286158455,High
0.3953979292024567,High
0.16476521748324371,Low
0.09057807264137491,Low
0.20215601046144593,Medium
0.06769622629482257,Low
0.13772130961048798,Low
0.10820875638888454,Low
0.10300309024888978,Low
0.07316395017201328,Low
0.359126137161005,High
0.11172118705807291,Low
0.6871659435333999,High
0.0703788406058029,Low
0.18982126610652786,Medium
0.18359820974739155,Medium
0.15381070455021706,Low
0.29383974874053265,Medium
0.20868100579241486,Medium
0.3989448019427632,High
0.3148266888972115,Medium
0.1577402170962657,Low
0.16607161396846043,Low
0.06967250886793652,Low
0.07218420985532958,Low
0.1517795152629543,Low
0.24979518747492824,Medium
0.04655852775293946,Low
0.03680717128025435,Low
0.0696120627462146,Low
0.0668425143374295,Low
0.18682313303466763,Medium
0.09073294558447366,Low
0.17402439956654203,Medium
0.13294461658763174,Low
0.11558987177267903,Low
0.22787825923330637,Medium
0.42207876626588076,High
0.34277767054604197,High
0.20678571615746133,Medium
0.3797490569146813,High
0.08183577653390123,Low
0.08368610552076051,Low
0.04296890191806174,Low
0.14487198308457463,Low
0.14067056678154782,Low
0.049619257922764164,Low
0.05275951135411465,Low
0.8105001827671594,High
0.19750847457440823,Medium
0.20305723808328358,Medium
0.23576138732385843,Medium
0.7659573198977221,High
0.1165159852547984,Low
0.18836534499355717,Medium
0.44906371992575345,High
0.36201328965405355,High
0.21966831981982304,Medium
0.3758597158520172,High
0.19552474763057426,Medium
0.04553381010125365,Low
0.054822679142408653,Low
0.19136597396634183,Medium
0.11133737443502573,Low
0.12127297915820509,Low
0.08945580573301398,Low
0.04960575875570289,Low
0.1140669810987513,Low
0.25824446358497144,Medium
0.017535463734974128,Low
0.5489480120456293,High
0.016200219251266787,Low
0.04739410333575997,Low
0.06220359396469808,Low
0.5284834936831958,High
0.1874296592327713,Medium
0.10469939009981728,Low
0.16205870479996026,Low
0.1319855302642166,Low
0.07398871911902917,Low
0.11271030849334086,Low
0.24556450789103204,Medium
0.23556143848575165,Medium
0.11344764639558634,Low
0.0633727325704002,Low
0.18968295956767045,Medium
0.2133130906270715,Medium
0.15076387109484027,Low
0.08329610689587137,Low
0.1982292917734462,Medium
0.15879492217332963,Low
0.20352474743942817,Medium
0.21302088263210547,Medium
0.07940815899651736,Low
0.2582831736347535,Medium
0.33821702148916266,High
0.11435056718477106,Low
0.2238195941164598,Medium
0.07006633424471694,Low
0.1203708402990992,Low
0.42116457420782955,High
0.044235304893420126,Low
0.40835259501175697,High
0.1442161480937239,Low
0.09633727352091154,Low
0.12503817329949232,Low
0.03648233189092569,Low
0.11054427163518936,Low
0.07696343203438005,Low
0.015539177421023056,Low
0.050642734006977976,Low
0.049388023796100695,Low
0.06938010359424254,Low
0.08651763365808716,Low
0.3533853662684913,High
0.5888687670296966,High
0.18372080568362253,Medium
0.5728126207064416,High
0.071147902196237,Low
0.04800834721245735,Low
0.1771893505849531,Medium
0.15766529321434364,Low
0.09761518624319583,Low
0.6558302717171565,High
0.24093910444288572,Medium
0.4229903192405924,High
0.13415913400031443,Low
0.6364268467965161,High
0.16184327718904648,Low
0.03387855239208085,Low
0.22142908334128178,Medium
0.0978510667881282,Low
0.12683102218563075,Low
0.2542267155075463,Medium
0.2476825333126667,Medium
0.14252699993517723,Low
0.38895906043204614,High
0.17852180391560377,Medium
0.17049324921371106,Medium
0.07943457854196992,Low
0.12087095590530263,Low
0.11283732906512588,Low
0.3045361685644827,Medium
0.2475511325388121,Medium
0.15316503861028802,Low
0.023613191365996468,Low
0.1650322643411365,Low
0.10624902443284802,Low
0.41040584327827556,High
0.05387548929992178,Low
0.02835529024641172,Low
0.4215926449056261,High
0.24809974183197123,Medium
0.1293871239817908,Low
0.09331262339015392,Low
0.2755994909613621,Medium
0.06734837152135914,Low
0.35002581387676807,High
0.4134548464449171,High
0.10883096833134337,Low
0.08805832360501864,Low
0.06143963573535598,Low
0.1813632493479618,Medium
0.07193257192187127,Low
0.11147275586618148,Low
0.11917976884084482,Low
0.1423217003180754,Low
0.12199832674820325,Low
0.3607123658847216,High
0.2709386728559297,Medium
0.2259043851044303,Medium
0.13048729176522314,Low
0.018206101497954406,Low
0.13730125526583986,Low
0.1519881608787159,Low
0.08361329375937204,Low
0.13626274658073612,Low
0.4334573650960229,High
0.03558320739195209,Low
0.1523691410057901,Low
0.30351737592053957,Medium
0.08916035941523089,Low
0.12224388290420601,Low
0.05001331851448233,Low
0.482929347382299,High
0.24413839557926525,Medium
0.09725371415776556,Low
0.15744916544885856,Low
0.1367825998573587,Low
0.08734315364605305,Low
0.1338203487686111,Low
0.15227176395898281,Low
0.07188569740347364,Low
0.4675159691439137,High
0.13973529401598414,Low
0.26055948985660865,Medium
0.1865855972774139,Medium
0.02674702963691885,Low
0.15755707657636248,Low
0.017943713656538053,Low
0.25335114643452344,Medium
0.09595037807406998,Low
0.1105752391405111,Low
0.20413862377011657,Medium
0.528449504433173,High
0.1734392627202739,Medium
0.08039863572505404,Low
0.285673295452905,Medium
0.0553270548852187,Low
0.07143852285498203,Low
0.6115698213251212,High
0.15634420934455737,Low
0.27581035146587185,Medium
0.37638251921504573,High
0.13968102661442808,Low
0.3340659838874889,High
0.13943145925132902,Low
0.1199959637900021,Low
0.09899282439364396,Low
0.016295764786074942,Low
0.10135415147139179,Low
0.1385792953848728,Low
0.15233117240729827,Low
0.1938876961384479,Medium
0.26610128683441886,Medium
0.18698883781224393,Medium
0.17661733336963445,Medium
0.4199426210516474,High
0.16405109075630717,Low
0.13638332960849475,Low
0.09711836086139317,Low
0.3420464528497839,High
0.4651479292116441,High
0.12658598756035735,Low
0.19826950925623366,Medium
0.2520675318010554,Medium
0.0780309820089955,Low
0.5668857708077507,High
0.3731144559876558,High
0.5009070455886271,High
0.2259374780532225,Medium
0.23943182244057362,Medium
0.33798042423978575,High
0.40311243011895603,High
0.16160555176511748,Low
0.16867243972752485,Medium
0.11729144117782637,Low
0.0895823230170385,Low
0.17137029547907381,Medium
0.07329373804956114,Low
0.0332494491674712,Low
0.043418501482619276,Low
0.5202257205637603,High
0.14745139077258446,Low
0.44426153494705856,High
0.14227086398502994,Low
0.10955522585270407,Low
0.04809634410295744,Low
0.1192680706762552,Low
0.14677783118577697,Low
0.12462791065055093,Low
0.06778710017154366,Low
0.12590966704844306,Low
0.06454970108474688,Low
0.030372115723486436,Low
0.19984652802691358,Medium
0.012768462087015068,Low
0.146553880510008,Low
0.1642658476408417,Low
0.19678885411898114,Medium
0.18548989556256057,Medium
0.4091516153495548,High
0.4894504400549963,High
0.16242421694911208,Low
0.11026352730147156,Low
0.19452565141669168,Medium
0.12412680396463119,Low
0.18915560148053706,Medium
0.11020732069105364,Low
0.17772453609834793,Medium
0.1865337353183399,Medium
0.2331594319968024,Medium
0.5537152760910135,High
0.6430221909232792,High
0.5054500636050311,High
0.3846319785563707,High
0.08955198742793591,Low
0.29998138127479684,Medium
0.29155023161912125,Medium
0.08806216437109107,Low
0.11552567028586239,Low
0.12260135152935764,Low
0.11730925955893533,Low
0.22743931218628474,Medium
0.13769736614830838,Low
0.07971622611099208,Low
0.13673960099829324,Low
0.6068035955663608,High
0.0498212909487349,Low
0.18593662569687014,Medium
0.1270846912866256,Low
0.20893665811710305,Medium
0.07419990597150929,Low
0.13227396484645745,Low
0.38374859597268063,High
0.4512953763002477,High
0.08065698245712256,Low
0.39630271029202946,High
0.05149368916606737,Low
0.05598591497906608,Low
0.1782014419005266,Medium
0.19201925022533,Medium
0.07964888784664542,Low
0.06382397256018091,Low
0.212321831881158,Medium
0.02455416853915357,Low
0.10182063577752581,Low
0.12672252938594744,Low
0.22280500332630346,Medium
0.13945899654730107,Low
0.11139140257302836,Low
0.2643610468147477,Medium
0.11075311588407642,Low
0.22055787090070023,Medium
0.011572790523251327,Low
0.2214653655793406,Medium
0.09900247050579618,Low
0.39917532825062146,High
0.1908754840348345,Medium
0.06071192387028188,Low
0.34260490852553055,High
0.09550462803991577,Low
0.6628289470550189,High
0.051078649303506966,Low
0.06438687042307757,Low
0.13194125221543457,Low
0.388505522129108,High
0.0729498325254495,Low
0.3998592786252197,High
0.1895333879936325,Medium
0.05189548819317418,Low
0.25565276041708057,Medium
0.5795043619670854,High
0.20278738818142453,Medium
0.07997303184218565,Low
0.17717240636748033,Medium
0.0982986003486706,Low
0.10333266880267088,Low
0.6358654333286067,High
0.32125075279202125,Medium
0.15873811566659107,Low
0.11723892036537183,Low
0.14174953840873708,Low
0.06709010648397143,Low
0.3207114115104805,Medium
0.4403342737215443,High
0.23828225044438436,Medium
0.21476112625829893,Medium
0.12882356010418675,Low
0.18489983789119485,Medium
0.17587614648322142,Medium
0.13194582307726363,Low
0.48522272220651913,High
0.26530331805461127,Medium
0.1991942660587961,Medium
0.03371226403579755,Low
0.14275227861914414,Low
0.2672912755075946,Medium
0.15056234221381196,Low
0.01439796697810479,Low
0.1990912298141808,Medium
0.06885632172594065,Low
0.20412943176011994,Medium
0.13468510101325207,Low
0.2375121934410787,Medium
0.888202657770412,High
0.08309071830334565,Low
0.13754871490501364,Low
0.12908729411460487,Low
0.1581695762228339,Low
0.07038207756990181,Low
0.11577252875063836,Low
0.11005855855642513,Low
0.17514406163225574,Medium
0.5325643620463348,High
0.11934350769991538,Low
0.5784916270776194,High
0.2482738369525429,Medium
0.4273047978012655,High
0.13677765423466184,Low
0.14969245709734702,Low
0.0819562819878924,Low
0.5690448488855658,High
0.16362582828609362,Low
0.26301020342357145,Medium
0.45044362116439035,High
0.13905718235118383,Low
0.6101950396636985,High
0.06504649816481992,Low
0.14097460166513956,Low
0.029692020739752776,Low
0.2574789759706423,Medium
0.1361445005847395,Low
0.1557485237923342,Low
0.07209142457873682,Low
0.2328549249612649,Medium
0.21701856043253512,Medium
0.10714299465122738,Low
0.21609937151259653,Medium
0.0860734809099654,Low
0.022770943585267274,Low
0.17351129877680033,Medium
0.5554158884943384,High
0.6582540504791827,High
0.33541498891271887,High
0.48273890060193214,High
0.11475063015295095,Low
0.11197938663519591,Low
0.04412772018960426,Low
0.0358683614683495,Low
0.18416590398937357,Medium
0.3763589069902533,High
0.1252087822792022,Low
0.23986725567479583,Medium
0.10825668426558557,Low
0.17136429578035997,Medium
0.3261741339268433,High
0.0804904821105649,Low
0.11236700786112927,Low
0.14752072897967397,Low
0.14664359182894163,Low
0.1589828106293511,Low
0.18088654128443274,Medium
0.15589367240437213,Low
0.3311127191077275,High
0.039298142306613416,Low
0.13159687557694755,Low
0.11326329940115584,Low
0.15141126434408086,Low
0.28464235148110434,Medium
0.3910751253806109,High
0.16396249343998157,Low
0.10260291719702917,Low
0.14970192335853305,Low
0.04394570555686267,Low
0.1439109144741512,Low
0.07828541222990033,Low
0.30368851249359624,Medium
0.033222625454280084,Low
0.027299895628603073,Low
0.4011718754757075,High
0.157990609211161,Low
0.13663700762426667,Low
0.409624896208776,High
0.09357121643727997,Low
0.10869118295067869,Low
0.10183050420572642,Low
0.15437719881752196,Low
0.07884009711832562,Low
0.1042732230952563,Low
0.1901551056199497,Medium
0.2255430073280121,Medium
0.317339889566119,Medium
0.1353010821490361,Low
0.09331962976930154,Low
0.07480489477803269,Low
0.011400621322177992,Low
0.03157509564058502,Low
0.017521477294698808,Low
0.15633057943757253,Low
0.05893508892734235,Low
0.12139755761904052,Low
0.07371922838797239,Low
0.18007511323146325,Medium
0.34197965701348004,High
0.02498629324767154,Low
0.06468168762720025,Low
0.1973150675377019,Medium
0.10960073027808653,Low
0.20809801426136806,Medium
0.14049742334518042,Low
0.1868652390449066,Medium
0.2204834112824252,Medium
0.0618610006537371,Low
0.25184264646534,Medium
0.1766433015490732,Medium
0.10608277757180026,Low
0.15382139786071128,Low
0.14240956118449938,Low
0.1105565239018026,Low
0.09413975017830443,Low
0.111481156753408,Low
0.21925461712543645,Medium
0.04823283723264201,Low
0.03395860320672892,Low
0.16110912564875474,Low
0.38235220705133055,High
0.19279092036808015,Medium
0.9507372061897967,High
0.36173685314539694,High
0.08841936096971005,Low
0.11951094336562237,Low
0.1053678252468739,Low
0.1525267741395796,Low
0.09004683720648504,Low
0.10889378254925404,Low
0.16330041905344533,Low
0.03833962910823198,Low
0.09303635443196197,Low
0.20105642300255572,Medium
0.17505157327214751,Medium
0.15678972003826155,Low
0.3743333554971228,High
0.14888337179806654,Low
0.03421949920771157,Low
0.13391854383854068,Low
0.1356525487365261,Low
0.38074538816344117,High
0.2449876512156719,Medium
0.13668302286307793,Low
0.08254444404175168,Low
0.38925611261646575,High
0.032315547678735554,Low
0.1380578171432603,Low
0.16782721229860761,Medium
0.12095546275963509,Low
0.1304362340028862,Low
0.28813247427990996,Medium
0.09271781225078968,Low
0.17457126274696846,Medium
0.40372346670511416,High
0.03701373884887234,Low
0.18729810520678938,Medium
0.05716243643052061,Low
0.22274772846626684,Medium
0.2114414421022944,Medium
0.06343542201702905,Low
0.06412235481013273,Low
0.1796537349335557,Medium
0.06141822682885222,Low
0.06817950677688167,Low
0.16043620197764843,Low
0.3850541193208713,High
0.19851496814779673,Medium
0.17679745406528624,Medium
0.1523554207086921,Low
0.15708881961340007,Low
0.1818106404863513,Medium
0.0724208898504443,Low
0.05440592080721776,Low
0.2617803032146379,Medium
0.5142960367929882,High
0.054588936572500045,Low
0.14667318261739043,Low
0.07052522976596086,Low
0.38713876106400236,High
0.03522043568398566,Low
0.11207792614756772,Low
0.17261433574587284,Medium
0.025669609321493394,Low
0.17747918778047503,Medium
0.04979483961899936,Low
0.17297248428543888,Medium
0.1578421632570061,Low
0.2893717526869848,Medium
0.12512805351330056,Low
0.26512579254136026,Medium
0.03422289552863491,Low
0.11345186710868435,Low
0.0988927946375688,Low
0.18753019297448795,Medium
0.1216728936520546,Low
0.15703478951416452,Low
0.11637401245121597,Low
0.10106562345513405,Low
0.07967273289949238,Low
0.37446457841760256,High
0.23764018074540016,Medium
0.060965393766339256,Low
0.17094201243311263,Medium
0.09220665988360942,Low
0.13168887686373956,Low
0.15365440903373775,Low
0.07852759665859228,Low
0.3980645394990254,High
0.08752045777077919,Low
0.059907691076637466,Low
0.08977186048563408,Low
0.1574654288147704,Low
0.11250920944655295,Low
0.47526726081483317,High
0.08665723350568477,Low
0.29142585670009624,Medium
0.12826070129984893,Low
0.10638605807829853,Low
0.16624707400339958,Low
0.04352650992299365,Low
0.08326425026355715,Low
0.23195357949293147,Medium
0.20271087674350138,Medium
0.16962602850876732,Medium
0.010848137912502005,Low
0.8845647599809379,High
0.0324154457651565,Low
0.22385996588262763,Medium
0.09619323841566252,Low
0.1329565520948457,Low
0.0667703112666133,Low
0.13521270459864682,Low
0.32399532034636647,Medium
0.15010118838093955,Low
0.3930474509307742,High
0.06571189104171184,Low
0.16090108601982894,Low
0.09298965505750391,Low
0.14721738760143782,Low
0.1646412286078163,Low
0.08032428095799532,Low
0.17581598473558366,Medium
0.18528279966862404,Medium
0.16350310305409876,Low
0.20876269672034806,Medium
0.22004123459421893,Medium
0.07741414507482494,Low
0.15259135609858143,Low
0.36339456729473363,High
0.22051047923444933,Medium
0.061940487966546304,Low
0.11822244963384958,Low
0.06584406418856828,Low
0.4184136152145099,High
0.11138162763862278,Low
0.43142028151126427,High
0.07417317351935546,Low
0.3777180664327858,High
0.04030640787541925,Low
0.12556496833797892,Low
0.12844534724355472,Low
0.0862898976430767,Low
0.16117669941720125,Low
0.16675686061246014,Medium
0.1927529786854896,Medium
0.11234797971923091,Low
0.1937854749485898,Medium
0.6406436477509351,High
0.26251721252709964,Medium
0.11576365649917793,Low
0.17002686014997934,Medium
0.026868266256439004,Low
0.20845518417485953,Medium
0.556863760656576,High
0.1229901553109815,Low
0.13345740580660828,Low
0.2230982515200804,Medium
0.0854322046978442,Low
0.15381591312307058,Low
0.09782950088115737,Low
0.423376210281622,High
0.10272904774168336,Low
0.03773712102884351,Low
0.10472346300508868,Low
0.1449183325016313,Low
0.0678803001814011,Low
0.09907866145276016,Low
0.03206246148519624,Low
0.12819309562777614,Low
0.21481810268480372,Medium
0.29356225991967533,Medium
0.036275046841411446,Low
0.2141356247254378,Medium
0.12284468356036041,Low
0.34402463807678463,High
0.059772149587921625,Low
0.36418703578659073,High
0.22220729800432767,Medium
0.4427086613274191,High
0.06931644785131418,Low
0.10679906393818653,Low
0.10013942646808165,Low
0.06442159592861874,Low
0.12549026763782248,Low
0.18271722578147953,Medium
0.11072727572929339,Low
0.21742941692452308,Medium
0.4086505321780978,High
0.17513776671275635,Medium
0.03648183253730719,Low
0.09309873788254729,Low
0.17016106197988717,Medium
0.21982869856702308,Medium
0.10476070577778125,Low
0.5801498912057652,High
0.13129670809516458,Low
0.05142948412208126,Low
0.21437781713294485,Medium
0.3796375255769111,High
0.06881790361697558,Low
0.06739066538571428,Low
0.13074488844443008,Low
0.047916270606636946,Low
0.02856725964542675,Low
0.23309899846220722,Medium
0.1542895853850627,Low
0.029595322348322,Low
0.20808286651142285,Medium
0.19158378679859037,Medium
0.08360842130746089,Low
0.035867919656600564,Low
0.23062179502061644,Medium
0.3823709667405366,High
0.17981146501980014,Medium
0.10811736389940525,Low
0.13922962178332474,Low
0.11188820493534568,Low
0.1682201818112089,Medium
0.4244238182597264,High
0.08183741401995272,Low
0.17172505780382796,Medium
0.025226799854210034,Low
0.11790450801329956,Low
0.18315212869724048,Medium
0.4445115419882493,High
0.4594904430045511,High
0.17820915140115157,Medium
0.17074592807611844,Medium
0.5382472577740168,High
0.12929421247249692,Low
0.09971879171111746,Low
0.3032361487890897,Medium
0.10358483329129427,Low
0.4678998859427347,High
0.06784511734348656,Low
0.152267788165824,Low
0.133918536001211,Low
0.13817571225529976,Low
0.3787348466034428,High
0.34453137947239126,High
0.04614813703934224,Low
0.11805183243845785,Low
0.2920067675181301,Medium
0.2028026271379343,Medium
0.13965975105959008,Low
0.11741856599201468,Low
0.16930656060421664,Medium
0.08668122984384855,Low
0.14829770336400144,Low
0.4718151384580026,High
0.11370810468505449,Low
0.03642043876415612,Low
0.39523982103721644,High
0.11947023796882376,Low
0.1960303819108476,Medium
0.22668796925703097,Medium
0.45977910668929634,High
0.12328944856227579,Low
0.22451241577306288,Medium
0.09724284414151087,Low
0.393547820262538,High
0.14078656494079603,Low
0.1343362447445647,Low
0.29402396678884846,Medium
0.17506136189316315,Medium
0.18594900787800206,Medium
0.13343188460785857,Low
0.09006963932730742,Low
0.025369475936207447,Low
0.47523660903221066,High
0.12217274090787006,Low
0.40417663570637097,High
0.09975456046946737,Low
0.12256945689139766,Low
0.09207062735129744,Low
0.1276188190495606,Low
0.39922932910689246,High
0.15927538834017943,Low
0.11011541108957276,Low
0.6624013962409662,High
0.07675273033760134,Low
0.10514893420938243,Low
0.57719626722097,High
0.13687326427727142,Low
0.09387433102426698,Low
0.2520431431794609,Medium
0.2509303571983466,Medium
0.32520510079851,Medium
0.12604109126424246,Low
0.12148302020847408,Low
0.04527530289947057,Low
0.14169536952454384,Low
0.39195512599215565,High
0.06411523127808468,Low
0.02285334885903484,Low
0.06906180288543064,Low
0.3532347658893103,High
0.18626826381019607,Medium
0.14319163417363942,Low
0.09373440459530873,Low
0.2553261542474606,Medium
0.19474963975500462,Medium
0.1722538855563778,Medium
0.12247759191751173,Low
0.16950358233429766,Medium
0.4262780588153441,High
0.735686957299471,High
0.41991507053509763,High
0.22714574759883013,Medium
0.1575007829861109,Low
0.5394682904679061,High
0.09344155490956535,Low
0.07808544953720738,Low
0.23052549458775531,Medium
0.08080719902634861,Low
0.16322808079243073,Low
0.11112949144749046,Low
0.05037597768683669,Low
0.3918157961047742,High
0.13933920660584787,Low
0.2367968995166807,Medium
0.1665387236363713,Low
0.11309407714823184,Low
0.03908868543100778,Low
0.05495557680706708,Low
0.16852549331983516,Medium
0.06428048801349744,Low
0.41024296471361776,High
0.4594444049883324,High
0.039208269959393985,Low
0.21902721821631302,Medium
0.26059090367043825,Medium
0.27107118283775705,Medium
0.1539541903953529,Low
0.3800479995650831,High
0.36529989973510374,High
0.4138322291856347,High
0.2299088551741924,Medium
0.12942868585098583,Low
0.3538080848335152,High
0.21668691354339267,Medium
0.26354189953860707,Medium
0.204276105562092,Medium
0.15298164405442374,Low
0.13494163370378412,Low
0.424518531451048,High
0.12049574910546412,Low
0.08978459618137855,Low
0.1673847376261076,Medium
0.15685457328972635,Low
0.04931366085242764,Low
0.16948813755892408,Medium
0.07625670616151614,Low
0.22415320196251592,Medium
0.06289008838595281,Low
0.18811716961218372,Medium
0.07631535187113989,Low
0.17380833044014002,Medium
0.1231046888100587,Low
0.5328737234667766,High
0.04256874605904621,Low
0.5378581443624518,High
0.48512331869684266,High
0.6526042419384924,High
0.14711919840182947,Low
0.049459524632739074,Low
0.20254567448779814,Medium
0.20276534757588485,Medium
0.10837311421809075,Low
0.8618059680359955,High
0.21456727364993353,Medium
0.11482320724941698,Low
0.5357981907267745,High
0.21950075772863048,Medium
0.10620624762430886,Low
0.3863806002869204,High
0.21983007181678105,Medium
0.24221989634087018,Medium
0.30743227124566785,Medium
0.12328347835902284,Low
0.3734627131967863,High
0.454567226825525,High
0.07497621015997602,Low
0.2608460621251343,Medium
0.12870927285760134,Low
0.3742079190870753,High
0.08666500212548463,Low
0.1603751337781463,Low
0.037494247353545354,Low
0.1291044798771503,Low
0.06561589600447333,Low
0.11798020747517744,Low
0.5979942021120362,High
0.12888150538114354,Low
0.16740315118975133,Medium
0.011844100543854956,Low
0.22709671520270555,Medium
0.12179630067393701,Low
0.2690628151832702,Medium
0.07504591326321763,Low
0.1878688129979259,Medium
0.021513114231997872,Low
0.1596671506638995,Low
0.5897958118399463,High
0.20390949653235818,Medium
0.9548125405314657,High
0.29456699484792037,Medium
0.22787750077883787,Medium
0.9051416711370032,High
0.4980032386410002,High
0.18230042472523703,Medium
0.3558461606154591,High
0.16447495398394363,Low
0.042198381376140584,Low
0.8058532814261424,High
0.5440964940384433,High
0.10595681430416252,Low
0.12500732187554894,Low
0.0719553698605659,Low
0.21394757536201608,Medium
0.2623942382931252,Medium
0.15469443343133424,Low
0.13425733555500066,Low
0.6331808719642247,High
0.4931347021669485,High
0.1318313028600276,Low
0.048463178443017764,Low
0.08626495903100406,Low
0.02415232627338394,Low
0.14155297292908367,Low
0.7336838301552219,High
0.26823964895968727,Medium
0.074655835903147,Low
0.04399288219473914,Low
0.44256092384937934,High
0.11959432976138813,Low
0.029394088831281702,Low
0.21992449422266533,Medium
0.21087768913655752,Medium
0.42155048375769577,High
0.25385680633865576,Medium
0.11168384722830658,Low
0.1797028812696608,Medium
0.3530712608245359,High
0.20526462407337148,Medium
0.01605584419275224,Low
0.1944401842210431,Medium
0.24018402168054984,Medium
0.2475337337552038,Medium
0.6182999926232629,High
0.16070052920614605,Low
0.2660948164316097,Medium
0.11551890339489734,Low
0.22556897182384267,Medium
0.24133486656738193,Medium
0.4761464145963649,High
0.25184244906655895,Medium
0.16586492770142613,Low
0.19248985340601044,Medium
0.3001310160987365,Medium
0.1983851510228832,Medium
0.10731792722070516,Low
0.20155594799852508,Medium
0.138148182432517,Low
0.5027757607345336,High
0.16549661020137627,Low
0.1516487067696618,Low
0.5122047699042838,High
0.43883019239427346,High
0.2021676314947243,Medium
0.23231840116586797,Medium
0.06425754361720773,Low
0.15407724970152503,Low
0.25675458377901456,Medium
0.40872962442190724,High
0.23709912727156812,Medium
0.274213555311776,Medium
0.24364568917511464,Medium
0.46570109753012906,High
0.06951701070226092,Low
0.24464031461509286,Medium
0.13664481493311878,Low
0.233229915641948,Medium
0.20505391250790864,Medium
0.2754464885429683,Medium
0.23824065370950112,Medium
0.1595949532588646,Low
0.2567142487125314,Medium
0.3354202536131394,High
0.2494268119626719,Medium
0.2233469528363329,Medium
0.17496123620662465,Medium
0.3348408110634826,High
0.23578845661931938,Medium
0.08070918387977169,Low
0.32623693082823163,High
0.15822211452310195,Low
0.22047272683466457,Medium
0.2168780757647482,Medium
0.22069282755495112,Medium
0.3988050135658211,High
0.31172143493487897,Medium
0.2799174966865391,Medium
0.9089744652879597,High
0.5669391918347797,High
0.25787378797976124,Medium
0.18868877711704846,Medium
0.20386294757209897,Medium
0.2110981448077826,Medium
0.2695878324403716,Medium
0.21237617582398804,Medium
0.24290324606116515,Medium
0.370760578728398,High
0.13375286845083842,Low
0.23627543852967206,Medium
0.13853003922965795,Low
0.19439262790595463,Medium
0.18940479200134142,Medium
0.1389801847454824,Low
0.14798208835447882,Low
0.041989876612964924,Low
0.19371002211648555,Medium
0.7671585843650984,High
0.22457903383223818,Medium
0.20037919359544157,Medium
0.16289456849898679,Low
0.14455722934018156,Low
0.40857394630154287,High
0.11513353212622959,Low
0.36627860602782397,High
0.186805462830819,Medium
0.11008316157350519,Low
0.18120811751877036,Medium
0.08251070184036388,Low
0.12317122620612243,Low
0.42204835507326854,High
0.19326889774803785,Medium
0.14058016848436194,Low
0.16203591369261028,Low
0.10173542300016714,Low
0.6339415818793283,High
0.26941438870641365,Medium
0.19093881279051197,Medium
0.16847366524442975,Medium
0.3506150003041492,High
0.08057044154591755,Low
0.6067918180419015,High
0.04578597443146089,Low
0.19535557583391,Medium
0.5022437374370787,High
0.18679978687290305,Medium
0.10623390934795533,Low
0.2328750109961358,Medium
0.1459761853169991,Low
0.5309356150466841,High
0.2377662589572607,Medium
0.08522312902279669,Low
0.3718215441469383,High
0.13518016878965186,Low
0.1737131515315058,Medium
0.129654178457748,Low
0.08133350645412472,Low
0.14811199609084924,Low
0.387231890606398,High
0.20036583774102126,Medium
0.3415075828403127,High
0.5133688517632996,High
0.24918283557362708,Medium
0.18406225632832451,Medium
0.05649841412961729,Low
0.3641620183467591,High
0.19296754524397766,Medium
0.10667853588897043,Low
0.05299885861893342,Low
0.14583257675810005,Low
0.2048883671384621,Medium
0.5546255305891254,High
0.13997916487750706,Low
0.18352448667578142,Medium
0.16719111529176747,Medium
0.19777444680238762,Medium
0.2038395454923347,Medium
0.21401891119798258,Medium
0.0302573222259142,Low
0.22354463636097727,Medium
0.07148642429798643,Low
0.15649898954293084,Low
0.2313270109213394,Medium
0.21651024894629622,Medium
0.15080508934445733,Low
0.1533679113301722,Low
0.044040694398568093,Low
0.9705799322571431,High
0.3838394038780336,High
0.05093979849953555,Low
0.2734992330139057,Medium
0.5702989750938431,High
0.1511353715949533,Low
0.19460420742862733,Medium
0.4796848208173,High
0.08950121424934307,Low
0.8595290082312271,High
0.2272443705286997,Medium
0.19734369530171253,Medium
0.019078237963107928,Low
0.23238093281579258,Medium
0.2555341636469658,Medium
0.08518762552071606,Low
0.3251853238512047,Medium
0.3617331836555265,High
0.550553542886921,High
0.5332622149888983,High
0.11086875412583681,Low
0.1304273205617063,Low
0.2978261233369917,Medium
0.12046346023520468,Low
0.1511634176946603,Low
0.08389740231111491,Low
0.09395254262758147,Low
0.2306683085945933,Medium
0.8811250266424855,High
0.19382081074828106,Medium
0.12220527090597115,Low
0.1625417244349803,Low
0.12497140045926138,Low
0.23909998952923425,Medium
0.174460664038207,Medium
0.13715440318278474,Low
0.3545390014106414,High
0.05465236008503121,Low
0.04185254530014813,Low
0.13110604759004119,Low
0.31577315082738017,Medium
0.2820637975776916,Medium
0.24318725367002736,Medium
0.25361587033646243,Medium
0.3265923630435286,High
0.14574888902827957,Low
0.15046569778005367,Low
0.08606170710489161,Low
0.04462071780540844,Low
0.12130325716084722,Low
0.2333146690302984,Medium
0.22301590099870533,Medium
0.04710986633279899,Low
0.3794334748746096,High
0.13984452897119048,Low
0.2231726600903293,Medium
0.07809313314729023,Low
0.11172605792982314,Low
0.10044462530772462,Low
0.16737444666209186,Medium
0.23928627843402223,Medium
0.08373239083222968,Low
0.1123164532202649,Low
0.19042095048393395,Medium
0.053910075349444406,Low
0.16094705951975305,Low
0.08787097900818337,Low
0.13111083248561492,Low
0.17701945417152112,Medium
0.18991250331616508,Medium
0.4529892288852915,High
0.2574256724837208,Medium
0.06239067861457142,Low
0.30709357502837237,Medium
0.32009742282298126,Medium
0.6833668334317758,High
0.15206151763448697,Low
0.16188782904584045,Low
0.23576491443177125,Medium
0.19398169540629692,Medium
0.9161017807171342,High
0.1299119590099821,Low
0.1260163753155249,Low
0.016484614882195298,Low
0.20138797093571822,Medium
0.04251188655109208,Low
0.16520660767842382,Low
0.14652446340291825,Low
0.18668350404958176,Medium
0.25036152032958203,Medium
0.19443809218039362,Medium
0.21909907952125127,Medium
0.04911100783890159,Low
0.20373203436247375,Medium
0.304855032049917,Medium
0.11070764249390751,Low
0.1337204970854647,Low
0.22652482050868814,Medium
0.5025609246341988,High
0.20164361157925215,Medium
0.02924776141097875,Low
0.15869378901819073,Low
0.13880455213581774,Low
0.08790332209772335,Low
0.15225117863527823,Low
0.04115565874365911,Low
0.08417983059631677,Low
0.16656533620898875,Low
0.11323579903065863,Low
0.17538091307941284,Medium
0.2133720120481372,Medium
0.11071269364361146,Low
0.32502460580498616,Medium
0.6327915363319306,High
0.29661679157005155,Medium
0.21667711220785094,Medium
0.270930330328494,Medium
0.36898426704440135,High
0.2522078882549513,Medium
0.06801653818574735,Low
0.0939363701361137,Low
0.3822437029026888,High
0.2581650255171495,Medium
0.07696091467958459,Low
0.13775118418262425,Low
0.17006865825171935,Medium
0.11035842212826927,Low
0.10982684882373255,Low
0.6399481582425808,High
0.20474994703122923,Medium
0.12341973281034978,Low
0.20351222105155894,Medium
0.30841723144958183,Medium
0.21620958456230263,Medium
0.09690315252764088,Low
0.16740197583568686,Medium
0.12247619422516381,Low
0.22886559305447246,Medium
0.12314518996654304,Low
0.8213240846240447,High
0.34379324021682856,High
0.12356921001796947,Low
0.3149722288993005,Medium
0.05997039203812832,Low
0.18593927838648439,Medium
0.19153950803352812,Medium
0.10031734355228972,Low
0.16980352663808143,Medium
0.1162547970131838,Low
0.22584449994456526,Medium
0.0632057513928196,Low
0.2392778065275995,Medium
0.045817029043615745,Low
0.29817984499064565,Medium
0.17039915930564023,Medium
0.7698709445262005,High
0.09176784809804478,Low
0.1924958538236486,Medium
0.155702244652433,Low
0.2903539089961964,Medium
0.3677630985194085,High
0.22467322337148873,Medium
0.7786552131778771,High
0.20344582271725206,Medium
0.06802581383965686,Low
0.5670392951317159,High
0.68894142185376,High
0.2854252788850793,Medium
0.15600701974252995,Low
0.15478920713315603,Low
0.17528916017159776,Medium
0.29639500008747793,Medium
0.2738759812504576,Medium
0.3857048868400659,High
0.17290710046708024,Medium
0.28851371359349837,Medium
0.127272984265401,Low
0.22407104983823228,Medium
0.17593810898785656,Medium
0.16598111014103017,Low
0.13508368492240536,Low
0.16261853122563216,Low
0.2181467226218532,Medium
0.053207470694946454,Low
0.2673410796775523,Medium
0.957422397394229,High
0.5614270143228369,High
0.12525052474813564,Low
0.18860422940980276,Medium
0.06331192115935541,Low
0.2783091789444252,Medium
0.2851626223915338,Medium
0.29870544957025863,Medium
0.40448692450446405,High
0.0661712799691361,Low
0.4031810623045885,High
0.13099156719866506,Low
0.5190535395288172,High
0.20644481678514157,Medium
0.18064638585825823,Medium
0.5578173792118118,High
0.19256525916273168,Medium
0.2610063359063113,Medium
0.5217784066083254,High
0.05807367456520646,Low
0.3798539641840638,High
0.19181568434963595,Medium
0.22348249684111854,Medium
0.2012972332410499,Medium
0.10115815733207323,Low
0.26851565393465426,Medium
0.09024061371301405,Low
0.599953947064374,High
0.20864178027952673,Medium
0.15442967877435548,Low
0.14360722092731731,Low
0.25773286284898445,Medium
0.2266211552148369,Medium
0.6777584699491219,High
0.1938388900583637,Medium
0.33016081236322087,High
0.23092111803432427,Medium
0.3490933668048812,High
0.43271227959654285,High
0.17356821293033295,Medium
0.3334770766533077,High
0.07635698956579777,Low
0.36760303516082127,High
0.22628825232770336,Medium
0.20722262395425714,Medium
0.38644649865214936,High
0.3514512438088402,High
0.6708372541329793,High
0.12373057897957439,Low
0.10667538242410829,Low
0.34470100608239607,High
0.24210324888952986,Medium
0.3925863126781179,High
0.459191294898653,High
0.18781700241530258,Medium
0.033393591196834736,Low
0.9527409127771459,High
0.16590813758104717,Low
0.06935489836886537,Low
0.30706918283849977,Medium
0.12403756304923004,Low
0.09150606118242806,Low
0.2180704807197479,Medium
0.12481939675279191,Low
0.22498821690427528,Medium
0.12269995779234519,Low
0.169924780847084,Medium
0.4712639883423725,High
0.15913944142352843,Low
0.29220698848959037,Medium
0.14193341402046553,Low
0.16788442272009385,Medium
0.07588427380309408,Low
0.03250735254052869,Low
0.1336145658340505,Low
0.1653001166121107,Low
0.20864672812542814,Medium
0.031413613595755605,Low
0.15360778947652273,Low
0.14589765677191333,Low
0.9353969598040685,High
0.2682175381222345,Medium
0.13410166364061485,Low
0.4022671356520845,High
0.0578467773673644,Low
0.4558816579988835,High
0.1412725150240118,Low
0.017009795311039112,Low
0.21449966916035942,Medium
0.3137978551387522,Medium
0.12639976005957454,Low
0.5471627964502302,High
0.32771364473351394,High
0.04805623221703326,Low
0.2225583684176523,Medium
0.1871801489912458,Medium
0.4882801197668524,High
0.3649840332963825,High
0.2346312365724993,Medium
0.7535021890653518,High
0.2000891815780265,Medium
0.2510192833567547,Medium
0.0805964765759686,Low
0.20763348450092445,Medium
0.1594178529756013,Low
0.12390353720966056,Low
0.0753726598196285,Low
0.0671774122201933,Low
0.21592664878126394,Medium
0.15110604533544783,Low
0.0794720052477498,Low
0.18497046285124058,Medium
0.1904252910194432,Medium
0.2856240653467938,Medium
0.22758876518778892,Medium
0.09883593045265684,Low
0.07748122220626408,Low
0.096234065091072,Low
0.10372579580241516,Low
0.36481835495169784,High
0.7401794033952214,High
0.3617902087470749,High
0.1709347204893302,Medium
0.1547471897766533,Low
0.14900242824382168,Low
0.03770073009519585,Low
0.09499467471089403,Low
0.1983486010515754,Medium
0.9364686015330514,High
0.06629351166938247,Low
0.22315361506611797,Medium
0.2049577790583803,Medium
0.01668671865964552,Low
0.10240177101965903,Low
0.300792747119644,Medium
0.23402721786416514,Medium
0.16464150181024625,Low
0.14011003793344629,Low
0.06202800015430833,Low
0.19396941721509933,Medium
0.21216550894882394,Medium
0.13093884561709548,Low
0.7281679058402007,High
0.05468405271665734,Low
0.6401716070263035,High
0.8813673151956198,High
0.25841013132288776,Medium
0.4048918944389102,High
0.22313129518672092,Medium
0.16140389903236343,Low
0.12232768937316378,Low
0.17334482677525548,Medium
0.029078024486972782,Low
0.1612083774531602,Low
0.2637036737910259,Medium
0.35513995217562394,High
0.121302164765226,Low
0.515910215875863,High
0.2519828062213434,Medium
0.19219181771263374,Medium
0.11840360171244069,Low
0.027687587353033363,Low
0.1663492436355597,Low
0.030617340734537073,Low
0.5849668508324144,High
0.5255939389558535,High
0.14157941360963505,Low
0.04031431568141689,Low
0.19136907002420905,Medium
0.10204405510679496,Low
0.1184015755363534,Low
0.1455198517959321,Low
0.14833273134045985,Low
0.03225612304555145,Low
0.4325091795446981,High
0.0949162491855683,Low
0.10045132198202396,Low
0.344665937298532,High
0.5024931136500502,High
0.07499363924999376,Low
0.13611856971712494,Low
0.35065427812016314,High
0.2145629720064031,Medium
0.08565220012525335,Low
0.4309511914040921,High
0.5658367192316023,High
0.26083149928882327,Medium
0.2084475829589582,Medium
0.2964628618525078,Medium
0.11117034891596635,Low
0.1417676526075807,Low
0.22615236674626912,Medium
0.5003138229692105,High
0.5999439294306849,High
0.11857926993549371,Low
0.14254466779518177,Low
0.17726423639186148,Medium
0.17090612432226593,Medium
0.12564546555541778,Low
0.17451235702237108,Medium
0.718131678803456,High
0.2173078698800574,Medium
0.05599204385637102,Low
0.9540564006102564,High
0.050899519349042736,Low
0.16120466812429457,Low
0.06809106928208777,Low
0.27915370742852147,Medium
0.3604098747938287,High
0.5946836121067568,High
0.03751565679789047,Low
0.148956923501631,Low
0.44684810001568576,High
0.05271098287349678,Low
0.34970997604090776,High
0.09998673839363474,Low
0.14731411145668027,Low
0.018785258517934337,Low
0.20843791315085394,Medium
0.10043376164890065,Low
0.26077793472698657,Medium
0.9135289412896623,High
0.26385204333801154,Medium
0.1908304556258779,Medium
0.5814305827773122,High
0.12299486286254763,Low
0.10754871017387065,Low
0.17806867570547913,Medium
0.22645773739653155,Medium
0.39126395244025747,High
0.032924989043324825,Low
0.4295025702522904,High
0.45059967378588933,High
0.4620953783638398,High
0.2037303490031005,Medium
0.27665200158353853,Medium
0.49143903729309185,High
0.14739348607954061,Low
0.164914676311517,Low
0.18562095276905657,Medium
0.19221018561177944,Medium
0.2796776920923269,Medium
0.20897533101286042,Medium
0.3523812304260814,High
0.2689994023170251,Medium
0.19542842088692092,Medium
0.2130250080638479,Medium
0.9540660778400907,High
0.6035552582044981,High
0.11336053150230584,Low
0.13245258573626556,Low
0.19220184916190972,Medium
0.28253846773791874,Medium
0.09472416617792646,Low
0.04616629691056552,Low
0.20236322883494023,Medium
0.18234255215633452,Medium
0.1572540989215586,Low
0.21375851386817565,Medium
0.14812401824229962,Low
0.4794525346983829,High
0.15627840402172238,Low
0.4942436072787281,High
0.23371422041517748,Medium
0.4445307514267232,High
0.13191062311573873,Low
0.08180543764173177,Low
0.0765447745918763,Low
0.023094964864964717,Low
0.1684666289543104,Medium
0.20262306940345592,Medium
0.03374236833755972,Low
0.2309173834890456,Medium
0.08186904059995785,Low
0.19488734195385066,Medium
0.17218406192825267,Medium
0.9414304360670366,High
0.12213590533170783,Low
0.5037750837191344,High
0.16196651619873312,Low
0.17203669648745765,Medium
0.5991196124649363,High
0.2149332410400688,Medium
0.11776393456657978,Low
0.24174544367437772,Medium
0.19784021011469788,Medium
0.5828878492312218,High
0.0903955090587752,Low
0.07175249332416454,Low
0.09518061879532337,Low
0.04982727257996586,Low
0.9101318436013692,High
0.14593015397333514,Low
0.5846678906780541,High
0.4544445425690902,High
0.2377752379076478,Medium
0.23938410043898484,Medium
0.09827167665480983,Low
0.045052915848091624,Low
0.1848360605552714,Medium
0.4329474458710688,High
0.7115838917772995,High
0.2121994137256027,Medium
0.1684866666469192,Medium
0.3119321215408844,Medium
0.32325118917179846,Medium
0.16675526503035112,Medium
0.36884918371137276,High
0.12999192145166039,Low
0.19277494505802786,Medium
0.19371092456226474,Medium
0.21245783488757117,Medium
0.16736625006607264,Medium
0.05716095672740811,Low
0.06513738780792781,Low
0.16523487298946613,Low
0.06074642683599924,Low
0.5391895453471559,High
0.08357415207206571,Low
0.047163320006957096,Low
0.6329621018620452,High
0.11237971229040829,Low
0.5248630747021984,High
0.13805229269286506,Low
0.017999564976002098,Low
0.5127489992240882,High
0.19132232034768865,Medium
0.21642559236732448,Medium
0.312057464832189,Medium
0.056536960547299876,Low
0.2413215035713574,Medium
0.028239486739753242,Low
0.41450060183041754,High
0.20952895308288583,Medium
0.27313070023089103,Medium
0.28417349254572616,Medium
0.24847731320025002,Medium
0.1478048722517317,Low
0.03760489243591787,Low
0.28163320322036844,Medium
0.18931808763203634,Medium
0.18103060603833238,Medium
0.32377654603299894,Medium
0.4250975937669615,High
0.060559220145012034,Low
0.11131766566301328,Low
0.28159189946267377,Medium
0.2549363845121874,Medium
0.07318387129775754,Low
0.10861265199935458,Low
0.1643118330944058,Low
0.17635671659503038,Medium
0.12266108867483914,Low
0.029885642147448356,Low
0.016114668578376415,Low
0.09857865961283492,Low
0.20989610929576086,Medium
0.17487366216829064,Medium
0.11035121734781903,Low
0.24663003447398588,Medium
0.11505454034073564,Low
0.3344451985887003,High
0.21893857527306568,Medium
0.12590024495888089,Low
0.15666294279500784,Low
0.12634285809557916,Low
0.1532048403401663,Low
0.17418762659357306,Medium
0.18573934202272127,Medium
0.2520113428898372,Medium
0.06031409582573331,Low
0.10713502177007067,Low
0.12392246809366603,Low
0.6572351992333817,High
0.183882831879149,Medium
0.42772429279567087,High
0.1376084694087488,Low
0.26679808972365254,Medium
0.36932996616398306,High
0.12112963715696937,Low
0.10858824845887191,Low
0.15791047757221302,Low
0.4806952311039674,High
0.04473192076601338,Low
0.2561318885659948,Medium
0.13064609898838758,Low
0.12122496472815791,Low
0.08726453357497704,Low
0.1764413377836963,Medium
0.10257941521199207,Low
0.0633223141800994,Low
0.1322626148903239,Low
0.5004651327549142,High
0.1646374321736989,Low
0.24391228109553306,Medium
0.1276458463554386,Low
0.2495164953981532,Medium
0.17308257220139645,Medium
0.08730899248436902,Low
0.41952672462204454,High
0.12753905887485156,Low
0.24998296599171302,Medium
0.09371356994670703,Low
0.7962177016708191,High
0.11674669418069997,Low
0.35644304574479213,High
0.12570213480985648,Low
0.6407711036952182,High
0.18960286012109873,Medium
0.30740705100032395,Medium
0.32764628221661796,High
0.10329108502538499,Low
0.13192315522317147,Low
0.12940630643777834,Low
0.03136275919901258,Low
0.5995067719502051,High
0.22014822729914382,Medium
0.4399618071106107,High
0.2586580804560475,Medium
0.10188814665918712,Low
0.10361719864990704,Low
0.5789170721946036,High
0.23908786356480444,Medium
0.05840945410099139,Low
0.3045643122670488,Medium
0.09603611255324675,Low
0.20931635115889954,Medium
0.28902377263036616,Medium
0.12555476321855238,Low
0.0869840707093853,Low
0.17514656547988644,Medium
0.19386042613385576,Medium
0.24391536237655578,Medium
0.20540483449992872,Medium
0.10685332446389108,Low
0.14299026500536804,Low
0.06851408996394162,Low
0.2581107976700098,Medium
0.08876644966189384,Low
0.4133576700547771,High
0.07114839596444758,Low
0.09365599809589165,Low
0.13912221395927682,Low
0.177206185243975,Medium
0.21085380337498946,Medium
0.1846907525574977,Medium
0.15697336264447237,Low
0.05416956619485309,Low
0.19085029108498172,Medium
0.161867597143712,Low
0.40849506038327504,High
0.5481883159750248,High
0.08154486066522433,Low
0.6960210508165798,High
0.11422249796242501,Low
0.10616586273309106,Low
0.15038014537123112,Low
0.13965683679678362,Low
0.5158257361939366,High
0.2649905650625604,Medium
0.04756820820033598,Low
0.11010488898693369,Low
0.1250739447530339,Low
0.16894178310791091,Medium
0.1499399662296143,Low
0.11010683519138068,Low
0.13197694544765926,Low
0.16088633237705807,Low
0.8850710372788811,High
0.2879543677364275,Medium
0.16565260710639684,Low
0.6152080546060369,High
0.1033892078799662,Low
0.0928120121254158,Low
0.7926004607285337,High
0.3284217159122014,High
0.23581890133547287,Medium
