probability_high_risk_cluster_membership,cluster_membership_risk_group
0.960823503713412,High
0.9230959662152324,High
0.012293738507375675,Low
0.010303248071379311,Low
0.0162480226200175,Low
0.011597945258384281,Low
0.00821500808591767,Low
0.023463880965230128,Low
0.9854742861623594,High
0.0030581039755351682,Low
0.9662651915905307,High
0.10382662190848853,Low
0.00669131143690214,Low
1.0,High
0.006731425005377572,Low
1.0,High
0.9999288813028946,High
0.016506390169024342,Low
0.0,Low
0.0,Low
0.008506874202729584,Low
5.030854204295827e-05,Low
0.9999735610607303,High
0.0,Low
0.08347840926089362,Low
0.010426243736988111,Low
0.0016055045871559632,Low
0.014139843766174111,Low
0.00016485726955445788,Low
0.013553616343491934,Low
0.00010381507503967191,Low
0.8829258375682815,High
0.011507641750126503,Low
0.000655307994757536,Low
0.0,Low
0.0032110091743119264,Low
0.010447513227673936,Low
0.04712974130928734,Low
0.000109217999126256,Low
0.9343758687795386,High
0.010661124645797477,Low
0.013109027271119074,Low
0.013192328814903185,Low
0.009884595875949134,Low
0.9860974753267829,High
0.0,Low
0.9562287475285207,High
0.025529707295762344,Low
0.006617043173832349,Low
0.015917081954858678,Low
1.0,High
0.010509445534758823,Low
0.0,Low
0.9788360825935465,High
0.8990218174448377,High
0.0,Low
0.01545731503088026,Low
0.0070477069288112865,Low
0.9947848405417211,High
0.007170998483335146,Low
0.009330501456167104,Low
0.01381525135652838,Low
1.0,High
0.00011761938367442955,Low
7.470938050981681e-06,Low
0.3691146060870832,Medium
0.9933813892529488,High
0.007814915715778376,Low
0.025650375568990542,Low
0.9139881594501666,High
0.007502819893947521,Low
1.0,High
0.06965914383853739,Low
0.0,Low
0.00020544478191384787,Low
0.9935212333301806,High
0.014323888050534328,Low
5.030854204295827e-05,Low
0.011910216023348233,Low
0.000125675505843911,Low
0.006875336451492484,Low
0.013969459524764524,Low
0.012717341768835901,Low
0.9660484390854643,High
0.010154827406251817,Low
0.007237345266540777,Low
0.9807845176363327,High
0.05893456700699774,Low
0.01732443638456758,Low
1.0,High
1.0,High
0.01609751953788651,Low
0.007135575942915392,Low
8.958693500937417e-05,Low
0.009735027413756876,Low
0.015608060237923464,Low
0.00015101287216118456,Low
0.010537304840454224,Low
0.012373723982348789,Low
0.015364825733456313,Low
0.0,Low
0.0022935779816513763,Low
0.8273636059928561,High
0.010256218331897658,Low
1.0,High
0.0019153388057299213,Low
0.0007068824609087949,Low
0.0006026232414720334,Low
0.10027699523783219,Low
0.002117148906139732,Low
0.9840199523336014,High
0.9184653654391904,High
1.0,High
0.012636768375083696,Low
0.013168766497931863,Low
0.9982990127005489,High
5.976437876431147e-05,Low
0.8789921204142992,High
0.0001131093107715696,Low
0.006129241080154989,Low
1.0,High
0.0,Low
0.0001292156609381057,Low
0.9019490803647624,High
0.013890448833879595,Low
0.0006221794661223086,Low
0.006713129932184963,Low
0.008369364233446376,Low
0.05174086564627124,Low
1.0,High
0.00871660228553034,Low
0.05968402264546528,Low
0.006121204253350813,Low
0.005972732131483993,Low
0.0597068377208158,Low
0.9976799830790789,High
0.011298027888514214,Low
0.009782586512631218,Low
0.0036032269367991844,Low
0.011256749621252792,Low
0.0,Low
0.017814819311451527,Low
0.9908256880733946,High
0.0,Low
0.03735158866681229,Low
0.7953825269029599,High
0.011345168088239387,Low
0.5190671375153076,High
1.0,High
0.014744429882044562,Low
0.9500681418308787,High
0.010550518715026302,Low
3.526962942768087e-05,Low
0.006472329467522813,Low
0.01891526890987823,Low
0.00947379248883615,Low
0.007650797300997035,Low
0.007262558494200794,Low
0.968665356050677,High
1.0,High
1.0,High
0.06296957462727788,Low
0.002325341261148304,Low
0.9682268742513008,High
0.011884291380519213,Low
0.010936964760186758,Low
0.0,Low
0.9808160924992639,High
0.892952715172654,High
0.010744046442026159,Low
0.0072088997153117165,Low
0.009287498372271384,Low
0.056457609126667044,Low
0.01152249890782001,Low
3.288283844661471e-05,Low
1.0,High
0.23943307708856,Medium
0.9952599388379205,High
0.017292687064070143,Low
0.8735974374885774,High
0.9529543468763652,High
0.037527654444137755,Low
0.006656805451764922,Low
0.010859777811141209,Low
0.013795518702488865,Low
0.9998991833854219,High
0.00880200369520897,Low
0.9977064220183486,High
0.10864584856656015,Low
1.0,High
0.0069092607275038145,Low
0.9902466330166,High
0.0040990289057904455,Low
0.9363058832095531,High
0.01382590185041286,Low
1.0,High
0.0,Low
0.030157767153597737,Low
0.0051789348644360085,Low
0.9969418960244649,High
0.0,Low
0.9940128058103974,High
0.0019093519901907283,Low
0.009252922450635073,Low
0.005859443182319999,Low
0.014232171888341487,Low
0.0026050179484994524,Low
0.00017704584338487338,Low
0.01123654790018692,Low
0.00011839816893313379,Low
0.06735381372387524,Low
0.011211227610310178,Low
0.013223101430441272,Low
0.9507058047574365,High
0.9532273918741809,High
0.008559357708345566,Low
0.0,Low
0.8838191959634994,High
0.008982662346967934,Low
9.954765545361876e-06,Low
0.9927396212978091,High
0.006832849308774309,Low
0.006323297012610024,Low
0.006756370812272783,Low
1.0,High
0.007200472531172938,Low
0.00013830631671413657,Low
0.023227096114934797,Low
0.8837087317745688,High
0.9945755060433958,High
0.011041548163595167,Low
0.9929419968410795,High
0.01746395806028833,Low
0.9964722586282219,High
0.010028722466258765,Low
0.0044252532108909936,Low
0.00943577513647902,Low
0.0022935779816513763,Low
0.006690189500998937,Low
0.010627646085112042,Low
0.9725680792194552,High
0.010719236902531095,Low
0.011623494193528448,Low
0.9641148028762708,High
0.9208515363331876,High
0.005748896743209241,Low
0.01670525868626292,Low
0.013035820869995378,Low
0.730716636611642,High
0.012437710666065568,Low
1.0,High
0.01451750299552296,Low
0.008693802917085809,Low
0.005928566753564305,Low
0.006764590438941262,Low
0.010776343116898915,Low
0.0007023860004073819,Low
0.0011974002789935118,Low
0.0004932425766992207,Low
0.8870812611748893,High
0.006683486893993161,Low
0.010807782962390013,Low
0.1829827523997007,Low
0.0,Low
0.0005917789011332562,Low
0.0031646983094555507,Low
0.9075940613975393,High
0.012507491407169922,Low
0.014079574725460781,Low
1.0,High
0.01011217928066403,Low
0.9604694199058551,High
0.0,Low
0.011422759350487829,Low
0.0,Low
0.011019394814735536,Low
0.025290495568423253,Low
6.456376510848987e-05,Low
0.010228848847633068,Low
0.006714957194312159,Low
0.03042695382144924,Low
0.00865953582152423,Low
0.006681428140208644,Low
0.011318185501796403,Low
0.0061681986095969,Low
9.954765545361876e-06,Low
0.8811844273812672,High
0.006269430821542618,Low
0.8839238011417027,High
0.029418958831915545,Low
4.4972117287281886e-05,Low
0.001585423484024551,Low
0.9954128440366973,High
0.9928017933965687,High
0.0,Low
0.007249517894332795,Low
0.006820496883218407,Low
0.006522099583740216,Low
0.007781070611189586,Low
0.010380265534070177,Low
0.011628065686862093,Low
0.0,Low
0.011690742835856359,Low
0.9967977733039683,High
0.014442997048018776,Low
0.0031127129750982965,Low
0.005191027873351221,Low
0.0005946313285762827,Low
1.0,High
0.0035181896583991617,Low
0.04331387752277286,Low
0.0065425587324916545,Low
0.9900052207429691,High
0.9722981326045937,High
0.013578038366203212,Low
0.009941708411892479,Low
0.009839392218389016,Low
0.00020360534363431514,Low
1.0,High
0.0,Low
1.0,High
0.0065264146574835,Low
0.012465290528134033,Low
0.022769384617913162,Low
0.007102759501070301,Low
0.01794848882004845,Low
0.9933277731442869,High
1.0,High
0.0,Low
0.9984709480122324,High
0.9268784868160067,High
0.9938670903274137,High
0.990956749672346,High
0.0,Low
0.013890948437672565,Low
0.0076840807695242605,Low
0.006252440435796259,Low
0.0,Low
0.014010239293149856,Low
0.01357973267678724,Low
0.0,Low
0.08152805580252602,Low
0.9132557223612268,High
0.039795364712032835,Low
0.006871260563920807,Low
0.004577673013300316,Low
0.008916531127956158,Low
0.010613641471079807,Low
0.012211696545191096,Low
0.014994474527445558,Low
0.05009499052373149,Low
0.0504184020776624,Low
0.0,Low
0.010416535367288421,Low
1.0,High
0.008210686771213284,Low
0.005751473758632164,Low
0.0056483609629734,Low
0.009127777954383607,Low
0.009166442285383028,Low
0.966231614970147,High
0.006234464222579602,Low
1.0,High
0.01049261008326813,Low
0.0,Low
0.0008047642040882021,Low
0.010363152949291977,Low
0.9769695645842436,High
0.0,Low
1.0,High
0.9734290223932129,High
0.00010533751594496474,Low
0.9999735610607303,High
0.01708605419930015,Low
0.007673366448117542,Low
0.018051954627972877,Low
1.0,High
0.014655703154802005,Low
0.006787871219766459,Low
0.016308014124008126,Low
0.009013384683631361,Low
0.9965596330275229,High
0.010928325840584093,Low
0.9297394488707548,High
0.0017388243428776264,Low
0.0068236658546358495,Low
0.010261637784573565,Low
0.9505126802419163,High
0.0078300875642233,Low
0.017584097859327217,Low
0.0,Low
0.032007118113069964,Low
0.006966361412717104,Low
0.014484911242063728,Low
0.0,Low
0.00937028861416678,Low
0.10277306957823307,Low
0.005691017023990581,Low
0.006978405429890792,Low
1.0,High
0.006651567411988105,Low
0.011587480969689626,Low
0.006077981651376146,Low
0.013071635987109366,Low
0.9988532110091743,High
0.0011467889908256881,Low
0.000655307994757536,Low
0.9837493389436897,High
0.007527267568189737,Low
0.006099883472159877,Low
1.0,High
0.0030655749135861496,Low
0.0001834862385321101,Low
0.9984709480122324,High
0.0034403669724770644,Low
0.0022935779816513763,Low
0.0,Low
0.9479527640502737,High
0.01565731483127858,Low
0.0,Low
0.9893985276138121,High
0.006060572429727096,Low
0.00025114961387829747,Low
0.9963958060288336,High
0.005525282278797808,Low
0.005080398540001973,Low
1.0,High
0.00915057768999293,Low
0.017035738102929947,Low
0.00780086531480851,Low
0.01062030661024983,Low
0.006069036012694637,Low
0.009935334304759976,Low
0.006077722779228216,Low
0.005513459048152246,Low
0.9906127129750982,High
0.042861614973386225,Low
0.009807113834445606,Low
0.010445834004846027,Low
0.014798248941378486,Low
0.010740506877638698,Low
0.981053310350321,High
0.008293286733653706,Low
0.007022148766643172,Low
0.007015832120784929,Low
0.007840005938031984,Low
0.012344343152646398,Low
0.017731265948945522,Low
0.026996910385400433,Low
0.9779289844602042,High
0.0,Low
0.990490273849762,High
0.00405727340458935,Low
0.0066720390114885526,Low
0.012165469927305002,Low
0.009964811084838824,Low
1.0,High
0.009689659078038282,Low
6.34588642188266e-05,Low
0.03670642818269955,Low
0.0071154814060862236,Low
0.005226923614297291,Low
0.03266527859137083,Low
0.007575732277940287,Low
0.0076452599388379195,Low
0.01300477569079517,Low
0.006615738747431155,Low
0.008114661036242763,Low
0.006197836552632033,Low
0.0008447937298455764,Low
0.006734070899202666,Low
0.00628183454261636,Low
0.000800792392639141,Low
1.0,High
0.011698967134970845,Low
0.013554211414638683,Low
0.011422661715398857,Low
0.9685069638996145,High
0.9741057362616995,High
0.0,Low
0.7562743269889454,High
0.9918195718654435,High
0.8695920785820879,High
1.0,High
0.0008295502390412327,Low
0.007073822021065061,Low
0.004617229833950318,Low
0.007054802221260368,Low
0.02149563766446936,Low
0.00036778418265915295,Low
0.0,Low
1.0,High
0.823612374362466,High
0.001730138251783894,Low
0.013749366286504063,Low
0.005707475511809814,Low
0.007401817247955588,Low
0.9949614096403087,High
0.0,Low
0.9796022263388438,High
0.9980679068052527,High
1.0,High
0.006695119495971243,Low
0.06731670853767902,Low
0.0,Low
0.0005917789011332562,Low
0.009689622304301202,Low
0.9479769944466664,High
0.8987526230863904,High
0.004215931876866821,Low
0.014342333323372083,Low
0.0009602687966525272,Low
0.00439505743046454,Low
1.0,High
0.9897633936992265,High
0.022130284136911905,Low
0.009964714877463003,Low
0.01737980282406612,Low
1.0,High
0.007884687780747163,Low
0.01700488255342136,Low
0.018546437045423914,Low
0.01078731459154995,Low
0.009983186083467772,Low
0.007592121613440173,Low
0.002233143105192691,Low
1.0,High
0.9949988385606342,High
0.0,Low
0.9519823066841416,High
0.013821542829051724,Low
0.011137911954756963,Low
0.9897553516819572,High
0.9892201834862386,High
0.0,Low
0.04239094292649817,Low
0.0060210243511192255,Low
0.013715112754951247,Low
0.0076452599388379195,Low
1.0,High
0.0032765399737876805,Low
0.0,Low
1.0,High
0.07052762542333775,Low
0.0385594016175002,Low
0.006494605122168839,Low
0.0,Low
0.0,Low
0.0128162051820201,Low
0.009101648784475287,Low
0.9833598486857222,High
0.00020850708924103421,Low
0.012089699783833235,Low
0.0,Low
0.00789575078001778,Low
0.024088134796174873,Low
0.0,Low
1.0,High
0.0,Low
0.01238973172896544,Low
0.001462493254182407,Low
0.0,Low
0.0009696202095546082,Low
0.007870052833694968,Low
0.9248780399009758,High
0.0,Low
0.016126986711611977,Low
0.0001580814280588515,Low
0.011371472547498937,Low
0.00011761938367442955,Low
0.02657471574244818,Low
0.010474818093724917,Low
0.0014016309887869521,Low
0.00868799857065005,Low
0.0007012869325130459,Low
0.8949049182839407,High
0.012901567020350219,Low
0.16285822388661036,Low
0.010723100171542198,Low
0.00017572932524821184,Low
0.0005946313285762827,Low
0.00970466191399907,Low
0.00010240823730407537,Low
0.011623721920571832,Low
0.014337025485087947,Low
0.9640292007632064,High
0.0,Low
0.9126638269986894,High
0.010604939793500471,Low
0.0027166405912152506,Low
0.005784193542296916,Low
0.007537031117934384,Low
0.020541178657777052,Low
0.010533996514051763,Low
0.009978672245725758,Low
0.00687955966519827,Low
0.005452630329118649,Low
0.000125675505843911,Low
0.8836356455271785,High
0.9309721242060692,High
0.007938557963876174,Low
0.0030315963552847974,Low
0.009822394144837605,Low
1.0,High
0.000125675505843911,Low
1.0,High
0.0010514582778647725,Low
0.9476742662964913,High
0.0011467889908256881,Low
0.00010659266429207182,Low
0.01354473234549484,Low
0.0033570163941965,Low
0.009964507687132841,Low
1.0,High
1.0,High
0.014920135921307769,Low
0.0,Low
0.0059309209180147026,Low
0.011201365421259511,Low
0.0075149921155720795,Low
0.00885452556553043,Low
0.00974770642201835,Low
0.0016192755522631869,Low
0.0,Low
0.000109217999126256,Low
0.9492190610029834,High
0.01203715524290871,Low
0.0007926655511282942,Low
0.015396589634943971,Low
0.006765750677946805,Low
0.0007831729693443724,Low
0.9611030056403731,High
0.04628164687058201,Low
0.0,Low
0.011144229288118474,Low
0.004659190666462224,Low
0.023579768111256668,Low
0.01181595155309949,Low
0.0045871559633027525,Low
0.007370027952690828,Low
0.005965696668666883,Low
0.0011467889908256881,Low
0.0073954222770437955,Low
0.00687716098852818,Low
0.9981083892934834,High
0.017367482161060144,Low
0.02350917431192661,Low
0.011339442298853333,Low
0.9953131232548863,High
1.0,High
0.0015290519877675841,Low
0.008163678639108827,Low
0.014041348025189217,Low
0.013057129234252644,Low
0.01678857111318814,Low
0.0,Low
0.05585330682623532,Low
0.007772691758863346,Low
0.037247545013265396,Low
0.9469935263513246,High
0.0,Low
0.04412451125433843,Low
0.00016989466530750933,Low
0.025550938917738096,Low
0.9960244648318043,High
0.009097165426523708,Low
0.9651859970678599,High
0.013195362452224005,Low
1.0,High
0.9927916120576672,High
0.8238695937090431,High
0.017655305092412758,Low
0.8800352339517963,High
1.0,High
0.0064092758892662265,Low
1.0,High
1.0,High
0.008630893287713277,Low
0.002764059549002499,Low
0.02270874104925572,Low
0.012635801580168216,Low
0.0,Low
0.0037673238336911967,Low
0.006751094944651553,Low
0.0057954064345976785,Low
0.019566404543468766,Low
0.036604584899359534,Low
0.007812201988109313,Low
0.008429207997851225,Low
0.010198099452490277,Low
0.02935582799362182,Low
0.9916088610427388,High
0.9026104366193086,High
0.9971091360856269,High
0.004128440366972477,Low
0.0,Low
0.008115297729213709,Low
0.9842726081258191,High
0.0051878549584971605,Low
0.8157420632935272,High
0.0,Low
0.004024285609503525,Low
0.007262996941896024,Low
1.0,High
1.0,High
0.014297083551264812,Low
0.9667110342588289,High
1.0,High
0.7339249308286004,High
0.017627938687616355,Low
0.017988718261617086,Low
0.013276022323013413,Low
0.9507523906606475,High
0.001996262317363235,Low
0.0,Low
0.012337685936413201,Low
0.00804929075889389,Low
0.018319591738070993,Low
0.0,Low
0.011482327983756578,Low
0.9903497813139172,High
0.0664514167805418,Low
6.921361472634325e-05,Low
1.7425703596343558e-05,Low
0.9994431824361918,High
0.984947832479007,High
0.004341666324930439,Low
0.009789770110871027,Low
0.012126089991693503,Low
0.9785927757258032,High
0.020587352076740003,Low
0.006857362914513038,Low
0.9511739051837121,High
0.0023110036852477195,Low
0.013029780833533606,Low
0.007661036707178585,Low
0.008407085158840819,Low
0.007698192677036588,Low
0.010476059781542707,Low
0.9996521088524223,High
0.006734845436543317,Low
3.169484120082516e-05,Low
0.009048289965761343,Low
0.9701037041319301,High
0.0013197903014416775,Low
0.009110696214368687,Low
0.02175864100483931,Low
0.005866085835226726,Low
6.117824218661385e-05,Low
1.0,High
0.029266783165865732,Low
0.7606002891849439,High
0.015211453237800186,Low
0.013298839302830814,Low
0.01739220212767203,Low
0.009489181827451924,Low
0.02276813614769882,Low
0.15924281577970775,Low
0.009288075237527633,Low
0.013279166678641846,Low
1.0,High
0.00402382102044101,Low
0.03104273084204277,Low
0.9554669800651727,High
0.006782574607047937,Low
0.030600922589737678,Low
0.009097274647724736,Low
0.00046925672880565963,Low
0.0011467889908256881,Low
0.0,Low
6.34588642188266e-05,Low
9.912172624109012e-05,Low
0.01616446944686433,Low
0.009390606265440167,Low
0.9174720925258482,High
0.994161301933502,High
4.035621082084533e-05,Low
0.013369301840488765,Low
0.7585408370525267,High
0.020068807339449542,Low
0.9999288813028946,High
0.9944260272916506,High
1.0,High
0.0,Low
0.9629290931325938,High
0.013149847094801223,Low
0.001141718509811935,Low
0.004668050803902522,Low
0.013176308582841136,Low
0.010738115095913261,Low
1.0,High
0.008037477701325178,Low
0.0011685290664811513,Low
0.0,Low
0.011080478844047352,Low
0.011505075588998466,Low
0.0,Low
0.02149028470172258,Low
0.9993446920052425,High
0.007682932418698535,Low
9.954765545361876e-06,Low
1.0,High
0.0220182037091013,Low
0.0,Low
0.0,Low
0.013408346221769448,Low
0.9625382262996941,High
1.0,High
0.9533669317990756,High
0.011431692417917876,Low
0.9671091491768253,High
0.012456818500323904,Low
0.0,Low
0.051568302240238936,Low
1.0,High
0.9620043785401052,High
1.0,High
0.06070161362592555,Low
0.0006026232414720334,Low
0.03011105170756593,Low
0.020301962868599074,Low
0.9721691971480341,High
0.9239833960959385,High
0.01496506962859697,Low
0.02370647482045235,Low
9.954765545361876e-06,Low
1.0,High
0.9601925416156097,High
0.004961857714151292,Low
0.022333747471010794,Low
0.05085611429362505,Low
1.0,High
0.006336541151435797,Low
0.013200202759143607,Low
0.0010598039807219837,Low
0.01337410845927209,Low
1.0,High
0.013272701287694812,Low
0.006775083891888587,Low
0.0,Low
0.9676215856326909,High
0.00651001943402598,Low
0.0030581039755351682,Low
0.0,Low
0.006635288043756477,Low
0.005672575534348534,Low
0.0,Low
0.9996697923063547,High
1.0,High
0.8799591590875994,High
0.9961509310913113,High
1.0,High
0.0,Low
0.009078118861954376,Low
0.04334162538148713,Low
0.0023027522935779817,Low
1.0,High
1.0,High
0.00872774734134245,Low
0.040712451307139,Low
0.0,Low
0.0015758597016788365,Low
1.0,High
0.024057176084804958,Low
0.012452367230490381,Low
0.013137564082915026,Low
0.0011467889908256881,Low
0.0,Low
0.009879375292893794,Low
0.006593884880342256,Low
0.015576026124478996,Low
0.014362741060047618,Low
0.0,Low
0.00014508746660723274,Low
0.01189644154842445,Low
0.9606481296401266,High
0.009331892930054158,Low
0.0009495126096948967,Low
0.01694541291465256,Low
0.9934396357918296,High
0.004274843624664127,Low
0.0,Low
0.006480642476745979,Low
0.012546643854896726,Low
0.01148829131351748,Low
0.010232546380361722,Low
0.0,Low
0.00011128601309065359,Low
0.9171242631106046,High
0.0059736961283461485,Low
0.002110770686849584,Low
0.9717480663824414,High
0.010570684270990081,Low
0.005759367537649413,Low
0.0,Low
0.0,Low
0.9973241590214067,High
0.9998361730013107,High
0.9533792452509596,High
0.013749631585218258,Low
2.1740075655463284e-05,Low
0.006416143496528943,Low
0.007733004993184168,Low
0.0023281049620203216,Low
0.9999195235795911,High
0.9395689045918403,High
0.9946210135430319,High
0.020176482982323017,Low
0.03421991737882427,Low
0.0003820896827840667,Low
0.9954128440366973,High
0.0058601781836543475,Low
0.00829628082975779,Low
0.9501710621982705,High
0.014338944125569564,Low
0.0,Low
0.0071941314451149955,Low
0.000655307994757536,Low
0.007025704526323771,Low
0.012438359905266908,Low
0.0,Low
0.9782937268931315,High
0.014138898565822993,Low
0.9601026649191787,High
0.015765849798355467,Low
0.9467016164263871,High
0.020052671306155505,Low
0.010084438040880684,Low
0.0,Low
0.0,Low
0.00750578956248233,Low
0.014614144089137377,Low
0.9466797728265617,High
0.9999735610607303,High
0.01343080351764534,Low
0.0024574049803407602,Low
0.010948356731017352,Low
0.9406261642827828,High
1.0,High
0.00010381507503967191,Low
0.9501741559750064,High
0.0005377598128665066,Low
0.006745248753627384,Low
1.0,High
0.0,Low
0.013820420461338278,Low
0.0066949182464510195,Low
0.010291782898219203,Low
0.005626734967946204,Low
0.9829277415166775,High
0.008957504044192613,Low
0.010670127203824617,Low
0.012921868363656025,Low
0.0050769925495443196,Low
0.004236733106377325,Low
0.890890787647013,High
0.008430851240412823,Low
0.036421268832843245,Low
0.010421124504122019,Low
0.01999334763096231,Low
0.9873689384010484,High
3.9766947829046666e-05,Low
0.007894555090025703,Low
0.013970913514001456,Low
0.012643104304203947,Low
0.006230721633117224,Low
0.002040192223678462,Low
0.00352234056587421,Low
0.018432446090025516,Low
0.11216018489722564,Low
0.01947833229897346,Low
0.009200201580684764,Low
1.0,High
0.005602883355176933,Low
0.008935309683052058,Low
0.010170918323325662,Low
0.9965923984272609,High
0.009701704501398789,Low
0.016334400238364005,Low
0.9429641506918178,High
0.011836675300919168,Low
1.0,High
0.0,Low
0.01061494940866028,Low
0.0018632937739603236,Low
0.029270423765836613,Low
0.006101687261207021,Low
0.0,Low
0.9931192660550459,High
1.0,High
0.7830566477355467,High
0.9990825688073395,High
0.011005874171395815,Low
0.0038683397246088375,Low
0.0,Low
0.0,Low
0.9786733331656658,High
0.0,Low
0.022722804718217565,Low
0.9999656392811738,High
0.06404937738635032,Low
0.016905711278588132,Low
0.001972424226398148,Low
0.0,Low
0.0,Low
0.0006243633171274966,Low
0.0009327034285107412,Low
0.006398551503244895,Low
0.9993446920052425,High
0.010220192983455847,Low
0.8476051260624293,High
0.9781564001747488,High
0.006908291171502366,Low
0.009971278621754521,Low
0.008092356599090933,Low
0.00892575791299337,Low
0.06775356078681766,Low
0.9133690218664513,High
0.0034658511722731903,Low
0.007461928422763643,Low
0.012176261392814268,Low
0.010487054961000978,Low
0.0012141818003070656,Low
0.015288736305972163,Low
0.0,Low
0.9607046053540156,High
0.012060655916912227,Low
0.000163826998689384,Low
0.043202127134967495,Low
1.0,High
0.019944122071781645,Low
0.0008376540172777749,Low
0.9881894370484546,High
0.007647989514581305,Low
0.016743119266055047,Low
1.0,High
0.009865600328932042,Low
0.006883381589226189,Low
0.011065936393107505,Low
0.03471175072445143,Low
0.002752293577981651,Low
0.9681625575373082,High
0.009099332587555808,Low
0.011134536826570654,Low
1.0,High
0.016076376090760885,Low
0.7916161043046147,High
1.0,High
0.0,Low
0.932662315229149,High
0.9954128440366973,High
0.02507962114749188,Low
0.03538991508984719,Low
0.011151920528400536,Low
0.9755351681957186,High
0.02250806365209758,Low
0.9999656392811738,High
0.017159690636128017,Low
0.02876202467574177,Low
0.7329420226357325,High
0.9874166131117068,High
0.016321426937926965,Low
0.0058084445159875394,Low
0.006791474774735156,Low
0.9035948916407895,High
0.006098815337898794,Low
0.014873596531273231,Low
0.00018398086440129204,Low
0.00010079844246567129,Low
0.9988532110091743,High
0.00014508746660723274,Low
7.430320455760378e-05,Low
0.0001488468825584784,Low
0.0067496723460026215,Low
0.002342672491275514,Low
0.011987544883206714,Low
0.006116294398086403,Low
0.008198551134389888,Low
0.003949391110850298,Low
0.0073695234119319705,Low
0.009317316612684728,Low
1.0,High
1.0,High
1.0,High
0.009847750912826862,Low
0.9748775216185619,High
0.0071485533297418104,Low
0.0,Low
0.016054897179596534,Low
0.020250678549194295,Low
0.011596561380657676,Low
0.006783191808651316,Low
0.9756929669094727,High
0.0,Low
0.9998991833854219,High
0.006181326774924654,Low
0.0073361412768963,Low
0.0,Low
0.0009174311926605505,Low
0.01472995232658967,Low
0.9430155089558759,High
0.9999288813028946,High
0.9956475357371454,High
0.004514465437221617,Low
1.0,High
0.04915538080675695,Low
0.0004722072315164598,Low
7.70695754596181e-05,Low
0.012173716768442507,Low
1.0,High
0.999788285109386,High
0.0002191440865712338,Low
0.01091843527944367,Low
0.014197798666019694,Low
0.01486239001417796,Low
0.006218054188208913,Low
0.009564936668367953,Low
0.976572739187418,High
0.0,Low
8.322228657264289e-05,Low
0.8979458148506965,High
0.9954128440366973,High
0.025528366110257866,Low
0.008742981360362423,Low
0.024203584849634294,Low
0.0012553802008608323,Low
9.954765545361876e-06,Low
1.0844340338777192e-05,Low
0.0,Low
0.9998301053346925,High
0.0064654551780421,Low
0.01159284950595384,Low
0.97226266453929,High
1.0,High
1.0,High
0.9546315709216174,High
0.020121269897651544,Low
0.017710115609779798,Low
0.9592755360875825,High
0.005830718834647601,Low
0.04700477911487085,Low
0.999976108562691,High
0.05921640190408492,Low
0.0011467889908256881,Low
0.9843272171253823,High
0.9957977252733442,High
1.0,High
0.9385266491917869,High
0.9916058257348448,High
0.9188382845492938,High
0.0031088041203927246,Low
0.96779220472556,High
1.0,High
0.028134890467140804,Low
0.9888870685889035,High
0.00021800862245384872,Low
0.008945247639093322,Low
0.0,Low
0.015465268676277852,Low
1.0,High
0.00041701417848206843,Low
0.0,Low
0.023290738313674095,Low
0.009018755632275851,Low
0.01931917967023004,Low
0.7893182968806418,High
0.007034355695487842,Low
0.010723245212435926,Low
0.08698988626564973,Low
0.016788795224745582,Low
0.9880667557542895,High
0.003671947986816497,Low
6.66706655171666e-05,Low
0.0014405026078348484,Low
0.008692545609570763,Low
1.0,High
0.013375695405719092,Low
0.007616492285978446,Low
0.010306722738272118,Low
0.011009663928613205,Low
0.002022294564466805,Low
0.8769130309450245,High
0.981961846452677,High
0.009268578984766504,Low
0.006491957114332866,Low
0.030084097859327214,Low
0.0295527810351567,Low
0.0007253195910019304,Low
0.00856089642222738,Low
0.007900671117300187,Low
0.012996941896024466,Low
0.0,Low
0.00019212293517654517,Low
0.010463788182394828,Low
0.010452203352643274,Low
0.0,Low
0.011773814364590393,Low
0.9388915186278075,High
0.00891154416202873,Low
9.954765545361876e-06,Low
0.010136059095016496,Low
0.012456195786495568,Low
0.005878252269113131,Low
0.9146625163826999,High
0.007012158412448119,Low
0.007871360296360659,Low
1.0,High
0.9420230357799283,High
0.006902375667318632,Low
0.026557113309469662,Low
0.007427749545956274,Low
0.0010165529189016408,Low
0.004439254163829897,Low
0.010653621445990063,Low
0.00020197583880972517,Low
0.007208729350967135,Low
0.006989951944080384,Low
0.007509233236623749,Low
0.02021337435947835,Low
0.013823628158046738,Low
0.017354638264067353,Low
0.042134020413836924,Low
0.006677658552995842,Low
8.992167124230753e-05,Low
0.009156748491610876,Low
0.0037101996762007555,Low
0.0007291834762772813,Low
0.001998689384010485,Low
0.02040491549748901,Low
0.011589918286699197,Low
0.010767661310858429,Low
0.011231657719909159,Low
0.9999288813028946,High
0.003567787971457696,Low
0.009325263551234237,Low
0.11415394226670404,Low
0.9203092700685321,High
0.0055718249071018446,Low
0.008848422597438054,Low
0.015354958991961053,Low
0.0035620462206939246,Low
0.9940366972477064,High
0.0,Low
0.9642873691038827,High
0.02581704647990099,Low
0.0023920610902558397,Low
0.9954128440366973,High
0.0005946313285762827,Low
0.00928621981394451,Low
1.0,High
0.006413922297100366,Low
0.00992830550977397,Low
0.014671500777769929,Low
0.012757274721056928,Low
0.006095520642683616,Low
1.0,High
0.0,Low
0.00010170698135240891,Low
4.2837603991976594e-05,Low
1.0,High
0.009125332029379046,Low
0.006752585227198868,Low
0.010181911348829622,Low
0.9808431629532546,High
0.006383099132335656,Low
0.01261688680591778,Low
0.00752763991210176,Low
1.0,High
0.9616708689127678,High
0.01678301071009496,Low
0.012003298999694902,Low
1.0,High
0.0018807339449541285,Low
0.008799819335226446,Low
0.010613247203343175,Low
0.004698446414396121,Low
0.0,Low
0.9514366788029351,High
0.010998430581951898,Low
0.0,Low
0.010178159158000967,Low
0.0,Low
0.010346928534028086,Low
0.000655307994757536,Low
0.006727266667788165,Low
0.011767097374699404,Low
0.008029312285758785,Low
0.0,Low
0.9909785932721712,High
0.006870928544120883,Low
0.060732555348095234,Low
0.017701621963141755,Low
0.0018649362559686681,Low
0.021493687667478965,Low
0.6258771594817327,High
0.006874276156321062,Low
1.0,High
0.000157672562316966,Low
0.014881729502333435,Low
0.9023048307451975,High
1.0,High
0.9916550044057431,High
0.9879639910233777,High
0.9033171231651358,High
0.01483617287945909,Low
0.0018963524116388324,Low
0.0012131563340688565,Low
0.0030655749135861496,Low
0.9738447634759637,High
0.014754093694281371,Low
0.9778455495223146,High
0.985474006116208,High
0.010584611702775767,Low
0.008950626175542244,Low
0.9102553072938934,High
0.9739642493082858,High
0.005406290956749672,Low
0.012231354486126698,Low
0.0,Low
0.023794236570651064,Low
6.035731530661516e-05,Low
0.01054049794524875,Low
0.006270976025756835,Low
0.01922793292868846,Low
0.009165582237141142,Low
0.014555118683559052,Low
0.006510494503833905,Low
0.9735413227700117,High
0.008239926691495772,Low
0.037971114974956886,Low
0.0,Low
0.015996202899621993,Low
0.0,Low
6.149002631773126e-05,Low
0.0,Low
0.011530669229441261,Low
1.0,High
0.013248430709802028,Low
0.0024027959807776324,Low
0.0,Low
0.01292109387525947,Low
0.0,Low
0.003136977377707232,Low
0.614664423790789,High
0.0001131093107715696,Low
0.9999656392811738,High
0.00692094875229001,Low
0.006303818341110932,Low
0.00013639949103391242,Low
0.9808631862530942,High
0.0001529051987767584,Low
0.0064720015056936074,Low
0.039383008736371676,Low
0.9566379766008046,High
0.06694299815246373,Low
0.012846672439885968,Low
0.010248828019390085,Low
0.9992354740061162,High
0.005501114135886628,Low
0.007330103939424062,Low
0.0005946313285762827,Low
2.1740075655463284e-05,Low
0.948122248354748,High
3.0617630244923824e-05,Low
0.9960681520314547,High
0.9014250984819696,High
3.007387064756693e-05,Low
0.010886318125243256,Low
0.9998361730013107,High
0.004315872546118181,Low
7.275309995072428e-05,Low
0.012604674964492035,Low
0.9988532110091743,High
0.013884097113179901,Low
0.015475635613951214,Low
0.02793432357652541,Low
0.06882695019740069,Low
0.0006362957190587777,Low
0.007085121767313164,Low
1.0,High
0.9988002785948691,High
0.9865692905358268,High
0.011447487668570953,Low
0.09165323022027172,Low
0.07569298524196054,Low
0.0016400896450120188,Low
0.021795110629892044,Low
0.9938837920489296,High
0.006825802053198948,Low
0.999976108562691,High
1.0,High
0.04800756201259898,Low
0.010450803645139905,Low
0.014763265971985726,Low
0.009193921861469145,Low
0.0,Low
1.0,High
0.04186444856564971,Low
0.8958774603387443,High
0.7485778800151639,High
0.012294896396205053,Low
1.0,High
0.016561292569028416,Low
0.06005528896932967,Low
0.0007831729693443724,Low
0.004404605879048867,Low
0.0,Low
0.008364822716006184,Low
0.006615243895893582,Low
0.0,Low
0.0,Low
0.0017780284719972111,Low
0.011423214828457375,Low
0.0006087056759055911,Low
0.007837878424899991,Low
0.011976108763523894,Low
0.008043401470433304,Low
0.6255252100840336,High
0.010350884355912127,Low
0.0014198339886413282,Low
0.0133387561772592,Low
0.009476089580469877,Low
0.010233146124966905,Low
0.0007372963009509446,Low
0.014411731525444876,Low
0.0046194243968152296,Low
0.0,Low
1.0,High
0.9954128440366973,High
0.009556565948825377,Low
0.010671462555555627,Low
1.0,High
0.9990825688073395,High
0.04784925784174661,Low
0.07604137513988596,Low
1.0,High
0.9764334289068337,High
0.007200099327508683,Low
1.0,High
0.009786029016838763,Low
1.0,High
0.010331839455012285,Low
0.009517916234119319,Low
0.012273656941252454,Low
1.0,High
1.0,High
9.954765545361876e-06,Low
0.2269784242261307,Medium
0.0170276594459262,Low
0.009767577931738429,Low
0.013500820153370965,Low
0.0005917789011332562,Low
0.0,Low
0.9986420162545617,High
0.014130485243886437,Low
0.9513677707266406,High
0.012765028981083401,Low
0.9595203344056554,High
0.023096727604510484,Low
0.014779800838260092,Low
1.0,High
0.999976108562691,High
0.007127692966824149,Low
0.006240443425076452,Low
0.010728260202287463,Low
0.010546420030162304,Low
0.0,Low
0.018701574274875284,Low
0.0,Low
0.0001834862385321101,Low
0.024014224890160748,Low
0.941775884665793,High
0.007709793273437446,Low
0.00018398086440129204,Low
0.010339490766901995,Low
0.006292733029010296,Low
0.009568514202798008,Low
0.011702416506893673,Low
0.0,Low
0.0096192146583404,Low
0.014708458244050527,Low
0.0,Low
0.005772562156917845,Low
0.00031418236117718493,Low
0.010875751403330778,Low
0.9931957186544343,High
0.007919823214554663,Low
0.041272274859697526,Low
1.0,High
0.9999288813028946,High
0.010524194063890178,Low
0.007937712530671071,Low
0.8705689837260923,High
0.03389998884616608,Low
0.01781184919209582,Low
0.9896352118829184,High
0.980586500655308,High
0.9758021995588286,High
9.406662691142008e-05,Low
0.9072345813499155,High
0.012228942424403264,Low
0.0,Low
0.0,Low
0.03253615393575265,Low
0.014265004012070742,Low
0.007226104088343599,Low
0.0002625205271841418,Low
0.07191277122469783,Low
0.006628949599002886,Low
1.0,High
0.006955638954151697,Low
0.8842995585004441,High
0.009573443161442489,Low
0.001494102228047182,Low
0.012621002623902413,Low
0.018947624279780424,Low
0.7312174402390758,High
1.0,High
0.9883573612931414,High
0.005550798399411105,Low
0.8447870449432967,High
1.0,High
0.012161996218245973,Low
1.0,High
8.340283569641368e-05,Low
0.9958298582151793,High
0.011645123170082088,Low
0.013235920515647967,Low
0.0045871559633027525,Low
5.201533224209042e-05,Low
0.0,Low
0.013754722072315165,Low
0.9969418960244647,High
0.007064194907233567,Low
0.01735396618661373,Low
0.009728844340501759,Low
0.918318718924879,High
0.038918792947512534,Low
0.00012413098160302441,Low
0.9876524664425005,High
0.9954128440366973,High
0.0014562078230864455,Low
0.009090726292450129,Low
0.0,Low
0.00033729087965461414,Low
0.00012494889053655785,Low
0.0035144640956916123,Low
0.9523049224815683,High
0.08326280929090059,Low
0.009745856627693955,Low
0.012170608748379422,Low
0.00898822502001932,Low
0.02346813365793605,Low
0.0,Low
0.9999656392811738,High
0.0045871559633027525,Low
0.011818468314982044,Low
1.7425703596343558e-05,Low
1.0,High
0.9616280403598517,High
0.017512070515735383,Low
0.957059123343527,High
0.008423728688176625,Low
0.9967050794361156,High
0.006397789566181752,Low
0.09827440513272984,Low
0.011306343149613344,Low
0.009515011004050498,Low
0.0292565982313097,Low
0.06156561828651702,Low
0.976939471167313,High
1.0,High
0.979788434855789,High
0.010916418744746168,Low
0.9665028396679772,High
0.8377639356526723,High
0.00016989466530750933,Low
0.015313363786670161,Low
0.012152458352502154,Low
0.0003174708332687919,Low
0.382887318788557,Medium
0.018329589782955426,Low
0.015415233048574088,Low
1.0,High
0.01653829869700954,Low
0.05337579086428649,Low
4.7047753469771816e-05,Low
0.007648891851890156,Low
4.0918210986344115e-05,Low
0.012604243183093956,Low
0.02105681790880839,Low
1.0,High
0.007596288976794469,Low
4.587155963302752e-05,Low
0.00045747528468831073,Low
0.8024428425804573,High
0.9844036697247708,High
0.8069708760974512,High
0.0022571751338683645,Low
0.012305127179050072,Low
0.0008423223720517169,Low
0.0,Low
0.011083371776522657,Low
0.0,Low
0.0,Low
0.01023775033915063,Low
1.0,High
0.00024897199621103967,Low
0.027388340965459113,Low
0.9721718356268173,High
0.9750760363788987,High
0.008559945527328097,Low
0.0111093560047665,Low
0.0011551131944948438,Low
0.9346107866567179,High
0.00017642907551164433,Low
0.0047400611620795115,Low
0.0,Low
0.048367124791935785,Low
0.030604640342730707,Low
0.04464285714285715,Low
0.0069035934621796075,Low
0.014657810394483073,Low
0.0001601642503093519,Low
0.009880385839322945,Low
1.0,High
0.9825895611570526,High
0.022951532536484874,Low
1.0,High
0.8438968546005844,High
0.008144132417128967,Low
0.00017378176423474588,Low
0.01927609813851856,Low
0.0,Low
0.00804321974964457,Low
0.010511234054024331,Low
0.010470506476585154,Low
1.0,High
1.0,High
0.000605610816462044,Low
0.001430971293616393,Low
0.0005946313285762827,Low
0.016763685646581754,Low
0.0007831729693443724,Low
0.9990825688073395,High
0.01046366979908438,Low
1.0,High
0.006875772218074036,Low
0.0,Low
0.012595179881372456,Low
0.010484927916120577,Low
0.00013653601425258008,Low
0.00041701417848206843,Low
0.0,Low
0.012087819187145203,Low
0.0010097428985206714,Low
0.9737270331391056,High
0.010913346282128271,Low
0.000655307994757536,Low
0.10113801944421716,Low
1.0,High
0.003358010306230587,Low
0.7092726081258193,High
0.0068989369448085045,Low
8.359744028950146e-05,Low
0.013289646133682831,Low
1.0,High
0.9998991833854219,High
0.0,Low
0.9992354740061162,High
0.011803710824668969,Low
0.028347531673219746,Low
0.015672834686990624,Low
0.0,Low
0.003979217150956826,Low
0.016661779896612997,Low
0.003682467292662665,Low
0.006394771568247627,Low
0.9012701220209145,High
0.01160092431625136,Low
0.01146991462695726,Low
0.04177895303632904,Low
0.011264294034439676,Low
0.0007831729693443724,Low
0.015299608758280401,Low
0.001019367991845056,Low
0.009351501820933158,Low
0.018442756324460772,Low
0.886435107140985,High
0.9731651376146788,High
0.0009185377434411717,Low
0.0,Low
0.0,Low
0.006462913627347524,Low
0.01614267960482614,Low
0.0006616105829410968,Low
1.0,High
7.370982584545709e-05,Low
0.019697482516932884,Low
7.486884392208327e-05,Low
0.02302151513063788,Low
0.010953503639915232,Low
0.9767038007863696,High
0.01790170380078637,Low
0.011440798216617136,Low
0.9846383614252187,High
0.9952490170380079,High
0.004003720432315544,Low
0.008899204297846613,Low
0.0,Low
0.9520579616853873,High
0.011006954908735805,Low
0.9954128440366973,High
0.005609436616686356,Low
0.0022935779816513763,Low
0.01070385818184831,Low
0.008633163549652477,Low
0.0006584910940760013,Low
0.0,Low
1.0,High
0.006087635537801059,Low
0.983203024961962,High
0.8838581621405416,High
0.03369089377172087,Low
0.007240036340974359,Low
0.007673669047409982,Low
1.0,High
1.0,High
0.0190860347303299,Low
0.999788285109386,High
0.0,Low
0.015193967384897715,Low
0.010959618553907955,Low
0.01016997491860416,Low
0.0008094981111710739,Low
0.00011761938367442955,Low
0.8838536461466991,High
0.8074938059945286,High
0.0147153067379105,Low
0.9799254369751713,High
0.011827923076264433,Low
0.00441340005560189,Low
0.0,Low
0.07052752293577981,Low
0.00017459933708930086,Low
0.011549234274406107,Low
0.0,Low
0.008272902405787685,Low
0.01166448230668414,Low
0.009937849253204721,Low
0.006207219607449443,Low
1.0,High
0.019084466332172752,Low
0.011476795109467662,Low
0.012805860930410671,Low
0.1994185501556139,Low
0.016442240785373825,Low
0.0,Low
0.012440566464531394,Low
0.0003523467623986172,Low
0.9534173098393279,High
0.0066260816851020955,Low
0.015497012894733854,Low
0.00011881218644811335,Low
1.0,High
0.013504729035687174,Low
0.9970511140235911,High
0.013064545521052972,Low
0.001653005638877931,Low
8.832829770481991e-05,Low
0.0006949221013290766,Low
0.014236122690969815,Low
0.0,Low
0.9954128440366973,High
0.0022935779816513763,Low
1.0,High
0.001884010484927916,Low
0.01665682487620039,Low
0.009553074799581375,Low
0.012059396975688304,Low
0.004718604089551106,Low
0.014700503470506896,Low
0.995013115653039,High
0.020257778565083328,Low
0.9440590279164505,High
0.0046908725086944585,Low
0.9990114501102341,High
0.8160625885855219,High
0.0031673219746614243,Low
0.01044099168502086,Low
0.002642031084914283,Low
0.010045776335532277,Low
0.007742662264525534,Low
0.018002547954404233,Low
0.004585799998927386,Low
0.016524683267802535,Low
0.006199226701061715,Low
0.006727496041981008,Low
0.00017378176423474588,Low
0.010281530373213825,Low
0.0026597996069682777,Low
0.0029360687839810684,Low
0.0003014880752312895,Low
0.001310615989515072,Low
0.001173492581701314,Low
0.0,Low
0.011058805243391357,Low
0.009961628955048393,Low
0.00974288175430351,Low
0.004521625163826999,Low
0.012977192874795377,Low
0.01278480536479143,Low
0.01622830461899773,Low
0.9868048703864599,High
0.008004241638661855,Low
0.9123537692345032,High
0.004862715715222841,Low
0.0006930652999721758,Low
0.010411453989435642,Low
0.03335263503071577,Low
0.015006390866805734,Low
0.010219064838922487,Low
0.008977719528178243,Low
0.007204635145641741,Low
0.03497689671612959,Low
0.06188837920489296,Low
0.0245230112326404,Low
0.010859963887365926,Low
0.01119736170229934,Low
0.00949511302992145,Low
0.018348532607045515,Low
6.035731530661516e-05,Low
0.0066938434256741805,Low
0.7314746284880284,High
0.002879326544379165,Low
1.0,High
0.012794382971691337,Low
0.0073655731419041874,Low
0.017505735055237188,Low
0.9949958298582152,High
0.010053521139752086,Low
0.0,Low
0.011678515591934276,Low
0.020399158856782163,Low
0.0045871559633027525,Low
0.004748462546627683,Low
0.013395461797219035,Low
1.0,High
0.001630353809356076,Low
0.9843599825251202,High
7.28592688995777e-05,Low
0.00619894666932143,Low
0.010302959357633819,Low
0.00010381507503967191,Low
0.00857281535832419,Low
9.954765545361876e-06,Low
0.00021974878486926035,Low
0.006019211139179409,Low
0.007306914308940577,Low
1.0,High
0.0,Low
1.0,High
0.00864360255179646,Low
0.009813099654103504,Low
0.00010381507503967191,Low
0.9112183182499975,High
0.0,Low
0.0793551590070954,Low
1.0,High
1.0,High
0.03633608562866464,Low
0.012872996913523558,Low
0.8443519936387649,High
0.058713254500927285,Low
0.00022826805379818046,Low
0.8985128192886235,High
0.010828877344940075,Low
0.007361317491552889,Low
0.010091743119266056,Low
1.0,High
0.011322236805410137,Low
1.0,High
0.013861870227299957,Low
0.01271041257718271,Low
0.0007776333669839561,Low
0.0,Low
0.007824789427157237,Low
0.004389009398698581,Low
1.0,High
0.0014336495150878384,Low
0.016748186933131726,Low
0.9188728702490172,High
0.0015190625969507602,Low
0.00011761938367442955,Low
0.9814110965487112,High
0.05831579226074639,Low
0.009597458873990624,Low
0.04164819812223218,Low
0.007391738838495472,Low
0.0,Low
0.017330896892040426,Low
0.9999656392811738,High
0.0049247677605284475,Low
0.006710504831794933,Low
0.008191631602380461,Low
0.00834631044442647,Low
0.0013330268327222845,Low
0.0004665700157385938,Low
1.0,High
0.01279358626406535,Low
0.011174389220867532,Low
0.0009568968616914603,Low
0.9573422960781193,High
0.05984600236931655,Low
0.012104733507008858,Low
0.025391694397362167,Low
0.001310615989515072,Low
0.006936518671692631,Low
0.007880825075990198,Low
0.02107907383136741,Low
0.017753385757972914,Low
0.0,Low
0.06335806705023783,Low
0.0058661801950408345,Low
0.0075701188385842505,Low
0.005888138145907348,Low
0.014783852342738938,Low
0.01408212078920993,Low
0.01519182259615848,Low
0.005660058936707957,Low
0.019648552542274524,Low
0.8180427460648723,High
0.0005818241355878943,Low
0.0016202019291233878,Low
0.06684505606523955,Low
0.01427913305843221,Low
0.6087221774148378,High
0.006192171124007693,Low
0.0068613812725382105,Low
0.013030088282851371,Low
0.007608397293102902,Low
0.0,Low
0.012397159361576792,Low
0.006829394096133704,Low
0.9735746476282447,High
0.0,Low
0.006293167739437851,Low
0.012387242167722376,Low
0.015788264465368695,Low
0.0068163113153217785,Low
0.014531267008806789,Low
0.03471379428733123,Low
0.00656698676107796,Low
0.9867426644145538,High
0.011182288529816946,Low
1.0,High
1.0,High
0.01386978825260596,Low
0.0,Low
0.011473990370724827,Low
1.0,High
0.0002623058266844481,Low
0.00836085475765047,Low
0.034312241525573,Low
0.0,Low
0.007462438505517883,Low
0.6883400785021807,High
0.007096551596418007,Low
1.0,High
0.0,Low
0.04142555348741595,Low
0.983398864132809,High
0.00774291004207889,Low
0.0,Low
0.01308431629532547,Low
0.969641878911383,High
0.9713879132530722,High
0.05162600305245297,Low
0.018761570889933507,Low
0.008542479378227708,Low
0.0,Low
1.0,High
0.006647818150677561,Low
0.0,Low
0.007212515792475539,Low
0.2723398056212055,Medium
0.011746266303573751,Low
0.9944699286442404,High
1.0,High
0.010702171946110594,Low
0.007170597347141235,Low
0.0,Low
0.940519877675841,High
0.0,Low
0.9927326219971221,High
0.004698193620547187,Low
0.014971962928011683,Low
0.8945647295942987,High
0.7676702124984514,High
0.005655923623705751,Low
0.015422156536366515,Low
0.039904914684141986,Low
0.021695727964831834,Low
0.8830769585765458,High
0.006055332284907598,Low
0.0,Low
0.010055246562439914,Low
0.006198121450415027,Low
0.0,Low
0.0,Low
0.9983410999466046,High
0.9707067552378009,High
1.0,High
0.026181026122466686,Low
0.0,Low
7.470938050981681e-06,Low
1.0,High
0.007567216752600262,Low
0.010603000220428163,Low
0.8945487243025736,High
0.011353451083041867,Low
0.007192242277888422,Low
0.011424415923598887,Low
0.004857094329027638,Low
0.008218078272508866,Low
0.9007403755317045,High
0.011154764784179467,Low
0.007628041563348548,Low
0.9608019944636279,High
1.0,High
0.00601812991715502,Low
0.0005509151490255147,Low
0.005577056295353562,Low
0.0050020178105410415,Low
0.0053953703700420595,Low
0.011072991548781925,Low
0.008880636641285279,Low
0.007457270728836413,Low
0.014966670043856014,Low
0.0318044208491795,Low
4.2837603991976594e-05,Low
0.00019145180245227372,Low
0.0038226299694189606,Low
0.017131488628406168,Low
0.0,Low
1.0,High
0.7383391582932868,High
0.04199474577460354,Low
0.02267807647743826,Low
0.8593603293668157,High
0.9998991833854219,High
1.0,High
0.022571719819426243,Low
1.0,High
0.009764477716745918,Low
0.9999656392811738,High
1.0,High
0.9877022873441745,High
1.0,High
0.004638611553423856,Low
0.01471111618142038,Low
0.006512109637423131,Low
0.017007001219197668,Low
0.00985642890063155,Low
0.7830663086857005,High
0.03681622670945847,Low
0.0,Low
0.06726623521004053,Low
0.03592335552285753,Low
0.012125839980175145,Low
0.010005586321592578,Low
1.0,High
0.05549526600600734,Low
0.0020493403526041843,Low
0.006057594106761193,Low
0.9536424202708605,High
0.003958312403103732,Low
1.0,High
0.0012924827175914981,Low
1.0,High
0.011578284308871367,Low
0.013096368693193425,Low
0.0001292156609381057,Low
0.0,Low
0.008054684830007939,Low
0.0,Low
1.0,High
0.02311336342520289,Low
0.00012553880183293627,Low
1.0,High
0.9072507003699662,High
1.0,High
0.01668190704289768,Low
0.9713302752293578,High
0.9957745828458839,High
0.9830258409999109,High
0.9988532110091743,High
0.009030541758180204,Low
0.022048862109744886,Low
1.0,High
0.005916076564802243,Low
1.0,High
1.0,High
0.00698094725954615,Low
0.00807894561771029,Low
0.9968707773273594,High
0.010685011276085192,Low
0.0,Low
1.0,High
0.05472495655313822,Low
0.008844795115075847,Low
0.0,Low
0.011030800486957357,Low
0.010008970635057561,Low
1.0,High
0.030841388156113408,Low
0.0013674161775311727,Low
0.9933486238532111,High
0.9999288813028946,High
0.005413696885747344,Low
0.011734315633398204,Low
0.9999656392811738,High
1.0,High
0.006911178288974006,Low
0.8720189115594267,High
0.012840495159684799,Low
0.99969580657745,High
1.0,High
0.011746510641980795,Low
0.05774451395509524,Low
1.0,High
0.009870568325981353,Low
0.9998991833854219,High
0.010585321297439524,Low
1.0,High
0.006799104674071088,Low
0.0009174311926605505,Low
0.0075315707296102,Low
0.0,Low
0.021406727828746176,Low
0.8519444633628294,High
0.06031988738410756,Low
0.8878969730791333,High
0.8906486757660409,High
0.9977064220183486,High
0.02650655531219066,Low
3.770640968800412e-05,Low
0.9964904616280763,High
0.8707448531138999,High
1.758730458579907e-05,Low
0.08524041420324929,Low
0.0010121907381954935,Low
0.010661228725365618,Low
0.01209046849180286,Low
0.011800255892031734,Low
1.0,High
0.008951466116393775,Low
0.006795912035076444,Low
0.010668367159541071,Low
0.0,Low
0.006514787573461507,Low
0.006156856166842573,Low
0.0011642146944220316,Low
0.9964904616280763,High
0.0009174311926605505,Low
0.0,Low
0.011526139507790883,Low
0.9875477235170095,High
0.9954128440366973,High
0.0,Low
0.018297189018924766,Low
0.009979752027342803,Low
0.010210522348748046,Low
0.0022935779816513763,Low
0.00626980552622585,Low
7.233436665650845e-05,Low
0.011997658374858498,Low
0.002087462674135779,Low
0.007892132298043865,Low
0.010550798574556425,Low
0.010999661903223339,Low
0.0002597884315333264,Low
0.0056536159077509186,Low
0.0045871559633027525,Low
0.010129969418960244,Low
0.008769919602384914,Low
0.028488640104948268,Low
0.9887869520897045,High
0.010567694681083442,Low
0.012864118424691557,Low
0.012630745595462938,Low
0.004684417465682555,Low
0.0060787461790140105,Low
0.01001303704940198,Low
0.0009293289585586291,Low
0.9450271506501973,High
0.014188394890220528,Low
0.032958877609006544,Low
0.0009406754355799725,Low
0.024392873070482015,Low
0.041086177865863195,Low
0.0,Low
0.014582625606239923,Low
0.9919678496852443,High
0.01893969119898547,Low
0.009105240780290149,Low
0.02462254094196782,Low
0.8374124237980701,High
0.0016055045871559632,Low
0.011559489167244464,Low
0.0027105921601334446,Low
0.00832862701306642,Low
0.031272864122753895,Low
0.03321637229403116,Low
0.8980483739664457,High
0.986036813891805,High
0.0,Low
0.009377045738857809,Low
1.0,High
0.8824541284403671,High
0.0005946313285762827,Low
0.9999656392811738,High
0.00630447873921127,Low
0.005501394851215352,Low
7.275309995072428e-05,Low
0.15024731780995848,Low
0.7313640567445882,High
0.029534712339915104,Low
0.010430170888668596,Low
0.016127260325693164,Low
0.0060859467810222626,Low
0.9236020096111838,High
0.0059381281636386694,Low
0.9617000921602605,High
0.9993446920052425,High
0.016360844938942413,Low
0.009923822267113367,Low
0.007132131970545023,Low
0.00013824129624108973,Low
0.006746186953158019,Low
0.00886543414854768,Low
0.875276683794973,High
1.0,High
0.9878331362498276,High
0.000163826998689384,Low
0.003323587727257452,Low
0.009690449825392789,Low
0.990940366972477,High
0.00019640104440023695,Low
0.006079510812505002,Low
0.828129644912953,High
0.9922728265618174,High
0.008893058641082014,Low
0.017225343337392104,Low
0.006826381079136584,Low
1.0,High
1.0,High
0.017637382904636074,Low
0.007951367070145274,Low
0.002075141983398864,Low
0.013221107130702263,Low
0.010604875068787056,Low
0.979712756662298,High
0.017996361702051364,Low
0.006453828749538902,Low
0.0015290519877675841,Low
0.006467532723022216,Low
0.8693072356029192,High
1.0,High
0.999273573308137,High
0.0336964599996868,Low
0.0,Low
0.1397987588354561,Low
0.005242463958060288,Low
0.00036080878631394506,Low
0.969408964930313,High
9.954765545361876e-06,Low
0.00011687876084761718,Low
0.8936810283071119,High
0.0,Low
0.02237159309479733,Low
0.005296330816252275,Low
0.011771300844989169,Low
0.9901018780954484,High
0.08860153306014085,Low
0.009318356140837085,Low
1.0,High
0.00812153115665901,Low
1.0,High
0.017424488435960506,Low
0.9977064220183486,High
0.9416486604559999,High
1.0,High
0.9633846657929227,High
0.9881498470948014,High
0.9905333693110272,High
0.011879235426732807,Low
0.0,Low
0.00737754234484561,Low
0.021882789813172977,Low
0.8876916810578549,High
0.022574760663877785,Low
0.9999735610607303,High
0.9961409640308724,High
0.010159111153911375,Low
0.0,Low
0.4865587721270257,Medium
0.0154434250764526,Low
0.018412609796700206,Low
0.007847318013303132,Low
1.0,High
0.007599216925054229,Low
0.8990901557963782,High
0.006792321067588022,Low
0.012209288832692176,Low
0.0035998782574774126,Low
0.0001834862385321101,Low
0.011156420283777503,Low
0.0028725508157292708,Low
0.005293432357652541,Low
0.0077571179424149005,Low
0.9867118101063054,High
0.011713782081116595,Low
0.0,Low
1.0,High
0.011180173888321184,Low
0.012608581056888652,Low
0.00011761938367442955,Low
0.003669724770642202,Low
0.011589900319661157,Low
0.006874882941449449,Low
0.0,Low
0.9698230668414154,High
0.9500901048492791,High
0.014862296364111764,Low
0.014730445080013933,Low
0.01271945280320197,Low
0.004316748897258051,Low
0.002307747560937752,Low
0.007379014385777066,Low
1.0,High
0.001310615989515072,Low
0.006199873118311691,Low
0.010869443408526483,Low
0.0066928240997688486,Low
0.03420852644857754,Low
0.0007564796438156503,Low
0.010028338766091143,Low
1.0,High
0.008582330979913084,Low
0.00630563851094657,Low
0.0061388357929241175,Low
0.9904231901049071,High
0.1020145224071295,Low
0.0002810531697132555,Low
0.04446653910441788,Low
0.8968092420172967,High
0.006706177896718581,Low
0.007537145409008149,Low
0.007468262921033991,Low
0.9026230522790154,High
0.022705034906945813,Low
1.0,High
0.0046088960389582155,Low
0.00842596924696383,Low
0.8823557988807544,High
0.08985207260123078,Low
4.4544394191108736e-05,Low
0.006459490061064,Low
0.0009387835218842486,Low
0.007572797847597558,Low
0.0002698327037236913,Low
0.013860866273505159,Low
0.04316259577997597,Low
1.0,High
1.0,High
0.9906226295898466,High
0.0,Low
0.9992090350668466,High
0.005805094227088564,Low
0.010078942354804303,Low
0.007238225884023201,Low
0.005319607647310626,Low
0.025294308681134095,Low
0.0026639521443133827,Low
0.00820502309692939,Low
0.025747794725932537,Low
0.011026580945984792,Low
0.01783478669037813,Low
1.0,High
0.9510484927916121,High
0.030493574910523243,Low
1.0,High
0.9599819042882048,High
4.879953152449736e-05,Low
0.009672517218998596,Low
0.9998301053346925,High
0.010389750826091438,Low
0.008895920360541468,Low
0.963274762688529,High
0.005992265128424012,Low
0.03319927860684331,Low
1.0,High
0.9091190057908778,High
0.029227120107654617,Low
1.0,High
0.007338096687178062,Low
0.991134116710653,High
0.0,Low
0.007865448529413847,Low
0.01821821148143301,Low
0.002955570188619474,Low
0.8991592433316647,High
0.02993926783090648,Low
0.006731129143778399,Low
0.013547031108457034,Low
0.031835484933996704,Low
1.0,High
0.8422880648328697,High
0.0071410424458362865,Low
0.9962793068297656,High
1.0,High
0.01993228484054172,Low
0.019842475031920163,Low
0.01503104915410269,Low
0.9973076493238644,High
1.0,High
1.0,High
0.06416626856319248,Low
0.9751565457987477,High
0.00440434866850096,Low
0.9711154798310763,High
1.0,High
0.0,Low
1.0,High
0.0025635553386549378,Low
0.9961336828309305,High
0.9957236952649797,High
0.0,Low
0.0,Low
0.053334530860831,Low
0.0034405813315767915,Low
0.007803446657602231,Low
1.0,High
0.9677210580146607,High
0.008470143248028326,Low
0.01852026531621866,Low
0.9721930974224553,High
0.023913308842657244,Low
0.0,Low
0.014219574446239431,Low
0.006465759669712586,Low
0.00014535876375053805,Low
0.9832642852953221,High
0.00708703613852977,Low
0.0063429294405891335,Low
0.005702638662220387,Low
1.0,High
1.0,High
0.003318563002906283,Low
0.006477371667126655,Low
1.0,High
0.8882547102333466,High
1.0,High
0.0,Low
0.9890235910878112,High
0.00020718375308354135,Low
0.042813361635140726,Low
0.006818116969077824,Low
0.006727431590551318,Low
1.0,High
1.0,High
0.010695370971814723,Low
0.011537573716319752,Low
0.03409837312312539,Low
0.9985679852307197,High
0.009883086484628418,Low
0.008661730875077702,Low
0.9559634918607218,High
0.008615950701295729,Low
1.0,High
0.018911353962199593,Low
0.008005679335954566,Low
0.0038226299694189606,Low
1.0,High
0.004389937813024011,Low
0.02320166262086884,Low
0.0001350323883630294,Low
0.9948394495412844,High
0.9723701830363705,High
1.0,High
4.2837603991976594e-05,Low
0.0028723400866462793,Low
0.006661233054250749,Low
1.0,High
0.0023550680079691072,Low
9.604328021306705e-05,Low
0.0029290540149198405,Low
0.011642504611797598,Low
0.0058213745406651175,Low
0.005961701100202475,Low
0.007148126770687936,Low
0.0,Low
6.623888779447541e-05,Low
0.005307069569145455,Low
0.8238022426095821,High
0.009403463933772596,Low
0.9904832274939036,High
0.018617810279027813,Low
1.0,High
1.0,High
0.0022423034979317646,Low
0.09630734829310399,Low
0.0,Low
0.01300786369593709,Low
0.00011728969572116519,Low
0.010142471688681457,Low
0.0,Low
0.0,Low
0.012940541956930927,Low
0.008092701969355694,Low
0.016002759561761018,Low
0.015490854092154588,Low
0.9762702145910898,High
0.11739553730691832,Low
0.01284726375256255,Low
0.9606014271151885,High
0.0,Low
0.0,Low
0.01676532554161884,Low
0.013193534294451725,Low
0.0,Low
0.05125963724489154,Low
0.011909308569297911,Low
0.0005302888748155249,Low
0.017913630878965824,Low
0.006053038949499885,Low
0.0,Low
0.0011275152262739958,Low
0.0030375452933466963,Low
0.0006786101991782063,Low
1.0,High
0.010286671477616086,Low
0.0,Low
0.022340425590913898,Low
0.009718468100750789,Low
0.021913336008894068,Low
0.018548985649421038,Low
0.013594030931612832,Low
1.0,High
0.02606412569425181,Low
0.0,Low
0.013918598042690009,Low
0.04482687647767009,Low
7.666695848810704e-05,Low
0.010963203744146175,Low
0.0008946832673670554,Low
1.0,High
0.014505248626642302,Low
0.9872377555196901,High
9.174311926605506e-06,Low
0.9631017685641122,High
0.9850911840971807,High
0.015962589457565728,Low
0.0004378752236862205,Low
0.8971985583224116,High
0.038563617296781455,Low
0.01867895903067069,Low
0.9980047736257179,High
0.03640118212150493,Low
0.000655307994757536,Low
0.0001292156609381057,Low
0.9607333107851012,High
0.0015290519877675841,Low
0.00805358846412785,Low
0.007631437991182358,Low
0.01054419464753143,Low
0.011425729233377875,Low
0.00970460080142103,Low
1.0,High
0.000125675505843911,Low
0.9934125593335985,High
0.9822012160663459,High
0.00920719476505212,Low
0.07691925811191866,Low
0.014164492426669806,Low
0.013860976802285936,Low
0.0022935779816513763,Low
0.0020838206004264205,Low
1.0,High
0.022609118710036142,Low
0.9912407164700743,High
0.019386194844910443,Low
0.0,Low
0.022175057395876708,Low
0.025186560275586904,Low
0.009006444154758098,Low
0.00938186627578953,Low
0.0004932425766992207,Low
1.7425703596343558e-05,Low
0.000125675505843911,Low
0.00661586493144949,Low
0.1434378185524974,Low
0.03353791863865263,Low
0.016081440492327542,Low
0.009363330143380033,Low
0.9441418365101406,High
0.0009549760013590991,Low
0.9559481191042087,High
0.009250764525993884,Low
0.006550024971582769,Low
0.019259028646461836,Low
0.0022935779816513763,Low
1.0,High
0.013398257064002021,Low
0.015438645802559972,Low
0.006293478137559558,Low
0.8917642723992726,High
0.01515520716558551,Low
0.0,Low
0.03243859021489308,Low
0.0,Low
0.9699327894257828,High
0.017435257232437294,Low
0.039643981547265804,Low
0.015213185924398158,Low
0.016049038515898995,Low
0.0002698327037236913,Low
0.00018462362888258907,Low
1.0,High
0.006611800898494544,Low
0.011804792585376152,Low
0.005625764231751203,Low
1.0,High
0.0,Low
0.016335372069317025,Low
1.0,High
0.008122202321838296,Low
0.010702396880005825,Low
0.008459024632623716,Low
1.0,High
1.0,High
0.9180966806934507,High
0.0,Low
0.9757262996941896,High
0.009825584137585292,Low
0.8812090568139658,High
5.7308127535518395e-05,Low
0.008619883204762615,Low
0.008120521285003563,Low
9.905887809459935e-05,Low
0.8667986207998045,High
0.9769578521600236,High
0.01479604975742108,Low
0.9603055904799903,High
0.8346330275229359,High
0.9960681520314547,High
0.9903599313669723,High
0.9956312800349497,High
1.0,High
0.04011514895123071,Low
0.009303005802141546,Low
0.00014945599077384719,Low
0.012814156087482455,Low
0.9417879327436448,High
0.03361565090906317,Low
0.007820403049045382,Low
0.961187172248137,High
0.011991024138428952,Low
0.012812111435964646,Low
0.0,Low
0.0,Low
0.10951624340734832,Low
0.007127136322021921,Low
0.012766691643394803,Low
0.9771617908085797,High
0.43537418788818055,Medium
0.010224625018203001,Low
0.008756640705761582,Low
0.012043104703655163,Low
0.007297019229260495,Low
0.005809525580498126,Low
0.016390998415222215,Low
0.004793658909461963,Low
0.9915206017750144,High
0.013315008744334821,Low
0.01606584584864404,Low
0.05171523957522364,Low
0.006565526048350795,Low
0.0,Low
0.011822113419127065,Low
0.008008088000021393,Low
0.0006195500162443683,Low
0.011560140643628104,Low
1.0,High
2.1740075655463284e-05,Low
0.09041488835371699,Low
0.014217537952499979,Low
0.9670285006079955,High
1.0,High
0.028281073507505094,Low
0.9500543932631594,High
0.0249900400190921,Low
0.9982798165137615,High
0.011708018266601347,Low
0.010400459942331694,Low
1.0,High
0.011000722656579833,Low
0.009253950134136775,Low
0.1535474846254663,Low
0.005615805212721558,Low
0.9852658651287768,High
0.8275876380518026,High
0.01606094051647417,Low
1.0,High
1.0,High
0.012025394303317736,Low
0.0,Low
0.0009503564423062854,Low
0.0,Low
0.007791142136252423,Low
0.010480221645347686,Low
0.9967780690257755,High
0.012154479334373474,Low
0.035326561817387504,Low
0.0007513951270604142,Low
0.007437316245208868,Low
0.8352563127351509,High
0.9777195281782437,High
0.0,Low
1.0,High
0.001965923984272608,Low
0.010602105546124452,Low
0.1513560873195074,Low
0.0,Low
0.008679075538781222,Low
0.010505831075425262,Low
0.9965596330275229,High
0.0006302132846252201,Low
0.0019264262822863993,Low
0.01029621584701127,Low
0.00956385881312901,Low
0.0,Low
0.01634114398741432,Low
0.006167219462182669,Low
0.007713410009451145,Low
1.0,High
0.006045908740934528,Low
0.006577784929600797,Low
0.000655307994757536,Low
0.9799307513757056,High
0.9954314910121578,High
0.02062802359183221,Low
0.9608070677706693,High
0.0100172640384504,Low
0.007100417041357426,Low
0.9948394495412844,High
0.9899615476726982,High
0.0011467889908256881,Low
0.015738010466230096,Low
0.023554690535837104,Low
0.008044481354531527,Low
0.006713492749141022,Low
0.023638281995751367,Low
0.00988505829272221,Low
0.012699004873223957,Low
0.007231096465722146,Low
0.011629931553975003,Low
0.006058152771374816,Low
0.0030581039755351682,Low
0.9001423127274952,High
0.020376786893340597,Low
1.0,High
0.9863814419945331,High
0.006449622335125596,Low
0.01877299917324708,Low
1.0,High
0.040335986317913616,Low
0.9851349968347614,High
0.011895103993381789,Low
0.0008711203278041743,Low
0.014777087656633181,Low
0.007659286047480761,Low
0.9839777195281783,High
1.0,High
0.014358594673798223,Low
0.0020417165918534016,Low
0.0011722731906218145,Low
0.0005946313285762827,Low
0.9344400757244792,High
0.02259307000740912,Low
0.9839118210400313,High
0.000655307994757536,Low
0.04921254706986239,Low
0.0,Low
0.0003086595627481148,Low
0.9822138488422892,High
0.006338037215741513,Low
0.0,Low
0.010184799444558544,Low
0.0018696352186877779,Low
1.0,High
0.0030581039755351682,Low
0.012823337644858195,Low
0.011436694264028806,Low
0.0,Low
0.013372756214265376,Low
0.0,Low
0.05558405025395846,Low
0.005959051316234064,Low
0.9544658049179245,High
0.015548791893880786,Low
0.010290535207054847,Low
0.03147222895213651,Low
0.012338684904633985,Low
0.014908206866326816,Low
0.010563908229719313,Low
1.0,High
0.007055747427423998,Low
0.0,Low
0.1810725207514198,Low
0.9876146788990826,High
0.007784778766444433,Low
0.013061060893989661,Low
0.000993360323091282,Low
0.016075069171399448,Low
0.002948885976408912,Low
0.0003048881254452872,Low
0.859725238742255,High
0.0034393999381098004,Low
0.006708791923738968,Low
0.004615295520547255,Low
0.06309535378807991,Low
0.013350836844733106,Low
0.009851145510370135,Low
1.0,High
0.006720548599288754,Low
0.004421445895662915,Low
0.008423470570813123,Low
0.006624643085184997,Low
0.046320978781831224,Low
0.005916197769213102,Low
0.9999735610607303,High
0.9984709480122325,High
0.0003922992758039149,Low
0.006905221640949954,Low
0.9065042035729856,High
0.00663842096014778,Low
0.009685065326940686,Low
0.9944954128440368,High
0.0016493520363603312,Low
1.0,High
1.0,High
0.010196271942029163,Low
1.0,High
0.016465002535726535,Low
0.01605921707291879,Low
0.008030463409461477,Low
0.0,Low
0.000125675505843911,Low
0.855119869376503,High
6.623888779447541e-05,Low
0.9608752917408928,High
0.015179627895953996,Low
1.0,High
0.013275379622065918,Low
0.011078871836275213,Low
0.010065090787111992,Low
0.0,Low
2.1740075655463284e-05,Low
0.01623209994525467,Low
0.019896988036403496,Low
0.0,Low
0.011471363027526086,Low
0.10041314387902879,Low
0.14472311582403322,Low
1.0,High
0.9902142447991223,High
0.008785290923030476,Low
0.008119926583018529,Low
0.012940891705035474,Low
0.016504849567700024,Low
0.0008614866795988693,Low
0.002520125855172274,Low
0.04993616997102518,Low
0.006009512754063037,Low
0.0009174311926605505,Low
0.038624491632010434,Low
0.019264830382947556,Low
0.06343292930780244,Low
0.01958492894879836,Low
0.009146040392456676,Low
0.006016420265558334,Low
0.9455930537352557,High
0.01013625692963496,Low
0.9752725418587185,High
0.000125675505843911,Low
0.05667676018044118,Low
0.01610258929642557,Low
0.9931192660550459,High
0.047681286786869434,Low
0.9235364788117081,High
0.013252485679417563,Low
1.0,High
0.009671051631816757,Low
0.00016989466530750933,Low
0.006184430578022771,Low
0.05148062386809616,Low
0.9417176350662588,High
0.3750655307994757,Medium
0.014451022688483401,Low
0.0006442219564715198,Low
0.005092919313102799,Low
0.0,Low
0.011485775071640896,Low
0.9749974739136594,High
1.0,High
0.0,Low
0.011445699811400506,Low
0.0070771966897776595,Low
0.012115241880879918,Low
0.012385321100917432,Low
0.044948313871280156,Low
0.9925296658717878,High
0.03504402534522864,Low
0.8920740387082046,High
1.0,High
0.00011359224978463191,Low
0.94425240004053,High
0.025215686385940038,Low
0.011560559121617615,Low
0.9497468608633155,High
0.005960544969564796,Low
0.009686275276754672,Low
0.0,Low
0.9824413863404691,High
0.0,Low
0.011374167321250966,Low
0.9999656392811738,High
0.010786353102054884,Low
0.033780769208678056,Low
0.9423820445609438,High
0.018685612948122772,Low
0.9981083892934834,High
0.9999288813028946,High
0.006180029584418713,Low
0.011788306856293609,Low
0.9852774137177808,High
0.009859282321673818,Low
0.010297117550663065,Low
0.8925965499703447,High
0.003913785064998412,Low
1.0,High
0.00011603728266303945,Low
0.00347276924331759,Low
0.008500947764536835,Low
0.010038848061979064,Low
0.07903196446774428,Low
0.0001292156609381057,Low
0.0006848386330505471,Low
0.023333556846527433,Low
0.0,Low
0.030605420145054008,Low
1.0,High
0.006817490464601543,Low
0.01375151472165992,Low
0.010798557014233363,Low
0.0037377207138171806,Low
0.970960864127129,High
0.011479024386056583,Low
0.005917984354091478,Low
0.015805444906582734,Low
0.010681520314547839,Low
1.0,High
0.00010240823730407537,Low
0.0015123564456216538,Low
0.0,Low
0.007631148412110102,Low
0.000624661739579871,Low
0.00039113382530001404,Low
0.009697798674270716,Low
0.0022935779816513763,Low
0.0,Low
0.00037782875226037305,Low
0.0052427104052584295,Low
0.010757683323472458,Low
0.007041744445863989,Low
0.015576571900264076,Low
0.01740329062546151,Low
0.04594200867178666,Low
1.0,High
0.0012553802008608323,Low
0.00808053663700615,Low
0.07534928055030593,Low
0.008142201834862386,Low
0.007548965445475763,Low
0.9942316943270453,High
0.8191466102704635,High
0.9912535308757431,High
0.012260811486432004,Low
0.006028971840558979,Low
0.019619086166576725,Low
0.9990825688073395,High
0.8683831636062948,High
0.9866694400675434,High
0.008169508918745152,Low
0.008231436895652094,Low
0.9994903160040775,High
0.039045933894784654,Low
1.0,High
0.9786119631237081,High
0.9774852089153474,High
0.012635678102549156,Low
0.0,Low
0.00019070853900708074,Low
0.04397428696249141,Low
0.017603841101717452,Low
0.004704775346977182,Low
0.9938573531096601,High
0.8909674764298403,High
1.0,High
0.00772053180310061,Low
0.9351133616556541,High
1.0,High
0.9718089753426076,High
0.0,Low
0.9738603275034137,High
0.01110410230572343,Low
0.00961260595262719,Low
0.0092425685957529,Low
0.006178866237712143,Low
0.8783034890003649,High
3.9206461224809854e-05,Low
0.9862822193097422,High
0.004295907965632736,Low
0.0,Low
0.0005917789011332562,Low
0.006271428133565681,Low
0.0007814527686561269,Low
0.007373458036331843,Low
1.0,High
0.011587950473848673,Low
0.0,Low
0.9999735610607303,High
0.005242463958060288,Low
0.002343886523694334,Low
0.9897626645392898,High
0.0,Low
0.005904760772855153,Low
0.0817350285509802,Low
0.01438330595368977,Low
0.984333655239015,High
0.004008418006642333,Low
0.0,Low
0.011446364191701145,Low
0.0,Low
0.0030581039755351682,Low
0.013630322780387559,Low
0.002153399396219304,Low
0.025975537292706193,Low
0.010807177926341074,Low
0.950881345955478,High
0.012432356657743978,Low
1.0,High
0.006362020632786183,Low
0.990627109893165,High
0.003405349620735144,Low
0.0,Low
0.010009996187279692,Low
1.0,High
0.022418814620649485,Low
0.9813703042652621,High
0.005457640649778746,Low
4.2837603991976594e-05,Low
0.9999656392811738,High
0.9998991833854219,High
0.19272839368498446,Low
0.005445097244787334,Low
0.01866002812005142,Low
0.04041065967671473,Low
0.012212045933026664,Low
0.0066287933892860505,Low
0.01545362190811174,Low
0.005597944757205078,Low
0.00029336810816367643,Low
0.011341731186955289,Low
1.0,High
0.9583060288335519,High
0.0007372963009509446,Low
0.010137377585677147,Low
0.010441128968040652,Low
0.0070430799975309205,Low
0.9907222099749065,High
0.9971457696228337,High
0.0,Low
0.0013559220441813854,Low
0.011416588748742733,Low
0.022504426695834776,Low
0.01185904761066489,Low
0.008780299412199455,Low
0.06342994143789668,Low
0.0001239771881973717,Low
0.07010575361587344,Low
0.07120056953731298,Low
0.006706848256723555,Low
0.02450878052276637,Low
0.0007111343199359255,Low
0.006738333760713268,Low
0.00649597352758415,Low
0.8385849442908541,High
0.011518198140804025,Low
0.012815760079111673,Low
0.005764403710328806,Low
0.006496727335223689,Low
0.00016450452378038402,Low
0.8917977282656182,High
0.012448815112105263,Low
0.009934072253933132,Low
0.010556539455306118,Low
0.00463746693966896,Low
0.009798075348358989,Low
0.00990284597448015,Low
0.006349671273437538,Low
0.00456077232116088,Low
0.022294404267979465,Low
0.008573620239302804,Low
1.0,High
7.275309995072428e-05,Low
0.9993103312864162,High
0.9775538808795688,High
0.007364209077779953,Low
0.04531286695577107,Low
0.012441276511522648,Low
0.034009304192790434,Low
0.010810573151398314,Low
0.010293088686783847,Low
0.020439178940038733,Low
0.009798916052481359,Low
0.0,Low
0.01031417811982153,Low
1.0,High
0.0002698327037236913,Low
0.00835805225974693,Low
1.0,High
0.003916414339556844,Low
0.013847441783982308,Low
0.009837718800334988,Low
0.008421121436428078,Low
0.006485835281503478,Low
1.758730458579907e-05,Low
0.0,Low
0.9863679983899548,High
0.008376597717889126,Low
0.8707458260617544,High
0.9785429116896833,High
0.0,Low
1.0,High
0.012090896601940758,Low
0.013893223312772362,Low
0.0006302132846252201,Low
0.006443048621281826,Low
0.002560786389773214,Low
0.0020642201834862386,Low
0.0001292156609381057,Low
0.9574828949581706,High
0.0,Low
0.025411482317827923,Low
0.008561965986046305,Low
0.031856843830452376,Low
0.004204892966360856,Low
1.0,High
0.012875795073990549,Low
0.12169632876580375,Low
0.9898689167657881,High
0.008256880733944955,Low
0.006060668387504701,Low
0.0008549821140574739,Low
0.010362331577849389,Low
0.9848504106661803,High
0.0045871559633027525,Low
0.9646956458424351,High
0.0,Low
0.03475217391029869,Low
0.06755222391749936,Low
0.07472686604235108,Low
0.9873853211009175,High
1.0,High
0.0,Low
0.0005119757340275354,Low
0.02746181014425157,Low
0.9456749672346002,High
1.0,High
0.013281663195122521,Low
0.020822410561952404,Low
0.9795762341633902,High
0.9843399934991706,High
0.0,Low
0.03296264677776697,Low
0.9919033056647735,High
0.02489728577584224,Low
0.973946719360067,High
1.0,High
0.011466062697892115,Low
0.017279923184538408,Low
0.0,Low
0.038239041794087665,Low
0.023777000599327008,Low
0.0001131093107715696,Low
0.010057641072847553,Low
0.027058937436192754,Low
0.9914536915683706,High
0.0,Low
0.0076684975486818584,Low
0.00899960681569852,Low
0.021820732430211563,Low
0.006384664156709551,Low
0.9981651376146788,High
0.008042615964873857,Low
0.0,Low
0.0246984357853879,Low
0.005024027959807777,Low
0.008486133022051994,Low
0.9969418960244647,High
0.004032247060154481,Low
0.008688054661177674,Low
0.9548848229135529,High
0.008876641143796654,Low
0.0,Low
0.01035269654208985,Low
0.00884446097401883,Low
0.0076701691123706225,Low
0.007534581627726568,Low
0.012985102637307237,Low
1.0,High
0.0,Low
0.027233946042966455,Low
0.009886027231333402,Low
0.009580906576194547,Low
0.04248742163912154,Low
0.862068588903451,High
0.0007831729693443724,Low
0.9764089121887286,High
0.9913189306500938,High
0.7473448999590623,High
0.009762145282744395,Low
0.9953120274221192,High
0.0,Low
1.0,High
0.009376245485953878,Low
0.014178979625702939,Low
0.008733936586510425,Low
0.01909650687096877,Low
0.0002943314623131321,Low
0.9958278724333771,High
0.011931782963358036,Low
0.02322497771725955,Low
0.9954128440366973,High
0.0,Low
0.0021474989867125006,Low
0.01312950902104174,Low
0.00656898050222983,Low
0.037213881938652583,Low
0.011506196927135946,Low
0.0010212417242007417,Low
0.8694617301641098,High
0.000125675505843911,Low
0.0,Low
0.00599834837279017,Low
0.010302176093877862,Low
0.003941238042981829,Low
1.0,High
0.010263990792842492,Low
0.9567428465506826,High
0.008726046709700461,Low
0.011946673983621951,Low
0.9988532110091743,High
0.007376570314053547,Low
0.0,Low
0.9990825688073395,High
0.0,Low
0.0010218271815912185,Low
0.004667998904110392,Low
0.0009174311926605505,Low
0.007233678560567739,Low
0.010205239950829063,Low
0.6580447257103441,High
0.0,Low
0.9977064220183486,High
0.010836770486772418,Low
0.9539215642484716,High
0.0010530056730680636,Low
0.9997841978099323,High
0.00011299145283181755,Low
0.018313255306304132,Low
0.0061088987354400255,Low
0.9910550458715597,High
0.008063237181945843,Low
0.8582742350888004,High
0.6002313435799674,High
0.8967719157766672,High
0.9998991833854219,High
0.013524619460246572,Low
1.0,High
0.005644671410329486,Low
0.008099374982942727,Low
0.010554317436483515,Low
0.0,Low
0.026183195618447595,Low
0.02495905452998265,Low
0.0,Low
1.0,High
0.006995910100869267,Low
0.015277472765653357,Low
0.0017085385284666267,Low
0.002038735983690112,Low
0.00498985680204814,Low
0.005864290357912708,Low
0.007191824258720321,Low
0.040485750557233774,Low
0.2135527017856495,Medium
0.0,Low
0.00837337993301296,Low
0.004849279161205767,Low
0.010262533389181275,Low
1.0,High
0.009921362270622656,Low
0.020119240356693137,Low
0.011821881371049947,Low
0.006873195824305678,Low
0.9420408393360538,High
0.9948012232415903,High
0.000655307994757536,Low
0.0,Low
0.007117724282159703,Low
0.008556189190413363,Low
0.014538994233457793,Low
1.0,High
0.9771891536128342,High
0.9977064220183486,High
0.005958397166039664,Low
0.0068344082869475214,Low
0.021625648789111017,Low
0.010852619505401187,Low
0.006444474569208909,Low
1.0,High
0.000399048364661797,Low
0.9959060866133965,High
0.011361066933623716,Low
0.9849497597204018,High
0.0,Low
1.0,High
0.015926681440248894,Low
0.0029190992493744786,Low
0.9960681520314547,High
0.007186276356774612,Low
0.006483531154831051,Low
0.9593046322675419,High
0.9666158307015901,High
0.958635670226365,High
0.9621336769357205,High
0.9641879339096016,High
0.027727160717284212,Low
0.010977282656181737,Low
0.013454768453959105,Low
0.6514541396422128,High
0.0,Low
0.9852782336918667,High
0.00039009787265797697,Low
0.009552024821701574,Low
0.992038007863696,High
0.014647060942058048,Low
0.01006107441293806,Low
0.00604667459913534,Low
0.0,Low
0.023659397909567868,Low
0.0004932425766992207,Low
0.007668924903673803,Low
0.0187465528215569,Low
0.9875600698995195,High
0.004110769228124007,Low
0.021809793384384532,Low
0.010507852773881042,Low
0.007930428805759839,Low
0.9954128440366973,High
3.1896227139885365e-05,Low
0.0005733944954128441,Low
5.7009705083144155e-05,Low
0.005085037338884834,Low
0.02435613190544325,Low
0.991183489791157,High
1.0,High
0.0,Low
0.003257545539157027,Low
0.0057064729310891925,Low
0.9560412446880338,High
0.006838262533668388,Low
0.015770839003129415,Low
1.0,High
0.0005733944954128441,Low
0.019531175139997962,Low
0.005670234454638125,Low
0.009163196453582068,Low
0.03210515931735228,Low
0.011554297273190623,Low
0.8451222558619959,High
0.008415587754872588,Low
0.008499614306127723,Low
0.05024717747243611,Low
0.0003283502877835577,Low
0.0007329221615425716,Low
0.014240606789714323,Low
0.018559724764835105,Low
0.0020642201834862386,Low
1.0,High
0.004892966360856269,Low
0.008263654193004328,Low
0.008693949762964155,Low
0.0064852286789079585,Low
0.865271168350012,High
0.0020128848151266575,Low
0.012895193532593573,Low
0.9606778797145769,High
0.012104003261255485,Low
0.011050306022687337,Low
0.1626380535733645,Low
0.010135106178729354,Low
0.02422149718048155,Low
0.9927326219971221,High
0.002752293577981651,Low
0.0013552960800667223,Low
0.06329305760498422,Low
0.0005483817337362874,Low
0.9893152830610874,High
0.02319226046760589,Low
0.0042528871023843895,Low
0.0,Low
0.007863695937090433,Low
0.026732636384537444,Low
0.0036595271523962424,Low
0.003669724770642202,Low
0.010200374333459819,Low
1.0,High
0.0,Low
0.0006967631847818074,Low
0.0007632327984734399,Low
0.020507218927565705,Low
0.006862257159703499,Low
0.0035063692100723875,Low
0.018911320223069798,Low
0.0032874617737003054,Low
0.0007831729693443724,Low
0.9829318746933735,High
0.010831138512884668,Low
0.0627541949136603,Low
0.9169003187227945,High
0.010716635668780542,Low
1.0,High
0.9973787680209698,High
0.006375754382203138,Low
0.9816692530186554,High
0.012259357432336575,Low
0.9938670903274137,High
0.007748747436331346,Low
0.10023810635479306,Low
0.00017378176423474588,Low
0.0005685008388384925,Low
0.0014292979326478111,Low
0.008270502321285815,Low
0.0,Low
0.006748567053525132,Low
0.025993883792048932,Low
0.9724040867389492,High
0.007701467061816609,Low
0.006377468279528546,Low
0.014762668563774199,Low
0.013971754775647561,Low
0.01402826465071961,Low
0.0068042813455657485,Low
0.0006429794522928787,Low
0.006024628182699695,Low
0.008604022648814878,Low
1.0,High
8.799556004035619e-05,Low
0.011539572841448475,Low
0.01142656148952697,Low
1.0,High
0.0007842307892216798,Low
9.912172624109012e-05,Low
0.8776324470036606,High
0.011339671183819892,Low
0.002947255774844249,Low
0.018867682591751703,Low
0.00924508228600971,Low
0.05380356523043525,Low
1.0,High
0.033380281049358064,Low
0.011604345787459499,Low
0.016518143873736662,Low
0.6016156545412219,High
0.0,Low
1.0,High
0.006327554596185001,Low
0.005592555683838913,Low
0.0045871559633027525,Low
0.0004586475060080291,Low
0.0013761467889908255,Low
0.0001131093107715696,Low
0.009633539229778868,Low
0.9883409785932722,High
1.0,High
0.012335150481170535,Low
0.008970500988832024,Low
1.0,High
0.0695193832219933,Low
0.006638060694283012,Low
6.456376510848987e-05,Low
0.008028038752089253,Low
4.2837603991976594e-05,Low
0.001039563489478067,Low
0.006964355576104534,Low
0.0,Low
0.02400532269666857,Low
0.018196425403455313,Low
0.0,Low
0.010024849216767566,Low
0.028665659831314666,Low
0.011060157925161147,Low
1.0,High
0.011169778113941053,Low
0.0,Low
0.011637702105327922,Low
0.9902377568161261,High
0.007527966683728338,Low
0.03659302766509992,Low
0.010483572739599288,Low
0.9969418960244649,High
0.8721544760416784,High
0.9908256880733946,High
0.0,Low
1.0,High
0.9862712975098297,High
0.010359444618450028,Low
0.016211376902883098,Low
0.012366980518349514,Low
0.0004378752236862205,Low
0.013026157051552783,Low
0.008486750950890168,Low
0.0065475768085960975,Low
1.0,High
0.010782588845314448,Low
0.9535731306701164,High
5.582632517838941e-05,Low
0.8509325025776242,High
0.011507527339935424,Low
1.0,High
0.01360629386948649,Low
0.007089241034195163,Low
0.010609010193185222,Low
0.0022935779816513763,Low
0.005640068613742327,Low
1.0,High
1.0,High
0.0004932425766992207,Low
1.0,High
0.028635285099156225,Low
0.013227663348148773,Low
0.006375122687641117,Low
0.9849811005375425,High
0.9958060288335517,High
0.008010252753925447,Low
0.008293061741610772,Low
0.007070822783943893,Low
1.0,High
0.9877276448481209,High
0.01234527794231094,Low
1.0,High
0.01219073613611897,Low
0.9914136449686909,High
0.0019110488145077326,Low
1.0,High
0.007155581248493324,Low
0.015937576990144857,Low
0.003149306108450411,Low
0.9935015290519879,High
0.011322874004039035,Low
0.0001292156609381057,Low
0.030178753458569976,Low
0.00031542899064964546,Low
0.0,Low
1.0,High
0.023371653533804583,Low
0.0,Low
0.9918856410493242,High
1.0,High
0.013424914745041925,Low
0.006917570750969787,Low
0.8914462575858423,High
1.0,High
0.08869365245340874,Low
0.02872433377020533,Low
0.0,Low
0.000125675505843911,Low
0.00656830695776633,Low
0.00433073474739302,Low
0.007216433607230953,Low
1.0,High
0.0076922149736994745,Low
0.9984008218733122,High
0.006084366029792748,Low
0.007098550025136972,Low
0.007499446541876024,Low
0.000163826998689384,Low
0.9865549325095171,High
0.06747892312738223,Low
0.0387157925628188,Low
0.006025247297334224,Low
0.025351243274371014,Low
0.0,Low
0.9573849570409203,High
0.015902140672782877,Low
0.011324865468263952,Low
0.007302893572165467,Low
0.021753850270498035,Low
0.007562354933868753,Low
0.0005802974305189007,Low
0.010881129779887035,Low
0.010336623439419036,Low
0.016668499955433333,Low
0.006598097451144661,Low
0.01258483152584195,Low
0.00309641099314182,Low
0.01334531926952014,Low
0.013230206924146838,Low
0.9999656392811738,High
0.005450612982125728,Low
0.006618013743362397,Low
0.9249551110528719,High
0.016707175201125926,Low
0.015135597096834602,Low
0.011574278820938021,Low
1.0,High
0.04669533033860667,Low
0.011305172179336371,Low
0.001732537553553477,Low
0.9918856410493242,High
0.01642242877051318,Low
0.0,Low
0.0030667092216117567,Low
0.20432950077445491,Medium
0.9764437956251212,High
0.006671868508612383,Low
0.009710113263039033,Low
0.007583753470993552,Low
0.01038706117077842,Low
0.016370979225801514,Low
0.0013938743071945884,Low
0.9994266055045872,High
0.011961359603281709,Low
0.001418610279865117,Low
0.018474325396962404,Low
0.007034346526035099,Low
0.08236371493152507,Low
0.00601961929444217,Low
1.0,High
0.997591743119266,High
0.01127385082717949,Low
0.006021093140496318,Low
0.003801175758791009,Low
0.9726299694189602,High
0.0051925155426844425,Low
0.000125675505843911,Low
0.08261999805142675,Low
0.0,Low
0.9993446920052425,High
0.010560339474380159,Low
0.8404718612381338,High
0.006566192935940958,Low
0.00012671176939427686,Low
0.005118870692693894,Low
0.030895034443013992,Low
0.08425202991203774,Low
0.8995298508353102,High
0.8271395758652806,High
0.012123197903014417,Low
0.00934116536915177,Low
0.0001565398513058499,Low
1.0,High
0.01525669959083389,Low
0.970075327425754,High
0.0,Low
0.010670996926953658,Low
0.0,Low
0.0,Low
0.7306909293738207,High
0.8988735081259586,High
0.9856252825948244,High
0.012852187734617994,Low
0.9813296446387288,High
0.0,Low
0.010443012518481084,Low
0.02044430532275677,Low
0.0,Low
0.009511920689529633,Low
0.00023056985248944348,Low
0.020949377457404977,Low
0.0001529051987767584,Low
0.010568803331898876,Low
0.01251580302106663,Low
0.007677552207123524,Low
0.0009174311926605505,Low
0.006781442943138908,Low
0.006002003348672331,Low
0.006269113149847094,Low
0.9998991833854219,High
0.00011761938367442955,Low
0.9996177370030582,High
0.0,Low
0.0,Low
0.027402424615228762,Low
0.982670744138634,High
0.0,Low
0.9764127196677133,High
0.08773843958538483,Low
0.8766819859252553,High
0.0,Low
0.740719544552234,High
0.0007267445466033344,Low
0.0006496709949418051,Low
0.9999195235795911,High
0.0,Low
0.8905430851745019,High
0.0029580602883355176,Low
0.012886358671909131,Low
0.0015290519877675841,Low
0.012529420570659831,Low
0.9256774058466025,High
0.004444949477012939,Low
0.006247025053448168,Low
0.0,Low
0.009228330763553963,Low
0.010336254447702583,Low
1.0,High
0.07299243394500309,Low
1.0,High
0.02196277078834497,Low
0.00013532494370546868,Low
0.00010082853929275722,Low
0.008655630377047977,Low
0.0492105342077716,Low
0.011653801199130015,Low
0.009687388933120149,Low
3.169484120082516e-05,Low
0.004243647740244366,Low
0.08799376125717216,Low
1.758730458579907e-05,Low
0.0,Low
0.01603819437099542,Low
0.0,Low
0.031232075209073017,Low
0.00012816069183489785,Low
0.0017201834862385322,Low
0.015956494660245815,Low
0.0,Low
0.02347215062425717,Low
7.776778677291288e-05,Low
0.017428479097823194,Low
1.0,High
0.006730028063040518,Low
0.0,Low
0.0006305134854481157,Low
0.01576266981584642,Low
0.009956975909629908,Low
0.005133245958934033,Low
0.012844036697247705,Low
0.010321100917431193,Low
0.0061928998953114595,Low
0.9801678316586574,High
0.9789290992284498,High
0.0070238145039619075,Low
0.010515433107227337,Low
0.0,Low
8.047642040882022e-05,Low
0.9928498616572012,High
0.020877584673717267,Low
0.9911083366635238,High
1.0,High
0.006477695681673277,Low
0.0,Low
0.061662488820262845,Low
1.0,High
0.01346955796497081,Low
0.014057006475575192,Low
0.061619039052930036,Low
0.0018635870119009554,Low
0.011488666719578797,Low
0.014520830351838498,Low
0.016842090541395786,Low
0.0,Low
0.018802208445594062,Low
0.0007372963009509446,Low
0.03915279542765764,Low
0.010928680939380203,Low
0.9304499781564002,High
0.9752621231979031,High
0.018765470817008138,Low
0.9908256880733946,High
0.01644549107272783,Low
0.011899780452480403,Low
0.012428365279128814,Low
0.011202220814768581,Low
0.012243315273718951,Low
1.0,High
0.0,Low
0.01118729516852197,Low
0.009233340784996151,Low
0.017201834862385322,Low
0.9473945946532503,High
0.011962226080240296,Low
0.0,Low
1.0,High
0.952217125382263,High
0.0,Low
1.0,High
0.0,Low
0.9772729325539684,High
0.02500525875330293,Low
0.019838216323876945,Low
0.018995876747788416,Low
0.0776210854922782,Low
0.01600713470170009,Low
0.0,Low
0.9589214225160207,High
0.9270739284500752,High
0.014832241157321813,Low
0.9988532110091743,High
0.00037782875226037305,Low
0.11971044567275121,Low
0.01733144123858254,Low
0.020322960333252763,Low
1.0,High
0.9579869080226564,High
0.0060887820470267974,Low
0.016416249034640017,Low
0.016732499881869894,Low
0.9723732069081354,High
0.9551459880588321,High
0.026880229416256975,Low
0.007068299741875906,Low
1.0,High
0.002180221125994406,Low
0.93979820854031,High
0.011710751195598295,Low
0.0065375902037665195,Low
0.9956997624865019,High
0.0038897081775158505,Low
0.010535391213646998,Low
0.007043089483672203,Low
0.968476219742302,High
0.004620038801749367,Low
0.9981651376146788,High
0.014620914561494436,Low
0.9749481602207442,High
0.005306854122049321,Low
0.986393257608854,High
0.015592426507864805,Low
0.005479212442317129,Low
0.9996521088524223,High
0.1465497823802667,Low
0.0022935779816513763,Low
0.9857798165137615,High
0.0,Low
0.8828118429084935,High
1.0,High
0.9748798602009611,High
0.014051915755716541,Low
0.001276415546043593,Low
0.006886345828131062,Low
0.013645337595877364,Low
1.0,High
0.011832444578982347,Low
0.00031357878802411884,Low
0.022734289265516152,Low
0.009306619399743202,Low
0.012828610100368175,Low
0.9401363544712169,High
0.004520100415715114,Low
0.009769685423694665,Low
0.00580810977271403,Low
0.009047323206915269,Low
0.007560329892151811,Low
0.0004935080603518595,Low
0.0004932425766992207,Low
0.000800792392639141,Low
0.018782195993578128,Low
0.011407431404941434,Low
0.9552861511577107,High
0.014800743427060807,Low
0.03382465301493477,Low
0.9829318746933735,High
0.010458282969543788,Low
0.013678917564557231,Low
1.0,High
0.012505689642439487,Low
0.9369721130042231,High
0.9999656392811738,High
8.678977061937164e-05,Low
0.00816478543493668,Low
0.9829292267365662,High
0.010153811703610096,Low
0.9152534519506998,High
4.03537764975964e-05,Low
0.00032865722455996453,Low
0.011105114930858364,Low
0.008616174104773656,Low
0.012464395591665775,Low
0.01924294004375429,Low
0.8876371013530135,High
0.00590221618755576,Low
0.004622408798768158,Low
0.02248798602009611,Low
0.0007831729693443724,Low
0.016157731929006325,Low
0.017240854341031356,Low
0.0,Low
0.007287137226009817,Low
0.017671086958254513,Low
0.014341816894367334,Low
0.006158838226736893,Low
0.009237770790824332,Low
0.013104424330919852,Low
0.00011761938367442955,Low
0.996915457085195,High
0.007405138039658604,Low
0.014313724977644507,Low
0.00507645259938838,Low
1.0,High
0.0004722072315164598,Low
1.0,High
0.008348507031682535,Low
0.013378732051222945,Low
0.006707525064981467,Low
0.0038590359691277124,Low
0.8769439149026307,High
0.0006714110705972684,Low
0.01944522370330109,Low
0.0,Low
7.470938050981681e-06,Low
0.0,Low
0.965195806673323,High
0.00017329094269586697,Low
1.0,High
0.017538426771349026,Low
0.0008856148638032391,Low
0.010456254584824649,Low
0.023985655975773276,Low
6.34588642188266e-05,Low
0.00661065198161445,Low
0.012222065517066057,Low
0.999273573308137,High
0.9740670811015915,High
0.9395188739607346,High
0.006917278826335355,Low
0.0,Low
1.0,High
0.011227717764295257,Low
0.008857512820258524,Low
0.9965596330275229,High
0.9953289326471247,High
0.10353968436078473,Low
0.09365936802312214,Low
0.0007758882435800874,Low
0.7553501130713329,High
0.0017731980264564303,Low
0.015279007821163563,Low
0.009018703281221356,Low
0.013361263009056127,Low
0.7286517172231725,High
2.505824263678075e-05,Low
0.02961391731494712,Low
0.006063429796488648,Low
0.007322050268915199,Low
0.00041701417848206843,Low
0.0,Low
0.9666989064968138,High
0.01140162949792045,Low
0.01437147716686543,Low
0.02909868622402051,Low
0.007075571263552444,Low
0.000656870123522743,Low
0.012325791071851071,Low
1.0,High
0.03767446858580192,Low
1.0,High
0.053736059652854655,Low
0.01716360856269113,Low
0.03742561157710504,Low
0.015910507949297072,Low
0.012573595789308218,Low
1.0,High
0.06863317365610942,Low
0.6491801753045231,High
0.003019948054613552,Low
0.008682475925848126,Low
0.9390391476671083,High
0.005576621859122775,Low
0.0034197279773686734,Low
1.0,High
0.0,Low
0.000125675505843911,Low
0.011498252967235773,Low
0.01007813741744799,Low
0.015720544365662018,Low
0.0,Low
1.0,High
0.010178183005186588,Low
1.0,High
0.007706000852574042,Low
0.011474396700911969,Low
0.0,Low
1.0,High
0.010511028796352281,Low
0.0,Low
0.000978921218978282,Low
0.0013781540524552306,Low
0.0022935779816513763,Low
0.014194562903211456,Low
0.005368551355024702,Low
0.8868869285399344,High
0.012472938761719838,Low
0.008154943934760447,Low
0.012137077283206935,Low
0.0018566024609765644,Low
0.006809301792371679,Low
0.009324824147886525,Low
0.9445974299788403,High
0.01181458017537208,Low
0.0,Low
0.004655794677903592,Low
0.0503103717257259,Low
0.9994266055045872,High
0.0077726809378185525,Low
1.0,High
0.0,Low
0.006510780658176403,Low
0.022195321970624234,Low
0.010934672077830056,Low
0.9797295226338597,High
1.0,High
0.9953864050974276,High
0.0005946313285762827,Low
0.018706356609063928,Low
0.007282978497757137,Low
0.9807762507403512,High
0.010741001752042248,Low
0.014838923268145473,Low
0.009571900856524797,Low
0.9948194585034009,High
0.019022562054781415,Low
0.9039356540503329,High
0.0067032785456187976,Low
0.04396126481644175,Low
0.0012553802008608323,Low
0.010714830390629457,Low
0.0,Low
1.0,High
0.9563237221494102,High
0.009855156254653377,Low
0.02211118392311053,Low
0.7703416351960651,High
0.9964885143304175,High
0.0,Low
0.009820940553337203,Low
0.00023106474982792608,Low
0.009506887270715352,Low
0.8209827962243452,High
0.0114978326739388,Low
1.0,High
1.0,High
0.002226380375425712,Low
0.0023972750560746128,Low
0.012506129994696422,Low
0.013410364145658262,Low
0.9670319759149376,High
9.954765545361876e-06,Low
0.9964588164129449,High
0.00772140617878571,Low
0.8591882526081546,High
0.019175740257689908,Low
0.010052981437223206,Low
0.0,Low
0.010429438968091984,Low
0.007980468151575505,Low
0.9800786369593708,High
1.0,High
0.007685569430714884,Low
0.9877411451585896,High
0.0,Low
0.009744166025993366,Low
0.9940432894997536,High
0.009472190723871685,Low
0.003724423299731407,Low
0.009409130624726954,Low
0.9344200524246395,High
0.156221643351983,Low
0.8663167139944663,High
0.009439550154793893,Low
0.0,Low
0.8767845486863224,High
0.9839613493607838,High
0.0045871559633027525,Low
0.0175639487867512,Low
0.0,Low
0.0,Low
0.3698663501089133,Medium
0.01920204602273496,Low
0.02408742560774016,Low
0.017220319304636533,Low
0.0006848386330505471,Low
0.9001063553062433,High
0.001241483552370936,Low
0.008306076503933807,Low
0.9619171039115507,High
0.0001256815286252991,Low
0.02094404066881131,Low
0.9992354740061162,High
0.010563978297616329,Low
3.007387064756693e-05,Low
0.00036080878631394506,Low
0.0,Low
0.9713106159895152,High
0.0130998385642403,Low
0.007842893348858128,Low
0.0009174311926605505,Low
0.7498635705791965,High
0.006326723621740301,Low
0.9782874617737002,High
0.0003540814871446477,Low
0.028405603895570713,Low
0.0113811784095534,Low
0.9588378020441058,High
0.015106668227606436,Low
0.9958520398204177,High
0.009611653274548567,Low
0.13177697684578416,Low
0.9682274771143232,High
1.0,High
0.011108293218601678,Low
1.0,High
0.014040363902489738,Low
0.0004932425766992207,Low
0.008735264881560099,Low
0.0,Low
0.006969232187827065,Low
9.618253599923472e-05,Low
0.0017201834862385322,Low
0.9840668713151564,High
0.012254454299712015,Low
0.006513999245647656,Low
0.0001239771881973717,Low
0.019147362400703433,Low
1.0,High
0.9942660550458715,High
5.030854204295827e-05,Low
0.0046737060758178985,Low
0.8414878294937658,High
0.9970246750843214,High
0.0009174311926605505,Low
0.00880292127798392,Low
0.010816439038267586,Low
1.0,High
8.735685624074714e-05,Low
6.34588642188266e-05,Low
0.005382129107241429,Low
0.0004932425766992207,Low
0.8309155232263267,High
0.010505954746662839,Low
0.007797851764539704,Low
0.009800940697169342,Low
0.004986962521780744,Low
0.006561143451604023,Low
0.018273201222912833,Low
0.0027411891239379742,Low
0.010085178172781824,Low
2.505824263678075e-05,Low
0.9999656392811738,High
0.0,Low
0.010082052137965845,Low
0.010687631508621192,Low
0.9990825688073395,High
1.0,High
0.015218161698220111,Low
0.01082214969220286,Low
0.9999735610607303,High
0.9993446920052425,High
0.006793732972769412,Low
0.0,Low
1.0,High
0.00011298938696627742,Low
0.006147799232790926,Low
0.0,Low
0.0026697917408361888,Low
0.6646097353137423,High
0.7111474966502488,High
0.008341089430918002,Low
0.06591195866260169,Low
0.9938837920489296,High
0.0019236246948736505,Low
0.0006904425921742687,Low
0.9970183486238532,High
0.015399737876802098,Low
0.011640522685574228,Low
0.008233036147832233,Low
1.0,High
0.9579214217746642,High
0.009141943154084089,Low
0.009745958133574673,Low
0.011582568807339448,Low
1.0,High
0.030467207548995564,Low
0.0,Low
0.00578995999676507,Low
0.824603084894173,High
0.891542184558051,High
0.009181545844348339,Low
0.9861630059962807,High
0.0003717131128987589,Low
0.021404962720338063,Low
0.005112687276745561,Low
0.01089221603180973,Low
0.7366671427451246,High
0.0,Low
0.0005842388357516213,Low
0.009047346002621233,Low
0.00998420224598635,Low
0.02137098375630486,Low
0.00989910231379663,Low
0.006695251935014068,Low
0.0,Low
0.024054226191876447,Low
0.004101932371961957,Low
0.009342269457027111,Low
0.01739476755683495,Low
0.004807330210293829,Low
0.02337403581010856,Low
0.0,Low
0.0072596513630974495,Low
1.0,High
0.005727814576057638,Low
1.0,High
0.05195306377717218,Low
5.030854204295827e-05,Low
0.00014827979693710292,Low
0.9884656267740584,High
0.012289580486261938,Low
0.014165805706546502,Low
0.010693396994845573,Low
0.013798610853173868,Low
0.03835519120600106,Low
0.006181782559260521,Low
1.0,High
0.021453698251474865,Low
0.9922551256543496,High
1.0,High
0.9891437308868503,High
0.012153875209006756,Low
0.03392714501158249,Low
0.0,Low
0.0004932425766992207,Low
0.006031671967538293,Low
0.018652605146014016,Low
0.007360828680904586,Low
0.030967677874608864,Low
0.0,Low
0.0025273814951779147,Low
0.00714028022960191,Low
0.8695875849943242,High
0.009983395556289368,Low
2.1740075655463284e-05,Low
0.008400976160896032,Low
0.010567326753120354,Low
0.023981889013376185,Low
0.0004267757236198581,Low
0.007093463197595498,Low
0.007949337259559337,Low
0.011194601525265429,Low
1.0,High
0.021342732246717826,Low
0.013152851624038548,Low
0.01028312664604798,Low
0.010896334079576782,Low
0.018860676571865558,Low
0.000624661739579871,Low
0.017300313509811528,Low
0.00756350264464054,Low
1.0,High
0.9706294597349644,High
0.8912480602205132,High
0.08393373582770082,Low
0.03591889290723532,Low
0.0024894628084701008,Low
0.0038412769448795407,Low
1.0,High
0.9903194019707782,High
0.02381036015784905,Low
0.006133795255656135,Low
0.0025583501074097842,Low
0.023119072155473794,Low
0.02772599190430076,Low
0.004946881949291618,Low
0.0012671561655783563,Low
0.0012272654112345082,Low
0.0005917789011332562,Low
0.004710040159527292,Low
0.028426004253424782,Low
0.002652926820230969,Low
0.013859440009390595,Low
0.023191450765967108,Low
0.014458238469006277,Low
0.00815067318587233,Low
0.01670489296636086,Low
0.0006714110705972684,Low
0.019429600769003838,Low
3.714296326560933e-05,Low
0.8909625294857098,High
0.9907992491341248,High
0.006060531764139465,Low
0.008322032005904046,Low
0.00021638256864947532,Low
0.000873743993010048,Low
0.0011467889908256881,Low
1.0,High
0.0,Low
1.0,High
0.01108463591797351,Low
0.013208273338781485,Low
4.03537764975964e-05,Low
0.9948776758409786,High
0.008357874086732687,Low
0.886289500509684,High
9.954765545361876e-06,Low
0.9882412578114612,High
0.009897944189582916,Low
0.010368330825646295,Low
0.011989127386408541,Low
0.009602571170681824,Low
0.0009342032817267891,Low
0.9670811986178959,High
0.01936435124508519,Low
0.0016027618136130412,Low
1.0,High
9.912172624109012e-05,Low
0.9834435864659365,High
0.02285960603775304,Low
1.0,High
0.9934532304257074,High
0.006358489254999572,Low
0.02347966512327075,Low
0.9837060159781866,High
0.0,Low
0.008647700094220792,Low
0.0006853818654051029,Low
9.954765545361876e-06,Low
0.0028287461773700306,Low
0.0023122249571119564,Low
0.006635836165720406,Low
9.954765545361876e-06,Low
0.9990825688073395,High
0.010050486607050537,Low
0.016050644349843338,Low
0.007503529488754471,Low
0.003803742072756445,Low
0.009578262292337431,Low
0.022654667581305778,Low
0.0023740544020601968,Low
1.0,High
1.0,High
0.0,Low
1.0,High
0.9969418960244647,High
0.0,Low
0.004680178171950902,Low
0.0035096473043494413,Low
0.015053989745950359,Low
0.010495162881431026,Low
0.8111244787059327,High
0.03064421638516142,Low
0.006214693888393199,Low
1.0,High
0.03226510294784386,Low
0.02929147475257078,Low
0.00949140679981019,Low
0.0071549996978247845,Low
0.013688849026314565,Low
0.011824275888406843,Low
0.010316493283093054,Low
0.06561271210538976,Low
0.977741371778069,High
0.0017877159915657595,Low
0.005700202129796377,Low
0.00737018674744982,Low
0.0,Low
0.9601346200466027,High
0.8456929297154883,High
0.010207568933426954,Low
1.0,High
0.00013322841587377465,Low
0.015661100598591684,Low
0.01004088757043957,Low
0.9954465866501115,High
0.02406289684659832,Low
0.010440511831787683,Low
0.047568563381933576,Low
0.008824719493854034,Low
0.007568764923949224,Low
0.8968982088248144,High
0.013524828891801368,Low
0.06320373920374252,Low
0.037935593810322826,Low
0.0015290519877675841,Low
0.007426823940585409,Low
0.002621231979030144,Low
0.0012283981222456246,Low
0.011972048566251422,Low
0.02994938496581812,Low
0.9799147473949534,High
0.0,Low
0.009597136936859159,Low
0.007524916755799507,Low
0.9191131498470948,High
0.9604459897995175,High
0.0069823941458785075,Low
0.026250433027875768,Low
1.0,High
0.022385649047724457,Low
0.003936222219203592,Low
0.0,Low
0.0001292156609381057,Low
0.010317680555262556,Low
0.003089432243074133,Low
0.023921554999536646,Low
0.9493436493446168,High
0.014866680865302215,Low
0.0,Low
0.008732638728917658,Low
1.0,High
0.012585438651678348,Low
0.0045871559633027525,Low
0.9969418960244647,High
0.0009174311926605505,Low
0.006738404627655344,Low
0.017344694730455176,Low
0.02064187623149805,Low
0.01983267917017061,Low
0.0,Low
0.9971330275229356,High
1.0,High
0.0007645259938837921,Low
0.01871698637753684,Low
0.007901266733964143,Low
0.013224049487866919,Low
0.0188602693687414,Low
0.010073552108901733,Low
0.02547659670174583,Low
0.00010844340338777192,Low
0.012687316085169778,Low
0.7070016995817723,High
0.010401335800041187,Low
0.013621845293457585,Low
0.00604171186284591,Low
0.013386374371329984,Low
1.0,High
7.806262050884945e-05,Low
0.009211958061682164,Low
0.001834862385321101,Low
1.0,High
0.006763476327624745,Low
0.00677651443911162,Low
0.010675368488355784,Low
0.0060777143345950675,Low
0.010708712719180924,Low
0.022952162516382702,Low
0.017621357124654142,Low
0.0062705693898354445,Low
0.0005917789011332562,Low
0.010701730748031013,Low
0.013320694296266726,Low
0.013912883622719998,Low
0.0027048524300376238,Low
0.9552019730367469,High
0.00925778597211345,Low
0.015379741585649363,Low
0.01227219721524268,Low
1.0,High
0.001310615989515072,Low
0.9936216688510267,High
0.01912662005954127,Low
0.793723086997662,High
0.005135815794207591,Low
7.675126992335846e-05,Low
0.01149326158425901,Low
0.008501044953937786,Low
0.06910533665196288,Low
1.0,High
0.006191291833845624,Low
0.0,Low
1.0,High
0.011293159377299793,Low
1.0,High
0.0076452599388379195,Low
0.9998361730013107,High
0.0047692782324874955,Low
0.01161310335076336,Low
0.006282396231745147,Low
0.008292641763825565,Low
0.01067111941009112,Low
0.007232797221423617,Low
0.9628340965000551,High
0.0029743690785879453,Low
0.006015252014960075,Low
0.00825731300297851,Low
0.001310615989515072,Low
0.010318251222023235,Low
0.9940876656472987,High
0.0011044645905082134,Low
0.005417212756662298,Low
0.00527304499781564,Low
0.007056756471153206,Low
1.0,High
0.9837538226299695,High
0.01185019748416088,Low
0.0,Low
0.014885480122936681,Low
0.01247384297365706,Low
0.0014780308193393214,Low
0.9651859970678599,High
0.0,Low
8.841074117262986e-05,Low
0.11413793902326014,Low
4.2837603991976594e-05,Low
0.035254503839157854,Low
0.006561630080497576,Low
7.666695848810704e-05,Low
1.0,High
0.9659788472457619,High
0.008119318246143878,Low
0.023999462185397072,Low
0.9997091477197182,High
0.007248785687416785,Low
0.007560201946373211,Low
0.0055998375486461405,Low
1.0,High
0.012192620590410303,Low
0.0066076363902611195,Low
0.015579888430660029,Low
0.9597313237221495,High
0.883367394596237,High
0.0,Low
0.9818185171336521,High
0.8994619218616922,High
0.8725961720332551,High
0.04080880915926626,Low
0.020816954447857288,Low
0.0018601046859612318,Low
0.03719487530377619,Low
0.002705914849240839,Low
0.0203830460411735,Low
0.01233431350374822,Low
0.0070454614149587196,Low
0.012368060566169905,Low
1.0,High
0.00716381759402117,Low
0.012444079567430672,Low
1.0,High
0.006476430815726341,Low
0.9477391874180865,High
0.022808922034504416,Low
0.0076452599388379195,Low
0.007881121640686776,Low
0.9002321378926885,High
0.9997247706422018,High
0.010806442866132377,Low
0.003046215141255279,Low
1.0,High
0.9984709480122325,High
0.006400167148756346,Low
0.0,Low
0.036750747703252096,Low
0.012486920709062096,Low
0.8831310254200573,High
0.006966379927543394,Low
0.0,Low
0.0036827657151150385,Low
1.0,High
0.9579225523032863,High
0.9815578223751136,High
0.013574100528653179,Low
0.004644464090838271,Low
0.011579068441337723,Low
0.9335471616972476,High
0.010991884536390596,Low
0.05312126750988563,Low
0.010454653867464515,Low
0.00418088123283986,Low
0.004315328291102373,Low
0.015533863537772395,Low
0.0002598163365498169,Low
0.021863132051365895,Low
0.18143823556667593,Low
1.0,High
0.010204172430579025,Low
0.9522190614570486,High
0.9596184651230523,High
0.01626671101340476,Low
0.011722642330401219,Low
0.036976737378596636,Low
0.8419479167480564,High
0.013328185394630687,Low
1.0,High
0.011561517861401974,Low
0.008533320489426763,Low
0.004030144167758847,Low
0.8119333359528861,High
0.007244482561564694,Low
0.01120657893176771,Low
0.014532066145506504,Low
0.005606042819675168,Low
0.0,Low
0.0,Low
0.0,Low
0.01624629865120786,Low
1.0,High
0.020971858639604844,Low
0.0,Low
0.01170902670087525,Low
0.9689282216901001,High
0.13065749235474006,Low
0.00864614527897802,Low
0.01533885260113611,Low
0.0,Low
0.9772826561817388,High
1.0,High
0.01220907084297265,Low
0.0049746915533059165,Low
0.005963655913878638,Low
0.0004042627876811341,Low
0.027225536758011107,Low
0.027003667545651647,Low
0.000912891720472348,Low
0.0,Low
0.9877642934073283,High
0.0005008577635461332,Low
0.969943705259985,High
0.009113533956509885,Low
0.9713635790135008,High
0.010204804364497545,Low
0.9723953585220808,High
0.010579003852809158,Low
0.011348430291758152,Low
0.020032990063218896,Low
1.0,High
0.01411913257960214,Low
0.009299685900506768,Low
0.01226950504805983,Low
0.008846657929226736,Low
0.009846207687609715,Low
0.006801221074822701,Low
0.046776566352260074,Low
0.9755376871853674,High
0.011041126530509158,Low
0.9533821114288528,High
0.008759951018442631,Low
0.00881038809020918,Low
0.00011761938367442955,Low
1.0,High
0.9889143730886849,High
0.011791410388417094,Low
0.00823082317270918,Low
0.0004722072315164598,Low
0.01410578289053167,Low
0.9653489816384266,High
0.0069548335566624415,Low
0.008380796995606267,Low
0.009764089121887287,Low
0.005837681372053946,Low
0.000125675505843911,Low
0.0023771754219408777,Low
0.010956805297140637,Low
0.0,Low
0.9026032422896095,High
0.9830439056356488,High
1.0,High
0.0008923909684706284,Low
0.00887597246710297,Low
0.011079644153931659,Low
0.012137585771707446,Low
0.006483941159089797,Low
0.0024902462243574295,Low
1.0,High
0.0012553802008608323,Low
0.012134761952468678,Low
0.9994266055045872,High
0.007291742352943596,Low
0.01973732496658928,Low
0.9748502563748822,High
0.8946247596071387,High
0.0011467889908256881,Low
0.0009597816380898663,Low
0.8786084710857965,High
0.01809272961727052,Low
0.0004195222622688219,Low
0.08481441546304354,Low
0.008310544112910882,Low
0.10039992912181891,Low
1.0,High
0.008815897205771603,Low
0.021795667926074215,Low
0.013820320704523006,Low
0.010331758135574522,Low
0.01056389696279137,Low
1.0,High
0.008939751114456867,Low
0.00868290994146797,Low
1.0,High
0.009720333240125145,Low
0.959732239313519,High
0.012736656809240266,Low
0.010584882827689612,Low
0.0011906575963422266,Low
0.9996330275229357,High
1.0844340338777192e-05,Low
0.012613248073856545,Low
0.9605176933158585,High
0.0009174311926605505,Low
0.0007145214587316873,Low
0.00777042322178482,Low
9.954765545361876e-06,Low
0.005796530325190229,Low
0.009506365592340015,Low
0.8880965903113754,High
0.000125675505843911,Low
1.0,High
0.009630611671140972,Low
0.0007513951270604142,Low
0.005938753628596763,Low
0.005140527158875782,Low
0.9942660550458715,High
1.0,High
0.0,Low
0.2256482409477553,Medium
0.002594509058301763,Low
0.011276606467501078,Low
0.012609316493143013,Low
0.9998991833854219,High
0.012958715596330276,Low
0.005836786867148595,Low
0.9302027483220142,High
0.007027657967231989,Low
0.01590985017860355,Low
0.000655307994757536,Low
0.9911783653847371,High
0.01718164213272343,Low
0.008079878549499802,Low
0.9099073953229705,High
0.006822824192671234,Low
0.8471818131070945,High
0.01204709220094178,Low
0.0007026221484886127,Low
0.9945609436435123,High
0.1467362021261104,Low
1.0,High
0.00033729087965461414,Low
0.016077826576222445,Low
0.01083376354075069,Low
0.01205356330923873,Low
1.0,High
0.001310615989515072,Low
0.010618515894493561,Low
0.000109217999126256,Low
0.038838254426281735,Low
0.01206086245135635,Low
0.00650286316479866,Low
0.012740715772195682,Low
0.0,Low
0.028083588175331294,Low
0.010759136898000045,Low
0.014853647881170818,Low
0.9767318282840374,High
0.006157154408427625,Low
0.8817926138907292,High
1.0,High
0.9724279161205766,High
0.9499228874088042,High
0.01529957581581401,Low
0.006592280868430266,Low
0.020523920711849903,Low
0.01835062647359003,Low
0.012632028503855756,Low
0.006279976751830603,Low
0.00629500375677431,Low
0.012764784056202568,Low
0.011018949911418488,Low
0.9876856705985146,High
0.013133541726037486,Low
1.0,High
0.014051853990674053,Low
7.632539040437192e-06,Low
0.012457126299441726,Low
0.043565661617258694,Low
0.00964158600933562,Low
0.0062317068682273494,Low
0.007322008304909238,Low
0.011939887981206912,Low
0.9925674893219668,High
0.010560612565875626,Low
0.0007831729693443724,Low
0.009896502272180977,Low
0.011573108448052578,Low
0.009927231703996944,Low
9.618253599923472e-05,Low
0.01153315380208292,Low
0.017618352997157274,Low
0.0,Low
0.014409494684724041,Low
0.0034403669724770644,Low
0.00832249548005438,Low
0.011285336087419197,Low
0.009734964322120286,Low
0.011557210331854351,Low
0.00935658533771783,Low
0.032660829348149345,Low
0.008709119419123728,Low
0.010228235949906394,Low
0.9586757863717138,High
0.016695666890311038,Low
0.027007089115795392,Low
0.009197292897800934,Low
0.006783294900738715,Low
0.012763449825433489,Low
1.0,High
0.0009174311926605505,Low
1.0,High
0.018412334352701325,Low
0.010202978813930407,Low
0.8966309073388679,High
0.007125738226872591,Low
0.0001731384149675434,Low
0.016075025405949187,Low
0.9990825688073395,High
0.010726304371005533,Low
0.0,Low
0.011482517195224515,Low
0.9896024464831804,High
0.9870030581039755,High
0.007862505816114463,Low
0.010522776428250521,Low
0.011475638491789564,Low
0.011273923991482861,Low
1.0,High
0.8318578753200143,High
0.006991876828601678,Low
0.9984709480122325,High
0.010370875231424768,Low
1.0,High
0.0006223599408886078,Low
0.0,Low
0.022530846963522158,Low
0.997624508519004,High
0.004542475872751102,Low
8.047642040882022e-05,Low
0.01105695241368981,Low
0.001310615989515072,Low
0.010360540534625016,Low
0.011021285139025793,Low
0.9209715798180229,High
0.0011618403877045622,Low
1.0,High
0.9366480461600066,High
0.015111859347262465,Low
0.01781398079774391,Low
0.0001790774135876502,Low
0.006797166806914393,Low
0.011170788244182408,Low
1.0,High
0.9933377020532984,High
1.0,High
0.0003831624392876416,Low
0.010181780936221694,Low
0.011646561948031757,Low
0.010652378497250153,Low
0.010521437215475491,Low
0.0060788553955273775,Low
0.00665137614678899,Low
0.014135082696462783,Low
1.0,High
0.0030581039755351682,Low
0.021416827835892528,Low
0.9600587928071493,High
0.009979184735242825,Low
0.009461785097838002,Low
0.00042337206634940274,Low
0.001310615989515072,Low
0.9798004679631163,High
0.9999656392811738,High
0.006066015974986617,Low
0.9488767138474229,High
0.016790447065676423,Low
0.0,Low
0.0007851043050349379,Low
0.0009174311926605505,Low
0.9991346573915382,High
0.017201834862385322,Low
0.016547915967775655,Low
0.00125338165511776,Low
0.8514704714245999,High
0.8673157845075261,High
0.9514939174238302,High
0.0,Low
1.0,High
0.007837805657002896,Low
0.7758139231858031,High
0.9846809670357002,High
1.0,High
0.0021595838710477154,Low
0.0001292156609381057,Low
0.8924512856920567,High
0.980404545630367,High
0.9741082497963233,High
0.00011924083134329518,Low
0.9683486238532111,High
0.02583685774721814,Low
0.016670122268284238,Low
1.0,High
0.010549092632165163,Low
0.013277939250038246,Low
1.0,High
0.010742907578754965,Low
5.7308127535518395e-05,Low
0.0056386142411675244,Low
0.006334643949322849,Low
0.007088165493825512,Low
0.07841393495795063,Low
0.013041079644397505,Low
0.0,Low
0.011904126157694832,Low
0.013332608281736493,Low
0.002980065068896525,Low
0.0075921636219149925,Low
0.007793903954428428,Low
0.0007645259938837921,Low
0.01220330619833161,Low
0.0075770822706263535,Low
0.9708700175668439,High
0.0009088484751882834,Low
0.9931192660550459,High
0.006383265565296008,Low
0.002948885976408912,Low
0.0031598767732724906,Low
0.936004784844512,High
0.8907331506733331,High
0.009585861520251314,Low
0.007079276211368334,Low
0.016812252746870333,Low
9.912172624109012e-05,Low
0.025638611261805794,Low
0.008958836945832915,Low
0.0467491583789479,Low
0.011198460867513598,Low
0.010428289984137723,Low
0.018820332557294706,Low
0.03233230801464044,Low
0.012504486031307152,Low
0.037810345423419836,Low
0.010937661876388175,Low
0.945860637833115,High
0.8954760836265622,High
0.013733434723374313,Low
0.0,Low
7.275309995072428e-05,Low
0.017936806356879255,Low
0.017415860940564687,Low
0.016867253776440088,Low
0.9755024027959807,High
0.019892238240862094,Low
0.0,Low
0.006533176954485661,Low
1.0,High
0.006182888413694788,Low
0.01677034151366607,Low
1.0,High
0.9105351551178775,High
0.9979586030765855,High
0.0060788553955273775,Low
1.0,High
4.7047753469771816e-05,Low
0.0030581039755351682,Low
0.017338160675007902,Low
0.018043712467106985,Low
0.007781738953745088,Low
0.0062647738267755364,Low
0.0071977177585701565,Low
0.0,Low
0.006743208298488985,Low
0.006976297479558781,Low
0.012931906652248375,Low
0.009203419725741705,Low
0.027903565610416334,Low
0.0,Low
0.9946483180428135,High
0.005952380952380953,Low
0.012613987896365952,Low
0.0005817045605637549,Low
0.0045871559633027525,Low
1.0,High
0.0057146711895767486,Low
0.07273988001684513,Low
0.013193534294451725,Low
0.006674350344569571,Low
0.9999288813028946,High
0.004204892966360856,Low
1.0,High
0.006426595238255098,Low
0.006092368916876725,Low
0.9628058103975534,High
0.0,Low
0.02942352158043024,Low
0.010516485647196747,Low
0.010219708595634128,Low
0.0,Low
0.0,Low
0.022063445039248918,Low
5.582632517838941e-05,Low
1.0,High
0.017248608183618865,Low
0.0058016462430144225,Low
0.016494370355311656,Low
0.8409659319889746,High
0.9214176496286588,High
0.008692115619079985,Low
0.04860119030350714,Low
0.0013434988279616869,Low
0.022503367657971146,Low
0.006616371292871058,Low
0.014571073017047966,Low
0.02770406074196959,Low
0.007324420621614187,Low
0.9779407106089593,High
0.009935413503903699,Low
0.007693794139645128,Low
0.9999195235795911,High
0.9951346171396072,High
0.013557832326409858,Low
0.020707732634338137,Low
0.02619455920183548,Low
0.005762146129690751,Low
0.0045871559633027525,Low
0.0010827686429688071,Low
1.0,High
0.01876902955078441,Low
0.00026220930191723124,Low
0.0007926655511282942,Low
0.763945498170954,High
1.0,High
0.010761865992887643,Low
0.007619729886131565,Low
1.0,High
0.0,Low
0.9843389522854314,High
0.9561571410556737,High
0.9557412261540704,High
0.00017459933708930086,Low
0.005804241802850371,Low
0.0,Low
0.011523305349237296,Low
0.0,Low
0.025070370990078757,Low
0.9998991833854219,High
0.9977064220183486,High
0.001805924719197462,Low
0.8997884570617587,High
0.999900279218189,High
1.0,High
0.0,Low
0.007859790833934465,Low
0.004234951253299877,Low
0.9954128440366973,High
0.012983627008601808,Low
0.01769535916244841,Low
0.013171082403134268,Low
0.0,Low
0.014171258338290317,Low
0.010784032470288456,Low
0.005315275957477792,Low
0.00953105777605659,Low
0.0,Low
0.016956927934337125,Low
0.023162474566174242,Low
0.8922764791761572,High
0.9946218791035437,High
0.013849704922541712,Low
1.0,High
0.0006116207951070336,Low
0.00024668904887614106,Low
0.0,Low
0.011261370684219662,Low
0.009356725492204263,Low
0.012732313726153093,Low
0.017957668984993326,Low
0.9609568429066592,High
0.011043648765072127,Low
0.0070047111331515,Low
0.00985923392675113,Low
0.0,Low
1.0,High
1.0,High
0.006948695192694726,Low
1.0,High
1.0,High
0.0,Low
0.007693249297105668,Low
0.006387946072520272,Low
0.009070513344364001,Low
0.8344546381243628,High
0.9783215895568094,High
0.0,Low
0.02672810425104003,Low
0.0003643917948959857,Low
0.9162953254696377,High
0.00021470954406545514,Low
1.0,High
0.008221593571535379,Low
0.11037753021697976,Low
0.00019225616792302626,Low
0.00011498175743972252,Low
0.013667152026008635,Low
0.8858018630633426,High
1.0,High
0.8839710451295621,High
0.010635588328531677,Low
0.012962711022477709,Low
0.0031765206585949927,Low
0.02530735636208464,Low
0.011619272433183489,Low
0.008916470449848788,Low
0.9831088143072815,High
0.000109217999126256,Low
0.0,Low
0.006070666550964166,Low
1.0,High
0.9344418960244647,High
0.0,Low
0.9967234600262123,High
0.9317580429326364,High
0.0073884509071055985,Low
0.01273826491383142,Low
0.0007187668589763626,Low
0.0314810472070145,Low
0.0009675190507792306,Low
0.009377173539933704,Low
0.012505367609582058,Low
0.06463399334688424,Low
0.009863453504874546,Low
0.9964904616280763,High
0.004450983032656171,Low
1.0,High
0.010418119163400342,Low
0.0001529051987767584,Low
0.005083282763341059,Low
0.008169985828975415,Low
0.014929403344394559,Low
0.9743428717052571,High
0.0,Low
1.0,High
0.020306395860618033,Low
0.0,Low
0.009620255120299258,Low
6.34588642188266e-05,Low
0.005311082990614785,Low
1.0,High
0.006473885704147472,Low
0.965102984963077,High
0.005650141665716385,Low
0.007839449867383653,Low
6.34588642188266e-05,Low
0.004842394858318939,Low
0.976407106636107,High
0.0034718030892367576,Low
0.0037673238336911967,Low
0.0,Low
0.9995829858215179,High
0.013568687818654779,Low
0.02223678462210572,Low
0.012163804594997257,Low
0.0012553802008608323,Low
0.8902945156722984,High
0.0077929215122244265,Low
0.01665742608837486,Low
0.012803042398808143,Low
0.010361811438534001,Low
0.9676756841131844,High
1.0,High
0.011300915385405128,Low
0.006609818950447549,Low
0.9998991833854219,High
0.0014495787973013749,Low
7.043008146841226e-05,Low
0.0,Low
0.0082393324041074,Low
0.011214701171219962,Low
0.9773229622226492,High
0.005077332039928687,Low
0.0003086595627481148,Low
0.917099594441966,High
0.0,Low
0.0015290519877675841,Low
0.9941657110091744,High
0.011456652118590671,Low
0.010728479045717937,Low
0.8567457289780828,High
0.9037606631833646,High
0.7955377478342776,High
0.0035062871611501183,Low
0.013530405803022784,Low
0.009327217125382262,Low
1.0,High
1.0,High
0.9630974066960103,High
0.0,Low
0.0064025744585042765,Low
0.0063990786304798306,Low
0.009371447251438254,Low
0.0132595941643054,Low
0.013574248375509,Low
1.0,High
1.0,High
0.0001291299389219909,Low
0.9819459337807963,High
0.9892947083639324,High
0.9609804778180386,High
0.0076821857913266685,Low
0.006192171124007693,Low
0.01199523959637814,Low
0.9990655793408088,High
0.9963302752293578,High
0.011246716871622249,Low
0.007277085940050693,Low
0.0004932425766992207,Low
0.0,Low
0.8205477498869923,High
0.9859868544136786,High
0.007959803484528594,Low
0.01462971383558767,Low
0.005680136468341232,Low
0.0,Low
0.006931042486997087,Low
0.9977064220183486,High
0.008655526430755789,Low
0.005870206916949749,Low
0.000649713490361862,Low
4.2837603991976594e-05,Low
0.008376315790760838,Low
1.0,High
0.02237499254589944,Low
0.00697793687957935,Low
0.013630329060227066,Low
0.01086457362297862,Low
0.006909317515835843,Low
0.0,Low
0.0013326760880106167,Low
0.010173585153431981,Low
0.00805299524272748,Low
0.04334511189145713,Low
0.011912602141671743,Low
0.007554984875499226,Low
0.992641061755754,High
0.009752979015079617,Low
0.010008714758189466,Low
0.8794129913817273,High
0.0028669724770642203,Low
0.006552457441920107,Low
0.012644312624730423,Low
0.06753034257756331,Low
0.010020410893448368,Low
0.008384472926939973,Low
0.0011324548817433129,Low
0.9936653560506772,High
0.00648607950350973,Low
0.00828485587108858,Low
0.007187553475236732,Low
0.008781127129750982,Low
0.010097963723822592,Low
0.9641898063137876,High
0.013896595679744914,Low
0.010513512564942465,Low
0.014241839278359938,Low
0.9279426159109163,High
0.009637274920528568,Low
0.026758409785932722,Low
0.011681674420445883,Low
0.016081685075465833,Low
0.0038098082149422806,Low
0.0024671285889894686,Low
0.005526430755788555,Low
0.724969823903985,High
0.9290008192073997,High
6.34588642188266e-05,Low
0.006593300653265109,Low
0.007793115071602275,Low
0.012058266715226177,Low
0.01136028030349792,Low
0.0,Low
0.026681593667911487,Low
0.9908412623099854,High
0.8913099824732107,High
0.0001292156609381057,Low
0.0,Low
0.00783782114206652,Low
0.9899742156144294,High
0.0007285483000539665,Low
0.0005435828610436658,Low
0.977799783338374,High
0.001430852015938745,Low
0.968268530653852,High
1.0,High
0.000125675505843911,Low
0.0045871559633027525,Low
0.0013836177270418074,Low
0.0,Low
0.007262030906980233,Low
0.0049262588651692325,Low
8.160913141993633e-05,Low
0.013663053339513485,Low
0.893509304598565,High
0.014269136208285552,Low
0.011892181783633854,Low
0.011707447892409824,Low
0.010892016227078317,Low
0.014822241172272687,Low
0.011463159152521944,Low
1.0,High
0.8847650011075834,High
0.012914983596144236,Low
0.9150356778797146,High
1.0,High
0.9885215756879232,High
0.0006681895129284831,Low
1.0,High
0.011826747455095396,Low
0.005996514709530088,Low
0.9822693234023644,High
1.0,High
0.9078203639214781,High
0.00506329726322937,Low
0.9900611620795107,High
0.005429652949421625,Low
0.009557677955270467,Low
0.011220701719381963,Low
0.0006209899148397011,Low
0.010341176896791138,Low
0.007922373131542865,Low
0.006728066402982782,Low
0.016825147906048193,Low
0.006140429729777019,Low
0.011845342857141132,Low
0.0021580984864709614,Low
0.9846275666229795,High
0.013355538072854311,Low
1.0,High
0.0045871559633027525,Low
0.9590045493643674,High
0.006040029217732688,Low
0.00010371654539170652,Low
1.0,High
0.02068623400002668,Low
0.006991017174125452,Low
0.013102945662278825,Low
0.0,Low
0.013986680321080061,Low
0.09330734147852723,Low
0.0083374665661549,Low
0.001965923984272608,Low
0.9753321423753201,High
0.0023463039122640513,Low
0.01255129879501374,Low
1.0,High
0.0,Low
0.9851572739187419,High
0.015609096244718592,Low
0.04276452860294017,Low
0.02390725470628932,Low
0.007417675428970627,Low
0.9954128440366973,High
0.008888821822883416,Low
0.9949297644251772,High
0.009489223824086209,Low
0.22873472093655592,Medium
2.505824263678075e-05,Low
0.0070581629610035205,Low
0.00756104313632502,Low
1.0,High
0.004805591961555264,Low
0.017980990808045112,Low
0.015378440366972477,Low
0.012138975865699834,Low
0.007719572023552153,Low
1.0,High
0.8782500560386332,High
0.010584248411037198,Low
0.01869651455558523,Low
0.01041503826908857,Low
0.020988427179184973,Low
0.0,Low
0.0,Low
0.9511099860483798,High
0.007186544342507645,Low
0.0063346427708715035,Low
0.00616555580223173,Low
0.01387086788561486,Low
0.0060941668920949845,Low
0.007026901786891277,Low
1.0,High
0.013298765579817505,Low
0.013060843425877496,Low
0.01243770605965554,Low
0.0014920333270918207,Low
0.0,Low
0.0064319731141692146,Low
0.006053172379350405,Low
0.9923843413152876,High
1.0,High
0.009856803248562309,Low
0.007578918322438728,Low
0.010212520105906047,Low
0.019815325333157826,Low
0.0003560886766049097,Low
0.5860167915672504,High
0.01080485725758768,Low
0.001310615989515072,Low
0.011281951901063264,Low
0.009762505424976945,Low
1.0,High
0.9044642511638219,High
0.0009174311926605505,Low
0.016658505616180628,Low
0.13517266372770964,Low
0.9998088685015291,High
0.013380638612505038,Low
0.9733840484737972,High
0.028925265778188474,Low
0.013330273962939624,Low
0.010705090175290664,Low
0.007012838579187377,Low
0.9993446920052425,High
0.00019138696647011744,Low
0.00938016503247555,Low
0.9999288813028946,High
0.999788285109386,High
0.007583339416352952,Low
1.0,High
0.9704128440366973,High
0.0034403669724770644,Low
0.052342726081258194,Low
0.007298162013497238,Low
0.005913082444176319,Low
0.9973241590214067,High
0.0034403669724770644,Low
0.01725644386194845,Low
1.0,High
0.0,Low
0.0,Low
0.9783450418376075,High
0.011362695730699071,Low
0.008144511340468908,Low
1.0,High
0.00873713679357113,Low
0.9990443425076452,High
0.01249630455542618,Low
1.0,High
0.012122125613321507,Low
0.006363218598994541,Low
0.005966517898049777,Low
0.010780530990110223,Low
0.017487900623040974,Low
6.456376510848987e-05,Low
0.006835047984535303,Low
0.001176862861473255,Low
0.9961136595310907,High
0.07607973480042392,Low
1.0,High
0.004686277689543842,Low
0.007781428735655233,Low
0.006468100927599229,Low
0.06788265678957286,Low
0.005037052980231435,Low
0.012366825636786531,Low
0.012588263054285873,Low
0.991743119266055,High
0.010154852033913593,Low
0.9817143378252791,High
0.9606027509697236,High
0.0023131879165150166,Low
0.007016194384757699,Low
0.012882262996941897,Low
0.010216457809329173,Low
0.0565085557402406,Low
0.024020016680567143,Low
0.016512559237491845,Low
0.03730129812915999,Low
0.01044541923498739,Low
0.010940348230835279,Low
0.005446509222647736,Low
9.318486751855643e-05,Low
0.996114399703354,High
0.981829765545362,High
0.008817541744807875,Low
0.2579234348729762,Medium
0.018636068207989628,Low
0.8869479258136429,High
0.8042577394507439,High
0.008439334428351087,Low
0.006027866517402068,Low
0.01317706797083672,Low
0.017061199446788175,Low
0.8239848112342407,High
0.0010455918844954485,Low
7.144479186309314e-05,Low
0.012765990099787848,Low
0.00767704137750446,Low
0.012568767859337273,Low
0.908419843152689,High
0.04772101787650191,Low
0.012024311928062203,Low
0.04521495981247387,Low
0.48311712434492504,Medium
0.0018694897950646014,Low
0.009392747924858016,Low
0.009001929440112117,Low
0.9887058280200106,High
0.008919264118611568,Low
0.007808816095646283,Low
0.000163826998689384,Low
0.9902896889475458,High
1.0,High
0.9989806320081549,High
0.00599957206771903,Low
0.005135815794207591,Low
0.04717787948894333,Low
0.03361688432282245,Low
0.0010904559186619136,Low
0.010256928685861156,Low
0.9959829990151868,High
0.012326786124778055,Low
1.0,High
0.161249861553488,Low
0.003669724770642202,Low
9.407444231197174e-05,Low
0.007865760113583854,Low
0.010129287537880003,Low
1.0,High
0.0,Low
0.010042638629454816,Low
0.011406214240006362,Low
0.012817446910540894,Low
0.0012659781300099187,Low
0.0038663171690694626,Low
0.007714759792296003,Low
0.0,Low
0.009967716478018519,Low
0.0,Low
0.015625789151361133,Low
0.011707550906508905,Low
0.00240662371439187,Low
1.0,High
0.009343878394257269,Low
0.006211428293839002,Low
0.019024640213473065,Low
0.012737969406011575,Low
0.00041701417848206843,Low
0.016580469538104072,Low
0.013121378097794829,Low
1.0,High
0.99969580657745,High
7.02968487219312e-05,Low
0.0,Low
0.9771480773442518,High
3.288283844661471e-05,Low
0.023423522367002462,Low
0.007830315333723817,Low
0.0,Low
0.012607150005496927,Low
0.05139794476549896,Low
0.00928508330672895,Low
0.9917076066861505,High
1.0,High
0.0,Low
0.0017414203194019708,Low
0.0006116207951070336,Low
0.013697974268264673,Low
0.027205020838551437,Low
0.01638962781155267,Low
0.001310615989515072,Low
0.8997695560344842,High
0.9576389477344294,High
0.012579628869952864,Low
0.006945783589668318,Low
0.9626740570890416,High
0.006137726903240124,Low
0.010263504758917602,Low
0.006071881035400531,Low
0.0,Low
0.0,Low
1.0,High
0.012495644719441375,Low
0.004729945312254878,Low
0.0005541845557095082,Low
0.017906407660436396,Low
0.005668414154652686,Low
0.021593045159937242,Low
0.017948375375470834,Low
0.006830687583954197,Low
0.014802923643162508,Low
0.008626851264777032,Low
0.00829701161174538,Low
0.053566853660308014,Low
0.0,Low
0.007408635282722431,Low
0.01074323250273003,Low
0.9876146788990827,High
0.011957493741537801,Low
0.9104284221885908,High
0.002343886523694334,Low
0.9720208441971894,High
0.009193759961052792,Low
0.015201053305443352,Low
0.0059252493241002575,Low
0.011926875356804652,Low
0.006486272583536506,Low
0.010514443393274306,Low
0.8340991701420731,High
1.0,High
0.010033144357072877,Low
0.014428740469019187,Low
0.009378121170139869,Low
0.9990825688073395,High
0.0004932425766992207,Low
0.3005377513327703,Medium
0.0004463819949070905,Low
0.03595678998959282,Low
0.8906790183727208,High
0.82479812797709,High
0.0068234463825693125,Low
0.03638415610892675,Low
0.9318807339449542,High
0.02277335837268928,Low
0.01632035356866758,Low
0.0,Low
0.9952339124211075,High
0.040265201159696576,Low
0.0001834862385321101,Low
0.9969418960244647,High
0.026023458741783877,Low
0.02996360974499908,Low
0.9419801223241588,High
0.009718972833365397,Low
0.006375810242712149,Low
0.0,Low
0.006253083781593985,Low
0.0077981651376146785,Low
0.07643678474812807,Low
0.01324620764977741,Low
0.8833785847160287,High
0.0,Low
0.007891535138966406,Low
0.08502484720040056,Low
0.007286149403637266,Low
1.0,High
0.0051391849137737405,Low
0.0045871559633027525,Low
0.014664265630582771,Low
0.008654676516730546,Low
0.0,Low
0.006468262110226402,Low
1.0,High
0.9934572786993807,High
0.014192152121816222,Low
0.9942356120385056,High
0.0,Low
0.011687198309935466,Low
0.010088496878584086,Low
0.013066627609178767,Low
0.0,Low
0.010482407500756123,Low
2.0119105102205054e-05,Low
0.9045525702635794,High
0.027595976592552248,Low
0.00016564872988900762,Low
0.021621846600042023,Low
0.008313747297027883,Low
0.9828838150421927,High
0.007415593170743959,Low
0.011119011866560388,Low
0.0012553802008608323,Low
0.005693972762007932,Low
0.004274843624664127,Low
0.0,Low
8.047642040882022e-05,Low
0.00016989466530750933,Low
0.0053625262975253215,Low
0.9751761161959179,High
0.005887912054169784,Low
0.036348659437727505,Low
0.03349316999542854,Low
0.011899115944134585,Low
0.02088442377150207,Low
0.9998991833854219,High
0.01553465331969561,Low
0.0,Low
0.007780289962376016,Low
0.040092107179263134,Low
0.0067730772428746715,Low
0.0,Low
0.9961960170060415,High
1.0,High
0.0058194404512442195,Low
1.0,High
1.0,High
0.006621506848961892,Low
1.0,High
0.007728762224121287,Low
0.0021549196241751165,Low
0.9751043665980903,High
0.01730775425535361,Low
0.07547845885001847,Low
0.00011933501207641025,Low
0.016990405390207672,Low
0.010650022144257752,Low
0.006788142127437127,Low
0.9938611243352375,High
0.0001863838410570062,Low
1.0,High
0.008270554113412711,Low
0.021826400759710644,Low
0.010284002171978992,Low
1.0,High
0.9327306485563367,High
0.0001395526468265807,Low
0.015663846442896565,Low
1.0,High
0.01480632008154944,Low
0.0021049748714845875,Low
0.03280048188305069,Low
1.0,High
0.022151068156855937,Low
0.017804538281623834,Low
0.0,Low
0.8935139229494116,High
1.0,High
0.9768613781462255,High
0.00610944971702936,Low
0.029471777724258044,Low
0.008189484326827024,Low
0.010531942670873724,Low
0.9362003058103976,High
0.9941810297358612,High
0.012528564843774523,Low
0.008581383336973933,Low
0.006247122430611883,Low
0.014267009212804533,Low
0.013957425400488619,Low
0.010422766170826131,Low
0.9930391141363323,High
0.9860929081112566,High
0.0,Low
0.0045871559633027525,Low
0.012055033012887142,Low
0.01845358202555581,Low
0.013683175932245151,Low
0.010292602893928358,Low
0.012582836649258888,Low
0.011002130700216193,Low
0.010295202739471997,Low
0.00010544534901928527,Low
0.00881695230731887,Low
0.00011708626645836505,Low
0.04689340985212544,Low
0.0007831729693443724,Low
0.9984361968306922,High
0.9972477064220183,High
1.0,High
0.0030581039755351682,Low
0.0022935779816513763,Low
0.004626745916956113,Low
0.006283695650095083,Low
0.00010381507503967191,Low
1.0,High
0.961994304030936,High
0.010022920874257287,Low
0.0011467889908256881,Low
0.000109217999126256,Low
0.0016010673081728747,Low
1.0,High
0.0040980237414093585,Low
0.011819209484542062,Low
0.02495689437940268,Low
0.0165343433225878,Low
0.009661734133148065,Low
0.009605426985835691,Low
0.0045871559633027525,Low
0.011107880495421019,Low
0.006627841442212512,Low
0.00023106474982792608,Low
0.0006990695304319634,Low
0.007419703138459414,Low
1.0,High
0.037619951492143845,Low
0.0032125709148957305,Low
0.002606986938076516,Low
0.0,Low
0.9603336775355124,High
0.9627770465053892,High
0.9854740061162078,High
0.0004932425766992207,Low
0.00979869551683318,Low
0.0027417611672663263,Low
0.01069286105664479,Low
1.0,High
0.8838591321997779,High
0.01273194498378062,Low
0.028292489505054554,Low
1.0,High
0.015561838748500189,Low
0.007890029057369229,Low
0.9977064220183486,High
0.006351311436401819,Low
1.0,High
0.9402979229470249,High
0.003568164977344607,Low
0.011516289371879963,Low
1.0,High
1.0,High
0.0034403669724770644,Low
0.013705701236312314,Low
0.012325635177220361,Low
0.01180498943388447,Low
0.08336715803807947,Low
0.9743851788920348,High
0.9989806320081549,High
0.98167424912966,High
0.000655307994757536,Low
0.012125003600105561,Low
0.005951068816512736,Low
0.9613586719091306,High
0.008728913673751063,Low
1.0,High
0.010545114058736654,Low
0.008409785932721712,Low
0.00018141430327518306,Low
0.001648418277093459,Low
0.007990144721177062,Low
0.0015290519877675841,Low
0.00019944156362185878,Low
0.004892821446104356,Low
0.014707770814907421,Low
0.00938257219297477,Low
0.00028669724770642203,Low
0.986691455842832,High
6.149002631773126e-05,Low
0.006378223604867069,Low
0.9969418960244647,High
0.00019845138794483385,Low
0.009319304901401926,Low
0.964912775994875,High
0.006018197532490992,Low
0.017017746770123052,Low
0.024611061763790187,Low
1.0,High
0.006471236844808885,Low
0.007314209609194698,Low
0.003669724770642202,Low
0.0046833384993019865,Low
0.010583400132157873,Low
0.008661221762260762,Low
0.006670769349555045,Low
0.0,Low
0.9880680655631163,High
1.0,High
0.9973787680209699,High
1.0,High
0.006948031299775443,Low
0.005958385927240662,Low
0.00016520657170943778,Low
0.005454647259839235,Low
0.00817241841787737,Low
0.8900295965450822,High
0.01118568334010382,Low
0.9047780485549802,High
0.006985743377736219,Low
0.010119090464200281,Low
0.009587660046375642,Low
0.004640694404328829,Low
0.0,Low
0.0,Low
0.9998361730013107,High
0.9777551070649001,High
0.9999735610607303,High
0.0007831729693443724,Low
0.008028559833415366,Low
0.010619187151099234,Low
0.8699840496495357,High
0.009131116403112035,Low
0.008987544987648031,Low
0.005052873107724198,Low
0.9905494789299666,High
0.006800449304783851,Low
0.008825286622848484,Low
0.02020532983835736,Low
0.9981651376146788,High
0.012136820098751467,Low
0.0007744807594291539,Low
0.9084150482544978,High
0.01879018958806839,Low
6.623888779447541e-05,Low
0.031633952405791255,Low
0.012967923532789343,Low
0.0007831729693443724,Low
0.9470784185233728,High
0.0046988389653702545,Low
0.010904045902631745,Low
0.0024464831804281344,Low
0.043771595377099966,Low
0.013769962081693071,Low
1.0,High
0.006487588182305355,Low
0.992840760157274,High
0.0003858698857500192,Low
0.9620976541435916,High
0.000109217999126256,Low
0.00018028335541155695,Low
0.0002148320216272006,Low
0.011541556367746638,Low
0.055397540795921164,Low
0.023024594791072227,Low
0.9779496314331618,High
0.001559125858415151,Low
0.010155376701300872,Low
0.008682875679147353,Low
0.003006076665235693,Low
0.04695410139064202,Low
0.0011663989256893285,Low
0.0073355838033180906,Low
0.010235076055957705,Low
0.01131702434933026,Low
0.0004722072315164598,Low
0.011626067700094906,Low
0.0009839652193175004,Low
0.0070583424361400195,Low
0.021710786589255585,Low
0.005784255930494647,Low
0.011687929804159924,Low
6.285967258086762e-05,Low
1.0,High
0.005850655935667763,Low
0.008696618887461906,Low
0.0019222367846221055,Low
0.9996293506816982,High
0.010751156053866591,Low
0.009854240125164905,Low
0.011568676585752218,Low
0.008776037657792125,Low
0.03259699814114665,Low
0.008236070095540475,Low
0.01967001977686246,Low
0.025748890731875033,Low
0.01159974789828108,Low
0.8800055859601995,High
0.06273320436728617,Low
0.043684540564942115,Low
0.0054158909151841,Low
0.8797661704654652,High
0.008037477701325178,Low
1.0,High
0.011634341997733484,Low
0.0063610356355720725,Low
0.964846303912264,High
0.012165830166268958,Low
0.011986686564680755,Low
1.0,High
0.0005946313285762827,Low
0.000125675505843911,Low
0.9261289817083594,High
0.007863691343536056,Low
0.9858121805150375,High
0.0007851946130773125,Low
0.9999656392811738,High
0.0,Low
3.007387064756693e-05,Low
0.009976097185816223,Low
0.012361268531522489,Low
0.8366493954902583,High
0.0067803169036166145,Low
0.00899158181268273,Low
0.01986195283670843,Low
0.006330801184896615,Low
0.9815022836410365,High
0.003693525240947324,Low
0.013737661742270412,Low
0.0012026153160040775,Low
6.623888779447541e-05,Low
0.007358641839045079,Low
0.005564888845746275,Low
0.0001292156609381057,Low
0.007454128440366973,Low
0.0,Low
0.0,Low
0.013213046720800236,Low
0.999976108562691,High
0.0001292156609381057,Low
0.05154792243497153,Low
0.0010514582778647725,Low
0.9698400503534634,High
0.04526321537789428,Low
0.000109217999126256,Low
0.0007831729693443724,Low
0.0,Low
0.9728281306529116,High
0.13437504137045422,Low
0.9582510874313827,High
0.0001289227944641438,Low
0.011272116267514306,Low
0.000655307994757536,Low
0.017840274084906134,Low
0.009831900497193598,Low
0.013652249890782002,Low
0.8560233726518129,High
0.0006652627603028979,Low
0.010475841464755876,Low
0.003813799239114606,Low
0.003282453966175019,Low
0.00048668912084079885,Low
1.0,High
0.01132515623774922,Low
1.0,High
0.011955758647336152,Low
0.012302058905287598,Low
0.009462418673555096,Low
0.9989806320081549,High
1.0,High
0.00741887646734023,Low
0.0001292156609381057,Low
0.9999656392811738,High
0.9821151885830784,High
0.026498309026023247,Low
8.31520098931758e-05,Low
0.9960244648318044,High
0.00032588506628549157,Low
0.0016530291759649558,Low
0.9954128440366973,High
0.006518400578670005,Low
0.0007346152672924957,Low
0.006865291796140564,Low
0.006819483797870468,Low
0.9706506965681279,High
1.0,High
0.015956420725865984,Low
0.0,Low
0.018892927591592185,Low
0.8722885141089087,High
0.018781855249745155,Low
0.0010665250883605225,Low
0.002752293577981651,Low
0.008434483328736218,Low
0.012599768364393667,Low
0.006462090794801815,Low
0.9363532110091745,High
0.0169630311857309,Low
0.00017378176423474588,Low
0.011547436633955827,Low
0.9757606263039704,High
0.027529775756897357,Low
0.9998361730013107,High
0.009097920214878812,Low
0.003289168725363094,Low
0.011059199195764237,Low
1.0,High
0.9984709480122324,High
1.0,High
0.9969418960244649,High
0.015452710177245504,Low
0.006807859932154293,Low
1.0,High
0.9988532110091743,High
0.019138093387911777,Low
0.00856269113149847,Low
0.0015290519877675841,Low
0.515613511181509,High
0.025183486238532112,Low
0.032919565144335784,Low
0.05893688919888757,Low
0.01077110663631584,Low
0.006991972496830866,Low
0.009391415638160873,Low
0.01014818484866104,Low
0.006696619420126386,Low
0.014524964805458073,Low
0.01080163511124246,Low
0.0021241674273211057,Low
0.010113182147488449,Low
0.0,Low
7.370982584545709e-05,Low
1.0,High
0.0071293948383110055,Low
0.03145627308471345,Low
1.0,High
0.028849025864453974,Low
0.011953399067606965,Low
0.017311116245907816,Low
0.001965923984272608,Low
0.0,Low
0.11237145881641294,Low
0.004019494109528836,Low
0.9953864050974276,High
0.8892290484577576,High
0.9990825688073395,High
1.0,High
1.7425703596343558e-05,Low
0.0,Low
0.006269113149847095,Low
0.014786109006199004,Low
0.9911038889913083,High
0.04064220183486239,Low
0.01766601135867191,Low
0.005612909064966257,Low
0.02874260201567271,Low
0.0,Low
0.0,Low
6.623888779447541e-05,Low
0.009304965306785542,Low
0.008154423327267788,Low
0.9844837629241299,High
0.8778349398535088,High
0.021854151345891894,Low
0.0022935779816513763,Low
0.010086137657112791,Low
0.005843891577395392,Low
0.006025007641570354,Low
0.005542875738680427,Low
0.9908256880733946,High
1.0,High
0.005473772547454629,Low
1.0,High
0.001310615989515072,Low
0.039799038881607685,Low
0.029923887958075747,Low
0.0004932425766992207,Low
0.005701086264016311,Low
1.0,High
0.2374617737003058,Medium
0.01591080554055392,Low
0.0006348845217305754,Low
0.013191947902772365,Low
0.9994221675252477,High
0.0,Low
9.618253599923472e-05,Low
0.01586929866081473,Low
0.005771398454176587,Low
0.005837795596188543,Low
0.006165474314770991,Low
0.9999160886104275,High
0.019446404767505684,Low
0.010139119779160467,Low
0.0,Low
0.019809863541582675,Low
0.03253886087227449,Low
3.526962942768087e-05,Low
0.0,Low
1.0,High
1.0,High
1.0,High
0.01732780732213389,Low
0.0032110091743119264,Low
0.010487154183703936,Low
0.003098320930569846,Low
1.0,High
1.0,High
0.005733944954128441,Low
0.012873558645327549,Low
0.021014182869069174,Low
0.0,Low
0.01430919233244481,Low
0.012938388489655247,Low
0.040489607154513274,Low
0.010649789449121937,Low
0.0,Low
0.004214960606972046,Low
1.0,High
0.008831209929883486,Low
0.015157043675767187,Low
0.9742737003058103,High
0.01167841510351018,Low
0.9999160886104275,High
0.012263370757517749,Low
0.019440069709130706,Low
0.0006367510184205381,Low
0.015923984272608126,Low
0.06425061115256923,Low
0.04704028835629022,Low
0.006272298881062881,Low
0.015542157934040962,Low
0.012081741851420257,Low
0.8967133983868156,High
0.008323471073717047,Low
1.0,High
0.01160470113827952,Low
0.015053398780500594,Low
0.008753941283589327,Low
0.00724778151341594,Low
0.9845183486238532,High
0.9876620066987039,High
0.9849716033202272,High
0.0,Low
0.007821298446798125,Low
0.013482978366648916,Low
0.8948204475424297,High
0.017878550148305434,Low
0.9651712726445392,High
0.9881498470948014,High
0.009231720131293772,Low
0.0082347611206215,Low
0.016849498507977297,Low
0.8854016618676656,High
0.007006334643949322,Low
0.016324450269404395,Low
0.007297105627187445,Low
1.0,High
0.0100137944262765,Low
0.011871231960387666,Low
0.0001292156609381057,Low
0.0057764186204553175,Low
0.008975311471474267,Low
0.010079609962717445,Low
0.005612284734861522,Low
0.014203800786369594,Low
0.006348619147339759,Low
0.013606247185864496,Low
0.9739208582077153,High
0.030722310571229625,Low
0.006365905777818452,Low
0.00018544367742807805,Low
0.0007962205955010282,Low
0.01272611497068388,Low
0.9999288813028946,High
0.01762862919808953,Low
0.0,Low
0.020976601649834246,Low
0.0006943522040467185,Low
0.9530796621429009,High
1.0,High
0.011551259991044376,Low
0.992737003058104,High
0.0076377146778531385,Low
0.9630364284034009,High
0.012472074094249877,Low
0.006497563913245488,Low
0.00822770742076978,Low
0.0045871559633027525,Low
0.008547830779699195,Low
0.011916287537389552,Low
0.006006140149697068,Low
0.007656239023184091,Low
0.9999134498874849,High
0.012423547400611619,Low
0.012157384573003952,Low
1.0,High
0.01066150810886643,Low
0.9630299007370311,High
0.017872967148612365,Low
0.0005946313285762827,Low
0.04977703811552761,Low
0.996177370030581,High
0.9981651376146788,High
0.006463698555277352,Low
0.0029098563114942863,Low
0.9958715596330275,High
0.0002821208597148641,Low
0.0004932425766992207,Low
0.013195479873556291,Low
1.0,High
0.013102564658836637,Low
0.010624290763527985,Low
0.009071351332206606,Low
0.9999656392811738,High
0.011689646313525143,Low
0.00942792482040619,Low
0.010048894573501475,Low
0.6663155926374179,High
6.34588642188266e-05,Low
0.006104929831410292,Low
0.011042849269449498,Low
0.00578067060686775,Low
0.0,Low
0.009846002621231979,Low
1.0,High
0.010859545653123635,Low
0.0031650479156859783,Low
0.015693607074696893,Low
0.00924941796410996,Low
1.0,High
5.582632517838941e-05,Low
0.0,Low
0.012669830276892216,Low
0.05108245771007883,Low
0.0,Low
0.0033738691386340468,Low
0.9659039421732452,High
0.0,Low
0.009161928760730633,Low
0.9671636085626911,High
0.0022935779816513763,Low
0.008187615813862792,Low
0.9917694876642654,High
0.001920710169038087,Low
1.0,High
0.0,Low
0.07896901326586063,Low
0.010468457639878572,Low
0.00017378176423474588,Low
0.022805324260101352,Low
0.007659090876669414,Low
1.0,High
0.005757924075131402,Low
0.009304658704944117,Low
0.006192960159637036,Low
0.8897523821298291,High
0.006581246740759485,Low
0.9579391527038779,High
1.0,High
0.007664002116927791,Low
0.10399972754219572,Low
0.9170139799038882,High
0.06881807294255884,Low
0.00596608944477902,Low
0.012131744740442405,Low
0.8942456037919877,High
9.469456154524776e-05,Low
1.0,High
0.9903014416775885,High
0.000125675505843911,Low
4.03537764975964e-05,Low
0.9833004409359221,High
1.0,High
0.0,Low
0.008343288098878694,Low
0.8891445259471508,High
1.0,High
0.017791612057667102,Low
0.0,Low
3.288283844661471e-05,Low
0.016416740485717982,Low
0.9744224684591658,High
0.1052926292048606,Low
0.02146666134216912,Low
0.011197878485096084,Low
0.9922733387910457,High
1.0,High
0.9745504556027257,High
0.015359763383171533,Low
0.9906524482256284,High
0.0005946313285762827,Low
0.029752803261977573,Low
0.9953864050974276,High
0.0,Low
0.9725425950196593,High
0.004040098933304208,Low
0.9624562667999889,High
0.9933741080530071,High
0.006880733944954129,Low
0.010541995992432907,Low
0.0050968399592252805,Low
0.01616886089512548,Low
0.9862385321100917,High
1.0,High
0.0106358825318691,Low
0.0062004702245897865,Low
1.0,High
0.012591002060911951,Low
0.0184592889385116,Low
0.04674551064667977,Low
1.0,High
0.007125212004166062,Low
0.0,Low
0.02930318916557449,Low
0.013316326530867059,Low
0.0,Low
0.000358721352609837,Low
0.0022935779816513763,Low
0.011123119422592713,Low
0.36568916557448666,Medium
0.014332726811645952,Low
0.011469792452913396,Low
0.008787169608760479,Low
0.8823252144826806,High
0.010127922904273279,Low
0.01062158493404619,Low
0.012940123988693502,Low
0.9546565826419839,High
0.013759266025374063,Low
0.004969418960244648,Low
0.00030017254737066217,Low
1.0,High
0.01374941877503877,Low
0.010945218309897147,Low
0.00597325751783894,Low
0.006799113201017054,Low
0.007338585468005565,Low
0.013453584152044371,Low
0.0,Low
0.009999956413332895,Low
1.0,High
0.016692790431322543,Low
0.8469009417240491,High
0.9330419077454208,High
0.9600111660896478,High
0.005892489313594078,Low
0.011072465042175,Low
0.04178304627869793,Low
0.006269334178387598,Low
1.0844340338777192e-05,Low
0.9887505460899956,High
0.017408248292993783,Low
0.9954706653994302,High
0.01740059884576481,Low
0.01957732634338139,Low
0.00590165042169142,Low
0.0017201834862385322,Low
0.0077981651376146785,Low
0.9834916994320665,High
0.9587726493689798,High
0.013517863710628877,Low
0.015192997567422418,Low
0.0061162079510703364,Low
0.0,Low
0.050554476038711535,Low
0.01298690968645418,Low
0.0007645259938837921,Low
0.009376399941734892,Low
0.009547993346328611,Low
0.004607955069186892,Low
0.0014114445288078293,Low
0.0007187668589763626,Low
0.012597047470964018,Low
0.010919338813467102,Low
0.013237460567736526,Low
0.19911697311624896,Low
0.0023776846235494847,Low
0.9940300674165958,High
0.0069954427789638346,Low
1.0,High
0.024433351322180243,Low
0.0004932425766992207,Low
0.011907110678936662,Low
0.9442985707238876,High
0.03396609022084389,Low
0.0001239771881973717,Low
0.00015817779183802593,Low
0.002515348495747404,Low
0.00949621371954643,Low
0.006088093534087906,Low
0.0,Low
0.0020488036243013026,Low
0.006239939218306191,Low
0.0008188688232451725,Low
0.9366767279611318,High
0.0,Low
0.01050104266308511,Low
0.009225808065279166,Low
0.9725006308804692,High
0.0,Low
0.7344396581926523,High
0.011868272311618518,Low
0.9753528581510235,High
0.00010659266429207182,Low
0.018115266396869282,Low
0.000109217999126256,Low
0.009550434813475206,Low
0.00010853777978750308,Low
0.002718831042079139,Low
0.9937470782663659,High
0.8643620131655789,High
0.00036080878631394506,Low
0.012865183160908322,Low
0.9951899700591051,High
0.01886312991792409,Low
0.9628995112573228,High
1.0,High
0.9645205329838358,High
0.0,Low
0.005499617086070351,Low
0.01533298454073959,Low
0.7524303633475152,High
0.009914931689720793,Low
0.9652522566107645,High
1.0,High
0.007014122743596569,Low
0.0,Low
0.0,Low
0.0001131093107715696,Low
0.0021499771480743934,Low
1.0,High
0.02146680183545382,Low
0.03136682169365691,Low
1.0,High
0.07886029430987213,Low
0.00016564872988900762,Low
0.0,Low
0.972762229190054,High
0.9252359935557062,High
0.010425847572141586,Low
0.13105794624311068,Low
0.4384115170601166,Medium
0.0205433376567178,Low
0.0,Low
0.8599297364205621,High
0.010312958982927459,Low
0.006557572943455864,Low
0.01043178109311599,Low
0.014156893191926968,Low
0.02523807053288773,Low
0.9673496972047829,High
1.0,High
0.01135411175551284,Low
0.014266208782440908,Low
0.0,Low
0.9673873171540049,High
0.0013180869275660537,Low
0.013914373088685015,Low
0.007567134257912549,Low
0.029677147740586038,Low
0.011092704741626104,Low
0.004488094310930057,Low
0.0031992472359444837,Low
1.0,High
0.9990825688073395,High
0.010015290519877677,Low
0.008942710789412419,Low
0.00013579323087533504,Low
0.006803305051641664,Low
7.370982584545709e-05,Low
0.9641665936253319,High
0.009485909247206355,Low
0.021376875293060208,Low
0.01918375980841604,Low
0.9718854667249163,High
0.010517659591207344,Low
0.00801865587260068,Low
0.0033957127384592976,Low
6.149002631773126e-05,Low
1.0,High
1.0,High
0.10936657843565559,Low
0.005787076767475676,Low
0.007106956781550598,Low
0.009364415036128941,Low
0.0011467889908256881,Low
0.0060614253126018225,Low
0.01580232755478821,Low
0.9624507814105758,High
0.00725559700667633,Low
0.8811675694816736,High
0.02835419074531837,Low
0.031422985610832406,Low
0.9954128440366973,High
0.002550465855566101,Low
0.013684484013867473,Low
0.012342952860838481,Low
0.03342412781603445,Low
0.0,Low
0.9929793842292745,High
0.0049652269692502535,Low
0.0071597813463639874,Low
0.0022935779816513763,Low
1.0,High
0.020075783737882207,Low
0.9973241590214068,High
0.992562254259502,High
0.9936799184505607,High
0.007943681630502557,Low
0.9711009174311926,High
0.018413098908321785,Low
0.01913476606415726,Low
0.02564243643651703,Low
0.05174579381891209,Low
0.02946198357018648,Low
0.6112927522581957,High
0.0,Low
0.009745754939467586,Low
0.9703055421428188,High
1.0,High
0.02810350836377743,Low
0.00605650765220597,Low
9.759906304899472e-05,Low
0.010473962605627003,Low
0.9993446920052425,High
0.006885606276337768,Low
0.010588581557842489,Low
0.013149691720689772,Low
0.972929744084983,High
0.01153424341635049,Low
0.0064864736832837425,Low
1.0,High
0.9227036692703429,High
0.001310615989515072,Low
0.012486711334754465,Low
0.008101603252527819,Low
4.2837603991976594e-05,Low
0.015041393198294728,Low
0.0077875388225861165,Low
0.0009249829815501983,Low
0.011213373184002184,Low
0.9908953955995969,High
0.040897987127786264,Low
0.0001239771881973717,Low
0.0004278585188208456,Low
1.0,High
0.03392830173082568,Low
0.9998991833854219,High
0.0533683613871546,Low
0.7715520847478995,High
0.006674357614119151,Low
1.0,High
0.0001131093107715696,Low
1.0,High
0.0155372047268663,Low
0.0,Low
0.9648412322940265,High
0.03289646133682832,Low
0.026058170585291647,Low
0.9998991833854219,High
1.0,High
0.007231731528049509,Low
0.00033729087965461414,Low
0.0366044124071647,Low
0.009270215306262939,Low
0.01022849663402546,Low
0.9922777910163231,High
0.9935212333301806,High
0.010410818804092649,Low
1.0,High
0.009263555093688229,Low
1.0,High
0.00019293815256608466,Low
0.006722001050642249,Low
0.010733870309002006,Low
0.010214122960593533,Low
0.005436658109312926,Low
0.009869404551619384,Low
0.8964603879209895,High
0.003880008339848091,Low
0.0012196278528724693,Low
1.0,High
0.9935862027031753,High
0.9893730886850154,High
0.04257200349735905,Low
0.013327509438896691,Low
0.0034368237147513994,Low
0.006648233521116917,Low
4.7047753469771816e-05,Low
0.7581238776554097,High
0.9984709480122324,High
1.0,High
0.012576299057438066,Low
0.006626524586976641,Low
0.0195391000436872,Low
3.288283844661471e-05,Low
0.0003940438677906299,Low
1.0,High
0.0005177619975343481,Low
0.0,Low
0.4896459950996778,Medium
1.0,High
0.016232502274571785,Low
0.948089394223077,High
0.00944199273697945,Low
0.011564627886963838,Low
1.0,High
0.9954128440366973,High
0.0001131093107715696,Low
0.006975919947388009,Low
0.9977064220183486,High
0.9936926605504587,High
0.9829947575360419,High
0.0007716596303004315,Low
0.008220151711498805,Low
0.00964124126318808,Low
0.02188773532012463,Low
0.009328121763506452,Low
0.014146893280931345,Low
0.003479232384849964,Low
0.9262107335361071,High
0.013367394585956913,Low
0.0,Low
0.0013761467889908255,Low
0.8792185232642611,High
0.018267238652484585,Low
1.0,High
0.01592637237191035,Low
0.01302735549423074,Low
0.009233141044392925,Low
0.0024902878187873746,Low
0.027280988636740396,Low
1.0,High
0.011536462808637857,Low
0.021580643927223645,Low
0.02186574570415158,Low
0.011321831117207524,Low
0.007904900102884636,Low
9.663789874670992e-05,Low
0.012179379385589164,Low
0.006283569427616502,Low
0.9109977676739598,High
0.7830941822002513,High
0.024042617619414224,Low
0.0065774544546131,Low
0.01028358571904679,Low
0.000163826998689384,Low
0.9912844036697247,High
0.006515894854577133,Low
0.9871559633027522,High
0.9981651376146788,High
0.007575005951337472,Low
0.010993093065214269,Low
0.9954128440366973,High
0.0,Low
0.01897788755586921,Low
0.008376844531134109,Low
0.016008722629882104,Low
0.017008206781736646,Low
0.029803017220864276,Low
0.014323670744415653,Low
0.000254841997961264,Low
0.0,Low
0.015538855670765512,Low
0.0,Low
0.01400938339304746,Low
0.008981699876979313,Low
0.009973368603109085,Low
0.9628852355869397,High
0.007392501120916115,Low
0.0022040254456156595,Low
0.04054742605213053,Low
0.015424519825816734,Low
0.9935540902140674,High
1.0,High
0.015037900522663525,Low
1.0,High
1.0,High
0.018619885492480174,Low
0.0018661715450706275,Low
0.0010029265726217488,Low
0.702063365559886,High
0.9617431216354013,High
0.9299930659544395,High
0.040450577329509796,Low
0.0022935779816513763,Low
0.0,Low
0.006627494726854256,Low
0.0,Low
0.009198711696233937,Low
0.006706513644717976,Low
0.007821828979000876,Low
0.0007219786602747027,Low
0.013250338077731362,Low
0.009855829166948734,Low
0.9297182175622543,High
0.0934120656702239,Low
0.012343896142575807,Low
0.00115674375637105,Low
0.01258606998449743,Low
0.011733656333343558,Low
0.0007845236556956416,Low
0.010440413687759718,Low
0.006065762858711493,Low
0.00841872457393242,Low
0.08291568725912776,Low
0.4036474376285881,Medium
1.0,High
0.9941022280471822,High
0.0,Low
0.010108633972954008,Low
0.008085913704909235,Low
0.8916357215669143,High
0.009881655207525425,Low
3.169484120082516e-05,Low
0.05477282656181738,Low
1.0,High
0.007060923333785338,Low
0.015183947164334887,Low
0.001834862385321101,Low
0.9518751669222457,High
0.027478866867538605,Low
0.010809543848369525,Low
0.9512481337743381,High
1.0,High
0.0015290519877675841,Low
0.008136833134415388,Low
0.0058158584534731324,Low
0.0,Low
0.05319938007855995,Low
0.06290046599679626,Low
0.8100673651922727,High
0.0077064674307083,Low
0.004912182664818713,Low
0.02063138953106865,Low
0.0016362170169854518,Low
0.007965985956232886,Low
0.011807254416433762,Low
0.009701748615228305,Low
0.0004722072315164598,Low
0.114634065385178,Low
0.010970915327074497,Low
0.006979703298103107,Low
0.014629928212298145,Low
0.00821095986933284,Low
0.00018398086440129204,Low
0.007813077913434392,Low
0.012092841130350824,Low
0.014965405868998043,Low
0.011015932641851094,Low
0.9855380790867991,High
1.0,High
1.0,High
0.007642266417471876,Low
0.011499887412737749,Low
0.009259280879873736,Low
0.8789473112489469,High
0.9821696270090766,High
0.000109217999126256,Low
0.9771843599825252,High
0.00979988204591582,Low
1.0,High
1.0,High
0.06386021916411826,Low
0.006050677151594582,Low
0.0,Low
1.0,High
0.01161228501608082,Low
0.009921198076367583,Low
0.9758141880601604,High
0.02279937475631468,Low
0.006262103227879466,Low
0.0,Low
0.010469726524999357,Low
0.005888310719221444,Low
0.011174387797554836,Low
0.006262726152958952,Low
0.030002731999306472,Low
0.9982276897414513,High
0.0,Low
0.0,Low
0.10552305347796874,Low
0.02039911707205086,Low
0.012267105085258046,Low
0.007212705972433802,Low
0.9998088685015291,High
0.006615367703248236,Low
0.9675657293776561,High
0.007138911316524376,Low
0.016937268450977008,Low
0.005731620751821789,Low
0.010690218987492919,Low
0.01736807487877414,Low
0.007353858156415968,Low
1.0,High
7.275309995072428e-05,Low
0.0032286909337491095,Low
0.9596508766456775,High
0.013914373088685015,Low
0.9067482218724184,High
0.018475483124103846,Low
0.006842704744423919,Low
0.010394126499957718,Low
0.008405121537536444,Low
0.01107581630028092,Low
0.014651031247844379,Low
0.0060620712550392974,Low
0.00015044795394011137,Low
0.9999195235795911,High
0.02679039873296601,Low
0.0860717179524519,Low
0.010820992365333654,Low
0.9006516673947866,High
0.0018201603844841968,Low
0.012767694485441447,Low
0.013461969482428915,Low
0.0005264172587234218,Low
0.9963958060288336,High
1.0,High
0.8413714471053922,High
1.0,High
1.0,High
0.9391029666282813,High
0.0,Low
0.014631633537346665,Low
0.017861705309372852,Low
0.004739173921021369,Low
0.004451486730013106,Low
0.007004566675220112,Low
1.0,High
0.0061162079510703364,Low
0.06863467039710311,Low
0.8364951944080383,High
1.0,High
0.007981976881420274,Low
0.007939167232444786,Low
0.01174158299987894,Low
0.012100465915789105,Low
0.9862940066701668,High
0.0038226299694189597,Low
0.9984709480122325,High
0.9826397990388817,High
0.08720668579603158,Low
0.0069174215584785915,Low
0.0,Low
0.00017274661345158517,Low
8.32222865726429e-05,Low
0.0,Low
0.9298091168115694,High
0.000125675505843911,Low
1.0,High
0.012276591213167648,Low
0.008307676248092326,Low
0.9020047234891819,High
0.0,Low
0.0074718252967318315,Low
0.0022380019477209845,Low
0.012526384597332128,Low
0.005556670134534924,Low
0.02000429871662993,Low
0.010982886091987214,Low
0.9998361730013107,High
0.0045871559633027525,Low
0.005676954036616219,Low
0.01215628962563746,Low
0.000476047367079779,Low
0.0003523467623986172,Low
0.024755778911155803,Low
0.00022203473311265397,Low
0.9635466724916265,High
0.29740110806624565,Medium
0.014099851781304485,Low
0.02103874718553618,Low
0.0004932425766992207,Low
0.9999288813028946,High
1.0,High
0.0069019974103604435,Low
0.011152802830388135,Low
0.0,Low
0.0,Low
0.004477937964176496,Low
0.8965649167088221,High
0.006372105098890647,Low
0.08489643962639305,Low
0.011102411148448017,Low
0.9993446920052425,High
0.001518854650686293,Low
0.8681021319033954,High
0.0,Low
0.010695481490033612,Low
0.0,Low
0.013232428744159162,Low
0.9722785870434165,High
0.0,Low
0.004434219130686045,Low
0.052948344005532166,Low
2.8270043935120748e-05,Low
1.0,High
0.0001131093107715696,Low
1.0,High
0.038242141677803355,Low
0.08418924819633965,Low
0.9896339269652814,High
0.006642737554346825,Low
0.007143115402420172,Low
0.0011429463737064605,Low
0.01890792686710606,Low
4.2837603991976594e-05,Low
0.062081673990269245,Low
0.01057320292483687,Low
0.024708768376842598,Low
0.9543685182494116,High
1.0,High
1.0,High
0.9900611620795108,High
0.00019145180245227372,Low
0.0,Low
0.0,Low
0.9486620795107034,High
0.9872632356528539,High
0.8939109421840666,High
0.010087038343919077,Low
0.005786846207929739,Low
0.8809879939318132,High
0.012679885873063703,Low
0.0007219786602747027,Low
1.0,High
0.0,Low
0.1146104441730138,Low
0.011481614394887363,Low
0.0045871559633027525,Low
0.007622764710440694,Low
0.9549828624128495,High
0.017577862884371333,Low
0.009631303028212733,Low
9.814913882601268e-05,Low
0.0,Low
0.013059945704303584,Low
0.009875957675471976,Low
0.00627954978059419,Low
0.010259742106731048,Low
0.017057053047851548,Low
0.011716533447757953,Low
0.01636382657517755,Low
0.008491918666994865,Low
0.007025161411593594,Low
1.0,High
0.9197410479417427,High
0.010632066708688185,Low
0.00879941471333273,Low
0.005843777070279637,Low
0.9288810580475678,High
0.9999735610607303,High
0.0011018168735384061,Low
0.013662752157310326,Low
0.00015000897673397284,Low
0.010376401276092264,Low
0.010814327350610657,Low
0.010248266965243962,Low
0.0,Low
5.8754297069859245e-05,Low
0.989908256880734,High
0.010101697884811415,Low
0.08901878705709881,Low
0.01296441510061771,Low
0.011774004842396851,Low
0.9539373088685017,High
0.8976102148033968,High
3.1896227139885365e-05,Low
0.02584368304178342,Low
1.0,High
0.00214542339199933,Low
0.9827599388379206,High
0.00133895076016171,Low
0.0070319989178839765,Low
0.007090351035689649,Low
0.008037477701325178,Low
1.0,High
0.011106761770822886,Low
1.0,High
1.0,High
0.01652970677602645,Low
0.01704653983228918,Low
1.0,High
0.9675610366373223,High
0.9988532110091743,High
0.0071152020916502344,Low
0.005797291393621669,Low
0.9744091606471397,High
0.015758635569444696,Low
0.008382481432940148,Low
0.9961136595310909,High
1.0,High
0.013480408421015182,Low
1.0,High
1.0,High
0.02236238532110092,Low
0.9998361730013107,High
0.010502752462234633,Low
0.012384301071281748,Low
0.010621383990069894,Low
0.006153961392600302,Low
0.0057089864934353855,Low
0.01615680445955675,Low
0.9855590811892115,High
0.008323885067594761,Low
0.9994266055045872,High
0.00010927290093546827,Low
0.007018874960491305,Low
0.0,Low
0.0,Low
0.0033639143730886853,Low
0.006988863490663362,Low
0.007109965163704749,Low
0.009282886312360152,Low
0.9981083892934834,High
0.008212744951368867,Low
0.8977919536497485,High
0.00902686762778506,Low
0.7519132557681241,High
0.0045871559633027525,Low
0.008752002329983981,Low
0.011207612491750786,Low
0.00714404009623745,Low
0.00788999534662046,Low
0.0,Low
0.02731186906649454,Low
0.007960454003028094,Low
0.004036767944474552,Low
0.010065247480805374,Low
0.0,Low
5.2725930612675314e-05,Low
0.0008636493897531926,Low
0.9887227627380527,High
0.0,Low
0.006440719366648564,Low
0.08602634548398175,Low
0.010217051085829145,Low
0.010524162974669746,Low
0.011487249714420946,Low
0.0074413863404689095,Low
0.9512560069899519,High
0.9998361730013107,High
0.02061381399865224,Low
0.009238875691713994,Low
0.006469457070436492,Low
0.9853505205178207,High
0.01276594166760257,Low
0.0012141818003070656,Low
0.006890466699606294,Low
0.00016485726955445788,Low
0.010206422018348624,Low
0.029736120797315864,Low
0.0063201622531661485,Low
0.9960527350342119,High
0.007627684994300137,Low
0.010656719854370588,Low
0.01164980962798981,Low
0.9989806320081549,High
0.011941175635781115,Low
0.008761291665216329,Low
1.0,High
0.010891310211064816,Low
0.03746946184070645,Low
0.011781614968969205,Low
0.0,Low
0.01020254257978195,Low
0.9484523068282913,High
1.0,High
1.0,High
0.005965164762299203,Low
0.01636558438493483,Low
0.0,Low
0.9698895241264686,High
0.00048608446646327135,Low
0.012338617392805461,Low
0.007532255488202646,Low
0.0005792447845664571,Low
1.0,High
0.0015804486932387634,Low
0.011567402943557431,Low
0.0006116207951070336,Low
0.0076248639110464735,Low
0.0,Low
0.012210096036733046,Low
0.01421756470775812,Low
0.8920845777290406,High
0.01539783362979204,Low
0.0,Low
0.02590259710621206,Low
0.031201904420217166,Low
6.623888779447541e-05,Low
0.03072666375418669,Low
0.0,Low
0.0004378752236862205,Low
0.0035268721991800773,Low
0.00036080878631394506,Low
0.00011513520593958596,Low
1.0,High
0.0,Low
0.006692710498463592,Low
0.0,Low
0.9977064220183486,High
0.0011467889908256881,Low
0.0021406727828746177,Low
0.9332913009518514,High
0.8880971510378567,High
0.006003777657852131,Low
0.9841997961264016,High
0.001011645507058351,Low
0.010804691373945215,Low
1.0,High
0.005962085757025428,Low
0.010834457601806038,Low
0.012920424461039257,Low
0.013825807138365396,Low
1.0,High
0.9479939704266397,High
0.018791536404312546,Low
0.07385547125973627,Low
0.013216157153133618,Low
0.011700334785100911,Low
0.01855902000955046,Low
0.01102702481725491,Low
0.9662463055961995,High
0.9640079677690659,High
0.989343709224383,High
0.010265957020755919,Low
0.007895301987082777,Low
0.991206790929428,High
0.4647396795804783,Medium
0.8554142340839589,High
0.9790124031898021,High
0.007632432109090562,Low
0.016573286932502256,Low
0.00036534943682361027,Low
0.029547754824895307,Low
0.9687454492500364,High
0.0,Low
1.0,High
0.9891719295815504,High
0.019459810708775987,Low
0.007106050969961243,Low
0.00015977925119139603,Low
0.022295773195454484,Low
0.011200457418573137,Low
0.0032789554893797885,Low
0.9417093830365535,High
0.00016061175255882137,Low
0.00863065198882045,Low
0.009639849299908694,Low
0.0241873580131172,Low
0.01149655425850929,Low
0.012801079585598809,Low
0.00910025284666913,Low
0.006790430691890254,Low
0.01739842726081258,Low
0.9492838555786023,High
0.009869666521042668,Low
0.028319108856356936,Low
0.052193761784328684,Low
0.015344472721278625,Low
0.0,Low
0.9979950205144897,High
0.0,Low
0.011382218443030452,Low
0.850007281199942,High
0.0010642676467429659,Low
0.9650502402795982,High
0.0177971836862356,Low
0.0,Low
1.0,High
0.8967573302412359,High
0.0,Low
0.8551956120589748,High
0.01425732212587704,Low
0.0024299774726852887,Low
1.0,High
0.010847719663449816,Low
0.010802103060918276,Low
0.009988682124653375,Low
0.016534775222636983,Low
0.023708194117115482,Low
0.002948885976408912,Low
7.806262050884945e-05,Low
0.9908256880733946,High
0.8940381865840582,High
1.0,High
0.030792408706601906,Low
0.0,Low
0.0,Low
0.0,Low
1.0,High
0.045564491040774466,Low
1.0,High
0.013258091636648093,Low
0.9696810834425514,High
0.007536041939711664,Low
0.006148895891234365,Low
0.9618181348891117,High
1.0,High
0.9539013993142433,High
0.008688100264897575,Low
0.027625110161244554,Low
0.006292880619145772,Low
0.005906193851119595,Low
0.000125675505843911,Low
0.9999735610607303,High
0.9932721712538226,High
0.0014908256880733946,Low
0.011646196610686615,Low
0.009144260576361479,Low
0.0045871559633027525,Low
0.04281328090565526,Low
0.01070584343673303,Low
0.9945208970438327,High
0.027007790883937673,Low
0.0,Low
0.009665537875943955,Low
0.01938359399415369,Low
0.0006243633171274966,Low
0.022418211646279308,Low
0.01455644817719327,Low
0.01240157811967477,Low
0.035850505005330144,Low
0.0007831729693443724,Low
0.003651976845784185,Low
0.003101877279199887,Low
0.007286939330987351,Low
0.012089651882987038,Low
0.05454989246580998,Low
1.0,High
0.02751800335404952,Low
0.0002745763331748541,Low
1.0,High
0.01895426362215329,Low
0.026540728757869985,Low
0.005779654709318318,Low
0.013436155474923205,Low
0.0006195500162443683,Low
0.0076622555892878075,Low
0.01115082690698546,Low
0.006553348216973671,Low
0.0,Low
0.0015366845268080212,Low
0.0069348080035410474,Low
0.9918960244648318,High
0.005924344333463905,Low
0.019994130510047215,Low
0.010739343066924452,Low
0.013467230807755083,Low
7.352503649681437e-05,Low
0.003623710680281505,Low
0.9769599666388659,High
0.0,Low
1.0,High
0.010713420863388688,Low
0.005819229413328595,Low
0.990693981885456,High
0.00141073291083654,Low
0.004708003850660355,Low
0.9837750594631328,High
0.9094989987992229,High
0.9889908256880734,High
0.006793305713691014,Low
0.016571865330698557,Low
0.01668702589128727,Low
0.006537589233646908,Low
0.9863097497046059,High
0.0024347212420606917,Low
0.00013147734399029525,Low
0.03293592242079552,Low
0.010073281961049582,Low
0.8838065782940737,High
1.758730458579907e-05,Low
0.9954691463385724,High
0.03958546018531973,Low
0.0006026232414720334,Low
0.02402911272512782,Low
0.011814944462928162,Low
0.006299893290862269,Low
0.013908689147742384,Low
0.010137369971038111,Low
0.02399587735521354,Low
0.10359290811125672,Low
0.013575033789282945,Low
0.0077895315716364575,Low
0.005846382144064423,Low
0.028240355204567566,Low
0.060877227269802915,Low
0.0,Low
0.014929625843874925,Low
1.0,High
0.0,Low
0.0001239771881973717,Low
0.9909734981999447,High
0.010938793451706218,Low
0.0,Low
0.9239321003859824,High
0.99963875140134,High
1.0,High
0.9998991833854219,High
0.008640102391260522,Low
0.009997811118567795,Low
0.005961988800015253,Low
0.010535274851783048,Low
0.006465791652288572,Low
1.0,High
0.002621231979030144,Low
0.016035718803900475,Low
0.9999656392811738,High
0.01150610851498541,Low
0.06141552424630007,Low
0.022306457116507476,Low
0.006113249888391757,Low
6.268069615803718e-05,Low
0.0012553802008608323,Low
0.011993758924275632,Low
1.0,High
0.005990291126368892,Low
0.9886362022710098,High
0.0,Low
0.005270954735193062,Low
1.0,High
0.015419884818608579,Low
0.0198998777277563,Low
0.019553437019423896,Low
0.031247317155519524,Low
0.023483755390490444,Low
0.0,Low
0.00011761938367442955,Low
0.000655307994757536,Low
1.0,High
0.027724091058635655,Low
0.015104094591725768,Low
0.01694254797505121,Low
0.00019944156362185878,Low
0.0006538588387473659,Low
0.007432687508392683,Low
0.9969418960244647,High
0.9925133810217502,High
0.000189564609977799,Low
0.09568704860184754,Low
0.9797499900710911,High
0.0,Low
0.017614687400709667,Low
0.9999735610607303,High
0.035102352230934185,Low
0.0,Low
0.9952129063602214,High
0.0064540909975730155,Low
0.9963302752293578,High
0.009657173170443862,Low
0.0,Low
0.0,Low
0.009682547300612918,Low
0.009079765259788496,Low
0.00532864868612073,Low
0.005876522846261816,Low
0.0088545964639151,Low
1.0,High
0.0,Low
0.018778220067630295,Low
0.003310947212728109,Low
0.02737772911752139,Low
0.0423024759957197,Low
0.004128440366972477,Low
0.8986702447704011,High
0.02090548562505167,Low
0.012767496312815296,Low
0.013182226306464645,Low
0.8893745198538245,High
0.028984198628019455,Low
0.01304706367297458,Low
0.008052330062911487,Low
0.000125675505843911,Low
0.0,Low
0.00041701417848206843,Low
0.00949581040642386,Low
0.0,Low
0.016745639896440435,Low
0.011125703680943264,Low
0.9721372748895685,High
0.008319815012900541,Low
0.023822437761546657,Low
0.01189790169645365,Low
0.0006195305452758984,Low
0.0008629184204822138,Low
0.027727256586026077,Low
0.009303908620849398,Low
0.01139725730336813,Low
0.00800227050324151,Low
1.0,High
0.006956675747736318,Low
0.007658818860632722,Low
0.010964485604028846,Low
0.9836571850992285,High
0.0022935779816513763,Low
1.0,High
0.0,Low
0.023233097224461353,Low
0.0022076407948873034,Low
0.011187834831812423,Low
0.009948439536738584,Low
1.0,High
0.9943505496625292,High
0.015338471687259598,Low
0.0028669724770642203,Low
1.0,High
1.0,High
0.004704775346977182,Low
0.0,Low
0.01130752964591465,Low
0.8754114457143134,High
1.0,High
0.01591476859660817,Low
0.014250479822165464,Low
0.004205827440473318,Low
0.005972914585823569,Low
0.0045871559633027525,Low
0.0009350184972463496,Low
0.0028669724770642203,Low
0.014665851311664087,Low
0.995303626037571,High
0.9568295513924223,High
0.9481797000145624,High
0.014701521941250701,Low
1.0,High
1.0,High
1.0,High
0.0,Low
0.003607833397885641,Low
0.03385253941776236,Low
0.009743431256191041,Low
0.00010381507503967191,Low
0.02408256880733945,Low
0.013137209504306293,Low
0.045822825549018904,Low
0.011666722675896987,Low
0.0,Low
0.0001292156609381057,Low
0.0,Low
0.006944830868369568,Low
0.0038851003393301944,Low
0.007434127014511947,Low
0.0004463819949070905,Low
7.978644735320248e-05,Low
0.008071210135430319,Low
0.005389046009519211,Low
0.9897735546818115,High
0.015226775977209641,Low
0.9946218791035438,High
0.0,Low
0.011446239367987833,Low
1.0,High
1.0,High
0.006115156454953897,Low
0.0,Low
0.011495112459582684,Low
1.0,High
0.0034501407542787896,Low
0.9591117904098571,High
0.9713469283509323,High
0.00010953588239577175,Low
0.009055566491135954,Low
0.9998210683844102,High
0.0007645259938837921,Low
0.011083637478536553,Low
0.01168628097178353,Low
0.0,Low
0.9709412911247773,High
0.001019367991845056,Low
1.0,High
5.201533224209042e-05,Low
0.002925409210241586,Low
0.007771648559401509,Low
0.0008015312071145437,Low
0.0,Low
1.0,High
0.9891852337265181,High
0.06403922086422699,Low
0.010203657367040386,Low
0.024246330790079686,Low
0.007179722389605305,Low
1.0,High
0.9925133161945088,High
0.9419348450319449,High
0.006430739650707651,Low
0.005037968231848153,Low
0.005963983296809716,Low
0.9658896776533699,High
8.962343696718717e-05,Low
1.0,High
0.012724789209899468,Low
0.010695355080606329,Low
0.006620104091812277,Low
1.0,High
0.9530194226008447,High
0.001834862385321101,Low
0.00705024506483829,Low
0.011522619431230808,Low
0.005624713740276942,Low
0.010178754351324428,Low
0.9926095820591233,High
0.008438439346003782,Low
0.011910353780082872,Low
0.00010184380281532766,Low
0.011598202573880882,Low
0.9982974594213126,High
0.00252333412839116,Low
0.0,Low
0.0,Low
0.027464015543445772,Low
0.889830912803883,High
0.011127414394423909,Low
1.0,High
0.01145653441461676,Low
0.007224318831316327,Low
0.014404021371790294,Low
0.0001529051987767584,Low
0.006613876966615481,Low
0.015165568921158248,Low
0.014393166654598827,Low
0.013351796160056361,Low
0.027863331877093337,Low
6.268069615803718e-05,Low
0.10665410880608447,Low
0.9924767001601864,High
0.04028275095553646,Low
0.005177537856882561,Low
0.011411853743088318,Low
0.03562083715888356,Low
0.93868501529052,High
7.470938050981681e-06,Low
0.9845019659239844,High
0.01605357180868288,Low
0.006862917692949398,Low
0.006259074627070136,Low
0.013449498985335546,Low
0.036494967750346656,Low
0.8800837810351396,High
0.9275345195069965,High
0.00928352992573176,Low
0.009853730278638128,Low
0.0009174311926605505,Low
0.009872239618689644,Low
0.01540745323164506,Low
1.0,High
0.9981634725544881,High
0.01645892484118963,Low
0.009671507929037565,Low
0.0006466032011743944,Low
0.9114580115853982,High
0.014847815843670037,Low
0.0007468718917228342,Low
0.004969730735263294,Low
1.0,High
0.011361684681659589,Low
0.010298467443384375,Low
0.9520654566204383,High
0.007038115050786662,Low
0.008381515732813979,Low
0.9480650211154799,High
0.01802480796635872,Low
0.0,Low
0.009215785078089678,Low
0.015258078139209534,Low
0.8731489826982471,High
0.0462277844258299,Low
0.0111953577584716,Low
0.9076197757390416,High
0.9895570790066203,High
0.011974049060242626,Low
0.002348998085526147,Low
0.0,Low
0.007547999487252348,Low
0.888153415920177,High
0.014604997660063058,Low
0.01277288931960623,Low
0.0,Low
0.004755238653912556,Low
0.10463966461672883,Low
0.999832973467076,High
0.8902842094306219,High
0.031525775447793794,Low
0.010535558287910822,Low
1.0,High
0.010283197411258297,Low
0.005504587155963302,Low
0.06259771649162173,Low
0.992545871559633,High
0.9426332459589342,High
0.0,Low
0.009791334054819691,Low
0.0,Low
0.9563273627493811,High
0.971472258628222,High
0.010169611801361573,Low
9.442230965980883e-05,Low
0.009904147397351853,Low
0.051003960927940926,Low
0.9821303344227541,High
0.015586252080224357,Low
1.0,High
0.0064751062314909145,Low
0.8828466469022315,High
0.006264052237622974,Low
0.000125675505843911,Low
0.00105643591882124,Low
0.0,Low
0.0008550392746898508,Low
0.0018418384781630195,Low
0.038943828852085735,Low
0.009523022538724201,Low
0.012336173001310615,Low
0.00904060977798898,Low
0.9872094226391667,High
0.9241054183548703,High
0.01526250867933232,Low
0.0014908256880733946,Low
0.01067858307636632,Low
0.005918321381568537,Low
0.01089033136537311,Low
0.039419650640189055,Low
0.007574268239405854,Low
7.470938050981681e-06,Low
0.006171311896563151,Low
0.00992586702611702,Low
0.9866216606675455,High
1.0,High
0.0076179554390563555,Low
0.9460899357541309,High
0.9335653802110225,High
0.01275965645549725,Low
0.009815582990105707,Low
0.9661796980577481,High
0.02546135290415392,Low
0.007302561776620514,Low
0.9938804475480388,High
0.9585294292863101,High
0.009339059291952851,Low
0.010514144672800237,Low
0.9933907157337731,High
0.004339797420837176,Low
0.016283295752797335,Low
0.0,Low
0.0,Low
0.005877807509136175,Low
0.9876774346590993,High
0.9990809734882512,High
0.0,Low
0.002001259219284044,Low
0.009815905649334931,Low
0.9512996941896026,High
0.00017049250336255745,Low
0.029818285911225678,Low
0.9993446920052425,High
0.0022935779816513763,Low
1.0,High
0.023245921565762356,Low
0.9999160886104275,High
0.006180504453028858,Low
0.8826210424270203,High
0.00574462138073431,Low
0.00015255840465821442,Low
0.018315983937025344,Low
0.005610861697034463,Low
1.0,High
0.011584610458340722,Low
0.01696839409504661,Low
0.0,Low
0.000655307994757536,Low
0.0070701687623124145,Low
6.66706655171666e-05,Low
0.010745699495567227,Low
0.9990020923869307,High
0.996559633027523,High
0.01556572400377163,Low
0.019851283112276217,Low
0.98710499490316,High
0.006557881572014466,Low
0.0008546423434154785,Low
0.006169257136619487,Low
0.9813055191495558,High
0.9154321723129062,High
0.00038712298799227073,Low
0.028510407266597145,Low
0.010908564519536207,Low
0.007280877646947322,Low
0.021518231606687713,Low
0.0014645399357268625,Low
0.016506099599122505,Low
1.0,High
0.00777288121536228,Low
0.004839854066312966,Low
0.0,Low
0.01011848332358437,Low
0.0,Low
0.9777231687782147,High
0.9998991833854219,High
0.0,Low
0.005941766862903818,Low
0.007287868864077918,Low
0.009915475553580185,Low
0.011134567659479493,Low
0.010287408518965395,Low
0.8874369978936875,High
0.0,Low
0.06063913414435402,Low
0.41517753343896463,Medium
1.0,High
0.01233440398483786,Low
1.0,High
0.011318364789123476,Low
0.0,Low
0.001574467517155294,Low
1.0,High
0.010231010251339758,Low
0.0,Low
0.6816376695802082,High
0.08823576696504318,Low
0.051245975815047244,Low
0.9662079573600645,High
0.044670509135308505,Low
0.001798912893918621,Low
1.758730458579907e-05,Low
1.0,High
0.02597004020584523,Low
0.0008013538913665622,Low
0.03333333333333333,Low
0.03752718885356067,Low
0.0072533313581997876,Low
0.011092193121743596,Low
0.010971754763971142,Low
0.9968421752426538,High
0.002621231979030144,Low
0.03408602185586155,Low
0.028949225680695446,Low
0.014949981859465281,Low
0.005029307876020453,Low
1.0,High
1.0,High
0.0054219081748050745,Low
0.0105574554582419,Low
0.006940632275661693,Low
0.9915356050677151,High
0.013303865984787878,Low
0.007485212181597424,Low
0.01338407442375437,Low
0.972957623416339,High
0.0,Low
0.010554847722708946,Low
0.04611456968108344,Low
1.0,High
0.0007533082036515154,Low
0.00880201544477801,Low
0.00817974250194649,Low
0.0,Low
0.0022935779816513763,Low
0.9941949363487661,High
0.013943384244299063,Low
0.03130838261551904,Low
0.011337843053570431,Low
1.0,High
0.09606273748106993,Low
0.0006388266546030279,Low
0.0009839652193175004,Low
0.008881623016410383,Low
0.0,Low
0.0012451915816909945,Low
1.0,High
0.004204892966360856,Low
0.8808229484874186,High
0.013504497538970709,Low
1.0,High
0.001258002442223886,Low
0.8751300523259796,High
0.0061078961587943586,Low
0.00037782875226037305,Low
0.016446022978251686,Low
0.9977064220183486,High
3.288283844661471e-05,Low
0.00016451299349808525,Low
0.8248064197568579,High
1.0,High
0.016169681722943568,Low
0.0071143405957887,Low
0.011632856968660826,Low
0.010212627804446938,Low
0.9363911869231127,High
0.007745652058773086,Low
0.00961118392311053,Low
0.9969418960244647,High
0.0030680587410805297,Low
0.0,Low
0.07870746780407833,Low
0.007352205694991563,Low
0.012982913208449572,Low
0.01037002079324879,Low
0.037750127645717516,Low
1.0,High
0.01023520116557746,Low
0.00875500862922566,Low
0.9455896394801345,High
1.0,High
0.0,Low
0.026921905820988395,Low
0.007665664097736676,Low
0.008763740339559406,Low
0.0024027959807776324,Low
0.6021826277047827,High
0.965102984963077,High
0.0,Low
0.9919291811919874,High
0.012539144473855166,Low
0.05335961184585039,Low
0.010624448484166653,Low
0.011204367908606117,Low
0.004340884605019329,Low
0.007111137811766715,Low
6.623888779447541e-05,Low
0.9518393659870256,High
1.0,High
0.010084885171560934,Low
9.382893094766215e-05,Low
1.0,High
0.014403936083501193,Low
0.006920972155158538,Low
0.010661552140468714,Low
0.0006442219564715198,Low
0.010226556469807009,Low
0.9999288813028946,High
0.004594626901353734,Low
0.012555072847642542,Low
0.007080741058508984,Low
0.9936582998316325,High
0.007487950058912599,Low
0.0006590553120369678,Low
0.01145923201233029,Low
0.006380150807091529,Low
0.9465647298674822,High
0.011663276588775452,Low
0.010885658570861347,Low
0.012099588090163578,Low
0.005712740934386906,Low
0.015145760272307221,Low
0.9999735610607303,High
0.9469085717426305,High
0.00642680589416739,Low
1.0,High
0.019418960244648318,Low
0.011162709410873963,Low
0.008381918097997286,Low
0.0017847472513470221,Low
0.0005529341860886562,Low
0.02964742591889195,Low
0.003975535168195719,Low
0.04761110770447528,Low
0.8632988250321921,High
0.011181310715638113,Low
0.002675840978593272,Low
0.008802003695208971,Low
0.006620576477433323,Low
0.964816428862101,High
0.019102320281109225,Low
0.022570471210097497,Low
0.01688889644081838,Low
0.011609084405416381,Low
0.9946483180428134,High
0.9981083892934834,High
1.0,High
0.0,Low
0.7138875802384618,High
0.009190606475764166,Low
0.014481976179320396,Low
0.010617557316715145,Low
0.010396647688668024,Low
0.913214770912616,High
0.01941528810007882,Low
0.13845645180507565,Low
0.0012814782107820422,Low
0.01321164067617395,Low
0.008679637897049956,Low
1.0,High
0.014120809552269895,Low
1.0,High
0.01029451784738045,Low
0.0007926655511282942,Low
0.037678114181975565,Low
0.010313890205054719,Low
0.003669724770642202,Low
0.014783625854652385,Low
1.0,High
0.0048015511883972425,Low
0.012579607242026287,Low
0.010124400482318708,Low
6.993787641307982e-05,Low
0.9961960170060415,High
0.0118524550898087,Low
0.0,Low
0.0,Low
0.013423539098234608,Low
0.009186621636769674,Low
0.9185184965089891,High
0.020030404300467604,Low
0.9774854760110115,High
0.9826343381389253,High
0.0,Low
0.9967234600262123,High
0.011444208317133532,Low
0.011096908717318369,Low
1.0,High
0.0,Low
0.0,Low
0.010670907555242005,Low
0.007517838939857289,Low
1.0,High
0.0029404845918607385,Low
0.001688591158675693,Low
0.009745926737949632,Low
0.01757325777252367,Low
0.006353573395540439,Low
0.00013639949103391242,Low
0.0,Low
0.005733944954128441,Low
0.009335856444077984,Low
5.582632517838941e-05,Low
0.02807108324912168,Low
0.009772979312937583,Low
0.0057312041579876865,Low
0.01021128090219701,Low
0.001471108547411568,Low
0.00496212737746658,Low
0.0,Low
0.010701493952568416,Low
0.034189214829740175,Low
0.014889593807478724,Low
0.017392372594380576,Low
0.0006627789328085176,Low
0.9937745740498034,High
0.8905117413744379,High
0.9970438328236495,High
0.011109597679047647,Low
0.09273601016720283,Low
0.013794236593183408,Low
1.0,High
0.0,Low
0.006557568234641136,Low
0.9855686538353642,High
0.994575416780315,High
0.957500097066379,High
0.8439055871108987,High
0.010587578906348864,Low
8.540032581335007e-05,Low
0.010717952472153462,Low
0.0009327728514006934,Low
0.9924747528625276,High
0.06483511710466339,Low
0.006528265938836726,Low
0.007313332125017386,Low
0.0,Low
0.00013639949103391242,Low
0.017681005583017516,Low
0.0009174311926605505,Low
0.010857816290602507,Low
1.0,High
0.9999656392811738,High
0.006445606661256068,Low
0.006094147493245789,Low
0.9999656392811738,High
1.0,High
0.0,Low
1.0,High
0.000733367829851428,Low
0.0011850391601110491,Low
1.0,High
0.02034003203727974,Low
0.8887551375549301,High
0.00882398313071891,Low
0.0076452599388379195,Low
0.9068734527450123,High
0.008711722207992507,Low
0.009801969465915694,Low
0.009790180088345226,Low
0.0009101018627098501,Low
0.011003211057163858,Low
0.016524683267802532,Low
0.21061948592913712,Medium
0.0,Low
0.01087209164187345,Low
0.006838109881186645,Low
0.9927302674653197,High
0.01416040883333819,Low
0.0,Low
0.00011860794064448713,Low
0.03805302141994078,Low
0.0019324614483700957,Low
0.9760448521916412,High
0.9675806434998337,High
0.8502819810159261,High
0.0009101991615395527,Low
0.008466803982527502,Low
0.013145580509314992,Low
0.007645259938837921,Low
0.00747309282960262,Low
0.0,Low
1.0,High
0.016740991435685353,Low
0.9908256880733946,High
0.0056371071585133836,Low
0.0007831729693443724,Low
0.0071604674814650425,Low
0.0412067133198646,Low
0.9954128440366973,High
0.9949032298605002,High
0.0,Low
0.006687930824286203,Low
0.016021861608354837,Low
0.015090179093158362,Low
0.0006714110705972684,Low
0.006414207409107703,Low
0.008179904650590781,Low
0.0002698327037236913,Low
0.011241201319460768,Low
0.010647914762562723,Low
0.010347093259577438,Low
0.007776584776429055,Low
0.0023027522935779817,Low
0.9922922908395718,High
0.03737577407302179,Low
0.0007831729693443724,Low
0.013689002597777191,Low
0.0,Low
8.160913141993633e-05,Low
1.0,High
1.0,High
0.9922551256543496,High
0.9789154652686763,High
1.0,High
0.011244883170710838,Low
0.00011761938367442955,Low
0.891250984590385,High
0.9609015827908215,High
0.03808379620961534,Low
0.01754587155963303,Low
0.0027263421556249726,Low
0.8430422547673404,High
0.024802156959477385,Low
1.0,High
0.009037229161452089,Low
0.01320685030002041,Low
4.253918153960235e-05,Low
0.017161864659434974,Low
0.9664154652686763,High
0.007970903207335898,Low
0.008828638470001295,Low
0.0,Low
0.01733219932517219,Low
1.0,High
0.056048951520991416,Low
0.0008856148638032391,Low
0.005921032615486913,Low
0.8892535431707685,High
0.9999195235795911,High
0.017058381085286435,Low
0.00844126641482281,Low
0.0,Low
0.000957784969158147,Low
0.9955053957028132,High
0.015509586233917008,Low
0.016972477064220184,Low
0.01611382409229326,Low
0.9954362425978386,High
0.0073124774755745775,Low
0.00795617249284432,Low
0.00048062908441301916,Low
0.01005969955461135,Low
0.004317520306210619,Low
0.0,Low
0.019200524246395807,Low
1.0,High
0.016723630050465517,Low
0.00989546424057295,Low
0.005181787291879034,Low
0.9815453999843227,High
0.9965596330275229,High
0.007704941402795025,Low
0.8805251359023403,High
0.006490048769914002,Low
0.018475290639629688,Low
0.009675674127252499,Low
0.992737003058104,High
0.008467506642865986,Low
0.0006429794522928787,Low
0.008858213489367574,Low
0.0,Low
0.04390035907409309,Low
0.020580311635357507,Low
1.0,High
0.04029424321855514,Low
0.0065369648364462145,Low
1.0,High
1.0,High
0.0011467889908256881,Low
0.008609394529256232,Low
0.010571062953279963,Low
0.9726060035955568,High
0.9747401613388158,High
0.8956382624227606,High
0.9828331583841502,High
0.006124181313648377,Low
0.979177617492315,High
0.9177588466579294,High
0.001834862385321101,Low
1.0,High
6.623888779447541e-05,Low
0.010641405205055786,Low
0.0013452523005803823,Low
0.011113898145041086,Low
0.9543304936653563,High
0.0,Low
0.0067559133745241215,Low
0.9789485531725517,High
0.027312708987079975,Low
0.9907571860902059,High
2.442528908890368e-05,Low
1.0,High
0.9865727268464012,High
0.011944376988424097,Low
0.006655104384117493,Low
0.013152308712784668,Low
0.010505834648972383,Low
0.0012543428194200445,Low
0.01635275761024906,Low
0.005087572977481234,Low
0.008832479445773407,Low
0.9922491626620066,High
0.011699454845446289,Low
0.0,Low
0.8784450539479967,High
0.9999735610607303,High
0.0039997138359962724,Low
0.013126430070729075,Low
0.9543032997932167,High
0.016912297465221236,Low
1.0,High
8.047642040882022e-05,Low
0.9988532110091743,High
1.0,High
1.0,High
0.33436052660002363,Medium
0.010243386990139056,Low
0.0006496709949418051,Low
0.03148130893822239,Low
1.0,High
0.0012114602418087515,Low
0.0010410452427221586,Low
0.941941020744486,High
0.01233953338207338,Low
0.9805277959807776,High
0.011354156500641286,Low
0.9927990752711534,High
0.8735687901776229,High
0.0,Low
1.0,High
0.8814301882605482,High
0.0,Low
0.03540570395909928,Low
0.0060437610012708054,Low
0.0,Low
0.007884984674676425,Low
0.0074795809565326955,Low
0.9999656392811738,High
0.015815649167675232,Low
0.9999656392811738,High
0.9484614591221361,High
0.014385510835167321,Low
0.006989709988651198,Low
0.7426364537700751,High
0.9583036760704282,High
0.0,Low
0.05573996417278809,Low
0.008186095434685556,Low
0.01163946386032124,Low
0.00033729087965461414,Low
0.006996828652152923,Low
0.01893276574363384,Low
0.008533906013501845,Low
0.01681260367947034,Low
0.012337222138729245,Low
0.00649193737663085,Low
0.9423162752779056,High
0.018798658018841508,Low
0.9856105286151157,High
0.00830812793322308,Low
0.01340580136308426,Low
0.01670452462539232,Low
0.9652805798702083,High
1.0,High
1.0,High
0.0,Low
0.01683389823789625,Low
0.9981651376146788,High
0.00019919651868985526,Low
0.001310615989515072,Low
0.005130610624749355,Low
0.007024677028479076,Low
0.04330602454373916,Low
0.009311692242680636,Low
0.66378877238969,High
0.007966407046415295,Low
0.03522839157194541,Low
0.012450984591371544,Low
0.002675840978593272,Low
0.016550331615999263,Low
0.009880806476561095,Low
0.002117148906139732,Low
1.0,High
0.009968039739139987,Low
0.9981651376146788,High
0.01952477695880254,Low
0.001585423484024551,Low
0.9900559528415631,High
0.10737323968359176,Low
0.006759240440270943,Low
0.09350056190122201,Low
1.0,High
0.011638941980581997,Low
0.006257049543099374,Low
0.9667130185449664,High
0.0,Low
0.008622353380301194,Low
0.000109217999126256,Low
0.010719698661762018,Low
0.012901328408686833,Low
0.0,Low
0.006860028666642003,Low
0.013881015606773683,Low
0.0071749796283897115,Low
0.011173023842055423,Low
0.005607841811529205,Low
0.011505927181434913,Low
0.01673233558295003,Low
0.009829283480411498,Low
0.0,Low
0.011564761773646218,Low
0.030096989164142118,Low
1.0,High
0.06204038653960223,Low
0.021668646332977375,Low
0.0022935779816513763,Low
0.013844525379755794,Low
0.007480911255552908,Low
0.014215164005877358,Low
0.005942479868669972,Low
0.007986757293623192,Low
0.06728150488315683,Low
0.009960724997549663,Low
0.006637287400385103,Low
1.0,High
0.0058795821583001616,Low
1.0,High
0.0034403669724770644,Low
0.0024539541184791162,Low
0.984654871122761,High
0.0,Low
0.008850267263218286,Low
0.015073987632739844,Low
0.00017145953772982117,Low
0.9017768623357494,High
0.0,Low
0.06559517190251136,Low
0.9245532127864939,High
0.9384211759783667,High
0.012025227865114473,Low
0.006884034723524548,Low
0.0006706701692351371,Low
0.007615854761863516,Low
0.006574779369704755,Low
0.010209125091122375,Low
0.006304895616496909,Low
0.019811271471985074,Low
0.007214501806431518,Low
0.013481547280581903,Low
0.95361875637105,High
0.9906524482256284,High
0.8951887816361171,High
0.014158873667497704,Low
0.006346867363483286,Low
0.02481136110647798,Low
0.000655307994757536,Low
0.010475310364620651,Low
0.8927094384728388,High
7.430320455760378e-05,Low
1.0,High
0.0,Low
0.007328078456187157,Low
0.983903579231761,High
0.9513688655890491,High
0.0,Low
0.0007064798439372838,Low
0.0,Low
0.014358798348992398,Low
0.010526081594790312,Low
0.011252112294616238,Low
0.08586638572476288,Low
0.0015365229258185657,Low
0.004900437298907251,Low
6.66706655171666e-05,Low
0.004128440366972477,Low
0.011435885445022897,Low
0.00036080878631394506,Low
0.007186474005705762,Low
1.0,High
1.0,High
0.0,Low
0.11564911897480702,Low
0.0,Low
0.016084683261705708,Low
0.03308092411938128,Low
0.8867473179729223,High
0.0,Low
0.0,Low
0.0,Low
0.9991549975857072,High
0.9644167758846658,High
0.001430852015938745,Low
0.0,Low
0.008130313000582496,Low
0.010694152588901206,Low
0.01649488696149025,Low
1.0,High
0.012589420216846215,Low
0.01035971701120503,Low
0.000186607586364363,Low
0.0008370477571191976,Low
0.013353990706703263,Low
0.0,Low
0.014597987413107177,Low
0.0029386774190386573,Low
0.01643860424547083,Low
0.008312002781602754,Low
0.006605927246891108,Low
0.9593023837242141,High
0.01667241116633122,Low
0.030843407011496286,Low
0.0032765399737876805,Low
0.8962150998848247,High
0.009680925549173774,Low
0.7966924965343612,High
0.01590441787079997,Low
0.007851282766805256,Low
0.9904434250764527,High
0.006205305102784286,Low
1.0,High
0.00012796443201676969,Low
0.9345136255848366,High
0.005461202706394519,Low
9.15638969652982e-05,Low
0.006513942351508466,Low
0.006078124666350618,Low
1.0,High
0.018410113879528737,Low
0.009087492179911612,Low
0.010499490316004079,Low
0.008390907819149175,Low
0.011636118191167808,Low
0.8937795681847216,High
0.0,Low
0.00011761938367442955,Low
0.8004204892966359,High
0.014967738001463459,Low
0.008903069021729024,Low
0.00018141430327518306,Low
0.005922225547061375,Low
0.007077258553428088,Low
0.9802843308577252,High
0.006011898897764516,Low
0.026197757390417943,Low
0.9954128440366973,High
0.006246884444193078,Low
0.006021764041992885,Low
0.006765318373670548,Low
0.013294818351274246,Low
1.758730458579907e-05,Low
0.9658344977435795,High
0.9648134279195877,High
0.00639953184434932,Low
0.006614313083426719,Low
0.009149523707356833,Low
0.009338202711795043,Low
1.0,High
1.0,High
0.013554266034066823,Low
1.0,High
0.9871433207284447,High
0.011782753013132832,Low
0.9982011153085086,High
0.023261865625294,Low
0.002752293577981651,Low
0.03806307699457773,Low
0.05621814475025483,Low
0.0013600453484785065,Low
0.0,Low
0.01900456543040318,Low
0.0033260969480121104,Low
7.043008146841226e-05,Low
1.0,High
0.012482428430972407,Low
0.018981023420471244,Low
0.017038007863695935,Low
0.880599665971196,High
0.007168304844983861,Low
0.00016681479218934826,Low
0.946177370030581,High
0.00010659266429207182,Low
0.8927304535737003,High
0.02547509829619921,Low
0.9014256935026762,High
0.006574923547400612,Low
0.9862385321100917,High
0.01078291548706636,Low
0.03075037566480683,Low
0.00018398086440129204,Low
0.7379781672990219,High
0.01432025970950079,Low
1.0,High
0.0022869562856926346,Low
0.018616946844130507,Low
1.0,High
7.686834442716726e-05,Low
1.0,High
0.0006221794661223086,Low
0.001834862385321101,Low
0.009591678086736053,Low
0.023706997031687896,Low
0.9931192660550459,High
0.007746239899588823,Low
0.9999288813028946,High
0.005810278884344732,Low
0.012196810740304608,Low
0.0,Low
0.01259647012690245,Low
0.008511740306575331,Low
1.0,High
0.9946744153962889,High
0.002752293577981651,Low
0.9947575360419397,High
0.0007123105137726697,Low
0.9989828480255286,High
0.008863280381450598,Low
0.010524806698892749,Low
0.011128414666017541,Low
0.0030680587410805297,Low
0.011009912793092422,Low
0.010366038767727723,Low
0.9872526641828776,High
0.10152929586427559,Low
0.8818788600912171,High
0.0011467889908256881,Low
0.009670865035786947,Low
1.0,High
0.01135004124422983,Low
0.028995723949852385,Low
0.007564397237517171,Low
0.0006087056759055911,Low
0.9917694876642654,High
0.01307157020685686,Low
0.001310615989515072,Low
0.8872147218390066,High
1.0,High
0.006676238433625062,Low
0.9437067265048917,High
0.0028669724770642203,Low
0.010413747501427253,Low
0.0,Low
0.0,Low
0.0,Low
0.005666113498313651,Low
0.0034122240383334776,Low
0.006599041415803317,Low
0.02363659531090724,Low
0.007125119645275362,Low
0.010085882811999063,Low
5.030854204295827e-05,Low
0.9668609771620766,High
0.011536130706915013,Low
0.9981651376146788,High
0.003893859099283909,Low
0.007468140068252822,Low
0.009712898272607377,Low
0.0316533329381402,Low
0.0006161766139565727,Low
0.02664047118906507,Low
0.01098033602703752,Low
0.009521606609655063,Low
0.01162725265058721,Low
1.0,High
0.0,Low
0.0,Low
0.982596111839231,High
0.9983104519578925,High
0.0022935779816513763,Low
0.018132601097881867,Low
0.008080620830642985,Low
0.007601572739187418,Low
0.9764198339886413,High
0.9279201982173814,High
0.0076452599388379195,Low
0.006387020868313516,Low
0.007344769119226926,Low
0.010944335013995936,Low
0.006189019950487841,Low
0.0,Low
0.0074526787528618015,Low
0.9714255531743159,High
0.8877666016798403,High
0.035635134443079766,Low
0.0,Low
0.9924311926605505,High
0.003067879146600662,Low
0.008985310339261213,Low
1.0,High
1.0,High
0.9761431229321137,High
0.006389688477313541,Low
1.0,High
0.011505524576843349,Low
0.010614041020391747,Low
0.01771594290836842,Low
0.010644746667639,Low
1.0,High
1.0,High
0.008115756466440487,Low
0.0,Low
0.0,Low
0.9969583084261984,High
0.004106502075680003,Low
0.0001528323105979286,Low
0.1663579157845213,Low
0.0023559758025350017,Low
0.002343886523694334,Low
0.0,Low
0.009558964483174583,Low
0.005988301591292326,Low
0.010444115583370014,Low
0.010740696759919496,Low
0.0,Low
0.00016209849938472043,Low
0.0032516487343773235,Low
0.8833647082002294,High
1.0,High
0.008222963449348912,Low
0.015802003297860214,Low
0.9801714722586281,High
0.0011467889908256881,Low
0.9938837920489296,High
0.0017201834862385322,Low
8.635799289668046e-05,Low
0.9998991833854219,High
0.013988848353528085,Low
0.014075868977729234,Low
0.015119386941748861,Low
0.010484848351583647,Low
0.005647751948294427,Low
1.0,High
0.06971674509089434,Low
0.018331939906207795,Low
0.0001529051987767584,Low
0.006126960767883112,Low
0.0006154074693231038,Low
0.010404145582034842,Low
0.006780009735492439,Low
0.9059173670768041,High
0.016987376105542306,Low
0.01482293919388621,Low
0.0005465653626732823,Low
0.01114742976554633,Low
1.0,High
0.9944062181447502,High
0.9969418960244647,High
0.015382334266680238,Low
0.018905841596904966,Low
0.0007513951270604142,Low
0.010098617652681163,Low
0.0,Low
0.006586048966670117,Low
0.02575372060709075,Low
0.0030581039755351682,Low
0.008776626880312385,Low
0.0060933471797074605,Low
0.01677277254001137,Low
0.006676206376014944,Low
0.0,Low
0.00886451002553024,Low
0.001051223241590214,Low
0.011835016531205287,Low
0.005231377919774272,Low
0.010976408912188729,Low
0.008556262833924936,Low
0.0374129478547634,Low
0.012732437972772223,Low
0.00019070853900708074,Low
0.017826722058660385,Low
0.012455970880331664,Low
0.0076252699942339465,Low
1.0,High
0.005659537637702181,Low
0.0011467889908256881,Low
0.011356794792315139,Low
0.0,Low
0.010661122260498075,Low
0.014210534016352402,Low
0.0009174311926605505,Low
9.759906304899472e-05,Low
0.0006848386330505471,Low
0.010427799337357407,Low
0.0,Low
0.00021027721864468507,Low
0.00011761938367442955,Low
1.0,High
0.006322017401804194,Low
0.8559677606112798,High
0.005733944954128439,Low
0.0076153127665547354,Low
0.027884640094569934,Low
0.006528455372216603,Low
0.006857249083471534,Low
0.011258238081236936,Low
0.01055752307902878,Low
0.0,Low
0.8873261952954505,High
1.0,High
0.000109217999126256,Low
0.01712779777858905,Low
0.00845858546424621,Low
0.000125675505843911,Low
0.9146178322446761,High
0.01485399513406981,Low
0.008103490554507996,Low
0.8857357096412326,High
0.013776572483966737,Low
0.011204765283469488,Low
0.011585925963957664,Low
0.026284704960756838,Low
0.007372328617796968,Low
0.0,Low
0.9947575360419397,High
0.004412212816298398,Low
0.03780118195923394,Low
0.0036498828766684237,Low
1.0,High
0.022487986020096114,Low
0.015069996743265172,Low
0.9569732547626301,High
0.00906666380617091,Low
0.003765588410730641,Low
0.006430030825872038,Low
0.0,Low
1.0,High
0.009769303976096107,Low
0.011320864753628118,Low
0.0553578428018977,Low
0.9844633458916914,High
0.008168943972468472,Low
1.0,High
0.0226191857748321,Low
0.00804443053768977,Low
0.07182617608425346,Low
0.0,Low
0.013791431553099856,Low
0.020137565373919995,Low
0.008496827630815173,Low
0.0,Low
0.006576750611577727,Low
0.9109485443201039,High
0.012555196329067876,Low
0.009042653588458946,Low
0.0011275152262739958,Low
0.0,Low
0.9769839647757802,High
0.0008031570430914417,Low
0.00684700805401112,Low
0.02483164369875199,Low
0.022605559071776304,Low
0.0030581039755351682,Low
0.007417983205223409,Low
0.006647430439718284,Low
0.011639599844452885,Low
0.9080343019840016,High
0.015480540427772653,Low
0.9304074584055289,High
0.8979555931679357,High
0.9483301908589669,High
0.32152739610197434,Medium
0.01028310526897332,Low
1.0,High
0.010863766917456406,Low
0.864967458997103,High
0.00115674375637105,Low
0.00010381507503967191,Low
0.012089775344758354,Low
0.0146607285316903,Low
0.01215298463004885,Low
0.8830628062862474,High
0.0,Low
0.017098396394132843,Low
0.6548884743834182,High
0.01193656740734445,Low
0.006094864402198674,Low
0.00011761938367442955,Low
0.005755547044859036,Low
0.9152379820731992,High
0.006032093054676066,Low
0.7757793960273148,High
0.02515564799757013,Low
0.010878443036631163,Low
0.0040956749672346,Low
0.009949682260828074,Low
0.13434845902854042,Low
0.006600662427782456,Low
1.0,High
0.991011358671909,High
0.009729522919146905,Low
0.016035849916448044,Low
0.9707338236007962,High
0.996750764525994,High
0.9635326457475633,High
0.0007325983034148072,Low
0.013224523016890824,Low
0.021517718508470663,Low
0.0007065699247775488,Low
0.9988532110091743,High
0.017327437634516635,Low
0.001019367991845056,Low
0.9889677712456858,High
0.0006137203627277796,Low
0.027979130826204613,Low
1.0,High
0.9882473348307367,High
0.008630164244884763,Low
0.005629220820591234,Low
0.012923145658960538,Low
0.01466794935121,Low
0.9430145227063855,High
1.0,High
0.9614745403676295,High
0.0005701218093917507,Low
0.0,Low
0.020975356886407847,Low
0.0,Low
0.008855711499962065,Low
0.976834862385321,High
0.0,Low
0.6074999407089683,High
1.0,High
0.005697307664777078,Low
0.36022316209151256,Medium
0.005180693433408973,Low
0.08760541191733852,Low
0.0037670539354885684,Low
0.00010381507503967191,Low
0.9610516479782535,High
0.010911362635575671,Low
0.015333059059215443,Low
0.0,Low
0.9855013106159896,High
1.0,High
0.9040774719673803,High
7.504598793484881e-05,Low
0.9941022280471822,High
0.002873675559037464,Low
0.11472541342395437,Low
0.01092050331402381,Low
0.022152909955642494,Low
0.00580611882466689,Low
0.007287876139195138,Low
0.010736378564973514,Low
0.01005533659712437,Low
0.012070579040926383,Low
1.0,High
0.9750327653997379,High
0.0,Low
0.0006243633171274966,Low
0.9779632412461288,High
0.0011467889908256881,Low
0.012916215269513394,Low
0.0,Low
0.9932075060148587,High
0.0,Low
0.0016842772278463697,Low
0.8867640900985249,High
0.9992438753906644,High
0.0006442219564715198,Low
0.006509957782699475,Low
0.0,Low
0.006393357502704193,Low
0.004277089270509783,Low
0.012713931802663198,Low
0.0006496709949418051,Low
0.01174469786439379,Low
1.0,High
0.014458899198727346,Low
0.002752293577981652,Low
0.007019407071242748,Low
0.25461906920005095,Medium
0.005996555733282421,Low
1.0,High
0.014577374783772919,Low
0.012125470305222576,Low
1.0,High
0.8711474178217298,High
0.7287099075156184,High
0.0,Low
0.006906268726359593,Low
0.0007831729693443724,Low
0.009197287838674026,Low
0.00024072925058711084,Low
0.010734491124981567,Low
0.00016808269060980305,Low
0.008962024325258758,Low
0.9033672639957384,High
1.0,High
0.007911864351308131,Low
0.003543760988954349,Low
3.526962942768087e-05,Low
0.03631876306745762,Low
0.0073029551388002776,Low
0.009965766606860733,Low
1.0,High
0.038468334041021006,Low
0.010380495602911237,Low
0.0019964840808920047,Low
0.006587855385407905,Low
1.0,High
0.011173490627363837,Low
0.04812802311872711,Low
0.031830073047018535,Low
0.006752870890053963,Low
0.01234279249266767,Low
0.024734425940235342,Low
0.012836936074656217,Low
0.00733342077504806,Low
0.997624508519004,High
0.012003509831516327,Low
0.0001814312985527189,Low
0.00731514936331494,Low
0.01700435820849879,Low
0.009573178621930212,Low
0.9932731001444841,High
0.0078055001360696945,Low
0.0,Low
0.02375641597168249,Low
1.0,High
0.007566112353086895,Low
0.0,Low
0.9904766243559132,High
0.008702802822980681,Low
0.0007831729693443724,Low
0.0,Low
0.9873496570137177,High
0.8941458248590943,High
0.012999577884789445,Low
0.0120329087638685,Low
0.008023677677485564,Low
0.007714247181167306,Low
0.011050854809675189,Low
0.007582711006805695,Low
1.0,High
0.025046760334566324,Low
0.017631832888150654,Low
0.0,Low
0.011418048113507832,Low
0.02228338137800962,Low
0.001310615989515072,Low
0.0,Low
0.01844653508946121,Low
1.0,High
0.09056895151211315,Low
0.011171245558553334,Low
3.614076462428205e-05,Low
0.004751145497489851,Low
0.007098419146798889,Low
0.0,Low
0.015610619076352568,Low
0.0060044112289175935,Low
0.005925481193687672,Low
0.0001131093107715696,Low
0.011649179956364088,Low
0.9710137372636275,High
1.0,High
0.005312741798737181,Low
0.010780523580353843,Low
0.0,Low
0.005993285040610356,Low
0.8294689863179753,High
0.014092037580362152,Low
0.9889908256880734,High
0.8925944604079518,High
0.030513420692894925,Low
0.9807996549447136,High
0.007175451844434292,Low
0.008753135795367241,Low
0.009383593442555703,Low
0.0037830287432629637,Low
0.0002750675533550151,Low
0.010431093755951108,Low
0.02286627745343342,Low
0.9693188437454494,High
0.009980696346288651,Low
0.012165308679187466,Low
0.9890479122628734,High
0.9715649669298059,High
0.027271175188426415,Low
0.009469696687220888,Low
0.9682084607543324,High
0.00013192010778614353,Low
0.010652687631638073,Low
0.992125382262997,High
0.00022826805379818046,Low
0.004291335095914457,Low
1.0,High
1.0,High
0.8429798524914551,High
0.0,Low
0.0010773974349390285,Low
0.8311681581377988,High
1.0,High
0.9817405708460755,High
0.012410805300713559,Low
1.0,High
0.0,Low
0.016498967403761285,Low
0.9910550458715597,High
0.004657583610447916,Low
0.8969314576355653,High
1.0,High
0.018047602756114837,Low
0.017936443417758272,Low
0.011174141659508138,Low
0.996076553416003,High
1.0,High
0.0008365413142890828,Low
0.9993744787322769,High
0.007773152256610153,Low
0.0,Low
0.004160238732343091,Low
0.9933385263400842,High
0.011443647304604456,Low
0.013760576297237374,Low
0.050910519173352264,Low
0.0001565398513058499,Low
0.6704929440076908,High
0.9946567194273617,High
0.012946703464715246,Low
1.0,High
0.0,Low
1.0,High
0.9854958497160332,High
0.7679882044560944,High
0.01534068408949968,Low
0.965890286760326,High
0.008022353724816444,Low
6.149002631773126e-05,Low
0.9909876947720985,High
0.0,Low
0.0,Low
0.01697247706422018,Low
0.011782072702683112,Low
0.008833216585585823,Low
0.013303810698400788,Low
0.9857361293141108,High
0.0009088484751882834,Low
0.007207244437394624,Low
0.0007845236556956416,Low
0.010850135574310178,Low
0.0015869282507757281,Low
0.005695286264700358,Low
0.4201145991019935,Medium
6.34588642188266e-05,Low
0.0006729616176195431,Low
0.0005946313285762827,Low
0.0007023557482273078,Low
0.011849790426069295,Low
0.02774265412154964,Low
0.9704474162472223,High
1.0,High
0.011335657118453316,Low
0.010540496620057273,Low
0.010139281531512145,Low
0.9930299058739426,High
0.00422468078164116,Low
0.026301650177583943,Low
0.011139826734942198,Low
0.9660975048132749,High
0.006414158423025854,Low
0.9597781148837412,High
0.909209907491576,High
1.0,High
2.1740075655463284e-05,Low
2.1740075655463284e-05,Low
0.003879632488434093,Low
0.0028032619775739042,Low
1.0,High
0.0,Low
0.9607396945132277,High
1.0,High
0.007448177891190208,Low
1.0,High
0.0019287406883058235,Low
0.010691992704378093,Low
0.00011924083134329518,Low
0.06273254295292588,Low
0.9812998927677827,High
0.00605799431807087,Low
0.006158838226736893,Low
0.011286713175331295,Low
0.0362166885102665,Low
0.01006042351814867,Low
0.0,Low
0.004642982288481141,Low
0.017043758179303127,Low
1.0,High
0.014333808874191879,Low
0.014650338211791646,Low
0.02938820226399843,Low
1.0,High
0.019134260046285302,Low
0.03266295652513688,Low
0.007184523375708706,Low
0.0,Low
1.0,High
0.013712588233106886,Low
0.0,Low
0.9970511140235911,High
0.0068160834046836535,Low
0.003214617609019167,Low
0.005807893639387114,Low
0.006336137838467853,Low
0.8179754623561964,High
0.004614037503620449,Low
0.007912982908693219,Low
0.981081559482382,High
0.7172583851859493,High
0.0,Low
0.012357144329116257,Low
0.9876556519843396,High
1.0,High
0.001176862861473255,Low
0.0,Low
0.015751509949279836,Low
0.9706982517240446,High
0.006147264052373849,Low
0.011194236907238048,Low
0.8872209152250377,High
0.014207172293304343,Low
0.006056904635216344,Low
0.010397553516819572,Low
0.007524101961973991,Low
0.9585819059680598,High
0.9879128819687064,High
1.758730458579907e-05,Low
5.582632517838941e-05,Low
0.9913998782817056,High
0.0009174311926605505,Low
0.7646396124474081,High
1.0,High
0.013424715969899477,Low
0.0,Low
0.00937119219669219,Low
1.0,High
0.7539642824046493,High
0.9855534373882999,High
0.010068100536696895,Low
0.0006227423465742384,Low
0.9353882865350756,High
0.017642121495239017,Low
0.9681329094430506,High
0.036731262575040904,Low
0.0012598983015972578,Low
0.006712024672383475,Low
0.005868227717338934,Low
0.904378374117368,High
0.009424985650191741,Low
0.0,Low
0.03781172121230036,Low
0.018626555129307252,Low
0.0035718443164673595,Low
0.9999735610607303,High
0.007160503941823994,Low
1.0,High
0.8099868276473781,High
0.012713489391929305,Low
0.010455731520428927,Low
0.9994227510542573,High
0.9992354740061162,High
0.009453447543093704,Low
0.013438316545878166,Low
0.0,Low
0.021426986572526386,Low
0.949301158369597,High
0.0032765399737876805,Low
0.01857283462979095,Low
0.0022935779816513763,Low
0.006373444720489538,Low
0.008962600473793611,Low
0.011140601154037201,Low
0.010597962063526893,Low
0.011218078816785519,Low
0.02672870616181064,Low
0.00018199581017693672,Low
0.9998991833854219,High
0.9296562645937844,High
0.9988944038731464,High
1.0,High
0.6676114023591088,High
0.9999656392811738,High
0.9790475497882445,High
1.0,High
0.005071256049192868,Low
0.005670809286212473,Low
0.9697502548419981,High
0.006978333008003123,Low
0.007106007438425378,Low
0.7576963215518293,High
0.00999238064855926,Low
0.006476654947714918,Low
0.01600838411190264,Low
0.008362485841296194,Low
0.00731725196497653,Low
0.01085836933817858,Low
4.7047753469771816e-05,Low
0.054990164123150206,Low
0.0008654957587010339,Low
0.9482343600895862,High
0.0,Low
1.0,High
0.020472424976307704,Low
1.0,High
0.747711882918305,High
0.04071427917170015,Low
0.8521315844115154,High
0.0021325649146377744,Low
0.0007201839905669411,Low
0.002314377087535515,Low
0.0,Low
1.0,High
0.0,Low
0.012419933254576734,Low
0.017492522767752126,Low
7.470938050981681e-06,Low
0.9988532110091743,High
0.009006444154758098,Low
0.006259184038044496,Low
0.0006221794661223086,Low
0.12232716071485918,Low
0.008949969543623587,Low
1.0,High
0.9990825688073395,High
0.9502799842017158,High
0.0009088484751882834,Low
0.008564650439949086,Low
0.005585176529170089,Low
0.009250764525993884,Low
0.001310615989515072,Low
8.047642040882022e-05,Low
0.008955044059467211,Low
0.0061083762312999085,Low
0.0039814906696056815,Low
0.02032329412586535,Low
0.010056603829038847,Low
6.149002631773126e-05,Low
0.011228663448560598,Low
0.0,Low
0.9663163398872804,High
1.0,High
0.00037782875226037305,Low
0.0029495394584180684,Low
0.013673158459286383,Low
0.010004774719888192,Low
0.9792453678719194,High
0.00022495003659030538,Low
0.015439047419982949,Low
5.582632517838941e-05,Low
0.012050954260779363,Low
0.008000008921741028,Low
0.015219288495860489,Low
0.9278856608902478,High
0.9896917889918171,High
0.015191812213055928,Low
0.01832056330983407,Low
0.015265090454697103,Low
0.018025336627067567,Low
0.011430640559790038,Low
0.007108175601491815,Low
1.0,High
1.0,High
0.008542205271551454,Low
0.00011761938367442955,Low
0.00037620778170711477,Low
0.00012876695199347523,Low
0.004849351807562526,Low
0.016740677690325147,Low
0.1652899054556173,Low
0.9936435124508519,High
0.0404555483885963,Low
0.0006396691213465732,Low
0.9964449541284404,High
0.014133003194362557,Low
0.012942928076231779,Low
0.9984709480122325,High
0.9981651376146788,High
9.954765545361876e-06,Low
0.9963302752293578,High
0.0058035600247092764,Low
0.0818530964886054,Low
0.9954128440366973,High
0.0007186085167736544,Low
0.951634629386923,High
0.9999288813028946,High
0.047266329619083516,Low
0.008977907230844405,Low
0.017793375304163115,Low
0.00012605379142622116,Low
0.00016989466530750933,Low
1.0,High
0.004176818081113413,Low
0.0,Low
0.012401301488012124,Low
0.9935779816513761,High
0.0076452599388379195,Low
0.9606099011842454,High
0.9817073045584223,High
0.006801971396518121,Low
0.03326657602156793,Low
0.001989161515627158,Low
0.007389726046845533,Low
0.902984623987499,High
0.032841316954916516,Low
0.9476713398731749,High
0.006296492456477374,Low
0.012047538637627803,Low
0.9002671361133608,High
0.008006885040800172,Low
0.007309905034216226,Low
0.00737769818969236,Low
0.014709781346934795,Low
0.007675712047926846,Low
0.006087936416921509,Low
0.9988532110091743,High
0.03377168658397998,Low
0.00019675680634052755,Low
1.0,High
0.17177185266535083,Low
0.006765318373670548,Low
0.0056190961290148115,Low
0.006258217206468353,Low
0.005988808449666527,Low
0.01492007386441426,Low
0.006160194953696246,Low
1.0,High
0.01398461182658491,Low
0.011690973818320616,Low
0.9927697684578418,High
1.0,High
0.013125518190721193,Low
0.021198579355256892,Low
0.9887232415902142,High
0.01131765997389311,Low
0.0003036240224787569,Low
0.018679013973234616,Low
0.0,Low
0.9684155424999603,High
9.759906304899472e-05,Low
0.008041650235482721,Low
6.878782912523511e-05,Low
0.020652986665944756,Low
0.05382512919230183,Low
0.011281288325613979,Low
0.008011051921272414,Low
0.0,Low
0.910652395514781,High
0.03550013348692228,Low
0.004558566545884408,Low
0.00032069649357338803,Low
0.977611980782292,High
0.006701550917523692,Low
0.014934594346148243,Low
0.006988546309470002,Low
0.9356650343723207,High
0.012891918940317678,Low
0.0005447968002209279,Low
0.008288831652727488,Low
0.005737009954422284,Low
0.011008573638376158,Low
0.008435971931800634,Low
0.0,Low
1.0,High
0.009907269687304961,Low
0.011016965046630835,Low
0.022833410627595363,Low
0.12342162797192717,Low
0.007913602438851149,Low
0.6636649919906801,High
0.010664274191298208,Low
0.9998114867412341,High
0.009739072410917506,Low
0.0,Low
1.0,High
0.7936361978127883,High
0.05146352118829182,Low
0.9254102651142526,High
0.010675796789126921,Low
1.0,High
0.0,Low
0.9737310854283331,High
0.957151785280881,High
0.007235046874821024,Low
0.009207397274399039,Low
0.03425076452599388,Low
1.0,High
0.016306592312831034,Low
0.006074847746349861,Low
0.011049727823843256,Low
0.010345372958933745,Low
0.010232589356503445,Low
4.2837603991976594e-05,Low
0.006127524333986817,Low
0.0102832450173688,Low
7.470938050981681e-06,Low
0.023988107319949634,Low
0.0,Low
1.0,High
0.020838794233289645,Low
0.010700187827195602,Low
0.010060004825666912,Low
0.0006221794661223086,Low
1.0,High
0.021245122348260363,Low
0.9975280326197759,High
0.011496858222279166,Low
0.04637432090975275,Low
0.9471876365224988,High
0.9950235248207108,High
0.00011121100508175727,Low
0.0,Low
0.015184422392810334,Low
0.0276989694960553,Low
0.9487889868992281,High
0.9878142675435037,High
0.9899764795982905,High
0.016076889471384883,Low
0.9999288813028946,High
0.8716081568869198,High
0.6968883141750015,High
0.005209233184693644,Low
0.0,Low
0.0008152629161826829,Low
0.060072876537672994,Low
0.9200487882097388,High
0.008162884034089284,Low
1.0,High
0.017728892462135222,Low
0.0037118701043510915,Low
0.8331736433800655,High
0.02383184229855142,Low
0.011629331209608962,Low
0.01315824298180173,Low
0.008604190417180248,Low
0.9523461525282896,High
0.0005792447845664571,Low
4.2837603991976594e-05,Low
0.01072994128874546,Low
0.01003625136254743,Low
0.009567496723460026,Low
1.0,High
0.003907184135603195,Low
0.031088839705671105,Low
0.010146957377163394,Low
0.008440753948656442,Low
0.0026682356724636275,Low
0.6030617611236877,High
0.01097744782294775,Low
0.00440719943034343,Low
0.010254961373925113,Low
0.028724045577546705,Low
1.0,High
0.0008082131935342944,Low
0.01036647050262654,Low
0.8960640520702879,High
0.009128917980988836,Low
0.9533973880870547,High
0.0019137781152351759,Low
0.010724509622238136,Low
0.0022935779816513763,Low
0.004127357030543897,Low
0.9965737164010945,High
0.006884817078002334,Low
0.007051625290110001,Low
0.0,Low
0.0002765820736167273,Low
0.005303118868463206,Low
0.0015290519877675841,Low
0.0,Low
0.014949252551294135,Low
0.017804446554179516,Low
0.10932986556883872,Low
0.9994266055045872,High
0.018019128124736824,Low
0.9363807524874219,High
0.016955924322285043,Low
0.006777081651802061,Low
0.0034403669724770644,Low
0.06425071264256191,Low
0.011669740269680073,Low
0.0004932425766992207,Low
1.0,High
0.021887287024901704,Low
1.0,High
5.7009705083144155e-05,Low
0.007306577247745821,Low
0.00706987345182723,Low
0.017384848556931662,Low
0.967990104065217,High
0.03060102348057472,Low
0.006212588076774118,Low
0.01044756425915062,Low
0.9571847240425222,High
0.01122761031017912,Low
0.008207436666250002,Low
0.01208422356233045,Low
0.966743119266055,High
0.0,Low
0.010421121039053932,Low
4.680771391125257e-05,Low
0.012597976437794802,Low
0.011159016628352461,Low
0.017147970709415764,Low
0.010910608260548953,Low
0.00971964216006132,Low
0.011320362998933901,Low
1.0,High
0.006642001299710804,Low
0.9990825688073395,High
0.0023469204793353854,Low
0.9891055045871561,High
0.00627296555945673,Low
0.019258994543309604,Low
0.012376535410101107,Low
0.029931192660550457,Low
0.0048731062989809965,Low
0.016134194642170537,Low
0.009980821436201033,Low
0.007062098407466726,Low
0.009699432066404544,Low
0.00010659266429207182,Low
0.008429123029804904,Low
0.9814110965487111,High
0.00865234640296733,Low
0.010422574367528496,Low
0.005968456903608403,Low
1.0,High
0.0,Low
0.010486691165125213,Low
0.013827985171598722,Low
0.023144578932490428,Low
0.01928144896202755,Low
0.006331767914688119,Low
0.00016589945065649688,Low
0.007315821642764412,Low
0.020101184086096135,Low
0.011502684518867073,Low
0.0009174311926605505,Low
1.0,High
1.0,High
0.0,Low
0.012405471174418483,Low
0.990909375872364,High
0.0,Low
0.006276101469645457,Low
0.9164857139432339,High
0.0009088484751882834,Low
0.011793131828214318,Low
0.9740140960975562,High
0.00926575607099016,Low
0.011456511167370382,Low
1.0,High
0.007211401189706884,Low
0.015366972477064221,Low
0.009934000685778616,Low
0.9965596330275229,High
0.0,Low
0.05916316665350306,Low
0.9317872080219883,High
0.9775993883792049,High
0.0,Low
0.008409785932721712,Low
0.014342333323372083,Low
0.03999455238455237,Low
0.005378002027188629,Low
1.0,High
0.01189592221805954,Low
0.011612848165201148,Low
0.9702027771186936,High
0.013315677229394352,Low
0.11844482137987163,Low
1.0,High
1.0,High
1.0,High
0.020281782437745737,Low
0.014117225415869336,Low
0.9642201834862386,High
0.08655714704850064,Low
0.0,Low
0.014725209800574762,Low
0.009828736410022843,Low
0.006201084258831907,Low
0.9989806320081549,High
0.011201674948573812,Low
0.6644394891014881,High
0.9411462263526483,High
0.0063345847459041526,Low
0.0046853051021287645,Low
0.0,Low
0.0002821208597148641,Low
0.01391383393768885,Low
0.008119836872841082,Low
0.9981083892934834,High
0.9901111579900697,High
0.018370703036420452,Low
0.01648302903077371,Low
0.951352817969277,High
0.009930158256237217,Low
1.0,High
0.00020718375308354135,Low
0.0072928018208453385,Low
0.01139410890925257,Low
1.0,High
0.005999128537603033,Low
0.0010410493785284647,Low
0.025325833697393333,Low
9.912172624109012e-05,Low
0.001889860774081529,Low
0.0,Low
3.770640968800412e-05,Low
0.018577981651376144,Low
0.0038226299694189606,Low
0.004784605556270619,Low
0.009044300175458535,Low
0.9994065422484455,High
0.003212780220677109,Low
0.0019284044643052185,Low
0.0045871559633027525,Low
0.02561733226138822,Low
0.989256260983072,High
0.03321994902141912,Low
0.9977064220183486,High
0.011435575666198121,Low
0.0007831729693443724,Low
0.9597029781925887,High
0.9594071246768234,High
0.9650701905442755,High
0.9488420920980617,High
0.007934188927361103,Low
0.9592726081258192,High
0.009109413925680895,Low
0.006697161291989418,Low
0.010455890707811796,Low
0.0006643410615737247,Low
0.0046829946677666824,Low
1.0,High
0.015707271505895026,Low
0.007120290648546915,Low
0.00976913129272414,Low
1.0,High
0.036146183785748735,Low
0.003305839900236555,Low
0.9554693013408608,High
0.00047422146813758814,Low
0.014212893357639148,Low
0.0038990825688073397,Low
0.011992440009614061,Low
0.004924446842957366,Low
0.9999656392811738,High
1.0,High
1.0,High
0.06824081832166587,Low
0.03714565643973745,Low
0.9693370467453037,High
0.8727067090010034,High
0.011261511549493678,Low
0.9886191714797191,High
0.005925076452599388,Low
9.954765545361876e-06,Low
0.0041939711664482305,Low
1.0,High
0.005933071442027098,Low
0.02033639143730887,Low
0.027683498431929143,Low
0.01446680088745395,Low
1.0,High
0.03919461219931667,Low
0.01098073957057007,Low
0.002752293577981651,Low
0.8960902487101476,High
0.04509610139552274,Low
0.009741413591568744,Low
0.006272499755754902,Low
0.9923136711012166,High
0.02849682832439747,Low
0.010039642945402437,Low
0.007518527909699042,Low
0.01315296699566627,Low
0.0,Low
0.005907939668280561,Low
0.9824814329401484,High
0.0,Low
0.007057562791947287,Low
1.0,High
0.023497200990940294,Low
1.0,High
0.010630620057231355,Low
0.0,Low
0.9998361730013107,High
0.018533009534088863,Low
0.005725677382801618,Low
0.014257381571867261,Low
0.001903442784120911,Low
6.896096436871295e-05,Low
0.9959251152610255,High
1.0,High
0.008808176052766367,Low
0.0,Low
0.007062028605595936,Low
2.8270043935120748e-05,Low
0.01011190527400047,Low
0.0430156147395707,Low
0.9517902850076213,High
0.9999735610607303,High
0.9759447356924422,High
0.006160923616360796,Low
0.008115470294239618,Low
0.9959251152610255,High
0.0038226299694189597,Low
0.020355511350574215,Low
0.011825917181545681,Low
0.001384919194072676,Low
0.0065691708980565675,Low
0.0004722072315164598,Low
0.0036041939711664484,Low
4.2837603991976594e-05,Low
0.01005347260113738,Low
0.0045871559633027525,Low
0.004878793724444408,Low
1.0,High
0.9940259154708696,High
0.9000947880617404,High
0.009977468974160892,Low
0.0,Low
0.9591811348881063,High
0.01053342765881123,Low
0.010605086961054312,Low
0.0,Low
0.955747941359199,High
0.010521971392929505,Low
0.010032633566420594,Low
0.06663938103929275,Low
0.0505424397718117,Low
0.01185904641315774,Low
0.015638044403515742,Low
0.007693332197379807,Low
0.013325909823249119,Low
0.9764600891841142,High
0.9933160712657823,High
0.007229726636578895,Low
0.00010381507503967191,Low
0.0005483817337362874,Low
0.010882475449788745,Low
0.0,Low
1.0,High
0.009537976006030811,Low
0.01071735113960985,Low
0.015874485463349845,Low
0.038507960809759156,Low
0.00794814897242804,Low
0.9313605238665071,High
4.7047753469771816e-05,Low
0.010602171079635226,Low
1.0,High
0.0,Low
0.006941388855357047,Low
0.013204350024086188,Low
0.9998991833854219,High
0.01626687418240056,Low
0.9604048347167614,High
0.010446380467736638,Low
0.9825463569729624,High
0.011993977718221091,Low
0.0,Low
0.012042420632743502,Low
9.106837834048313e-05,Low
0.010420682034281602,Low
0.8909729226448329,High
0.016652994363492296,Low
0.0006442219564715198,Low
1.0,High
0.006056522703814648,Low
0.0007755577308014664,Low
0.01388489135462441,Low
0.9998991833854219,High
0.02032175157785152,Low
1.0,High
0.015618173875054608,Low
0.042311503647438915,Low
0.959499980142182,High
0.0,Low
0.008383966878170493,Low
0.007122844004077578,Low
0.9863585449114574,High
0.006782292180850561,Low
0.017998807726331414,Low
0.0061109857925892175,Low
0.9737949614096404,High
0.02112871867748329,Low
0.013765706319842521,Low
0.008039425855344028,Low
0.9999735610607303,High
0.9683173477898247,High
0.009257387117852069,Low
0.009162805711611863,Low
0.00674100092683088,Low
0.0015290519877675841,Low
0.015300474643221203,Low
2.0799105884139068e-05,Low
0.8579047716212005,High
1.0,High
0.9576912579048169,High
0.010212794625107645,Low
1.0,High
1.0,High
0.8440780287592696,High
0.0,Low
0.02241735653042927,Low
0.017658928260707942,Low
1.0,High
0.9961773700305812,High
0.04873482386398267,Low
0.0010384943804961644,Low
0.0,Low
0.03496078335527877,Low
0.030198081807611445,Low
0.0,Low
0.0005946313285762827,Low
0.0,Low
0.11506925795916619,Low
0.010544786470728122,Low
1.0,High
0.0024464831804281344,Low
0.0011467889908256881,Low
0.9636803101656982,High
0.009613803561081012,Low
0.018608263319891658,Low
1.0,High
0.01506681890484376,Low
0.9846415222562012,High
0.007747668176141995,Low
1.0,High
0.00923548911789995,Low
0.007494183435486037,Low
0.9502298608292398,High
0.030751612793418228,Low
0.013451314234606779,Low
0.0076359778013253285,Low
0.01559544161967135,Low
0.007438886391479142,Low
0.013879360902118318,Low
0.018048046003149257,Low
0.011027703410463198,Low
0.0008630365521971503,Low
0.9733604918975537,High
0.6687921073355538,High
1.0,High
0.0,Low
0.0012553802008608323,Low
0.008461432001565903,Low
0.01257645259938838,Low
0.9847474054482492,High
0.00674726609672202,Low
0.012046469415658248,Low
0.8871133562200331,High
0.990815759164383,High
6.149002631773126e-05,Low
0.9498962429008301,High
0.017139105051922135,Low
1.0,High
0.010354102595817566,Low
0.009907476916531134,Low
0.009845684268341143,Low
0.011908326751685624,Low
0.0,Low
1.0,High
0.005877036220511508,Low
0.000490945613719494,Low
0.01116729036669547,Low
0.9946483180428134,High
0.006736541234270378,Low
0.6644080405572693,High
0.006952961891511769,Low
0.000254841997961264,Low
0.008058359223083495,Low
0.008288757155364226,Low
0.005194358862180878,Low
0.9908583212663333,High
0.0,Low
0.020154800987696883,Low
0.011924922703597417,Low
0.9952599388379205,High
0.01302900532120091,Low
0.006196372747756321,Low
0.01115044699466358,Low
0.009102394910237377,Low
0.10175954038388806,Low
0.029787308386534834,Low
0.005452227569121262,Low
1.0,High
0.9776649191786806,High
0.9967234600262123,High
0.0,Low
0.12766003404394927,Low
0.0,Low
0.07685168353855801,Low
0.003447837910528046,Low
0.0011467889908256881,Low
1.0,High
0.010508629536599678,Low
0.006752003975033083,Low
0.00813697897522854,Low
0.8881031759015946,High
0.9896305489226817,High
0.000109217999126256,Low
0.007068744929164326,Low
0.9693227472294924,High
0.8925678807940122,High
0.002098038721605596,Low
0.9827599388379203,High
0.0,Low
1.0,High
0.010194214313775613,Low
0.0,Low
0.028564346652133716,Low
0.0,Low
0.15158035135099354,Low
5.582632517838941e-05,Low
0.0,Low
2.0119105102205054e-05,Low
0.0,Low
0.9965596330275229,High
0.03704050427510454,Low
0.012669110196397524,Low
0.01633483387504971,Low
0.016295078001351767,Low
0.91157132798578,High
0.010393193680958661,Low
0.005936919110151706,Low
0.9684450997524393,High
0.9909445096648345,High
0.15287194505441426,Low
0.007191154483889757,Low
0.9743151871836453,High
0.0,Low
1.0,High
0.00792965827686048,Low
0.00019225616792302626,Low
1.0,High
0.9851645551186835,High
0.013106799579182446,Low
1.0,High
0.009908232330895174,Low
1.0,High
0.9364003733269787,High
0.0012026153160040775,Low
1.0,High
0.0,Low
0.0055385793496979425,Low
0.009685660973829792,Low
0.007741203868648767,Low
0.9972477064220183,High
0.007909720554262163,Low
0.054436674490643766,Low
0.009704803332293403,Low
0.007041616735176748,Low
0.9851569396349124,High
0.013144914669034231,Low
0.008044998787938282,Low
0.05008571545567138,Low
0.013897540102523365,Low
0.0,Low
0.032040775510992894,Low
0.011704488605996988,Low
0.009277714750221887,Low
0.05729576234163391,Low
0.022433693609804094,Low
6.623888779447541e-05,Low
1.0,High
0.0067543393299326,Low
0.005570117955439056,Low
0.004560197016264015,Low
0.010593495792896727,Low
0.026381607688947137,Low
0.013949446600331344,Low
0.000800792392639141,Low
0.02212135730716361,Low
4.4972117287281886e-05,Low
0.004962004746245361,Low
0.006580384554490786,Low
1.0,High
0.005045871559633028,Low
0.0004879397372000767,Low
0.01616426387068589,Low
0.0,Low
0.0,Low
0.008021658891423384,Low
0.9961960170060415,High
0.010399459421946795,Low
0.0004722072315164598,Low
0.01306549116762797,Low
0.0,Low
0.011489633946858268,Low
0.021743039698230056,Low
0.006339880529625951,Low
0.9625871046162257,High
1.0,High
0.0019113149847094799,Low
0.014984515063147737,Low
0.006386373738193315,Low
0.032656181738750546,Low
0.010794619641694285,Low
0.044246960990080256,Low
0.009384573600491091,Low
0.00012876695199347523,Low
0.007985998750888634,Low
0.9572884811416923,High
0.008031568998311414,Low
0.9564894605406341,High
0.014194265011975425,Low
1.758730458579907e-05,Low
0.003679679536187564,Low
0.9806574923547401,High
0.00693026599979081,Low
0.01044774007318903,Low
0.948978780894759,High
0.0043969658168049736,Low
0.007228928493781873,Low
0.00900596030400077,Low
0.0,Low
0.010107084778006198,Low
0.003151043221084673,Low
0.004105629732779961,Low
0.0061904295902337385,Low
0.007191020658033103,Low
0.00022177051409602837,Low
0.0057627258451936345,Low
0.9378604193971165,High
0.9877985291976118,High
0.01694517256443862,Low
0.0020642201834862386,Low
0.9930184494404678,High
0.017385810992830878,Low
0.0,Low
0.010029632943977499,Low
0.01554068390293604,Low
0.017725121951356837,Low
0.9188345932927587,High
0.024725987967817095,Low
0.009077486191669986,Low
0.014980974261006861,Low
0.016234054501981725,Low
0.5965928535022572,High
1.6926774772334878e-05,Low
0.008689820161068507,Low
0.014404188269526953,Low
0.951197284032284,High
0.9992354740061162,High
0.0,Low
0.0011275152262739958,Low
0.9753242832990198,High
1.0,High
0.9544718201545483,High
0.01416127946224326,Low
0.051823215863457284,Low
1.0,High
0.0038724414275073935,Low
0.006846726675579496,Low
1.0,High
0.007885139363728536,Low
0.005398884429245643,Low
0.0058643844252368234,Low
0.008464863758648711,Low
0.014570724087169957,Low
0.0040956749672346,Low
0.00969451754925351,Low
6.149002631773126e-05,Low
0.013140333653385922,Low
0.0138623316150539,Low
0.010698726866130133,Low
0.012140072773504249,Low
0.913563475260723,High
1.0,High
0.006477399966199949,Low
0.012039421524624406,Low
1.0,High
0.016902780357119326,Low
0.9907571860902059,High
0.007853719728550052,Low
0.008670142561147476,Low
0.8979299157818456,High
0.00018141430327518306,Low
0.9828448861705742,High
0.9343803067104103,High
0.9550622542595018,High
0.011120622445361569,Low
0.9959043250327654,High
1.0,High
0.005223183074603024,Low
0.001019367991845056,Low
0.0,Low
0.9984709480122324,High
0.002110770686849584,Low
0.016129122512236763,Low
1.0,High
0.0,Low
0.0007831729693443724,Low
0.014275553529950765,Low
0.005967706896226686,Low
0.0,Low
0.8412352555701179,High
0.008063657248923578,Low
8.047642040882022e-05,Low
0.013330449014740385,Low
1.0,High
0.9981651376146788,High
0.0011643753595271607,Low
0.010199245329328739,Low
0.9487130656300184,High
1.0,High
0.9795193378921284,High
0.03256496627903236,Low
0.011096563214568665,Low
1.0,High
0.014406294812519217,Low
0.00968586285256928,Low
6.448064313412584e-05,Low
1.0,High
0.029587155963302754,Low
0.005911080027401153,Low
0.005577098314611412,Low
0.15015351196543858,Low
0.9726135867190913,High
0.04542889921214496,Low
0.96658881181087,High
0.010255183072391405,Low
0.0,Low
0.9999288813028946,High
0.010726552235546093,Low
0.012079510703363914,Low
0.014441429345397643,Low
1.0,High
0.0363628618688882,Low
0.00033729087965461414,Low
0.005822808689781167,Low
0.00010240823730407537,Low
0.9886191714797191,High
0.9950659069117419,High
0.0,Low
0.0,Low
1.0,High
4.035621082084533e-05,Low
0.000125675505843911,Low
0.018237607161724397,Low
0.9961509310913113,High
0.011011353920607066,Low
0.006680364714294422,Low
0.0,Low
0.004852452538616089,Low
0.0059797749816885935,Low
0.009557593670982432,Low
0.004216409462870086,Low
0.011608971992519397,Low
0.01855355421154733,Low
0.014319832990427928,Low
0.7712572905559697,High
0.016259084951745502,Low
0.013793717346182085,Low
0.8350975333461315,High
0.0,Low
0.010817126799877327,Low
0.00018141430327518306,Low
0.0005992498391842379,Low
0.0,Low
0.0047520132328572095,Low
0.9507426823940583,High
0.01336925038943936,Low
0.01693803138757267,Low
0.0,Low
0.9954128440366973,High
0.013238759699625235,Low
0.0007831729693443724,Low
1.0,High
0.92101796109835,High
0.008640989242092133,Low
1.0,High
0.009202549137421025,Low
0.00017901897026614182,Low
0.005986154028275524,Low
0.015897286539488378,Low
0.014682995981925134,Low
0.00019145180245227372,Low
0.9682157848326532,High
0.9784751181540171,High
0.0007831729693443724,Low
1.0,High
0.008367616053492824,Low
0.015069145870370575,Low
0.0002497251263265855,Low
0.0,Low
0.9494954459404001,High
0.014026825530226597,Low
0.009850492947190516,Low
0.8738252173898572,High
0.007712268603720559,Low
0.0,Low
0.009985247417082802,Low
0.026073976991408183,Low
1.0,High
0.9999735610607303,High
0.01302011984219311,Low
1.0,High
0.9302149711513837,High
0.01264205211188888,Low
1.0,High
0.8087177269176663,High
0.03330329222149346,Low
0.1272061553811716,Low
0.009415941249034256,Low
0.03385788938880381,Low
0.012489680522676617,Low
0.01527967841177626,Low
0.010936051657662703,Low
0.8804274391100186,High
0.01204973437170674,Low
0.009725817560404776,Low
0.9994266055045872,High
0.010730951822949406,Low
0.008189219253791237,Low
1.0,High
7.903428865203168e-05,Low
1.0,High
0.008298833493238357,Low
0.014709627999692415,Low
0.007539869673325902,Low
0.0,Low
0.9969418960244647,High
0.011284410278579808,Low
0.8733824540804415,High
0.9636304062909568,High
0.999976108562691,High
0.00875484385424183,Low
0.00018398086440129204,Low
0.014032801855823982,Low
0.001289366882959064,Low
0.007037709252953824,Low
0.0,Low
0.03594019265058921,Low
0.012013979903888158,Low
0.0003523467623986172,Low
0.00015889986516393677,Low
7.283979793110786e-05,Low
6.464224412358134e-05,Low
0.009667554503304724,Low
0.03674093490607252,Low
0.989723659301158,High
0.0001456937267658101,Low
0.0015028776674305979,Low
0.0027839131433187556,Low
0.007468770422639435,Low
0.03698108272118414,Low
0.011199807678692128,Low
0.0009174311926605505,Low
0.988244098228423,High
0.014092876486214264,Low
0.0,Low
0.0023771754219408772,Low
0.007107749460064692,Low
0.9675422660500359,High
1.0,High
0.011427127361050591,Low
0.0,Low
0.008345643043497504,Low
0.9692769768457841,High
0.006415758882046465,Low
0.006293074236624881,Low
0.023531718958764176,Low
0.9948035314304866,High
0.006402937022842592,Low
0.017826724175341237,Low
1.0,High
0.010259614465045119,Low
0.013794786102718733,Low
0.007463369471909873,Low
0.01624071647007427,Low
0.010509276699711913,Low
0.004924446842957366,Low
0.009323781262798668,Low
0.012106817818423075,Low
0.010543967348523463,Low
0.00835984239202002,Low
0.9616382972804757,High
0.004157203457189075,Low
0.0,Low
0.006047796723903797,Low
0.010636540889584031,Low
0.8483321878804431,High
0.007306411256692406,Low
0.9429256141412106,High
0.010684541353572814,Low
0.009070738073300014,Low
0.01665356050677152,Low
0.0012553802008608323,Low
0.9699327894257828,High
0.0004489104056219538,Low
0.0034076015727391874,Low
0.0,Low
0.017529760259920014,Low
0.9607872230615884,High
0.1984147479708046,Low
0.010211513940462089,Low
0.004152865656061381,Low
0.003102326557534329,Low
0.9998991833854219,High
0.0008851928974977592,Low
0.9999288813028946,High
0.012852599887046727,Low
0.0011467889908256881,Low
0.006266043912112036,Low
0.011563004743336689,Low
0.995682676740421,High
0.9954128440366973,High
1.0,High
0.01064681865525186,Low
0.9967584891323423,High
0.04060137668473495,Low
0.012539584444397914,Low
0.9999735610607303,High
0.902529611000112,High
0.9984709480122324,High
0.0,Low
0.01330275229357798,Low
0.00975461287863442,Low
0.024322848405417215,Low
0.08062002337841528,Low
0.0160270007194149,Low
1.0,High
1.0,High
0.014084465730571337,Low
0.0,Low
0.045881178352333164,Low
0.021633671225222847,Low
0.0036425098003867147,Low
0.011988883559194433,Low
0.009301023695999779,Low
0.0,Low
0.8986208745383057,High
0.008692785696082714,Low
0.016073866665720478,Low
0.019625002647411315,Low
0.018129501366817128,Low
0.01152877798752081,Low
0.9999735610607303,High
1.0,High
0.03158700149376953,Low
0.9954128440366973,High
0.006433640018028488,Low
0.01363824600297679,Low
0.7890436143876512,High
0.8921708391332039,High
0.013698230394465155,Low
0.011574061013238724,Low
0.9998301053346925,High
0.8852989181476782,High
0.0,Low
0.0,Low
0.011495078758813951,Low
0.00030795805259866375,Low
1.0,High
0.021451699946033458,Low
0.00958309055895878,Low
0.003298280049443144,Low
0.012879239000255895,Low
0.0,Low
0.012146990004084585,Low
0.004860200961118393,Low
0.0005946313285762827,Low
0.001834862385321101,Low
0.002732843497608405,Low
0.005024027959807776,Low
0.010991417158711835,Low
0.005519928814703446,Low
0.01171649223600868,Low
0.01594168467115657,Low
0.014318528808990002,Low
0.006946972832748604,Low
0.005777632153778942,Low
0.018781400015319562,Low
1.0,High
1.0,High
0.9714525632467638,High
0.021966191026538115,Low
0.010805002453562992,Low
4.2837603991976594e-05,Low
1.0,High
0.0,Low
0.01282790120370966,Low
0.0010343586976074833,Low
0.013944319959413181,Low
0.8276592734143804,High
0.00021467822822154794,Low
0.9946483180428134,High
0.00794307943329385,Low
0.9973076493238645,High
0.8799924017903592,High
0.0,Low
0.020872238095385826,Low
1.0,High
0.9999735610607303,High
1.0,High
0.010965551034926198,Low
0.0007408364560451393,Low
0.012522666595249317,Low
0.0009251406984812274,Low
0.015614848908451067,Low
0.015906306314757913,Low
0.0,Low
0.002166156982670744,Low
1.0,High
0.015203300508905577,Low
0.9928017933965687,High
0.01325660252121282,Low
0.0056548328477406115,Low
1.0,High
0.0,Low
0.0004722072315164598,Low
0.0,Low
0.007885671132180685,Low
0.011761216892426934,Low
0.013697746557799106,Low
0.007691879969573177,Low
0.028131081456769527,Low
0.010674990662188709,Low
0.0009920975197240845,Low
0.9661488957193879,High
0.9869284525660592,High
0.01395782721275358,Low
0.0,Low
0.0006116207951070336,Low
0.015096497314522138,Low
0.029173120457524127,Low
0.010276924704327495,Low
0.00998701898572885,Low
0.020078346868038617,Low
0.006829376006015904,Low
0.034542091667141527,Low
0.9542004249573055,High
0.010146825705608455,Low
0.006727828746177371,Low
0.017033086471968537,Low
0.019049955297726146,Low
0.01013686679408932,Low
0.0002698327037236913,Low
0.012139593366854742,Low
0.011279846601854415,Low
0.9922581371642605,High
0.0009512497307799079,Low
0.9741207951070338,High
1.0,High
0.9784143405556641,High
0.006765794895760216,Low
0.00621661684440957,Low
0.006600833225857772,Low
0.01053404189944485,Low
0.010350887644465626,Low
0.999976108562691,High
0.9977064220183486,High
0.006829121244222062,Low
0.05924768784303329,Low
0.0,Low
0.040871103081234136,Low
0.9913818706673949,High
0.008240360497089861,Low
0.03211555264307558,Low
0.007208387942332897,Low
0.0022935779816513763,Low
0.9999656392811738,High
0.006958820545896444,Low
0.3296646502703606,Medium
0.007048131206812504,Low
0.0034592121809711622,Low
0.016084490203983424,Low
0.027971252921847527,Low
0.000125675505843911,Low
0.0,Low
0.0,Low
0.00648694891571318,Low
0.007281522953194923,Low
0.9245054304014625,High
0.7947413088385634,High
0.006623582805983027,Low
6.268069615803718e-05,Low
0.0045871559633027525,Low
0.000588736154152987,Low
0.0020104644495412844,Low
0.008898692652856538,Low
1.0,High
0.010410273155973232,Low
0.0,Low
0.010877501547878202,Low
0.009052450205848245,Low
0.006357810896118751,Low
0.0008450024142926122,Low
0.20490008207898122,Medium
0.01207443008885688,Low
0.9973076493238644,High
0.0,Low
0.012693108288407595,Low
0.9999195235795911,High
0.9777366887255315,High
0.02946314819766152,Low
1.0,High
0.00020850708924103421,Low
0.9932224865161863,High
0.01469106630638951,Low
0.006272440553005429,Low
0.9255715741954275,High
0.007975163998773706,Low
0.0020741749490316005,Low
1.0,High
1.0,High
0.010705862570635105,Low
0.0,Low
0.8870787328185514,High
0.907154977114912,High
0.0005946313285762827,Low
0.0,Low
1.0,High
0.012466854692137118,Low
0.0,Low
0.008865399638057988,Low
0.010959435361296992,Low
1.0,High
0.03908429252005395,Low
0.011006919527765884,Low
0.9881225425950196,High
0.023927384913180753,Low
0.010705561610133908,Low
0.9990170380078637,High
0.008496435340953713,Low
0.010494676226725617,Low
0.0005917789011332562,Low
0.9965445284106225,High
0.009691021352137261,Low
0.9275648026794816,High
1.0,High
1.0,High
0.00017459933708930086,Low
0.0061700486323391516,Low
0.01127112111868263,Low
0.0,Low
0.008956409010531375,Low
0.9947676286403089,High
0.01724780141343565,Low
0.021569356192843808,Low
0.008463761851182732,Low
0.04920144407578617,Low
0.006960528236351791,Low
0.005429049987902223,Low
0.015501881970820537,Low
0.0,Low
0.006927990326705487,Low
0.0014114326040931546,Low
0.9741272602146682,High
0.009962059452397568,Low
0.0128834398486474,Low
0.6837110758668561,High
0.00253788140074958,Low
0.9728374719879169,High
0.004144240570846076,Low
0.028337165682891786,Low
0.0021742653792682647,Low
0.0118173875054609,Low
0.00011761938367442955,Low
1.0,High
0.00977867906520282,Low
0.9912265980457968,High
0.013618271208440844,Low
0.0,Low
0.0,Low
0.011685690821187207,Low
0.040387510043473344,Low
0.9999134498874849,High
0.01042417630479461,Low
6.34588642188266e-05,Low
0.9359431490324579,High
0.007068698570494886,Low
0.03511694727291057,Low
0.010620180233301628,Low
0.018472679605052604,Low
0.0003491756889632295,Low
0.0,Low
0.9999735610607303,High
0.004362895005096841,Low
0.9981083892934834,High
0.009918855888636394,Low
1.0,High
0.001834862385321101,Low
0.9897426095820591,High
0.9072302315421582,High
0.0014166216945493795,Low
0.013549770214411328,Low
0.0011366385080754768,Low
0.006752225836854665,Low
0.9392149456029151,High
0.011377356086380751,Low
0.031497974691283744,Low
0.9506933111025628,High
0.006893123443658919,Low
0.952836545330299,High
0.015187147081056772,Low
0.17956497501312413,Low
0.0005946313285762827,Low
0.8859592464543634,High
0.009282881190336002,Low
0.0045871559633027525,Low
0.007801399259625827,Low
0.005842831219440999,Low
0.042882231270916504,Low
0.011737722611980571,Low
0.020175206739183858,Low
0.001388890320103075,Low
0.9742571422182179,High
0.001276415546043593,Low
0.020279804094565115,Low
0.017643416084770165,Low
0.025994585591331724,Low
0.9864242027086065,High
0.0013078427936748444,Low
1.0,High
0.9718260291397437,High
0.9890088145349883,High
0.012406499680824214,Low
0.8760878140712971,High
0.0,Low
0.9954128440366973,High
0.01296600033345041,Low
0.006510397408692299,Low
0.018063974470358492,Low
0.000539757866570095,Low
0.011433245799559628,Low
0.007632302691958074,Low
1.0,High
0.0008290897589922819,Low
0.009976012829230566,Low
0.9846836170365582,High
0.006441860237483327,Low
0.8339086074796048,High
0.0026815892943367592,Low
0.001905174466173078,Low
0.0009174311926605505,Low
0.009797173710913896,Low
0.008713714219484813,Low
0.001537478027481055,Low
0.9351657134914017,High
0.0,Low
0.000655307994757536,Low
0.012013979903888158,Low
0.0007513951270604142,Low
0.007291555308037291,Low
0.008929904062182161,Low
1.0,High
1.0,High
0.004141464611594842,Low
0.00795432092726086,Low
1.0,High
0.0008479288295802057,Low
0.011907562366277961,Low
0.9703980674838742,High
0.029961106166554948,Low
0.0,Low
1.0,High
0.007489541336746057,Low
0.007496259834164041,Low
0.013247237635548553,Low
0.07366803704224867,Low
0.9999195235795911,High
0.027636541791757542,Low
0.010764150053366438,Low
0.04416211411517953,Low
0.010260325443472443,Low
0.006654257323387405,Low
0.026927855452315564,Low
0.0,Low
0.007463695776691948,Low
1.0,High
0.9478374836173001,High
0.0004932425766992207,Low
0.002903378476772972,Low
0.4712953023782748,Medium
0.041166249652488184,Low
0.011287024379468692,Low
0.01816910328168024,Low
0.008967689386194912,Low
0.9864586229265127,High
0.9514366227739215,High
0.8515166408515035,High
0.0,Low
0.009392902524955329,Low
0.03560473906705713,Low
1.0,High
0.0,Low
0.9867238191256513,High
0.007532868131518415,Low
0.01807182498797575,Low
0.013027917665818697,Low
1.0,High
0.00626814425081569,Low
0.0,Low
0.9780581039755353,High
0.010138588593133232,Low
0.002194314748070482,Low
0.9772125767238043,High
0.9357856718152946,High
0.9818042813455657,High
0.004356900388650238,Low
0.007183457918803565,Low
0.0,Low
0.009666531041399135,Low
0.007067056776363796,Low
0.021504230909853015,Low
0.9449396678754478,High
0.017690217219830443,Low
0.00023403366693906604,Low
0.006876459911211383,Low
0.012213122706951417,Low
0.014938735080122636,Low
1.0,High
0.00011761938367442955,Low
0.010621881314844062,Low
0.014044393646507726,Low
0.0058175566090995405,Low
0.007347460134880499,Low
0.0005992498391842379,Low
0.008545294077360712,Low
0.9505970583952236,High
0.0,Low
0.022740374792898064,Low
0.9892610280256379,High
0.0,Low
0.0,Low
0.0006026232414720334,Low
0.0010586134855983694,Low
1.0,High
0.017591613289665995,Low
0.006124945391000437,Low
0.007297167833302657,Low
0.871151091518064,High
0.010856269113149847,Low
0.0,Low
0.017370278771768236,Low
0.005531909500206245,Low
0.03329605729394357,Low
0.0,Low
0.013645744383167286,Low
1.0,High
0.0004722072315164598,Low
1.0,High
0.0,Low
0.0002698327037236913,Low
0.0002955192263857646,Low
0.010502529681194079,Low
0.0,Low
0.9869884049125879,High
0.892166291174035,High
0.011067809108809354,Low
0.0012568807339449542,Low
0.8980193199100632,High
0.010075987274866959,Low
0.9918825489686525,High
1.0,High
1.0,High
0.9354281120501373,High
0.011522743128346934,Low
1.0,High
0.0,Low
0.001709570061336159,Low
0.009656836724897672,Low
0.008600871048228013,Low
0.014095435581446637,Low
0.013687816178216676,Low
0.9922551256543496,High
0.007019036346685053,Low
1.0,High
0.0127551227411563,Low
0.0,Low
0.005890945689685279,Low
0.011647342546838378,Low
0.9312013852226123,High
0.003371235445045797,Low
0.009732648469096999,Low
0.9645407291960952,High
0.967599814238061,High
0.9636959370904324,High
0.006071323960670243,Low
0.00999724905711686,Low
0.022626098748178964,Low
0.010688417899233452,Low
0.011075914961765075,Low
0.006984169092512408,Low
1.0,High
0.007781145893722441,Low
1.0,High
0.016989509447258345,Low
0.011931804699868091,Low
0.0,Low
0.011002127103120169,Low
0.0,Low
0.0030680587410805297,Low
0.01440331134500708,Low
0.0,Low
0.012274233787313304,Low
0.03047224121026845,Low
0.00040473722551202064,Low
1.0,High
0.005383480322557158,Low
0.9624290083005679,High
0.9875080684000748,High
0.0032206003769523384,Low
0.011467165642222164,Low
0.0,Low
1.0,High
0.013589717115621137,Low
0.016654417040681286,Low
0.01762483794784261,Low
0.0007845236556956416,Low
0.0,Low
0.016743649767056553,Low
0.007347314229541249,Low
0.18772353283821175,Low
0.004709665320672706,Low
0.010053324998589228,Low
0.0,Low
0.2160437005482763,Medium
0.9928391648381856,High
0.01545574826397485,Low
0.01053699191568977,Low
0.992354740061162,High
0.006001394128108211,Low
0.0011576333311644654,Low
1.0,High
0.9956968321869181,High
0.01039232359556852,Low
0.01294080605520244,Low
7.470938050981681e-06,Low
0.9552036155305229,High
0.00826212147499276,Low
0.002292662559172275,Low
0.013315310414747776,Low
0.007148541756079988,Low
0.0,Low
0.012882702897314822,Low
0.9788872721330104,High
9.759906304899472e-05,Low
0.009928417317169562,Low
0.7302681623107959,High
0.0035793975470372794,Low
0.013855688911419169,Low
0.03252512013979904,Low
0.060055006155923595,Low
0.9967234600262123,High
0.0,Low
0.0,Low
0.010912337360441298,Low
0.03943643512450851,Low
0.019407778257031324,Low
0.0003086595627481148,Low
0.010793766066475544,Low
0.011954620727638362,Low
1.0,High
0.014784589546201533,Low
0.0004932425766992207,Low
0.8965501889744056,High
0.007792500425285481,Low
0.004940391502722857,Low
0.009245832100226892,Low
0.9832299619878904,High
0.9954128440366973,High
0.006043143175681903,Low
0.02928708448526881,Low
0.04285034913576743,Low
0.007265409013368153,Low
0.9910287207297329,High
0.003647803711243102,Low
0.0,Low
0.019991583749779336,Low
0.013868226571653978,Low
0.006898625193318684,Low
0.011155877952657213,Low
0.9999656392811738,High
0.009058195184896032,Low
0.0034610298371766258,Low
0.008620005414167428,Low
0.006806741210410934,Low
0.011936777380566034,Low
0.036919772467971894,Low
0.9294998097610367,High
0.004336079718515893,Low
0.03472880330678496,Low
0.0,Low
0.012635375870060687,Low
0.012341392228346569,Low
0.011047431774066849,Low
0.9407250256092051,High
0.0007926655511282942,Low
0.015136934851769961,Low
1.0,High
0.9299803407601572,High
0.006195193089356924,Low
0.007006450339591909,Low
0.021528402418098096,Low
1.0,High
0.016519056886029365,Low
0.007768404670682102,Low
0.007705944360200083,Low
0.7949436524392604,High
0.9947575360419397,High
0.006479921645340975,Low
0.0011945718654434252,Low
0.0,Low
0.006503737136059369,Low
0.010915622952994712,Low
0.00011761938367442955,Low
0.006707816921295142,Low
0.005351681957186544,Low
0.009962170238579439,Low
0.009334283719665798,Low
0.0007372963009509446,Low
0.015019499307545994,Low
0.006162186213683858,Low
0.00918144750063816,Low
1.0,High
0.008854576442761181,Low
0.0,Low
0.976635872515835,High
0.9971603320227175,High
0.001019367991845056,Low
0.9629226736566187,High
0.010069948746691223,Low
0.0004722072315164598,Low
0.006467106502412319,Low
0.8731666778685125,High
0.0061379191116692315,Low
0.9993446920052425,High
0.005639441484260082,Low
0.024712807740168624,Low
0.012074236366277465,Low
0.9660333613899765,High
0.047376022296069235,Low
0.0009174311926605505,Low
0.05352956167176351,Low
0.005835392642291948,Low
0.011722008181220404,Low
0.007811231132460799,Low
0.004831694106683734,Low
0.059026668779873497,Low
0.0074776114220547,Low
0.9342014597588395,High
0.010283141149530068,Low
0.007103276049930241,Low
0.01158487810436775,Low
0.0007341285625538863,Low
1.0,High
0.003786223969710208,Low
0.010609374023662677,Low
0.00953173706304299,Low
0.970677554078267,High
0.9632091368657554,High
0.009576195527293527,Low
0.010818088450734942,Low
0.022067496723460027,Low
0.019523511426079034,Low
0.9663299658052873,High
1.0,High
0.010381424135073631,Low
0.00010659266429207182,Low
0.7624323772333538,High
0.009169824373200892,Low
1.0,High
0.0,Low
0.0,Low
0.9423856851609146,High
0.0011467889908256881,Low
1.0844340338777192e-05,Low
0.005241014802050118,Low
0.014265106278727601,Low
0.9440992977099385,High
0.0,Low
0.9999656392811738,High
0.010842810724410918,Low
0.9961591670307266,High
0.01564342415394763,Low
0.009307234209987804,Low
0.981352118829183,High
0.008820195669662752,Low
0.0056443861948449105,Low
0.016702149467822426,Low
0.020333467327229616,Low
0.012576778280423327,Low
0.0,Low
0.9778256076697858,High
0.006767614812595866,Low
0.006258580739131769,Low
0.010980179601303075,Low
0.013256304046737251,Low
1.0,High
0.005855559947191147,Low
1.0,High
0.005185050672006877,Low
0.00742950981236015,Low
0.01896139431146674,Low
0.42994639462529366,Medium
0.002385141878616674,Low
0.010396480782852751,Low
0.011373359349208299,Low
0.0,Low
0.005058363115055454,Low
0.007011495189525925,Low
0.0884339070996295,Low
0.01221610800912045,Low
0.010520736151975782,Low
0.015056500357341376,Low
0.0009812671037993119,Low
1.0,High
0.007237277657892892,Low
0.014617004258996874,Low
0.018515077525264777,Low
0.008415798494345502,Low
0.00612756777964485,Low
0.9999160886104275,High
0.0021274578248123314,Low
0.0009174311926605505,Low
0.9866754041065969,High
1.0,High
0.020151786682529975,Low
0.9998991833854219,High
0.9845565749235475,High
0.0074219111280368465,Low
0.0001292156609381057,Low
1.0,High
0.958331513033348,High
0.021148566402423283,Low
0.9984709480122325,High
0.9788740266748902,High
0.012487621456565984,Low
0.0,Low
0.9935779816513761,High
0.011767101283675306,Low
1.0,High
0.0,Low
0.9938670903274137,High
0.9962865880297074,High
0.9313336769149555,High
0.0020047570506286105,Low
0.01081143228828642,Low
0.0001503969871653579,Low
0.011190667912602795,Low
0.009836468292621681,Low
1.0,High
0.0,Low
0.019972037552225368,Low
0.007288670879801382,Low
0.00576921458355612,Low
0.9458299773749533,High
0.05075774115494437,Low
0.01361586570594778,Low
0.03406971057549438,Low
0.0015869955031742283,Low
0.012705849792901229,Low
0.010936729992034681,Low
0.0038990825688073392,Low
0.9866412293926162,High
0.024145540881611617,Low
1.0,High
0.04886252666204096,Low
0.014954271335224204,Low
0.004969418960244648,Low
0.8890427180532835,High
0.8307621541936593,High
8.323010197319455e-05,Low
0.01620440405590266,Low
0.014361971415801367,Low
0.000125675505843911,Low
0.007732947583248211,Low
0.007584098400203835,Low
0.009105029372155222,Low
0.012156890085194305,Low
0.00018960342176998127,Low
0.009653371222978616,Low
0.006228854158304055,Low
0.009136060559330658,Low
0.009918870911267957,Low
0.008642102029955101,Low
0.012955262130002762,Low
0.9240971312072229,High
0.0027087238170398864,Low
0.01417882528605214,Low
1.0,High
0.008412599879387552,Low
0.009745712014653652,Low
0.0009040786407103728,Low
0.013188342126297983,Low
0.005992908431098171,Low
1.0,High
0.00010849067173763307,Low
0.9634228920926169,High
0.002034398247554601,Low
0.9647180518678405,High
6.34588642188266e-05,Low
0.004745333755140779,Low
0.003752673342527633,Low
0.004259153478126448,Low
0.01122340635733142,Low
0.0002698327037236913,Low
0.006243012292807503,Low
0.9907571860902059,High
0.0,Low
0.9516819571865445,High
0.9954128440366973,High
9.912172624109012e-05,Low
0.00197587874981797,Low
1.0,High
0.010935698798207247,Low
0.0007831729693443724,Low
0.0069309197478684675,Low
0.004248813176982224,Low
0.7862394957983192,High
0.0033164194112510256,Low
0.023426380567177215,Low
0.9998991833854219,High
0.009426103806348117,Low
0.0022935779816513763,Low
0.13288066418800362,Low
4.2837603991976594e-05,Low
0.012765364332865662,Low
0.010801880222341903,Low
0.0,Low
0.9587148162017102,High
0.8959779867416612,High
0.011543702193473697,Low
0.006883237218147415,Low
0.005196000628796196,Low
0.006564929048126275,Low
0.0032741746300615194,Low
0.005536408391725407,Low
0.008180428134556574,Low
0.0001221347914321461,Low
0.04917905096396287,Low
0.9990825688073395,High
6.723775113854209e-05,Low
0.9954128440366973,High
0.027121219917819663,Low
0.002110770686849584,Low
0.012887723896898209,Low
0.020609761579617414,Low
0.0,Low
0.011983456678945216,Low
0.001310615989515072,Low
0.0003048881254452872,Low
0.01060779160016798,Low
0.00010381507503967191,Low
0.002948885976408912,Low
0.00029902715759844774,Low
0.01178019627830745,Low
0.006138341232314756,Low
0.9960888459681313,High
0.02616167794075961,Low
0.015066613101992438,Low
0.0005177619975343481,Low
0.9218690840250472,High
0.9953864050974276,High
0.010326052065104124,Low
0.00010702687633801192,Low
0.0004722072315164598,Low
0.009166022974773511,Low
0.9592969030006137,High
0.011254069828388382,Low
0.017168435817368818,Low
0.008049511403935623,Low
0.9115602877016045,High
0.007982823285957185,Low
1.0,High
0.0012653106867931997,Low
0.9877514263788875,High
0.006657819050276447,Low
0.9768733210254626,High
0.9627814845704753,High
0.008428218040086114,Low
0.9778069429629365,High
0.9785823149548808,High
0.11033053338099214,Low
0.01117711510827699,Low
0.012913924191948107,Low
0.0,Low
0.009518348623853212,Low
0.002223202805875242,Low
1.0,High
0.014096310436590449,Low
0.028015058578240933,Low
0.006845976541693171,Low
0.0062278909531378384,Low
0.011278165754694033,Low
0.015799871517998013,Low
1.0,High
0.004755402820819654,Low
1.0,High
0.7282424497917602,High
0.008861092225495217,Low
0.003570267775426143,Low
0.011006800482381717,Low
0.9913647218499811,High
0.010006648377034088,Low
0.0,Low
0.00017270103139948854,Low
0.015325105577399158,Low
0.9848311702370854,High
0.9829983981360129,High
0.9115097568079219,High
0.9862385321100917,High
0.009062573512114796,Low
0.017631804455965985,Low
1.0,High
0.007005328976243378,Low
0.010500271875929942,Low
1.0,High
0.006860070446325134,Low
0.0193297041869354,Low
0.060178187869288816,Low
0.007186544342507645,Low
0.0,Low
0.01611418730772922,Low
0.006777553368119395,Low
0.878544832964428,High
0.0,Low
0.006379758060038959,Low
0.006254506472760231,Low
0.9503058103975535,High
0.0,Low
0.9997556965809018,High
1.0,High
0.011004549628925496,Low
0.9984709480122324,High
1.0,High
0.06584228578304764,Low
0.970336391437309,High
0.9666193388670453,High
0.007591135526848804,Low
0.010386628535308775,Low
0.0,Low
0.009812428192547231,Low
0.9101382509330982,High
0.007124279662694279,Low
0.00646007885036283,Low
0.00029773613485486604,Low
0.009843206287001931,Low
0.9699465115236904,High
0.008965729970235854,Low
0.7760402807419668,High
0.9854740061162078,High
0.9954128440366973,High
0.8778001665036422,High
0.000655307994757536,Low
0.9988532110091743,High
0.9831456769530164,High
0.8987174260679427,High
1.0,High
0.0005177619975343481,Low
0.0,Low
0.007835527493117644,Low
0.0,Low
0.9837265181301877,High
0.9988532110091743,High
0.009928819472494146,Low
0.009409089555443385,Low
0.9831230857647479,High
0.011556161595067263,Low
0.0,Low
0.012869138207848645,Low
0.0007831729693443724,Low
0.0,Low
0.006760500685606414,Low
1.0,High
1.0,High
0.0061162079510703364,Low
1.0,High
0.5388836729446921,High
0.02596002456652446,Low
0.009571520528502167,Low
0.0,Low
0.010935546111304765,Low
0.0,Low
0.020560927900377442,Low
0.8738048688911934,High
0.014495502517379973,Low
0.9992354740061162,High
0.009992936946749086,Low
0.012775132172222408,Low
0.011900301707671456,Low
0.946643349921237,High
0.010911649694658312,Low
0.01937870997504025,Low
0.9972530403243012,High
0.07642345618531536,Low
0.024333770205329838,Low
0.011200060557136043,Low
0.022917576816659384,Low
0.0010323098432976985,Low
0.00014508746660723274,Low
0.00014506799563876292,Low
0.014412687986609326,Low
0.002882067350526138,Low
0.0061076019221814595,Low
0.0,Low
0.8878990470269416,High
0.00015460158206412843,Low
0.011308458196486015,Low
0.005895285843181219,Low
0.9740170380078639,High
0.0001292156609381057,Low
0.00806559883372073,Low
0.0008363797132996273,Low
0.003871171302363963,Low
0.0007814527686561269,Low
0.011141624900766959,Low
0.000109217999126256,Low
0.007022529041387227,Low
0.010318067065964808,Low
0.015491802406111138,Low
0.8365337411444302,High
0.006464064344239248,Low
0.009545653123634774,Low
0.0203353250346149,Low
1.0,High
0.020995357372356263,Low
0.0,Low
0.00023908736215345175,Low
0.013464294766010697,Low
0.9367627697362152,High
0.0,Low
0.007688325010645298,Low
0.011386251365580668,Low
1.0,High
0.9957627982695821,High
0.005361636722731905,Low
1.0,High
0.020385539536915683,Low
0.9323248871414009,High
0.008973733008610372,Low
0.0064907506270400405,Low
0.013991302445872865,Low
0.014133214348987892,Low
0.019786239432545562,Low
0.006386437350182874,Low
0.03689384010484928,Low
0.0008359707857468852,Low
1.0,High
0.9625011513094542,High
0.0006512215419640798,Low
0.8795030137476708,High
0.01337594301148193,Low
0.9858601346940179,High
0.0,Low
0.012122569334979435,Low
0.019534244821748394,Low
0.013181904922930563,Low
0.007190309938508223,Low
0.0,Low
0.007010360500172033,Low
0.0769140287622473,Low
0.02722923326489959,Low
0.051168660314146054,Low
0.019128199632741455,Low
0.0005201385732746009,Low
0.0063527704132060984,Low
0.010717884472892044,Low
0.030836628003353343,Low
0.011259290275774794,Low
0.02168269483148519,Low
0.0,Low
0.017954185655956748,Low
6.34588642188266e-05,Low
0.009762177595437422,Low
0.009807810797458665,Low
0.016445817067976248,Low
4.2837603991976594e-05,Low
0.09689457299551493,Low
0.9882687733605164,High
0.9837920489296637,High
6.035731530661516e-05,Low
0.0009491260338613756,Low
0.0003358515708862695,Low
0.9720608222901801,High
6.723775113854209e-05,Low
0.6867755206057962,High
0.0,Low
1.0,High
7.470938050981681e-06,Low
0.009671057593200708,Low
0.010227409300077265,Low
0.006724029402653111,Low
0.026797566246344648,Low
0.0,Low
0.9988532110091743,High
0.96852808045688,High
0.0001131093107715696,Low
0.0,Low
0.005849607927106465,Low
0.9943042813455658,High
0.0,Low
0.0024364937896113104,Low
3.169484120082516e-05,Low
0.012478654868668764,Low
0.008322785311539002,Low
0.9641710353866317,High
0.011534590706957714,Low
0.018060154526597844,Low
0.9994266055045872,High
0.0,Low
0.0,Low
0.0015290519877675841,Low
0.0011467889908256881,Low
0.013199963177974441,Low
0.005723560735383732,Low
1.0,High
0.994866754041066,High
0.09713484782292121,Low
0.9999195235795911,High
0.009453009887446339,Low
0.0007831729693443724,Low
9.954765545361876e-06,Low
0.01165333693231649,Low
0.08174603174603176,Low
0.958559589607478,High
0.007826090315911098,Low
1.0,High
0.9879532546963741,High
0.011016426924302599,Low
0.014939904046922131,Low
0.020624555273808902,Low
0.9927718902520963,High
0.004994903160040774,Low
1.0,High
0.004651719728411241,Low
0.8751514158624251,High
0.013665578353257145,Low
0.0011932294086134981,Low
0.00012796443201676969,Low
0.01730719339060234,Low
0.9486402798054574,High
0.9635062435715966,High
1.0,High
1.0,High
0.0009227037857218179,Low
0.0007514905307567707,Low
0.010622513362462815,Low
0.0010644615393423991,Low
0.8822364098681058,High
0.01563527877357323,Low
9.720233323545766e-05,Low
0.0007831729693443724,Low
0.013645364036457424,Low
0.9778050822775594,High
0.016780111304492966,Low
1.0,High
0.012106421225516407,Low
0.07105432071659053,Low
0.9130479102956166,High
0.002930329000071914,Low
0.012737981800255422,Low
0.030679906334075725,Low
0.9109725170176848,High
1.0,High
0.009804619114040652,Low
0.01238999302418817,Low
0.9514615354064894,High
0.0028294152020989895,Low
1.0,High
0.004204892966360856,Low
0.02311703907402673,Low
0.004086738949124271,Low
4.377330366471925e-05,Low
0.018774648917449087,Low
0.012158410263018837,Low
1.0,High
0.9053420008411986,High
0.013271551513314914,Low
0.0069557135085535375,Low
0.01194216949339613,Low
1.7425703596343558e-05,Low
0.006264299688125083,Low
0.0077386095019437995,Low
0.005661173960932197,Low
0.9643453633391087,High
0.06779704607811567,Low
0.0,Low
0.011952641401060043,Low
0.8991684538702889,High
3.1896227139885365e-05,Low
2.1740075655463284e-05,Low
0.00013861165043507,Low
0.9546948181467799,High
0.008340493225566802,Low
0.0,Low
0.0017201834862385322,Low
0.05080065194744094,Low
0.0180045871559633,Low
0.9948458876549172,High
0.017737003058103974,Low
0.006833107828780687,Low
0.9977064220183488,High
0.9825860855373663,High
0.0003452443362661326,Low
0.010160100711147793,Low
0.007711439628858364,Low
0.12687623067637457,Low
1.0,High
0.01333660944769837,Low
0.016664975837805292,Low
0.031058487069866046,Low
0.006630750030211721,Low
0.016047242266959957,Low
0.0008353497842632629,Low
0.01101540286814187,Low
0.005297072957623416,Low
0.0017616710732931305,Low
0.00021137821804923895,Low
0.9996521088524223,High
0.007884933627218997,Low
0.0,Low
0.8354759212516956,High
0.006307339449541285,Low
0.015382729271684466,Low
6.035731530661516e-05,Low
9.681992754982708e-05,Low
0.0,Low
0.6373754168784906,High
0.0,Low
3.288283844661471e-05,Low
0.0,Low
0.0023070696168375608,Low
0.011099533790360595,Low
0.009174311926605505,Low
0.006002093842748703,Low
0.004834494791325199,Low
0.009809471609332971,Low
0.0,Low
0.006438841768132606,Low
0.013178935245662606,Low
0.01076360945567124,Low
0.0,Low
3.0581039755351684e-05,Low
0.0,Low
0.006617180962429059,Low
1.0,High
0.009914165533747696,Low
0.015122638777946548,Low
0.011437406406130977,Low
1.0,High
0.990070659296826,High
0.0045871559633027525,Low
0.0,Low
0.02262283325616812,Low
0.010701248520895185,Low
0.0025757690402039833,Low
0.0,Low
0.013418871887944914,Low
0.010426020893360527,Low
0.028615760972985068,Low
0.02702453441725523,Low
0.0,Low
0.0,Low
0.5522408261302516,High
0.9029940409350733,High
0.0004722072315164598,Low
0.008731912746856396,Low
0.015988328994265312,Low
1.0,High
0.006240286239559311,Low
0.016606293602446826,Low
0.009706080766926115,Low
0.6528914516775338,High
0.008770527387567562,Low
0.023351447778053282,Low
0.9988532110091743,High
1.0,High
0.9630606523955147,High
0.008354184042257436,Low
0.005506938489446259,Low
0.9965596330275229,High
0.9858663617115191,High
0.06420208078971872,Low
0.0053769783814720485,Low
0.022186189348097494,Low
0.0,Low
0.030297311833077337,Low
0.0013277484308323964,Low
0.00544503955842832,Low
0.018435356227599342,Low
0.018548234800974027,Low
0.018148853539759004,Low
0.007624376980083548,Low
0.015596442426887003,Low
0.006553783992928581,Low
0.0076109197060206316,Low
4.03537764975964e-05,Low
0.00022177051409602837,Low
0.0,Low
0.9998991833854219,High
0.02113385734419172,Low
0.01255788475971051,Low
0.006725720643018704,Low
0.0,Low
0.00690095950034788,Low
0.0,Low
0.0007642598236820444,Low
0.9954128440366973,High
0.9879705029567547,High
0.0024175551698487475,Low
0.03406014228416526,Low
0.009582854005987696,Low
0.011098415311486589,Low
0.9927370030581041,High
0.0,Low
0.006778444099638978,Low
1.0,High
0.020893413448489703,Low
0.01233244941283486,Low
0.018193682131105088,Low
0.010903613200310304,Low
0.002408237397029825,Low
0.012092102343061456,Low
0.0070683566807562236,Low
6.810640870659158e-05,Low
0.006076394403912541,Low
0.00012583846532997317,Low
0.010434115087247954,Low
0.013874000759384905,Low
0.016946992864424058,Low
1.0,High
0.011058017331328615,Low
0.897749730575846,High
0.9695341127145368,High
0.9954128440366973,High
0.010243155244898198,Low
0.12339022420339789,Low
0.028537006181437504,Low
0.031762927741043764,Low
0.94241463036778,High
0.0011467889908256881,Low
0.0,Low
0.0,Low
0.005414590904126455,Low
1.0,High
0.007255507399997066,Low
0.008600917431192661,Low
0.0004722072315164598,Low
0.017483643848753706,Low
1.0,High
0.008289392749198958,Low
0.9998991833854219,High
0.9999735610607303,High
0.007445053989414542,Low
1.0,High
0.00115674375637105,Low
0.006530690257754477,Low
0.9942278287461775,High
0.8995310455682369,High
0.010936110338999973,Low
0.9392129013876223,High
0.0184656701258439,Low
0.9957186544342509,High
0.006622051267613001,Low
0.018250246918256854,Low
0.11135820972269425,Low
0.8847438385603665,High
0.008385087378496173,Low
0.013309696901350598,Low
0.008706009045729062,Low
0.013856598662722456,Low
0.023343645223851232,Low
1.0,High
0.010863292101822948,Low
0.005897771952817824,Low
0.0004697401090947437,Low
0.005659975658899657,Low
0.006139269831566358,Low
0.006995436899180176,Low
0.9547781665884538,High
0.0012332947158305136,Low
0.0007645259938837921,Low
0.008175583105104682,Low
0.9741262560069898,High
0.0,Low
0.008038215607022947,Low
0.006961210365362949,Low
0.9571901849424785,High
0.0006860811372291879,Low
0.00027233874050113405,Low
0.0061162079510703364,Low
0.010263912995456616,Low
1.0,High
0.007128883515253382,Low
0.0,Low
0.9993446920052425,High
1.0,High
0.019421102798698162,Low
0.9932669353347635,High
0.9984709480122324,High
0.0026011170950630716,Low
0.991480996068152,High
0.0650425790972369,Low
1.0,High
0.9941484757190814,High
0.9984709480122325,High
0.9514474998457215,High
1.0,High
0.0005825153412074961,Low
0.0,Low
1.0,High
0.9900229357798166,High
0.006642404775979471,Low
0.005667447120285423,Low
0.0070598663558255085,Low
0.001075999546947559,Low
0.047761720819248316,Low
0.01236548727162092,Low
0.009953656904817155,Low
0.02961339426222475,Low
0.017225653400357283,Low
5.47302678514084e-05,Low
0.015417792617034855,Low
0.9212133614620608,High
0.0206164958137015,Low
1.0,High
0.011699731477653255,Low
0.006463599871884985,Low
0.011597500629050957,Low
0.9981651376146788,High
1.0,High
0.0,Low
7.370982584545709e-05,Low
0.020402463882517725,Low
1.0,High
0.0066896024464831805,Low
0.023657949971443402,Low
0.008355176933158584,Low
0.0016484855294919597,Low
1.0,High
1.0,High
0.007279752157852281,Low
0.0022935779816513763,Low
0.006426250679282297,Low
0.007021696492643298,Low
0.01767262192177692,Low
0.029771067434499743,Low
0.022650206871739516,Low
0.0001292156609381057,Low
0.010643249215312005,Low
0.016043519459338518,Low
0.0,Low
0.009601811619440197,Low
0.008926477850204268,Low
0.014028733650929905,Low
0.0,Low
0.0005733944954128441,Low
0.9245631280034953,High
0.01947604544176249,Low
0.011867667114147789,Low
0.014273256100230936,Low
0.013949026877171939,Low
0.00014894509961857488,Low
0.021400778439468967,Low
0.010479612168994958,Low
0.0036462170002850513,Low
0.9981651376146788,High
1.0,High
0.9315154604145428,High
0.015815581750693863,Low
0.9858562691131499,High
0.010958771617066472,Low
0.0022935779816513763,Low
0.0,Low
0.0019934307396081096,Low
0.9973514635211884,High
0.009886757695877236,Low
0.08018480739666954,Low
0.0005358699950014482,Low
0.0,Low
0.035282874617737006,Low
0.011591811921570348,Low
0.0019254115718917184,Low
0.01069679692188849,Low
1.0,High
0.9645107033639144,High
0.010650377637443673,Low
0.0,Low
0.010198501309426915,Low
0.0182933775487306,Low
0.0,Low
0.016087255765339717,Low
0.0684347712706444,Low
0.9957627982695821,High
1.0,High
0.0022935779816513763,Low
0.013330875778673822,Low
0.009879772051236246,Low
5.582632517838941e-05,Low
0.9109751027301224,High
0.001629168909089052,Low
0.014467544757676195,Low
0.027846734645215025,Low
0.0,Low
1.0,High
0.0883028245002437,Low
0.00018398086440129204,Low
0.02074280398997386,Low
1.0,High
0.0023281049620203216,Low
0.005519785241824632,Low
0.9619568886770721,High
0.9753321423753201,High
0.0001181179745540716,Low
0.006017121926118311,Low
1.0,High
0.0,Low
1.0,High
1.0,High
0.9946164627930683,High
1.0,High
0.9999735610607303,High
0.006168933881683012,Low
0.007550211936742827,Low
0.007813928384106408,Low
0.8971113048003346,High
0.0004932425766992207,Low
0.005412039272493159,Low
0.9969418960244647,High
0.028394889945676793,Low
0.0046309292669674705,Low
0.026447776349643376,Low
0.9415788371923692,High
0.0012401465920674638,Low
0.008491406769826924,Low
1.0,High
0.0,Low
0.009819272150081871,Low
0.005423231883933996,Low
0.0014475958704285683,Low
0.9724224552206205,High
0.0004342466616708398,Low
0.01567917663707115,Low
0.02049475753604194,Low
0.6733562691131499,High
1.0,High
0.9009752193118644,High
0.9956312800349498,High
0.009313316652766194,Low
0.001013035862783871,Low
0.0070131928126544625,Low
0.004138395132517839,Low
0.0036865339071672112,Low
0.006924794611379773,Low
0.9999656392811738,High
0.0,Low
0.002378525314305131,Low
0.004204892966360856,Low
0.996080810822429,High
0.9707841852337267,High
0.0006517667358894607,Low
0.00033729087965461414,Low
0.010697619033533006,Low
0.011684576978954926,Low
1.0,High
1.0,High
0.006428067505918276,Low
0.000125675505843911,Low
0.007843572778349989,Low
0.01066449334349279,Low
0.04889677006730277,Low
0.873337281561211,High
5.582632517838941e-05,Low
0.013073699653523186,Low
0.009799942754703906,Low
0.01028974241139758,Low
0.0006008826682549755,Low
0.00011761938367442955,Low
0.955460899956313,High
0.010700698841555197,Low
0.0011038610606878283,Low
0.0,Low
0.9669876462307655,High
0.7934061733373658,High
0.012515550610755407,Low
0.011060001000783588,Low
0.0,Low
0.0061368726777080804,Low
0.7774187569027093,High
0.02197521509888174,Low
0.02404852057788173,Low
0.0,Low
0.009796854521625164,Low
0.9915137614678899,High
0.006762114076252655,Low
0.006272721584554335,Low
0.002671406733911749,Low
0.9824020446621834,High
1.0,High
0.008067440074039672,Low
0.013024059698371624,Low
0.001276415546043593,Low
0.0,Low
0.4184223504095027,Medium
0.9090869375273044,High
0.013857064629998425,Low
0.005948925016213698,Low
0.04721349347084129,Low
0.0005946313285762827,Low
0.01267080374602798,Low
0.004281345565749235,Low
0.945181632712732,High
0.9403768966282875,High
0.012122263740625376,Low
0.007029208999594553,Low
0.004204892966360856,Low
0.012552532186305462,Low
0.9976720612995224,High
0.0087480816838615,Low
0.0023281049620203216,Low
0.9916122346791273,High
0.0037844036697247704,Low
0.002695556748048831,Low
0.0008377171144271875,Low
0.95485606462754,High
0.0034403669724770644,Low
0.011276582528067663,Low
0.036067371219849195,Low
0.7838466579292268,High
0.0077833378072498655,Low
0.0,Low
0.008241167229700062,Low
0.018699209753070573,Low
0.9977064220183486,High
0.015851347073289123,Low
0.007750452077113077,Low
0.005199053969538213,Low
0.9999735610607303,High
0.00054817914715853,Low
0.014313797028115204,Low
0.0,Low
0.005949403233701624,Low
0.034377948346199026,Low
0.01602443816633008,Low
0.0006649448770333821,Low
0.008963445911710468,Low
0.031839414746169636,Low
0.008714507539185333,Low
0.03009449957352972,Low
0.009956425225075095,Low
0.8860381916902433,High
0.007835671841811234,Low
0.00045052424639580605,Low
0.0,Low
0.0,Low
0.007089401060257067,Low
0.0005946313285762827,Low
0.0059174655070360765,Low
0.005445902978697455,Low
0.9984709480122325,High
0.006634368824345298,Low
0.0409561580578058,Low
1.0,High
0.005859998745554661,Low
0.015648173575203032,Low
0.007900101936799185,Low
0.974184505606524,High
0.0,Low
0.9831167176350664,High
0.007286038691054202,Low
0.010838443261521398,Low
0.13460390272316877,Low
0.001178846818955029,Low
0.7079246417526358,High
0.9757621546806359,High
0.00025803820693158063,Low
0.0008521343859199706,Low
0.008540658117398051,Low
1.0,High
0.00033729087965461414,Low
0.01659049905126824,Low
0.743435998252512,High
0.0,Low
0.006359056932767622,Low
1.0,High
0.9879158939571917,High
0.005211519280430248,Low
0.8658156731138382,High
0.946995181169493,High
2.0799105884139068e-05,Low
0.9941987039464104,High
0.9098062656326935,High
0.00679538268091003,Low
0.0,Low
0.10349679627202563,Low
0.017293807914281114,Low
0.9950633464394932,High
0.9034505260740178,High
0.010083180846477803,Low
0.015704621699975864,Low
0.0,Low
1.0,High
0.006132922708052538,Low
0.010499344765308475,Low
0.011668497836441376,Low
0.010913651033719596,Low
1.0,High
0.014096002914041627,Low
1.0,High
0.9977064220183488,High
0.006679727688885994,Low
0.012900079891618203,Low
0.990399737876802,High
0.9868816267942564,High
0.012163095740226322,Low
0.99559601557234,High
0.006824243515316799,Low
0.015200309655102747,Low
0.5507833909210057,High
1.0,High
1.0,High
0.010682259185490229,Low
0.0,Low
0.00020680528670892416,Low
0.010879763586268848,Low
0.0,Low
1.0,High
6.035731530661516e-05,Low
0.029247264131697717,Low
0.006074809271682701,Low
0.8809969712309231,High
0.006038268547685398,Low
1.0,High
0.026549968460311293,Low
0.9427933863572918,High
0.00012494889053655785,Low
0.011427570091620034,Low
0.010613812308087797,Low
0.982081893385678,High
1.0,High
0.012167387984047562,Low
0.0001529051987767584,Low
1.0,High
0.011255940380770983,Low
0.8880845700059028,High
0.0014477200674760753,Low
0.0010485967379042455,Low
0.011276242567387924,Low
0.030393028771141486,Low
0.010403507430944526,Low
0.04093871223753025,Low
0.0003626860849577415,Low
0.011620530905598505,Low
0.0,Low
0.0098881135530073,Low
0.9690803844473571,High
0.9660805300713559,High
0.9954128440366973,High
0.9101032203865261,High
0.9283512927308755,High
0.01073380385783929,Low
0.009124098896645661,Low
0.6842082844215948,High
0.9941817927723521,High
0.006450407438201626,Low
0.014682743597820725,Low
0.005286066365349012,Low
0.008311274257124255,Low
0.03799694189602446,Low
0.9965596330275229,High
0.008530088488521272,Low
0.001276415546043593,Low
0.014147142131149117,Low
0.02956137539055369,Low
0.986402359108781,High
0.9455708908367604,High
0.0054101393471181125,Low
0.01074456212440399,Low
0.000125675505843911,Low
0.007586311421905004,Low
0.9935015290519879,High
0.9966688510266493,High
0.044513047195912606,Low
0.054190030911376724,Low
1.0,High
0.04204015434729343,Low
0.011637599679227182,Low
0.8887211087009362,High
0.006874533577079364,Low
0.9523136012814911,High
0.006306242580796265,Low
1.0,High
0.00033729087965461414,Low
0.02072127250855541,Low
0.0016819571865443427,Low
0.9938670903274137,High
0.14746649729088998,Low
0.01002406030983698,Low
0.00020718375308354135,Low
0.0006243633171274966,Low
0.0007111343199359255,Low
0.019792513880396538,Low
0.0126289135807431,Low
0.006005542270338812,Low
0.006431973114169215,Low
0.06329808462627716,Low
0.0,Low
0.0060316387735881785,Low
0.9923843413152876,High
0.009785307021411468,Low
1.0,High
0.9994266055045872,High
1.0,High
0.009755782776366705,Low
0.9999656392811738,High
0.005808322964025682,Low
0.9923547400611621,High
0.013429691109654307,Low
0.007647438806705966,Low
0.009885058277713996,Low
0.01038225657052129,Low
0.007254529908928412,Low
0.9732288592816539,High
0.0061275832475817665,Low
0.0069784314726289015,Low
7.806262050884945e-05,Low
0.0,Low
0.01871727550505692,Low
0.013745353069688637,Low
0.012477212572134308,Low
0.009974783481883008,Low
0.0,Low
0.0001244099707030138,Low
1.0,High
0.0027905198776758413,Low
1.0,High
0.011174389220867532,Low
0.0,Low
0.010872570343801175,Low
0.007301702162130031,Low
1.0,High
0.006378628820468388,Low
0.00664341983312908,Low
0.017083749260501383,Low
0.006681093664742334,Low
1.0,High
0.9897680937818553,High
0.9824973745168065,High
1.0,High
0.05862470873844835,Low
0.0,Low
0.9695300812846684,High
0.012153706879595348,Low
1.0,High
1.0,High
0.008793848797901736,Low
0.010279916576374263,Low
0.012280281001942528,Low
0.9179935251341674,High
0.0011467889908256881,Low
0.007536041939711664,Low
0.04711916391216115,Low
0.0003513259638602283,Low
0.010227127694973467,Low
0.010913719034304851,Low
0.00016989466530750933,Low
0.02708015607700297,Low
1.0,High
0.010517904573902318,Low
0.007824048595073827,Low
0.01975745858236587,Low
0.0125136216597644,Low
0.00018141430327518306,Low
0.015290412720404498,Low
0.00024142926122646064,Low
0.011297173224250043,Low
0.0001146594153784491,Low
0.011493566680706876,Low
0.03447929239359005,Low
0.020676346789510656,Low
0.025731962849699856,Low
0.004832124151052844,Low
0.9851463521188292,High
0.9999195235795911,High
0.0015290519877675841,Low
0.06833758261859578,Low
0.9035977026027914,High
1.0,High
0.9881818151151704,High
0.007656145218503428,Low
0.019447649413266644,Low
0.0061162079510703364,Low
1.0,High
0.0001353184109011452,Low
0.008923800026435105,Low
0.0018710031499453831,Low
0.4634436155078356,Medium
0.9965596330275229,High
0.00012434969889859888,Low
0.06735676367137053,Low
0.00514089121887287,Low
0.010338794716599145,Low
0.013433082630721897,Low
0.0006912697099412915,Low
0.0008837197011121429,Low
0.019751212894621874,Low
0.007622814876458685,Low
1.0,High
0.9878381421016572,High
0.010128288030897433,Low
0.011592378254089656,Low
0.0076479802784855805,Low
0.03341770800973177,Low
0.9734272608125819,High
0.010903351601887738,Low
1.0,High
0.0134586637788833,Low
0.006290650064962082,Low
0.012270470414101373,Low
0.013347760514471483,Low
0.009135774209593045,Low
0.9999735610607303,High
0.0050968399592252805,Low
0.011120788808629581,Low
0.9262550807260339,High
0.9739608534919926,High
0.9874015036015138,High
0.8870950076854673,High
1.0,High
0.01248361730013106,Low
0.010261535997289075,Low
0.9179871527179755,High
5.582632517838941e-05,Low
0.007932206163057924,Low
0.011335891748731548,Low
0.010584488312173049,Low
0.009929464099309003,Low
0.0008145361134743761,Low
0.016991360422419027,Low
0.020112365808572636,Low
0.0002001179393091974,Low
0.0,Low
0.0011467889908256881,Low
0.9898318042813457,High
0.009802066328860149,Low
0.9001070794648777,High
0.9639633424374281,High
0.011275524364276715,Low
0.0,Low
0.01267934409565226,Low
0.0038554098844685537,Low
1.0,High
0.00017378176423474588,Low
1.0,High
0.8874596790817801,High
0.0,Low
0.01734686697179178,Low
8.635799289668046e-05,Low
0.00020718375308354135,Low
0.882200266355865,High
0.014033903477037382,Low
0.002889341739779493,Low
0.019719652351899083,Low
0.007971941682388992,Low
0.004292267365661861,Low
1.0,High
0.025140458850348574,Low
0.0,Low
0.014171870071906914,Low
1.0,High
0.01035266674471629,Low
1.0,High
0.9909851855242185,High
0.028370258714412736,Low
0.0009744337116756842,Low
0.0207464553794829,Low
0.010073330395484623,Low
1.0,High
0.00013144812624835337,Low
0.9645787825833698,High
0.012169135363790032,Low
0.020168174545801994,Low
0.008017323310614955,Low
0.0308619293543465,Low
0.007054336798325008,Low
0.00778868163662011,Low
0.00729861081864608,Low
0.008806404685057074,Low
0.9901634877862443,High
0.001830254750982962,Low
0.004841997961264016,Low
0.0,Low
0.9990825688073395,High
0.994954128440367,High
0.4843060055375268,Medium
0.0011643762954114871,Low
0.06423591637157214,Low
0.0016248527732776166,Low
0.9939115929941619,High
0.01181249265593854,Low
0.016437599627385526,Low
0.012294317611976349,Low
0.0060414741456236406,Low
0.11190178323205845,Low
0.009336216783708154,Low
0.010271603850369062,Low
0.9934101138795288,High
0.007272951707441386,Low
0.007132518630093594,Low
1.0,High
0.007960203829749038,Low
0.9946483180428134,High
0.960361130611495,High
0.005979685452162517,Low
0.012802911599607246,Low
0.013537257399682787,Low
0.013435496530967435,Low
0.0064894121929672385,Low
0.0,Low
0.0058460161916955074,Low
0.9059633027522935,High
0.8254940735445323,High
0.0003896485855550012,Low
0.0011467889908256881,Low
0.010805715445076382,Low
9.556353460465191e-05,Low
0.0067090334730998515,Low
0.012670107546576987,Low
0.009603382637458654,Low
0.013983474405237246,Low
0.021845840194464047,Low
0.01798641729579569,Low
0.001019367991845056,Low
0.0002698327037236913,Low
0.011031544032465852,Low
0.9964322120285424,High
0.9973787680209699,High
1.0,High
0.00011761938367442955,Low
0.007993799154975098,Low
0.009708000188203768,Low
0.006003777657852131,Low
0.0068932022030348174,Low
0.004855902937921472,Low
0.9636740934906072,High
0.01057659644698696,Low
0.01011720062296999,Low
0.008197477103955924,Low
0.0,Low
0.0003048881254452872,Low
0.0170412944372503,Low
0.01037478215119529,Low
1.0,High
0.9999288813028946,High
0.03194732635438054,Low
0.9677328012589281,High
0.00024718995007565967,Low
0.009030709828144854,Low
0.8745717067626024,High
5.582632517838941e-05,Low
1.0,High
0.00021612616362810607,Low
1.0,High
0.9869865451705345,High
5.582632517838941e-05,Low
1.0,High
0.008991709595606572,Low
0.019195086256491828,Low
0.012040784645805033,Low
1.0,High
0.0017269415051192278,Low
0.026650757712978458,Low
9.954765545361876e-06,Low
0.0,Low
0.00141073291083654,Low
0.9188468140928417,High
0.01110609598573821,Low
0.28538966130709253,Medium
1.0,High
0.001641190963626843,Low
0.015514473602922645,Low
1.0,High
1.0,High
1.0,High
0.01604746135891857,Low
1.0,High
0.012040592378219585,Low
0.025215218158049613,Low
0.005019848631348563,Low
0.9986303370315822,High
0.0011804285566789747,Low
0.9634811416921509,High
7.632539040437192e-06,Low
0.008223824815485595,Low
0.012943671605710043,Low
0.010236987556969794,Low
0.05152404829861044,Low
0.9929554390563565,High
0.019413499344692005,Low
0.9854258086995894,High
0.00017676240863643265,Low
9.954765545361876e-06,Low
0.0,Low
0.004345064680587691,Low
0.0025634106853750674,Low
0.0006538588387473659,Low
0.018069381180123075,Low
1.0,High
3.007387064756693e-05,Low
0.902530324056228,High
0.009382414736198597,Low
5.582632517838941e-05,Low
0.004856988667026444,Low
0.006170816950633465,Low
0.9990825688073395,High
0.009262750806665608,Low
0.016676379768000123,Low
0.013543730569090685,Low
0.0052993240421471055,Low
5.017172058003954e-05,Low
0.0,Low
1.0,High
0.015852641846800384,Low
1.0,High
0.0022935779816513763,Low
9.577017822212353e-05,Low
0.0018502922409383293,Low
0.01872614564471178,Low
0.015701727301115447,Low
0.00012940434354406758,Low
0.015782795887015335,Low
0.013963588916573512,Low
0.0066241534294764265,Low
0.00020570702551780533,Low
0.012107947206883896,Low
0.0,Low
0.012432054267655979,Low
0.0028669724770642203,Low
0.887662026078585,High
0.9287060293802604,High
0.0,Low
0.9940984595573082,High
0.024242424242424242,Low
0.003636337243061201,Low
1.0,High
0.0,Low
0.0,Low
0.0,Low
0.017256294925341194,Low
0.0012553802008608323,Low
0.009226013719680915,Low
0.024483057788269952,Low
0.0,Low
0.8959653723120694,High
0.847709120180032,High
0.017545943617622038,Low
0.990137614678899,High
0.0,Low
0.9876898465808343,High
1.0,High
0.00586603979605012,Low
1.0,High
0.9818807339449542,High
0.008163129897568724,Low
0.0,Low
0.006627660227756948,Low
0.059664079073188755,Low
0.006515725359791097,Low
1.758730458579907e-05,Low
0.015334817763877873,Low
0.010478385851451732,Low
0.01085022003362078,Low
1.0,High
0.0032061298534087966,Low
0.00032887279221118214,Low
0.010923953324961308,Low
0.9597860340392987,High
0.00729387177954669,Low
0.0,Low
0.9852237976091187,High
0.004122222546223102,Low
0.019698119151080544,Low
0.9887287024901704,High
0.037526750018527295,Low
0.977974741807578,High
0.008493756931419665,Low
0.9576070336391438,High
0.9574814329401486,High
0.9978984190773313,High
0.057631987453016745,Low
0.00734563461819483,Low
1.0,High
0.009467070848841857,Low
1.0,High
0.00963302752293578,Low
0.006072168270724182,Low
0.014971872726904246,Low
0.0002765820736167273,Low
0.9992354740061162,High
0.9704892966360856,High
0.0026859005311443748,Low
0.010382619215772276,Low
0.9378918851751242,High
0.004607818828002314,Low
0.0,Low
0.011072150436459122,Low
0.03310144016747422,Low
0.9922551256543496,High
0.0,Low
0.8944947303368813,High
1.0,High
0.9392388089406937,High
0.007531534191617069,Low
1.0,High
0.014019113022687706,Low
0.9853920926168633,High
0.006738655050700153,Low
0.016690423780159763,Low
0.0,Low
0.008445716528830777,Low
0.0,Low
0.007512380779739124,Low
0.013302189306816176,Low
1.0,High
0.0041125358468038125,Low
0.0070832137048972045,Low
0.9999735610607303,High
0.0,Low
0.9546514486032024,High
0.010464813859141532,Low
0.02614678899082569,Low
0.011691269063532786,Low
0.9606741558056823,High
0.01576147842751015,Low
0.01154264827300767,Low
0.01468012785999382,Low
0.0,Low
0.9946483180428135,High
0.9659888929442406,High
0.005291625184830459,Low
0.0,Low
0.9425968399592253,High
0.013608784569482042,Low
0.010961632034960873,Low
0.016896803723688448,Low
0.010334318248998024,Low
0.009076859530958721,Low
0.003984728468803681,Low
0.01962804113468375,Low
0.010978987745645184,Low
0.007619270530347791,Low
0.025471118011621625,Low
0.009301042501638228,Low
0.0017040175661811317,Low
0.05307067841436007,Low
0.0072584381389713525,Low
0.004204892966360856,Low
0.03606293509465284,Low
0.0056369089625970354,Low
0.0,Low
0.010668843072696796,Low
0.00021974878486926035,Low
0.0,Low
0.006289781769040615,Low
0.09435160914518713,Low
0.0,Low
0.014265847528938107,Low
1.0,High
0.013954030737370114,Low
0.000163826998689384,Low
0.006081504269797122,Low
0.3427133705440968,Medium
0.007934764613205095,Low
0.9309851463521188,High
0.01654636485145358,Low
0.003343452096164428,Low
8.228913220187034e-05,Low
0.014493979103710957,Low
0.9984709480122325,High
1.0,High
0.015000955522851035,Low
0.009184949913120601,Low
0.0,Low
1.0,High
0.0012778891424690894,Low
0.016308732981097137,Low
0.017649901923052994,Low
0.011778370761712472,Low
0.9669903826037394,High
0.9982798165137615,High
0.008495204625148536,Low
0.999976108562691,High
0.01185816554715633,Low
0.010380966515202985,Low
0.862464037906639,High
0.9998991833854219,High
0.017176213447728197,Low
0.00020731337630734058,Low
0.015494797150243895,Low
0.004128440366972477,Low
1.0,High
0.021448434343106823,Low
0.010504968569647463,Low
0.0111900243252356,Low
0.011169733553213093,Low
0.006158045959421096,Low
0.0,Low
0.0316803151089732,Low
0.015281515598780325,Low
0.016070871689140537,Low
0.9955125648185081,High
0.01476512685302268,Low
0.0064382471014084,Low
0.994202078336502,High
0.0,Low
0.0076706504424841416,Low
0.0065233052902000325,Low
0.01279747639551219,Low
0.0045871559633027525,Low
0.9513709117841167,High
0.9698423804762842,High
0.010436495656525916,Low
0.017199691798629943,Low
1.758730458579907e-05,Low
0.020830052761610252,Low
0.017601291526042125,Low
0.006507463712163942,Low
0.037443404151009954,Low
0.030201881976032005,Low
0.0015069355030882111,Low
0.010539225511711145,Low
0.015247745351868375,Low
0.07023958457444697,Low
0.009070584665039077,Low
0.0,Low
0.8746079729104871,High
0.006849385300688475,Low
0.0,Low
0.006549321106796652,Low
0.0,Low
0.03139868541244688,Low
0.00713848384489237,Low
0.005885718802374241,Low
0.0221721578104977,Low
0.0069774292197150945,Low
0.009996110748666506,Low
0.9852199620579662,High
0.03790592689675258,Low
0.006730316035106879,Low
0.0,Low
0.00013842417465388858,Low
0.0,Low
0.0434728697196522,Low
0.010903005612571697,Low
0.5971098600685757,High
0.010752493383095545,Low
0.005542813455657492,Low
4.035621082084533e-05,Low
0.0037082580537485138,Low
0.0,Low
0.0,Low
0.008904227453643273,Low
0.03621021821701886,Low
0.029207412808117623,Low
0.9895791783007579,High
0.01726541094673278,Low
0.004204892966360856,Low
0.9999735610607303,High
0.015168975039428713,Low
0.8846094248208985,High
0.022125870993549852,Low
0.02067720391458237,Low
0.011130156892475178,Low
0.15092881877214487,Low
0.0,Low
0.010157189131203595,Low
0.9969532867927338,High
0.006927166055734894,Low
0.008450142143542557,Low
0.9857798165137615,High
0.0070149333833313034,Low
0.0,Low
9.954765545361876e-06,Low
0.010477945352270113,Low
0.0,Low
0.8996466499718796,High
0.9561541032871308,High
0.0069262460711245226,Low
0.022541122423877947,Low
0.9530399009756807,High
0.0001863838410570062,Low
0.005985366120449343,Low
0.008770511383465083,Low
0.011373597655139879,Low
1.0,High
0.00012757983431511142,Low
0.8955063568090249,High
0.008612701876005241,Low
9.954765545361876e-06,Low
0.025464916171657793,Low
0.006796550554576485,Low
0.01084845935904531,Low
0.0067231125253876785,Low
0.9612642479844312,High
0.0,Low
0.008201058807335493,Low
0.9953131232548863,High
0.02141922254775959,Low
0.00013519985216318834,Low
0.008608216634395122,Low
0.015763321153565962,Low
0.015767102933197275,Low
0.9597616664864845,High
0.759279399025524,High
1.0,High
0.016319985924309888,Low
0.013373119771632132,Low
0.06092745125847094,Low
0.007070157045594263,Low
0.0,Low
0.0053864256019934475,Low
0.01043459410921134,Low
1.0,High
1.0,High
0.01291826891248775,Low
0.0,Low
0.0,Low
0.002332743760903183,Low
0.010339859583382925,Low
0.0043141109654871125,Low
0.004578492320160282,Low
0.0,Low
0.8986516074346029,High
0.009901497434740345,Low
0.003599327822690526,Low
0.012163912056326692,Low
1.0,High
0.012181074671366652,Low
0.01459877086710714,Low
0.013310571433273284,Low
0.02499811679698303,Low
1.0,High
0.010252439237512774,Low
0.0006139303007135575,Low
0.09032328527741373,Low
0.010533485982489349,Low
0.0012553802008608323,Low
0.006590824747515121,Low
0.014498928325306831,Low
0.01307137470030502,Low
0.011404361318043173,Low
0.9999288813028946,High
0.009736912810378813,Low
0.011928776855741108,Low
0.006199228629480544,Low
0.9984709480122325,High
0.010720213277241443,Low
0.03209275669613672,Low
1.0,High
0.0001146594153784491,Low
0.011392972498155874,Low
0.008812199281103881,Low
0.0,Low
0.9920052424639582,High
0.006414326291284197,Low
1.0,High
0.0006298308789395895,Low
0.006204154767381844,Low
0.012357395912290648,Low
0.0,Low
0.0,Low
0.9983180428134556,High
2.0799105884139068e-05,Low
0.008607028347410681,Low
0.005045871559633028,Low
0.024884036183280646,Low
9.442230965980883e-05,Low
0.017264232690180535,Low
0.8891398546784628,High
0.00011761938367442955,Low
0.007875489521507862,Low
0.0014907879589655423,Low
0.07641961514380775,Low
0.9371528746922994,High
0.0002966520132517839,Low
0.02448303480413572,Low
0.00010843098150610847,Low
0.9954128440366973,High
0.00716648773856715,Low
1.0,High
0.010339466601444398,Low
0.9086179862093353,High
0.010810401589349915,Low
0.9941663342640606,High
0.008980336294421668,Low
0.0037134119702927045,Low
0.0009330631919804167,Low
0.007201402075714659,Low
0.0074360590889850035,Low
0.9999656392811738,High
0.0014147534066160173,Low
1.0,High
0.9900420043401827,High
0.9998361730013107,High
7.370982584545709e-05,Low
0.005940176227887607,Low
0.01494722426099329,Low
0.01245708429556767,Low
0.0202653997378768,Low
0.9869527410732144,High
0.9993446920052425,High
0.0,Low
0.0021107599560444947,Low
1.0,High
0.00705965553945143,Low
1.0,High
0.9098369011213048,High
1.0,High
0.02072055221699476,Low
0.9027850589777197,High
0.0067943205223286625,Low
0.0003048881254452872,Low
0.9999735610607303,High
0.01389369532543772,Low
0.006758341702817317,Low
1.0,High
0.7872682063126587,High
0.0013024123160158372,Low
0.008663547330861133,Low
0.010594145915246832,Low
0.0084514940558375,Low
0.9058751570848531,High
0.013784796901673745,Low
0.004587155963302752,Low
0.0023732452238512847,Low
0.006800443163745666,Low
1.0,High
0.0,Low
0.00019626854679838542,Low
0.018651488721769662,Low
0.0009740627477630537,Low
0.03034333361923647,Low
0.9486955599107166,High
0.005883182210485111,Low
0.8399775709369192,High
0.005263610342530857,Low
5.582632517838941e-05,Low
0.9410332022717344,High
0.007473471180558675,Low
0.026146294959702963,Low
0.009835860930400515,Low
0.011326953875366894,Low
0.028428956053502246,Low
0.015710047999468024,Low
0.9268312217853502,High
0.008913360868978579,Low
0.006773449087785029,Low
0.015195916421351097,Low
0.9256753312945974,High
0.031142426209376375,Low
0.0,Low
0.0,Low
0.004750015927624872,Low
0.011560481158202334,Low
0.057902866246238034,Low
0.00671162813585252,Low
0.9669953608354657,High
1.0,High
0.9725005880969183,High
0.8204878201597043,High
0.008869618761241024,Low
0.015456225015185695,Low
0.9137790956861611,High
0.0061793623483559455,Low
0.9333530394737659,High
0.9518730886850151,High
0.0005978197845017478,Low
0.0012491972281297634,Low
0.009801393905408906,Low
1.0,High
0.00719707877571512,Low
0.007103992116864354,Low
0.0,Low
0.9999656392811738,High
0.005761058389059316,Low
0.1551232450166611,Low
0.009137615260437363,Low
0.048350201446531724,Low
0.9874180865006553,High
0.7579769487669958,High
9.954765545361876e-06,Low
0.0,Low
0.0059993147169660555,Low
0.011637177806902576,Low
0.013559257303803942,Low
1.0,High
0.9608661390979322,High
0.00020850708924103421,Low
0.04026057080151352,Low
0.9954128440366973,High
0.006712676441382392,Low
0.026989746647846,Low
0.00495343924245607,Low
1.0,High
0.9952965698185263,High
0.0025484199796126403,Low
0.007020320662051991,Low
0.008897228368351672,Low
0.005681818181818182,Low
0.945915246832678,High
0.0094621372181056,Low
0.022173874911430247,Low
0.9999656392811738,High
1.0,High
0.02755570117955439,Low
0.9954128440366973,High
0.010829460845913609,Low
0.0032110091743119264,Low
0.0010223486000083457,Low
0.02074239809765772,Low
0.012910357391186665,Low
1.0,High
0.005536162537111924,Low
0.0,Low
0.07763400260883903,Low
0.0,Low
0.9054402033770212,High
0.9947397287594735,High
0.0012363759258350623,Low
0.0066835900076129655,Low
0.02766713802630146,Low
0.010550643081630992,Low
5.582632517838941e-05,Low
0.0,Low
0.012350705969872786,Low
0.014330453916124983,Low
0.007251058397847389,Low
0.9992106517335876,High
0.007095847008865898,Low
0.903453845765974,High
0.011635493306873098,Low
6.623888779447541e-05,Low
0.0007513951270604142,Low
1.0,High
0.0,Low
0.005859545653123634,Low
0.9977064220183488,High
0.006156892999762598,Low
0.888039620269619,High
0.8663329111685472,High
0.01192127651418735,Low
0.026786680960364843,Low
0.01010266491917868,Low
0.011442712885278726,Low
0.8782023704615033,High
0.9777423556281681,High
0.014603475717584549,Low
0.9935015290519879,High
1.0,High
2.505824263678075e-05,Low
0.9537092756367144,High
0.00575828179515735,Low
4.2837603991976594e-05,Low
1.0,High
0.0006412900918998316,Low
0.0,Low
0.01151587559707183,Low
0.0015190625969507602,Low
0.9790942743971359,High
0.9618101063055192,High
0.939418221706886,High
0.001369615330497461,Low
9.15638969652982e-05,Low
0.9847094801223241,High
0.013429417173998953,Low
0.006003256134368111,Low
0.01854268263786625,Low
0.8969233393888771,High
0.002752293577981652,Low
0.0,Low
0.013543031891655743,Low
0.9583588175331296,High
0.033321029590386714,Low
1.0,High
6.456376510848987e-05,Low
0.009698932675073218,Low
0.013014181637215795,Low
0.9980340760157274,High
0.9896788990825687,High
0.0063870943065552875,Low
0.019117493665016545,Low
1.0,High
0.0,Low
0.04014268585941727,Low
0.005807344151295888,Low
0.0004722072315164598,Low
0.014883291056992253,Low
0.008093281110969358,Low
0.009614873815288595,Low
0.011369035224725273,Low
1.9609934863640356e-05,Low
0.9600243920198047,High
0.9612816249963718,High
0.9938837920489296,High
0.9730613805155091,High
0.01098812184298995,Low
0.019673802242609582,Low
0.00020850708924103421,Low
0.01216643805701989,Low
0.008145397232980994,Low
0.07070623465252919,Low
1.0,High
0.009975241437845618,Low
0.0006798816805031766,Low
0.0023070696168375608,Low
0.0,Low
0.004690971038342424,Low
0.004740916111601463,Low
0.010709733145991166,Low
0.9998956321422823,High
0.03398193308730791,Low
0.00876669703668725,Low
0.0007845236556956416,Low
0.01125783597112308,Low
0.00851966867437951,Low
0.010960994204882476,Low
0.00017428573024032994,Low
0.0033130738120840373,Low
0.0005483817337362874,Low
0.00737975416342182,Low
0.0069407673883656795,Low
1.0,High
0.020516874310914767,Low
0.07646069029304016,Low
0.6219192573510826,High
0.00012831882540858508,Low
0.9999656392811738,High
0.9416101079380728,High
0.00404353097061272,Low
0.8959491600328174,High
1.0,High
0.8905790816814648,High
0.0004932425766992207,Low
0.01153318834063976,Low
0.9208706238240708,High
0.018657794804583797,Low
0.9990825688073395,High
0.9839257795482915,High
0.03164269471608921,Low
1.0,High
1.0,High
0.0,Low
0.7034013132636987,High
0.01392830855352308,Low
0.011252497611124615,Low
0.9557674991388271,High
0.010949777494629866,Low
0.9084930090596578,High
0.9994001665653175,High
0.01137938145218692,Low
0.004259501965923985,Low
0.0,Low
0.9984709480122325,High
0.9918195718654435,High
0.011205766710353867,Low
0.01028734262679217,Low
0.021359880546297918,Low
0.009528746024652967,Low
0.003800903808302447,Low
0.008441324199723951,Low
1.0,High
0.071046423189429,Low
0.0015534772768564875,Low
0.017601823358448763,Low
1.0,High
0.014181957186544343,Low
0.013508847519484064,Low
0.042709698558322406,Low
0.0058949272860050195,Low
0.00010381507503967191,Low
0.00649597352758415,Low
0.007717199792429809,Low
0.9882008154943936,High
0.8941912809451276,High
0.007330341129316776,Low
0.9707888067458639,High
0.015409909416632369,Low
0.0,Low
0.0045871559633027525,Low
0.00864038972311104,Low
0.012232024085430256,Low
1.0,High
0.01018849897133697,Low
0.011689829234017755,Low
0.012496410382949548,Low
0.010464690984472768,Low
0.001975025484199796,Low
0.0,Low
0.05734659900343768,Low
0.013136494463665603,Low
0.010620920699157493,Low
0.0,Low
0.0666590616067579,Low
0.00684639952418126,Low
0.007245482413476702,Low
0.02905198776758409,Low
0.006782398226816863,Low
0.02055066674988038,Low
0.001201715873658332,Low
0.008816987602753157,Low
0.011030737777875324,Low
0.010773036017900481,Low
0.00011761938367442955,Low
0.006977909365857501,Low
0.01820432494879372,Low
0.9008454933742582,High
0.0,Low
0.009314495359010777,Low
0.011868355905053151,Low
0.006571114774487523,Low
0.06328546156745174,Low
0.0055480888000422465,Low
0.010390947133764662,Low
0.0,Low
0.007424910860406519,Low
0.0170573375946917,Low
0.008142981093719028,Low
0.11925328176950813,Low
0.0077619232526307804,Low
0.011937888003813592,Low
0.006524588861523794,Low
0.00019145180245227372,Low
0.011936128378037262,Low
0.0599465387025329,Low
0.010527189779060758,Low
0.9585711858647638,High
0.0001653051013574032,Low
6.878782912523511e-05,Low
0.00550473025614981,Low
0.02946220116174909,Low
0.011210631962914493,Low
0.005558451100361765,Low
1.0,High
0.0,Low
1.0,High
0.014453181884374545,Low
0.010763490979658882,Low
0.007313373957083192,Low
0.02063794763972187,Low
0.000655307994757536,Low
0.0,Low
0.022686445246577754,Low
0.0074012935927680835,Low
0.9905754795663052,High
0.9023490271196692,High
0.015066932717132322,Low
0.015208634266680541,Low
0.0,Low
0.9708060288335517,High
0.007024379596184977,Low
0.007257443321923145,Low
0.010264239853490363,Low
0.01368811411112275,Low
0.9954128440366973,High
0.8961584116239686,High
0.00703055188827075,Low
0.05673818042343716,Low
0.010946042110349576,Low
0.994954128440367,High
0.9808487630727111,High
0.011814185853026756,Low
0.01749371405244371,Low
0.03580763163048853,Low
0.06053505837714923,Low
4.253918153960235e-05,Low
1.0,High
0.021867033654251484,Low
0.03808431629532548,Low
0.015558736236806047,Low
1.0,High
0.011405513400496474,Low
0.015690857846745943,Low
0.012735032347347526,Low
0.03180817491641211,Low
0.9896197492997724,High
0.006691739621468525,Low
0.000125675505843911,Low
0.8687147191622285,High
0.8714225035382756,High
0.0030680587410805297,Low
0.0001653051013574032,Low
0.0,Low
0.00824428515703466,Low
0.01674506675376741,Low
0.007824140399246659,Low
0.014982202837519427,Low
0.0,Low
0.000644780844682076,Low
0.0006245647030665568,Low
0.01359275506315224,Low
0.8775356230879869,High
0.008080847017706163,Low
0.9954011421581926,High
0.06470195079879831,Low
0.0024824802182550764,Low
0.02834742859570765,Low
0.01165280422063332,Low
0.0,Low
0.9856721947776993,High
0.9909231276608502,High
0.010803421672183833,Low
0.01690872312003065,Low
1.0,High
0.01158027635325863,Low
0.011072773622403383,Low
0.015454876541538461,Low
0.009332211476162394,Low
0.03922709058901242,Low
0.0,Low
0.00786582599146522,Low
0.01860436351066219,Low
0.012543552113621171,Low
1.0,High
0.0001529051987767584,Low
0.010726657170277041,Low
0.8425189483644889,High
0.9923843413152876,High
0.016281191158332507,Low
0.0017092254414522025,Low
1.0,High
0.9880316930775647,High
0.010931578313700353,Low
0.002930329000071914,Low
0.009090135244713245,Low
0.9114924284976706,High
0.009395022198851919,Low
0.0395778199413604,Low
0.006524197762306992,Low
1.0,High
0.0,Low
0.01234163390126693,Low
0.8857386991493846,High
0.05342769616696233,Low
0.013851574723654588,Low
1.0,High
0.9973787680209699,High
0.007218796002712171,Low
0.018068055715058227,Low
0.0030581039755351682,Low
0.9957499952513914,High
0.0,Low
0.017446016395008986,Low
0.9989806320081549,High
0.9999735610607303,High
0.007592769941642212,Low
0.9970789805809119,High
0.0,Low
0.847123278966864,High
0.012941649859606521,Low
0.8759712560935633,High
0.008714792719579317,Low
0.005733944954128441,Low
0.002330140387882354,Low
0.860020751419834,High
0.006801234007093912,Low
0.013087200123190888,Low
0.0019102574427864872,Low
0.012137512005938475,Low
0.07737289416863363,Low
0.009549013677454043,Low
0.030821369459530262,Low
0.954173879391374,High
6.623888779447541e-05,Low
1.0,High
0.006651630102953768,Low
0.9605880278067891,High
0.011026675647382172,Low
0.0,Low
0.9999656392811738,High
0.005060404251892627,Low
0.9990825688073395,High
0.9999735610607303,High
1.0,High
0.011589917419044887,Low
0.00019897866590955373,Low
0.0071106578750402645,Low
0.013850841426780426,Low
0.01593294464569279,Low
0.9969418960244649,High
0.018009833902980152,Low
0.012578410490112886,Low
1.0,High
0.01055186156883131,Low
7.790108061322393e-05,Low
0.006754278660827281,Low
0.008872579023381224,Low
0.008409785932721712,Low
0.014271027280373636,Low
0.991480996068152,High
0.0066047052574714285,Low
0.010238467904842131,Low
0.012529808330660863,Low
0.900888026346742,High
0.0009174311926605505,Low
1.0,High
0.0001239771881973717,Low
0.0,Low
0.0,Low
0.03616787137429339,Low
0.010009579496038458,Low
0.006736216124501835,Low
0.01031066868383489,Low
0.012530439179618576,Low
0.0,Low
0.029187224287999542,Low
0.0,Low
0.007038619798758376,Low
0.009962709648570978,Low
0.0425951173484691,Low
0.0060691775660803035,Low
0.026546171651193384,Low
0.9035516117772103,High
0.01087542792979392,Low
0.01107993851045208,Low
0.9467058178328562,High
0.002324159021406728,Low
0.018531229046449594,Low
0.0,Low
0.9766451510136485,High
0.9735474006116208,High
0.008362809472199022,Low
0.9801117980764971,High
0.012116689690816895,Low
0.0,Low
0.007369364921213639,Low
0.0004267757236198581,Low
0.0048947129261983574,Low
0.005616287382342429,Low
0.023665743191774787,Low
8.047642040882022e-05,Low
0.0061113092517845104,Low
0.0001395526468265807,Low
0.011611918431912468,Low
0.015355296851399386,Low
0.9992090350668466,High
0.008375070323779776,Low
0.0045871559633027525,Low
0.0509756752468866,Low
0.013090630460899956,Low
0.007319316300062316,Low
0.055000216295049566,Low
0.9778069429629365,High
0.0017717199510737037,Low
0.028711549825560095,Low
0.007206287983630861,Low
0.9970778117567108,High
0.9213242084793566,High
0.007466884818788282,Low
0.04966723968284884,Low
0.042860216191079346,Low
0.9993744787322769,High
0.0,Low
0.00958580366960659,Low
0.02908829808587467,Low
0.9236145311819726,High
0.8876390513295368,High
0.023233641610606624,Low
0.022174102972827577,Low
0.9756880733944954,High
0.012237273827726809,Low
0.01025694175542093,Low
0.00719049880364103,Low
0.006846482284789855,Low
0.0006026232414720334,Low
0.013056480521419672,Low
0.01554696861390085,Low
0.008482792096840415,Low
0.0073705210773174655,Low
0.006057693494776459,Low
0.9775755041330038,High
0.9224515800203876,High
1.0,High
0.03167293593492157,Low
0.012060052140258898,Low
0.007242900424111186,Low
0.00854148471132323,Low
0.007957241888715562,Low
0.9177294059294617,High
0.023303707116156078,Low
0.011814472090916378,Low
0.0003523467623986172,Low
1.0,High
0.004587155963302752,Low
0.00947140196239981,Low
0.09280432805674967,Low
0.018071336919981324,Low
1.0,High
1.0,High
0.006826233316540778,Low
0.06810054296948137,Low
1.0,High
0.013643848506233826,Low
0.03846657929226738,Low
0.00012106318783561359,Low
0.0007328340896935044,Low
0.8891710353866319,High
0.004097746680902095,Low
0.030896136878599583,Low
1.0,High
0.012101609530030415,Low
0.022354211203512657,Low
0.006133464527622647,Low
1.0,High
0.03584189645137558,Low
0.6914739394136135,High
0.9421239244341124,High
0.0007755577308014664,Low
0.0006514227729965307,Low
0.010378148045240022,Low
0.9963302752293578,High
0.013566662695103062,Low
0.9916266226663016,High
0.0,Low
0.9567202067604524,High
0.02261537510754583,Low
0.05751133812697003,Low
0.011720642740182847,Low
0.01495086000498225,Low
0.006147846530130702,Low
0.9479210281693828,High
0.00617713111620795,Low
1.0,High
0.00024967597012928906,Low
0.009818266463682794,Low
0.014886527561363747,Low
0.9903669724770643,High
0.01584463773744497,Low
0.000800792392639141,Low
0.0,Low
0.003427626303793187,Low
0.006901623730420678,Low
1.0,High
0.0028976114926893004,Low
0.8772087134045863,High
0.9500946415345894,High
1.0,High
0.98993374108053,High
0.0006514227729965307,Low
0.0014840798704803023,Low
0.035409964653083915,Low
0.007467943401022554,Low
0.0,Low
0.013089195701492891,Low
0.01645026614904614,Low
0.01620246787844582,Low
0.0,Low
0.9923283011218923,High
0.9980101845784185,High
0.8695859407647535,High
0.999356523118617,High
0.9313455657492354,High
0.0,Low
0.011765645056926224,Low
0.0006190917331580153,Low
0.00913067815416109,Low
0.01152074741201533,Low
1.0,High
0.008336713994014502,Low
0.0015727391874180866,Low
1.0,High
0.9924639580602883,High
0.006215323680008231,Low
0.0027105921601334446,Low
0.010254012231091484,Low
0.010806721549943787,Low
0.01912381873152218,Low
0.003092855157075341,Low
0.9984709480122325,High
0.02136749290400156,Low
1.0,High
0.014729620560622169,Low
0.010739856629902001,Low
0.007406845737644906,Low
0.06946551001884718,Low
0.008511475745745907,Low
0.010974232343724525,Low
0.005701592283592075,Low
9.954765545361876e-06,Low
0.004876378436324721,Low
0.9988532110091743,High
0.0045871559633027525,Low
1.0,High
0.0208347084150999,Low
0.0021046451870394126,Low
0.01651691769318583,Low
0.9334987629463389,High
0.0025393184796854524,Low
0.005690999266972001,Low
0.007089241034195163,Low
0.0,Low
0.9888058439911834,High
0.8941390935374322,High
0.004898252938924726,Low
0.012812843276652537,Low
0.006219061391520709,Low
0.00773402224839047,Low
0.010889151951596461,Low
1.0,High
0.00873486331919468,Low
0.09094336887069866,Low
0.012438989274064952,Low
0.0150768249992294,Low
9.954765545361876e-06,Low
0.003035449279931593,Low
0.0005946313285762827,Low
0.011622173210947866,Low
0.0034130624726955005,Low
0.9999656392811738,High
0.9853525748064887,High
1.0,High
0.01839777195281782,Low
0.010331871860310439,Low
0.9929873752545508,High
0.007207877833580723,Low
0.013552065841391918,Low
0.016745878190060872,Low
0.011030489149008081,Low
0.011279731084230958,Low
0.014046686011443224,Low
0.010749416894786366,Low
0.0023583804045398163,Low
0.0004932425766992207,Low
0.9780138226376548,High
0.007489013553722894,Low
0.00016989466530750933,Low
0.0249563128003495,Low
0.9866207951070336,High
0.025173997800105437,Low
0.0004932425766992207,Low
0.023570903344614553,Low
0.001834862385321101,Low
0.0030581039755351682,Low
0.00013144812624835337,Low
0.8008128484589454,High
0.021805373525557014,Low
0.012278452433906338,Low
0.007592627191133972,Low
0.0,Low
0.01100221615913092,Low
0.0,Low
0.03417558881860235,Low
0.0,Low
0.9954128440366973,High
0.007194945727055818,Low
0.0,Low
0.9886345735381464,High
0.009652140672782875,Low
0.21564233167444188,Medium
0.007637536083667762,Low
0.01196440024715704,Low
1.0,High
0.8816559804349873,High
0.028076881806963896,Low
0.0001834862385321101,Low
0.004600450983507701,Low
0.011815504834299365,Low
1.0,High
0.01136442924813408,Low
0.9896625163827,High
0.001834862385321101,Low
0.049754024604843565,Low
0.016251638269986893,Low
4.2837603991976594e-05,Low
0.008341085321936823,Low
0.9923733870366227,High
1.0,High
0.0002763795136591564,Low
0.054879976285011844,Low
0.021667302684601257,Low
0.01824276059166476,Low
0.007364190841426552,Low
0.0030109662743345645,Low
0.009533476301227903,Low
0.0077909540203218415,Low
0.03996751707559186,Low
0.9558251880219238,High
0.010382521713996633,Low
0.9880486325866682,High
0.9779851615301172,High
0.006968108344255133,Low
0.7409821454365155,High
0.0429105411753128,Low
0.05390551750079294,Low
0.796890067651906,High
0.018749556283886172,Low
0.889333501575877,High
1.0,High
0.01754596826204402,Low
0.006538118313280286,Low
0.006658172754877981,Low
0.007571724377184785,Low
0.007694561335227526,Low
0.009968809469677823,Low
0.12410036398071136,Low
0.007009850959344537,Low
0.023182833671651207,Low
0.00029387185350488105,Low
0.08976723046357836,Low
0.013417627645802059,Low
0.016555899480410835,Low
0.9907571860902059,High
0.013101114312402209,Low
0.012076887402383949,Low
0.010852822846756913,Low
0.9947903014416777,High
0.017769100711433606,Low
0.0,Low
0.015856200783413044,Low
1.0,High
0.018785129550864706,Low
0.013320763836232895,Low
0.008891914433591446,Low
0.012513684125656094,Low
0.007591731798640073,Low
0.9739407661597166,High
0.007036935843078978,Low
1.0,High
0.0,Low
0.9790124031898021,High
0.006920358974758318,Low
0.9137994916467468,High
0.9752985291976115,High
0.012959779962972422,Low
0.00737352530388141,Low
0.024683267802533857,Low
0.013562816820945641,Low
0.005801438732434914,Low
0.9678134556574924,High
0.8174057084607544,High
0.006174110211602798,Low
0.004586017606583918,Low
0.0,Low
0.0046672672233270965,Low
0.006020451442912938,Low
1.0,High
0.011830844229208123,Low
1.0,High
0.9807316932884947,High
0.01585726678343738,Low
0.0008086769127464677,Low
0.018419298644772413,Low
0.001310615989515072,Low
0.006419504064094877,Low
0.010269470981810112,Low
0.005303714687510095,Low
0.0015290519877675841,Low
0.011122093428909269,Low
0.01011867369908128,Low
0.0015290519877675841,Low
0.01022040492492489,Low
0.00904810119870007,Low
0.00015889986516393677,Low
0.006903358095225138,Low
0.9908256880733946,High
0.016119159260086936,Low
1.0,High
0.00685246380663066,Low
0.8831331544562813,High
0.013246693381525051,Low
0.048208462516149075,Low
0.999273573308137,High
1.0,High
0.0070703920311225325,Low
0.00785529148633094,Low
0.024671131224413275,Low
4.2837603991976594e-05,Low
0.0057583702432173435,Low
0.001215297244965219,Low
0.00016131219345051384,Low
0.007586405148485432,Low
0.9891268410652843,High
0.010584655194888562,Low
0.00840292219362947,Low
0.01144676249585958,Low
0.006476703285954544,Low
0.015397392895986925,Low
0.9965596330275229,High
1.0,High
0.0019356608277867721,Low
0.023227983385040143,Low
0.00013653601425258008,Low
0.01839692469123249,Low
0.007559066691294347,Low
0.008355176933158584,Low
0.02490707425521525,Low
0.004437521805828647,Low
0.009410529128731266,Low
0.011220512147107687,Low
0.0023035327471967377,Low
0.007078144631421322,Low
7.430320455760378e-05,Low
0.04153525223009939,Low
1.0,High
0.9995829858215179,High
0.9923380383396462,High
0.9797099434714114,High
0.0037255413349408985,Low
0.9984709480122325,High
1.0,High
0.0,Low
1.0,High
0.9688800226686132,High
0.011370247450494938,Low
0.9719240239882443,High
0.0,Low
0.02782274733333729,Low
0.008067483805274098,Low
0.021474693209007408,Low
0.01452284803170335,Low
0.0005946313285762827,Low
0.01400527107352026,Low
0.8900283966797728,High
0.015028242336227706,Low
0.08750198578180231,Low
0.00036222821497652327,Low
0.012599683778250503,Low
0.9680842147642079,High
1.0,High
0.006983324201460039,Low
1.0,High
1.0,High
0.010575848509615796,Low
0.013946288078539426,Low
0.018675733195324964,Low
1.0,High
1.0,High
0.0,Low
0.0,Low
0.01301854109360398,Low
0.02486775247417104,Low
0.8076420815965405,High
0.004206490810013191,Low
0.06298026593953573,Low
0.07260468232433592,Low
0.0045871559633027525,Low
0.7309853535821271,High
0.006327485305745872,Low
0.010470645555377963,Low
0.028682807568398503,Low
0.007701246915421619,Low
0.9376274209989804,High
0.0,Low
0.011823430283517952,Low
0.007740720516054142,Low
0.00794465971529815,Low
0.016396045031157012,Low
0.0,Low
0.01023561790936999,Low
0.0013517750971242717,Low
0.009249643270801087,Low
0.00869239787902755,Low
0.00041215791514793797,Low
0.046636085626911315,Low
0.8790290710116497,High
0.000995281224307537,Low
0.022323828057773012,Low
0.833140381534877,High
1.0,High
0.010475884209003772,Low
1.0,High
0.0061162079510703364,Low
0.9944571865443425,High
0.0066877611694874115,Low
0.9098186101250298,High
1.0,High
0.014046427784321,Low
1.0,High
0.006396184381197132,Low
0.9989204621424439,High
0.007950981344796467,Low
0.9489435839899516,High
0.013130629269634493,Low
1.0,High
0.015906037832897343,Low
0.010108266412086963,Low
0.013990825688073394,Low
0.0002483330393603558,Low
0.00027174090244608593,Low
1.0,High
0.0012553802008608323,Low
0.9855276875065896,High
0.9775174748798601,High
0.0002698327037236913,Low
1.0,High
1.0,High
0.00016417239034628706,Low
0.007758093750133866,Low
0.8680001194278177,High
1.0,High
0.01138196915537832,Low
0.9999160886104275,High
1.0,High
0.0006649583923781423,Low
0.00808660974656161,Low
0.9955188741923287,High
0.013262628234324505,Low
0.00917993991800415,Low
0.9632960231930607,High
0.015478445163209682,Low
0.02516654227246114,Low
0.035612176208491095,Low
0.013425839738051651,Low
0.007194964465698574,Low
0.0038488159684978806,Low
0.010069775490621477,Low
0.8806504924932455,High
0.008300567933595456,Low
0.05291537216971149,Low
0.00014387042908489404,Low
0.001310615989515072,Low
0.982697328984933,High
0.006707009637017697,Low
0.006184307438017629,Low
0.01116973887785417,Low
0.019472018836426887,Low
0.008504539787597935,Low
0.006570685803464716,Low
0.00700640945079804,Low
0.0013781484948422993,Low
0.9043598123032954,High
0.8686216688510267,High
0.0002821208597148641,Low
0.0070734140589188334,Low
0.8968342713613493,High
0.011831063418029898,Low
0.9960244648318043,High
0.013028513554572338,Low
0.015211850039279122,Low
0.9994266055045872,High
0.9428352992573178,High
0.9657136258677993,High
0.024622037107011985,Low
1.0,High
0.012859958988442081,Low
0.007364433912254981,Low
0.0,Low
0.011236296184088784,Low
0.0,Low
0.9993446920052425,High
0.012120525544981971,Low
0.00021249998042334144,Low
0.9682892049495936,High
0.01007794961527676,Low
0.0017584097859327215,Low
0.005045871559633028,Low
1.0,High
6.34588642188266e-05,Low
0.03602957988718327,Low
0.8765841947610903,High
0.0007831729693443724,Low
0.02867050402949884,Low
0.006565036972616285,Low
0.016071972646331967,Low
0.8266899915577917,High
0.0045850727936459015,Low
0.0068973725692175036,Low
0.01391174382131933,Low
1.0,High
3.754480869854861e-05,Low
0.000125675505843911,Low
0.04195963461925579,Low
0.006512970713975304,Low
1.0,High
0.022110535532174472,Low
0.018993438353934848,Low
0.0,Low
0.0,Low
0.00023106474982792608,Low
0.011306496322696539,Low
0.0072743122731339024,Low
0.0006243633171274966,Low
0.0040402200616757745,Low
0.013148070938212863,Low
1.0,High
0.006963194363717314,Low
0.0061483296142300645,Low
0.9303152759574779,High
0.8952253259153659,High
1.0,High
0.010577317927389257,Low
0.010991511945079219,Low
0.014478847246081679,Low
0.9953417253395918,High
0.0008415469586333451,Low
0.0,Low
1.0,High
0.06152549950695743,Low
0.027330866287591085,Low
0.016665255677812515,Low
1.0,High
0.001729512877039699,Low
0.01083059975505471,Low
0.0,Low
0.0,Low
0.005453325393142092,Low
0.9663985595437906,High
0.007766558878886687,Low
0.006152193665074651,Low
0.0028669724770642203,Low
0.009164087470922507,Low
0.0006243633171274966,Low
0.005717764195006383,Low
0.8905481357202558,High
0.9551172142343761,High
0.01853394568836709,Low
0.000655307994757536,Low
0.9493573159038426,High
0.021609040306921172,Low
0.00022347682898141613,Low
0.0007645259938837921,Low
0.00894366169078418,Low
0.004170141784820684,Low
0.01741323815038272,Low
1.0,High
0.002515348495747404,Low
0.007146047927839212,Low
0.9041026538592059,High
0.007256198374683638,Low
0.8951427354159951,High
0.009882845283946541,Low
0.0007215468825520115,Low
0.011794904784081957,Low
0.00011761938367442955,Low
0.002411116406529251,Low
0.9500655307994756,High
1.0,High
0.0,Low
0.89173152771996,High
0.9771234377215576,High
0.012305667352964608,Low
0.9999160886104275,High
0.009972390138342538,Low
1.0,High
5.4608999563128e-05,Low
0.011964470591034717,Low
0.9480853452088839,High
0.006740609884961147,Low
0.9999735610607303,High
1.0,High
0.007324547257055895,Low
0.007527127573427838,Low
1.0,High
0.0033878706414514044,Low
1.0,High
0.010184242749780898,Low
0.001961837531479152,Low
0.0,Low
0.9992354740061162,High
0.9887057237980457,High
0.8879926882322214,High
7.632539040437192e-06,Low
0.7090576472457206,High
0.0010578715026676733,Low
0.0010530056730680636,Low
0.9722149410222807,High
0.0,Low
3.169484120082516e-05,Low
0.00010328476766901533,Low
0.006427245967168121,Low
0.005957781961337691,Low
0.02999155128458492,Low
0.0,Low
0.010771315009852395,Low
0.006247122430611883,Low
0.019922011691975973,Low
0.008891401247185756,Low
5.030854204295827e-05,Low
0.009929070089301096,Low
0.9984709480122325,High
0.010273701203960027,Low
0.0042803567063415884,Low
0.000655307994757536,Low
0.9805192895789226,High
0.9998991833854219,High
0.0,Low
0.9918375607123583,High
0.0013721060158328033,Low
0.00756938889002091,Low
0.9981651376146788,High
0.032451455429666154,Low
0.0,Low
0.11131349537312839,Low
0.7074188808133762,High
0.0,Low
0.0194458834968054,Low
0.012307412261540703,Low
0.939429331506294,High
0.0007831729693443724,Low
0.037069154009368464,Low
0.033248168584869404,Low
0.004605658638271408,Low
0.007968380946053162,Low
0.0007831729693443724,Low
0.6836235884401022,High
0.010830325891467497,Low
0.0063321234379199775,Low
0.010753989290717766,Low
0.9692660550458716,High
1.0,High
0.011958495052854849,Low
0.007621259384708071,Low
0.003669724770642202,Low
0.9823839518316022,High
1.0,High
0.0,Low
1.0,High
0.9953864050974276,High
0.00638364789718008,Low
0.0,Low
0.07245422569427999,Low
0.0,Low
0.9603953202527645,High
0.018954550909580266,Low
0.9661236067672158,High
0.0,Low
0.965595903038081,High
0.011283156497246975,Low
0.9850152905198776,High
0.00874732586065215,Low
0.007725690755548011,Low
0.9708970438328236,High
0.0034828406388039417,Low
0.0,Low
0.9796001253810439,High
0.050734787937971954,Low
1.0,High
0.0,Low
0.01219094479862348,Low
0.006956595443976606,Low
0.9836901121304791,High
0.0,Low
0.009064413708140494,Low
8.115757553725156e-05,Low
0.007548177272947915,Low
0.0037206931702344547,Low
0.015582850825133112,Low
0.01064796268611652,Low
9.618253599923472e-05,Low
0.01128424186528162,Low
0.01132716695120452,Low
0.008171104479791818,Low
0.0,Low
5.582632517838941e-05,Low
1.0,High
0.00018885712966339505,Low
0.0,Low
0.014947072914729043,Low
0.9998361730013107,High
0.001068703225095234,Low
0.0031651308518731804,Low
0.00014571726385283497,Low
0.007503990010536401,Low
0.9460080821319354,High
0.07085121518183352,Low
0.010935135549872264,Low
1.0,High
0.00669266642399139,Low
0.009483657225267715,Low
0.008474582266097206,Low
0.09722281651370986,Low
0.014880874921378533,Low
0.9475347119963917,High
1.0,High
9.954765545361876e-06,Low
0.006046962266701978,Low
1.0,High
0.9822621995625275,High
0.9849905464923449,High
0.024800559766714293,Low
0.959354712381322,High
0.006850744940387417,Low
0.9693313728373826,High
0.9955053957028132,High
0.007992119508505544,Low
0.005632847833209666,Low
0.8592975441070931,High
0.016749853834280886,Low
1.0,High
0.06800710757132775,Low
1.0,High
0.017066181943580866,Low
0.011126689720569613,Low
0.9705235679513727,High
0.0,Low
0.018813547123052256,Low
0.004649170891863552,Low
0.1752151263619153,Low
0.037024107391079863,Low
0.04871967983234135,Low
0.9912738605294943,High
0.05619141236074328,Low
0.9999160886104275,High
0.001611378501672953,Low
0.010987237378551819,Low
0.9592453036260374,High
0.010066279216781404,Low
0.0004463819949070905,Low
0.006036570389033811,Low
0.970878280740666,High
0.0070328590569795554,Low
0.011785287483587903,Low
0.009542436044753877,Low
0.46023557485790684,Medium
0.0007851946130773125,Low
0.010053895409803284,Low
0.0,Low
0.030472639567476888,Low
0.00010381507503967191,Low
0.02542048929663608,Low
0.9230022686686135,High
0.0,Low
0.008157476095841274,Low
0.011004541087072764,Low
0.9855624034361258,High
8.722362349426607e-05,Low
0.011766270066487798,Low
0.00022418431399599917,Low
0.0003523467623986172,Low
0.0015290519877675841,Low
0.009815524555109163,Low
0.9411697247706422,High
0.9777357075531309,High
0.9493046313409095,High
0.011558509953108562,Low
0.8415348550575109,High
0.9748462655996797,High
0.00818884640760116,Low
0.0014195678184395805,Low
0.011720749736890674,Low
0.9998991833854219,High
0.0057219046535131705,Low
1.0,High
0.9185046180459023,High
0.007444212939807619,Low
0.010880651711578372,Low
0.007080221675581663,Low
0.01270446500384951,Low
0.010471075004232975,Low
0.02099734054492548,Low
0.003100941579527144,Low
0.00037782875226037305,Low
1.7425703596343558e-05,Low
0.984658511722732,High
0.9954128440366973,High
0.08165747558453067,Low
0.00677502228363404,Low
0.007864606190035714,Low
0.008674282873623913,Low
0.00018756008030034856,Low
0.011582868404992732,Low
0.978319600384347,High
0.008880956527552306,Low
0.020985771081217994,Low
0.011732567534451817,Low
0.000254841997961264,Low
1.0,High
0.0,Low
0.8748774024930479,High
0.00024091622084940382,Low
0.19319753895441968,Low
0.032115621597243044,Low
0.011775718116351438,Low
0.010751611738040458,Low
0.007255900103125346,Low
0.006834414984850644,Low
0.013914373088685013,Low
0.02068042813455658,Low
0.9550422987059588,High
0.009518372493444381,Low
0.01027571235788705,Low
0.007261245202969481,Low
0.947913510196278,High
0.1313432722258355,Low
0.0005655007655685296,Low
0.010432951016849743,Low
0.006200990525252714,Low
0.0,Low
0.015740931114534205,Low
0.017089327602386874,Low
0.040819070203002746,Low
0.03242442665598436,Low
1.0,High
0.9704390653589499,High
0.06401903054488198,Low
0.0080928724453916,Low
0.8922309596621523,High
0.008744966246856509,Low
0.9866837567855237,High
0.02252412678472039,Low
0.011447915335228459,Low
0.0,Low
0.020411887555704486,Low
0.9496470271065498,High
0.011378140292701835,Low
0.06239296475244454,Low
0.0007831729693443724,Low
0.0,Low
0.992163608562691,High
0.0079045984937984,Low
0.0015075211922223198,Low
0.013765458861968253,Low
1.0,High
0.022758968719013468,Low
0.999976108562691,High
0.017458497160332025,Low
0.005501137947960391,Low
1.0,High
0.9988532110091743,High
0.00020718375308354135,Low
0.0,Low
0.011482897734882315,Low
0.01119381385017069,Low
1.0,High
0.07247893227217639,Low
0.9954128440366973,High
0.014003098680170398,Low
0.009174311926605505,Low
0.006634216183206761,Low
0.0029860289396745217,Low
0.02358428078458758,Low
0.015535819503878593,Low
5.582632517838941e-05,Low
0.00495636770215871,Low
0.0070684389475493626,Low
0.00887148201878163,Low
1.0,High
0.007200895741421135,Low
0.9601776240441366,High
0.000655307994757536,Low
0.004508254802496715,Low
0.00877747090285993,Low
0.061922158626262484,Low
0.8747404889588032,High
0.0006707856135197009,Low
0.011333699872364732,Low
1.0,High
0.008371277487509073,Low
0.00015460158206412843,Low
0.011149101888537485,Low
1.0,High
0.005099430004939586,Low
0.007729018250262426,Low
0.04180590616312531,Low
0.00623727113890595,Low
0.014044095364574915,Low
0.009513726851052314,Low
0.006268583278267308,Low
0.005986744546465516,Low
0.00027730364177467297,Low
0.9920473391862898,High
0.007972600478892387,Low
0.0009756104553926702,Low
0.007590447795006393,Low
0.9785755671212165,High
0.9633597214468345,High
0.002391177044700371,Low
0.010267669638907255,Low
0.018113302250174698,Low
1.0,High
0.9535902766551352,High
0.005176778419371289,Low
0.9914263870685889,High
0.9731131108351379,High
0.017478857748125305,Low
0.00017145953772982117,Low
0.029129329455399897,Low
0.0020649515787822485,Low
0.0021418395687964604,Low
0.007640643283360129,Low
1.0,High
0.005601591767717759,Low
0.01167156421235595,Low
0.029828214820237158,Low
0.7527498432187886,High
0.0011467889908256881,Low
1.0,High
0.9884149965665485,High
0.06662318441163889,Low
0.01852508375888672,Low
0.9999735610607303,High
0.8796051856085451,High
0.005728562715398264,Low
0.01113083783863528,Low
0.026746417221322778,Low
0.9934336499819492,High
0.012454090224592682,Low
0.005246301347218778,Low
9.498794902428832e-05,Low
0.005656240748264942,Low
0.005897771952817824,Low
0.011888648088077691,Low
0.008165153955203824,Low
0.00019440483534253502,Low
0.0,Low
0.010717293479549111,Low
1.0,High
0.010085545434947737,Low
0.010258095315801855,Low
0.7456076764329046,High
0.011874837087799225,Low
0.006523037167388255,Low
0.9227748625725797,High
0.012542817346633742,Low
0.6866881462064948,High
0.00905822949437438,Low
0.020383953107328934,Low
0.014858477611294921,Low
0.017615649725741468,Low
1.0,High
0.000803147773954653,Low
0.9920489296636085,High
0.9992354740061162,High
0.02110969782557007,Low
0.00915938954841749,Low
0.9933741080530071,High
0.011469960532394845,Low
0.00011772521723800616,Low
0.00647839544561553,Low
0.00799475753604194,Low
0.03508874655263286,Low
0.004056599071881884,Low
1.0,High
0.0003340814129754001,Low
0.01872482840491262,Low
0.0063999052891293585,Low
0.9140059811072067,High
1.0,High
0.0007187668589763626,Low
0.8950615934925337,High
0.0010973962694287428,Low
0.0,Low
0.01567930472081001,Low
0.9529706668072693,High
0.010678186891394933,Low
0.034138553359250624,Low
1.0,High
0.9652191641182466,High
0.007557556615049797,Low
0.01774974515800204,Low
0.007957769754967753,Low
0.007614874301414827,Low
0.9763181158650689,High
0.9725790503658611,High
0.011254293595643143,Low
0.00011761938367442955,Low
0.8882972913936218,High
0.8796575152763639,High
0.017952996628527926,Low
0.9977064220183486,High
0.007809086937527304,Low
0.007107718839242022,Low
0.006475184171263227,Low
0.9396638499714594,High
0.9427011781518342,High
0.03541514082140537,Low
1.0,High
0.0006408959740896506,Low
0.9994266055045872,High
0.006866783159654548,Low
0.9999735610607303,High
0.00912590989383902,Low
0.004873130024495422,Low
0.02066202994218358,Low
0.005244565517402345,Low
0.05462538226299695,Low
0.0018544723201847414,Low
1.0,High
0.0,Low
0.0,Low
0.01052031909405386,Low
0.031144070952733978,Low
0.007415485130427295,Low
0.001961443634028319,Low
1.0,High
1.0,High
0.007494198534557256,Low
0.0109461359948232,Low
0.8450380294412613,High
1.0,High
0.03846759847596688,Low
5.582632517838941e-05,Low
0.009399779168387901,Low
0.9325068543709796,High
0.013659885648954744,Low
0.01691093113739417,Low
0.011047400611620795,Low
0.7601432969691744,High
0.025113239843708,Low
0.9058470121927152,High
0.01277990985419143,Low
0.0002788373128157197,Low
0.9946483180428135,High
1.758730458579907e-05,Low
0.1811165856549038,Low
0.0,Low
0.9946483180428135,High
0.009374815611207244,Low
0.9023181211444288,High
0.002831115375048886,Low
1.0,High
0.7656257860386301,High
0.0008003731144943459,Low
4.2837603991976594e-05,Low
0.0004722072315164598,Low
0.8833639983869339,High
0.9395835333430718,High
0.005385561516113848,Low
0.0033931266743238713,Low
0.0,Low
1.0,High
0.007283942892971417,Low
0.014443793155121318,Low
0.006848814395129823,Low
0.016322174513627878,Low
0.01877658259528923,Low
0.9684796854521626,High
0.005940548179313105,Low
0.010862936904400104,Low
0.015368061839998068,Low
0.002701341424359382,Low
1.0,High
0.020250166701156563,Low
0.006427557510086413,Low
0.0001292156609381057,Low
0.00026799297247694255,Low
0.00880637606642338,Low
1.0,High
0.991131498470948,High
0.010986895174861351,Low
0.0074334169530759575,Low
0.0075891364907154195,Low
0.8633969127147256,High
0.004778485172822639,Low
0.9464099934413226,High
0.936347750109218,High
0.09309632553910277,Low
0.00800296492002336,Low
0.007033416431441851,Low
0.01401851040352302,Low
0.0010223486000083457,Low
0.00986774929399097,Low
0.0001292156609381057,Low
0.0031516052864143823,Low
0.010254668447881246,Low
0.07450255959902854,Low
0.0067460661824082745,Low
0.018581050245085468,Low
7.275309995072428e-05,Low
1.0,High
0.9613549907829795,High
0.006810588861267358,Low
0.9861373448461953,High
1.0,High
0.004090465683428173,Low
0.8880054234228313,High
0.01094047460032213,Low
0.0,Low
0.0004722072315164598,Low
0.013147052359617868,Low
0.9999735610607303,High
0.0,Low
0.00977753294182111,Low
0.0,Low
0.017593314334700853,Low
0.9651113530926418,High
0.007553935327346853,Low
1.0,High
0.011585450342551706,Low
0.8820522010521769,High
0.011972397026028522,Low
1.0,High
0.0,Low
0.00956618650397076,Low
0.008006053424331982,Low
0.010175767626862738,Low
0.007720746695716364,Low
0.0023880002913111847,Low
0.011048446568977658,Low
0.006355061907626405,Low
0.006168178724372047,Low
1.0,High
0.9911187563710501,High
0.005242463958060288,Low
0.0069059960480477986,Low
0.9715793124634958,High
0.009880174232928998,Low
0.9987523943945963,High
0.01519453012174653,Low
0.012486375156012421,Low
0.009653034811144804,Low
0.9998991833854219,High
0.9984709480122325,High
0.01712538226299694,Low
0.9765120625212368,High
0.05096451642835182,Low
0.019528599038125396,Low
0.008094048963877424,Low
0.01020830349469345,Low
0.01157647926650818,Low
0.9913171690694627,High
0.012591033344960423,Low
0.023344295919911162,Low
0.9919724770642202,High
0.8456440508115445,High
0.0028828284503833223,Low
0.03895806028833551,Low
0.007122841754317292,Low
0.013695868337047072,Low
0.959505606523955,High
0.007697156567380387,Low
0.006137488148678093,Low
0.020624270425774954,Low
0.016150594344759243,Low
9.568547580680384e-05,Low
0.06542655540821368,Low
0.9596486146179982,High
0.003939318906596198,Low
0.0,Low
0.02069932017549961,Low
0.012301427118350116,Low
0.009378185524974516,Low
0.012667554544703781,Low
1.0,High
1.0,High
0.008141439180238868,Low
0.020662597604245412,Low
0.01091482063422599,Low
1.0,High
0.07972806222479668,Low
0.02707841852337265,Low
0.004783557007702989,Low
0.012188270230268397,Low
1.0,High
0.0031716962253197996,Low
0.014459458569266755,Low
0.007196611582427852,Low
0.006672069020369771,Low
0.007769459066979456,Low
0.9661944588667283,High
0.01172002818448666,Low
0.011569396753968097,Low
0.008399294646151375,Low
0.0004717098482100138,Low
1.0,High
0.9575560652395514,High
0.007198173051473472,Low
6.34588642188266e-05,Low
0.9954632243393712,High
0.001938677460360773,Low
0.9866560550513971,High
1.0,High
0.007113499673167189,Low
0.010878104569906491,Low
0.013459915814088159,Low
0.01462955088472064,Low
0.0008391249457184017,Low
0.009993446920052426,Low
1.0,High
0.007724781280436227,Low
0.0024722983438579763,Low
0.012187892312299763,Low
0.009759223652057314,Low
1.0,High
0.007277166066637449,Low
0.9303189165574487,High
0.08139554402518104,Low
0.0001292156609381057,Low
0.9838302752293577,High
0.8951917452954238,High
0.9865880297072958,High
0.011136197457781234,Low
0.017061265499881018,Low
0.00332533975810524,Low
0.013206948455298831,Low
0.977711809149485,High
0.010992791612057667,Low
0.9828412580269266,High
0.9834222954371422,High
0.01066703507026958,Low
0.9071778913618229,High
0.0009174311926605505,Low
1.0,High
0.11621214608973159,Low
0.010534089736703547,Low
0.008760596629299735,Low
0.009174420461127451,Low
0.038625492253357534,Low
0.010090479337842202,Low
0.0004932425766992207,Low
0.001709805761229303,Low
0.01143053024126851,Low
0.048001285577256476,Low
0.007953401944871005,Low
0.011236874083379703,Low
0.0070781997330258565,Low
1.0,High
0.0368173875054609,Low
0.0,Low
0.01944450214961374,Low
0.009049845176024002,Low
0.9895150720838796,High
0.015730512388441618,Low
0.005504587155963302,Low
0.01285056291240959,Low
1.0,High
0.010750189372018493,Low
0.01786806465705548,Low
0.0050552641193263555,Low
0.017138461658115174,Low
0.013889560143139952,Low
0.008130399400070213,Low
1.0,High
2.0799105884139068e-05,Low
0.029959543146195373,Low
1.0,High
0.006353384054640788,Low
0.011477015593552102,Low
0.003585728345024011,Low
0.9821711973305614,High
0.0001529051987767584,Low
0.0007538632371980996,Low
0.0,Low
0.7953207892747776,High
0.0,Low
0.0,Low
0.9945798077832505,High
0.0,Low
0.9969418960244649,High
0.012696946301775782,Low
0.021294893160486807,Low
0.9990825688073395,High
0.0028833551769331584,Low
0.01107306440879117,Low
1.0,High
0.002371994782741442,Low
0.0012553802008608323,Low
0.942039327275766,High
0.011614652465992895,Low
0.00019440483534253502,Low
0.016895994650543245,Low
0.0006584910940760013,Low
0.012703190805439003,Low
0.00015261460656416928,Low
0.00028212782940264353,Low
0.00020574011302296075,Low
0.01764653063509392,Low
0.021828777136364323,Low
0.002311165286237175,Low
0.010536915825028772,Low
0.0025484199796126403,Low
0.010666093156985803,Low
0.00010552051478083587,Low
0.0,Low
0.0045871559633027525,Low
0.08853157437509093,Low
0.015315418094402494,Low
0.017445502261588492,Low
0.010981602521608546,Low
0.013659339226770564,Low
0.0011467889908256881,Low
0.00010381507503967191,Low
0.00036080878631394506,Low
0.007568645496539488,Low
0.9987820923120688,High
0.02859604664251868,Low
0.005037968231848153,Low
0.0,Low
0.0,Low
0.010505178968398681,Low
0.010027071622421196,Low
0.013081555674864275,Low
0.010506106157976564,Low
1.0,High
1.0,High
0.013487846985272632,Low
0.008317382302617455,Low
1.0,High
0.9591241701035271,High
0.9977064220183486,High
0.009645434428996824,Low
0.00010453987691570552,Low
0.024150348950684204,Low
0.008970915868522314,Low
0.0006634740711770848,Low
0.01106440476633066,Low
0.17101213075841262,Low
2.1740075655463284e-05,Low
1.0,High
1.0,High
1.0,High
0.0026823940585408474,Low
0.0,Low
0.9998991833854219,High
0.0,Low
0.014689583834083659,Low
0.01306692366125061,Low
0.011830641332467745,Low
0.010758812908420118,Low
0.999585880916782,High
1.0,High
0.00019070853900708074,Low
0.899628658802971,High
0.007732634338138925,Low
1.0,High
0.0009348568962568941,Low
0.010459611324309672,Low
0.020292467525044367,Low
0.8772177958081409,High
0.010279475728906659,Low
1.0,High
0.012258652583003633,Low
0.01093998530985633,Low
0.008975724579412417,Low
0.9658261875086196,High
0.9022901914245007,High
0.00125338165511776,Low
3.526962942768087e-05,Low
0.008985606671890784,Low
0.006949413176981975,Low
0.009504636455815141,Low
0.007066589637299548,Low
0.0,Low
0.01397990388816077,Low
0.011205850847010273,Low
0.007162362684827015,Low
0.011091205575345368,Low
0.00018546721451510295,Low
0.011806684872101705,Low
0.010040082526323124,Low
0.0014477200674760753,Low
0.7127888877043873,High
0.007863695937090433,Low
0.9961009174311927,High
0.007763875916393193,Low
0.018109123513989887,Low
0.007041495738556725,Low
0.005586224446105854,Low
0.009447679984358378,Low
0.8889206987298359,High
0.005228341458818788,Low
0.025458542234426902,Low
1.0,High
2.1740075655463284e-05,Low
0.007275796885844184,Low
0.9939501207881251,High
0.009591803179705465,Low
0.007268797299450701,Low
0.0,Low
0.0014566320583421556,Low
6.739280948137736e-05,Low
0.008401105003484299,Low
0.0,Low
0.025182080920656127,Low
0.018104490420182823,Low
0.00598396561699314,Low
0.006605495444900001,Low
0.9552410226648167,High
0.006700592970082065,Low
0.121316738835905,Low
0.8899888057655365,High
0.013215377894276977,Low
0.00016989466530750933,Low
0.00784837663493297,Low
0.9430984383540093,High
0.0,Low
0.003655162370758701,Low
0.005777632153778942,Low
0.015312298374779768,Low
0.011226040341151534,Low
0.9826889471384885,High
0.039630323312759584,Low
0.01992810848538463,Low
0.9228811708169508,High
0.0,Low
0.9912461773700306,High
0.010776347156976266,Low
0.9848355077212836,High
1.0,High
0.0056292376254582395,Low
0.016857798165137612,Low
0.03795912605564596,Low
2.1740075655463284e-05,Low
0.10782364933741079,Low
0.9993103312864162,High
0.0007831729693443724,Low
0.00862937828233015,Low
1.0,High
0.008352103215459601,Low
1.0,High
0.003950948794827545,Low
0.9984445090729628,High
0.9981039755351683,High
0.00013017105716157175,Low
0.015435601061853078,Low
0.013181619603637954,Low
0.00024201185090540957,Low
0.002057487881237906,Low
0.010491875130579746,Low
0.0008532700761969585,Low
0.0033034215141053767,Low
0.7273532491270078,High
1.0,High
0.8088188685425268,High
8.79473584598019e-05,Low
0.0014826405617119577,Low
0.8760783935518367,High
0.008258800375033192,Low
0.9834989405147492,High
0.04841854608960314,Low
0.00979625714125896,Low
0.012354649314867216,Low
0.778557412233449,High
0.018599806910604026,Low
0.9914683933519328,High
0.882917709494589,High
0.009981824936001558,Low
0.011658100582986755,Low
0.0005271096995188716,Low
0.005996674888633622,Low
0.007907572874850166,Low
0.021573085880609598,Low
0.9439092762487256,High
0.0011467889908256881,Low
0.997400611620795,High
0.0,Low
6.035731530661516e-05,Low
0.009276333678177397,Low
0.0,Low
0.005801135357588009,Low
0.008796051164214138,Low
0.002752293577981651,Low
3.772588065647394e-05,Low
0.0,Low
0.00012149739988155371,Low
0.006382910915378957,Low
0.00011761938367442955,Low
0.11627047573723914,Low
0.000660533708589369,Low
0.8734989475356447,High
0.9345432658564117,High
0.0025998423026127935,Low
1.0,High
1.0,High
0.011753640679464659,Low
0.00030017254737066217,Low
0.0,Low
0.017170120942745302,Low
0.006289733756807956,Low
0.9998956321422823,High
0.013394508348047793,Low
0.01576154518417029,Low
0.8958384632696559,High
0.02908137849295888,Low
0.006092557178423004,Low
0.9778651521770787,High
0.0,Low
0.0,Low
0.012214764678790091,Low
0.8930522917679918,High
0.013329031472399057,Low
0.008090910359135344,Low
1.0,High
0.980226577703642,High
0.03553099752104242,Low
1.0,High
0.03268348623853211,Low
7.332160723401424e-05,Low
0.0,Low
0.9621013543031892,High
0.0,Low
0.011000330598206829,Low
0.007968713243942601,Low
1.0,High
0.006771070808594074,Low
1.0,High
0.010136664850067216,Low
0.0077334606154259135,Low
0.013360189590646334,Low
1.0,High
0.0,Low
0.008713365338632303,Low
0.988914373088685,High
0.0045871559633027525,Low
0.00869323923183047,Low
0.01897669538562054,Low
0.008938372614218535,Low
0.010929182089651475,Low
0.9981083892934834,High
0.006022001220207245,Low
0.9804404809390849,High
0.016206769430663164,Low
0.006902643202464492,Low
0.0231357400098963,Low
0.9689092762487258,High
0.015224379523505919,Low
1.0,High
0.006117428365634122,Low
0.007069235632885118,Low
0.0007845236556956416,Low
0.00022730285818574642,Low
0.022097302980167006,Low
6.149002631773126e-05,Low
0.00971138073761583,Low
0.9977064220183486,High
0.0,Low
0.006400939367473709,Low
0.005388881855842901,Low
0.05261450042768324,Low
0.982704381819857,High
0.27838919497793774,Medium
0.0,Low
0.01608223118245584,Low
0.00013857325445098387,Low
1.0,High
0.008418850185272032,Low
0.00852777873434175,Low
0.0,Low
0.011477394024514625,Low
0.8791918972444183,High
0.005506141209279388,Low
0.004812257466228438,Low
0.01167676945907247,Low
0.9867570112659836,High
0.002356258677809413,Low
0.02228378063352614,Low
0.0052522170485785604,Low
0.9545208839591468,High
0.011271732341221953,Low
0.9922551256543496,High
0.1938258882526537,Low
0.0,Low
1.0,High
1.0,High
0.0,Low
0.0006026232414720334,Low
1.0,High
0.011261482032549931,Low
0.017413056518686465,Low
0.000624661739579871,Low
0.007468282060044179,Low
0.018607010078697125,Low
0.007597284031702048,Low
0.9736023821133198,High
0.010457763153484345,Low
0.010193132681809934,Low
0.0005694953360403347,Low
0.0,Low
0.00981639810751463,Low
0.021466458376516843,Low
0.023305300713557596,Low
0.009624521238615263,Low
0.008059128624698248,Low
0.9525458458253396,High
0.8600306803288456,High
0.9992354740061162,High
0.004987726317414011,Low
0.005059363194819213,Low
1.0,High
0.00012414831295953866,Low
0.001876825512370957,Low
0.8915092258483654,High
1.0,High
0.0019860988742471347,Low
0.018710236367853603,Low
0.009406926429647217,Low
0.0,Low
0.008136740934906073,Low
0.9953120274221192,High
0.005988111121201467,Low
0.8529253938329736,High
0.004804740288181296,Low
0.909907892820737,High
0.009259095558033545,Low
0.9820863650743435,High
0.0038170494877117793,Low
0.1203972121868208,Low
0.02156734253334361,Low
0.00883771583576971,Low
0.007114600226801722,Low
0.010569613098628448,Low
0.012665086243469173,Low
0.006159895150720838,Low
0.010568475364811364,Low
0.011363726231188214,Low
9.681992754982708e-05,Low
0.006296174155379149,Low
1.0,High
0.0001239771881973717,Low
0.006416822869188332,Low
1.0,High
0.9954128440366973,High
0.34774227320505413,Medium
1.0,High
0.03289264152847234,Low
1.0,High
0.006317954496947624,Low
0.011676417168833312,Low
1.0,High
0.8994009348621274,High
0.9999735610607303,High
0.0,Low
1.0,High
0.009394811184627157,Low
0.018433298789761056,Low
0.008888215527076165,Low
1.0,High
0.012325879257372541,Low
8.323010197319455e-05,Low
0.006461335243982032,Low
0.018172679587844888,Low
0.009334086969873147,Low
0.9913171690694627,High
0.0,Low
0.9844728411242173,High
1.0,High
0.968937552030317,High
0.0,Low
0.0,Low
0.9574231664349986,High
0.017925758597127563,Low
0.010803633932848038,Low
0.024522020588049052,Low
0.0,Low
0.08844766269887695,Low
0.9296491596899482,High
0.00674967263474788,Low
0.001276415546043593,Low
0.012770123073501713,Low
0.014365162842730967,Low
0.1463969896685967,Low
0.14599855072856646,Low
0.0001707883441530019,Low
0.007033023381947542,Low
0.9663325294090658,High
0.016752015118570357,Low
0.006115491778967347,Low
0.852388998892266,High
1.0,High
0.0,Low
0.0071503783808735625,Low
0.011036803024920099,Low
0.6115645995771024,High
0.02000815118241838,Low
1.0,High
0.001019661676246475,Low
0.0,Low
0.0028217384381226313,Low
0.01105336787083143,Low
0.011004272684663035,Low
0.7463298001568798,High
0.0007645259938837921,Low
0.018305082143931423,Low
0.9999656392811738,High
0.964727550736725,High
0.008524181739781797,Low
0.011888522101533785,Low
0.005694798625070568,Low
1.0,High
0.05977991298560723,Low
0.018917530029625228,Low
0.0,Low
0.013716526398555483,Low
0.009422528459017148,Low
0.014627666869591329,Low
0.0,Low
0.016398190568713195,Low
0.07316318931153368,Low
0.9918960244648318,High
0.0,Low
0.9813965341488278,High
0.007218811612475893,Low
0.0,Low
0.006141683665524026,Low
0.006577864031992472,Low
0.02299114018456323,Low
0.8741828507883553,High
0.0015290519877675841,Low
0.012673178568061317,Low
0.0068759831535538584,Low
0.0,Low
0.0,Low
0.8909841246494671,High
0.004721105907384038,Low
0.953518988208169,High
0.006408193491905455,Low
0.018672264302126453,Low
0.0007645259938837921,Low
0.0032847190001573834,Low
0.0,Low
0.007639146762887193,Low
0.9465496884412868,High
0.9707459589340324,High
1.0,High
0.001310615989515072,Low
0.0,Low
0.009298025298952113,Low
0.010558583572007865,Low
0.010041806324229763,Low
1.0,High
0.006819968488879371,Low
1.0,High
0.007327742406603073,Low
0.009675811066613029,Low
0.0006100941795230151,Low
5.030854204295827e-05,Low
0.006066015974986617,Low
0.00998119390053783,Low
1.0,High
0.011888843729570223,Low
1.0,High
0.006651376146788992,Low
0.01254597945286814,Low
0.9807675123726602,High
4.587155963302752e-05,Low
0.8809362803724771,High
0.01040110711780659,Low
0.001834862385321101,Low
0.9959363194002008,High
0.012876802096985582,Low
0.9992354740061162,High
0.00637197063918482,Low
0.8694265579232464,High
0.013306387622485984,Low
0.018677707195586642,Low
0.0,Low
0.008022582478747658,Low
0.0074416813954671125,Low
1.0,High
0.00682116489723626,Low
0.0,Low
0.006391087028665923,Low
0.027528260064737346,Low
1.0,High
1.0,High
0.12098259793213921,Low
0.8310262875170894,High
0.8963121637565513,High
0.01225657416392077,Low
0.010459704291497889,Low
0.019049064862399323,Low
1.0,High
0.8835046822738611,High
0.011229740207667514,Low
0.007541022278942091,Low
0.024104041360920727,Low
0.009992559384902585,Low
0.009759967573982238,Low
0.02135646122843672,Low
0.010729401229860724,Low
0.009974478803129619,Low
0.9977064220183486,High
0.020741680121560517,Low
0.013639468268093436,Low
0.980420767241933,High
0.999976108562691,High
0.013136653816144721,Low
0.020438025215186884,Low
0.0114669995529523,Low
0.9396348081330771,High
0.009548751503668317,Low
0.9999195235795911,High
0.8784698938689357,High
0.01103177790053408,Low
0.015374079260045307,Low
0.01958843597370144,Low
1.0,High
0.9975535168195718,High
0.022482933191177047,Low
0.9549839813601282,High
0.011884787060428028,Low
0.9648723252676648,High
1.0,High
0.007259645079533943,Low
0.013096291654682098,Low
1.0,High
0.03299649591920256,Low
0.0,Low
0.008084474317281062,Low
0.010810527912663934,Low
0.012275909428133282,Low
0.016155431854296746,Low
0.9957371096204783,High
1.0,High
0.22493958640747633,Medium
0.0,Low
0.015992234553318323,Low
0.8973775561848957,High
0.9050940480028248,High
0.9914587205935871,High
0.9909509569743489,High
1.0,High
0.0001508894632923131,Low
0.9363593830763824,High
0.0,Low
0.017976315621814475,Low
0.0011467889908256881,Low
0.010838767912578262,Low
0.004034998301053347,Low
0.01550997063822904,Low
0.9999656392811738,High
0.01995308739923818,Low
0.0,Low
0.03615143830762416,Low
0.010199418775363957,Low
0.009595806549764623,Low
0.010827182809776707,Low
1.0,High
1.0,High
0.00790930636594731,Low
1.0,High
0.002585178963457876,Low
0.8893005911645258,High
0.9892201834862385,High
0.00016648848126215796,Low
0.9981386986754092,High
0.9096312139452936,High
0.010988089527043658,Low
1.0,High
0.007496577072607294,Low
0.007099168318498951,Low
0.9588247647409777,High
0.0,Low
0.008912053264711067,Low
0.01045491991908555,Low
0.007006561167813802,Low
0.9950305810397554,High
0.0001239771881973717,Low
0.007378247978207344,Low
0.9527183985604533,High
0.006973662556808707,Low
0.003134001712684288,Low
0.9148601248788141,High
0.987308868501529,High
0.0,Low
0.00769981794503257,Low
0.005899125012539378,Low
0.01750177040784393,Low
0.0069410912602607434,Low
0.00650997273626833,Low
0.0,Low
0.010108552857728938,Low
0.06861900953005891,Low
0.0009633027522935781,Low
0.006257744059230512,Low
0.012010375294953062,Low
0.0,Low
0.006017676886200911,Low
0.0006593398058424599,Low
1.0,High
0.010479880964761688,Low
0.0,Low
0.0,Low
0.0063564875491480995,Low
0.016070387530299778,Low
0.0049695050642588655,Low
0.006872161409755239,Low
0.9051635323260978,High
0.008746851290845823,Low
0.006762438652603308,Low
0.0005209768686483382,Low
0.9900611620795108,High
0.007032876283845675,Low
0.0,Low
0.00666640635430339,Low
0.002576034512657822,Low
0.007995252865984416,Low
0.0,Low
0.007395504032742792,Low
0.9833975402782743,High
0.019024799323570762,Low
0.03664627930682977,Low
0.008300342644667903,Low
0.014017203227094665,Low
0.0,Low
0.0016210718585246379,Low
9.087377374739536e-05,Low
1.0,High
0.11488466397382316,Low
1.0844340338777192e-05,Low
0.7855337498636572,High
0.007983171969017797,Low
0.00969135248482415,Low
0.0072476157887014035,Low
0.0,Low
0.008853531440951124,Low
0.010780093722867947,Low
0.0022935779816513763,Low
0.9816131498470948,High
0.9770209588472057,High
1.0,High
0.005467997113004579,Low
1.0,High
0.0009480122324159021,Low
0.0011275152262739958,Low
0.013580637050517071,Low
0.008428651822662062,Low
0.0,Low
0.898260557628556,High
0.0001429158079599344,Low
0.012298501126701054,Low
0.005530773155042223,Low
0.0,Low
0.009162166102361976,Low
0.0005733944954128441,Low
0.025720632889059073,Low
0.00024020193044185936,Low
0.0,Low
0.04488217116256664,Low
0.009541213452233148,Low
0.015918648971073035,Low
0.0,Low
0.0075979310270908994,Low
0.98194056493768,High
0.006635241536462571,Low
0.000125675505843911,Low
0.00621997878373566,Low
0.009139574356965661,Low
0.004778278126948512,Low
0.00013861165043507,Low
0.008948176136952845,Low
0.9959060866133965,High
0.01255369668590477,Low
0.008311406402507668,Low
0.9405289791757682,High
0.014877029534766448,Low
0.9728097518587423,High
0.012198451220177332,Low
0.01246299365454428,Low
0.012892084398478837,Low
0.00993193180477528,Low
0.03951298528305642,Low
1.0,High
0.8798017858797674,High
0.0,Low
0.9893621668851028,High
0.00478101074241074,Low
5.582632517838941e-05,Low
0.8644088936988492,High
0.8139050105791372,High
0.0095062267467161,Low
0.0,Low
0.0016891386793392719,Low
0.034640740579334556,Low
0.0055474003207236465,Low
0.005611168674057152,Low
0.0009249021307115322,Low
1.0,High
0.010421763205949409,Low
0.9744975972040193,High
1.0,High
0.9746840235776685,High
0.022656517029879534,Low
0.0013898224653820612,Low
0.006044706504469626,Low
0.009186101943446918,Low
0.0084526819419513,Low
0.0059514845215450415,Low
0.006531996198754652,Low
0.0,Low
0.007372214941022281,Low
0.0,Low
0.006949437225662273,Low
0.00835761754156871,Low
0.9941905796601597,High
1.0,High
0.009067682184527751,Low
0.8139653414882774,High
0.026141204282076877,Low
0.016112837089591953,Low
0.00619937338929417,Low
0.005773287225313067,Low
0.010222979376604763,Low
0.006984200703317191,Low
0.010552721177113152,Low
0.0,Low
0.9604883296092976,High
0.011862025153448743,Low
0.01007874584016331,Low
0.03284747653489118,Low
0.005045871559633028,Low
0.005080398540001973,Low
1.0,High
0.0022307180703080086,Low
0.01515367388547016,Low
0.006674302226777519,Low
0.0029113320475533163,Low
0.007832692117983625,Low
0.9982798165137615,High
0.005734197707104894,Low
0.04371240122536898,Low
0.01504959399843192,Low
0.015527056687729421,Low
0.002675840978593272,Low
0.03720511140235912,Low
0.0,Low
0.002496791722471093,Low
0.03077665272921188,Low
0.007942740786777484,Low
0.8879569818451116,High
0.0,Low
0.0005946313285762827,Low
0.004208372157081147,Low
0.8980325905188444,High
0.00592294580223979,Low
0.9660219957848738,High
0.9837920489296637,High
0.08057977794030158,Low
0.005351681957186544,Low
0.9981651376146788,High
0.012267064482080599,Low
0.9465243875895296,High
0.011181838285805636,Low
0.010144124282464658,Low
0.012866894303492919,Low
0.011188265186574115,Low
0.021479349755822497,Low
0.8566746357289303,High
0.008797929898847331,Low
0.0,Low
0.0003523467623986172,Low
0.9996879576701877,High
0.010744719121278912,Low
0.053484537103597865,Low
0.011929656646801581,Low
0.9972477064220183,High
0.0,Low
0.9983998293151269,High
0.014798575225430072,Low
0.9948035314304866,High
0.0,Low
0.008930315150127809,Low
0.006880733944954129,Low
0.007077721671752829,Low
0.7739144180610423,High
0.006461638936695119,Low
0.9719965050240278,High
1.0,High
0.0,Low
0.0,Low
0.0,Low
1.0,High
0.012749159337929115,Low
0.9448366825114491,High
0.0001902160759918471,Low
0.00639682869944902,Low
0.009407918703590515,Low
0.0,Low
0.8983817601197488,High
0.0060761981622900274,Low
0.0,Low
0.9965596330275229,High
0.00583198189767383,Low
0.00010659266429207182,Low
0.003471669405767304,Low
0.0004722072315164598,Low
0.006417926880803971,Low
0.965905781272754,High
0.009667620156153599,Low
0.009456983295612297,Low
0.0076322244757108994,Low
0.0004932425766992207,Low
1.0,High
0.0,Low
0.07798100484467929,Low
0.0012553802008608323,Low
0.0,Low
0.006944164550353451,Low
0.0030689483158739452,Low
0.0,Low
0.0007305856135141844,Low
0.8979449245416028,High
0.8660878112712976,High
0.009752591171976664,Low
0.012150965620030813,Low
0.0011467889908256881,Low
0.015604905640823803,Low
0.9908256880733946,High
0.03383646485161941,Low
1.0,High
0.006117324118333552,Low
1.0,High
1.0,High
0.6127692965725886,High
0.9780558280965941,High
0.0,Low
0.0,Low
1.0,High
0.03287209850181025,Low
0.009297683260542417,Low
0.013712353469071402,Low
0.0,Low
0.04155449322447686,Low
0.00011330397262076149,Low
1.0,High
0.005799010438091651,Low
0.0046833384993019865,Low
0.00018017196945047022,Low
0.013752418905426852,Low
0.9797655453618757,High
0.04662479264884273,Low
0.0075840427729890175,Low
0.01257405492421375,Low
0.028327673855196796,Low
0.9877032029615324,High
0.005861813537611606,Low
0.9654613215937627,High
0.00722562890580517,Low
0.07117919033056648,Low
0.0070579580982415005,Low
0.013123281384834127,Low
0.008378856486069411,Low
0.007733630830662064,Low
0.8084208732144512,High
0.0,Low
0.0,Low
0.009475058969859444,Low
0.0007831729693443724,Low
1.0,High
0.0,Low
0.007601265926685613,Low
3.169484120082516e-05,Low
0.007137651776970086,Low
0.0,Low
0.9997771260224079,High
0.0,Low
0.9874191997166346,High
0.8833813001461183,High
0.0015313437258725913,Low
0.025221127014657965,Low
0.0,Low
0.00788465689543106,Low
1.0,High
0.0018776999893130777,Low
0.01136209864889198,Low
0.011504295907965633,Low
0.0210226335869381,Low
0.9578443345645181,High
0.03180965515839633,Low
0.009458126539944477,Low
1.0,High
0.028041435070141785,Low
0.007896485798406926,Low
0.006445683838421109,Low
0.006278936248704786,Low
0.912646356574409,High
0.8466021517587478,High
0.9525703925480603,High
0.011972566246522091,Low
0.005662915028807521,Low
0.013514811446249157,Low
0.00017378176423474588,Low
1.0,High
0.010219865917529481,Low
0.003916458900366623,Low
0.8061660809913445,High
0.011057658334776573,Low
0.9189694887240247,High
0.0,Low
6.239782088362544e-05,Low
0.3798708878905113,Medium
0.017745436069915608,Low
1.0,High
0.010042463660163778,Low
0.005629400302656435,Low
0.9999160886104275,High
0.0011467889908256881,Low
0.9939056356487548,High
0.01051848660343662,Low
0.021813752264353167,Low
0.006926256338025383,Low
0.00017378176423474588,Low
0.009266728428186105,Low
0.009290410952486363,Low
0.01648499278960239,Low
0.9314201980486384,High
0.021175736864238966,Low
0.015032443439855327,Low
0.014422626211121321,Low
0.9998991833854219,High
0.9004927612862041,High
1.0,High
0.0006442219564715198,Low
0.01328419286495919,Low
0.9813455657492355,High
0.021403087228775302,Low
0.00259879022789122,Low
0.10512414445900682,Low
0.008968739429249657,Low
0.05803369336664186,Low
0.0,Low
0.0011467889908256881,Low
0.009272608125819135,Low
0.04267082040069937,Low
0.0,Low
0.009398484576120348,Low
1.0,High
0.8752650553118757,High
0.006498470948012231,Low
0.0,Low
0.1032413250467173,Low
0.037418265449446333,Low
0.0032765399737876805,Low
0.006336736997867419,Low
0.0007747565381904314,Low
0.9646224070140552,High
0.017397386219683786,Low
0.008814266128530894,Low
0.9907637978738897,High
0.000655307994757536,Low
0.9406357701082472,High
0.01579110237367118,Low
0.010822737481844555,Low
0.008764827532938054,Low
0.021675822836337573,Low
0.007718568180952049,Low
0.0,Low
0.04671192023861583,Low
0.012060912664179826,Low
0.000684922000145624,Low
0.06633694440274099,Low
0.8838370632160579,High
0.012412387683057044,Low
0.00831560832461602,Low
0.004581836904903746,Low
0.0072086786994939485,Low
0.06691783496829368,Low
0.0,Low
0.006184605225073176,Low
0.0,Low
0.0078051140442275116,Low
0.000616371404231746,Low
0.013720048422717509,Low
1.0,High
0.005786378742890991,Low
0.009365991472383896,Low
0.010513849192747005,Low
0.894618850154878,High
0.008507439046294996,Low
0.0,Low
0.011826587366640664,Low
6.149002631773126e-05,Low
0.0,Low
0.0006590553120369678,Low
0.010700477992897325,Low
0.9965596330275229,High
0.007993301070580567,Low
0.0072579168578627016,Low
0.8993930600509873,High
0.0186844261601599,Low
0.023052013417784182,Low
0.0,Low
0.00887644465626117,Low
0.9596393539834038,High
1.0,High
0.9414616346955798,High
0.9471330275229357,High
0.08328418523372652,Low
0.011458449843692377,Low
1.0,High
0.04689738205256495,Low
0.012531328320802006,Low
0.0022577901051997113,Low
0.9151584653878232,High
0.0009174311926605505,Low
1.0,High
0.007823498826375412,Low
0.0,Low
0.01069220545467268,Low
0.08559648393268546,Low
0.008115939588558722,Low
0.036087017293936575,Low
0.9500847204633899,High
0.014291216447695711,Low
0.028433085772535314,Low
0.006721733087666869,Low
0.0028396679772826564,Low
0.00016450452378038402,Low
0.07738919275303326,Low
0.010842396617837513,Low
0.009211396785663982,Low
1.0,High
0.2637887723896898,Medium
0.004920581902993237,Low
0.007134771819561147,Low
0.01441592612784315,Low
0.07825482048532507,Low
0.010413499958223871,Low
0.0,Low
0.9306454121821094,High
0.005985582235518738,Low
0.007798636948747512,Low
0.00020791152762101377,Low
0.0,Low
0.0,Low
0.009365443425076453,Low
7.275309995072428e-05,Low
0.0101320993300869,Low
0.02142565563746524,Low
0.00025053355175734776,Low
0.8704844064691794,High
0.005982929018615374,Low
0.004594626901353734,Low
0.0,Low
0.007102013492100055,Low
0.013576186680590923,Low
0.2612314228976309,Medium
0.016554532738386463,Low
0.9934572786993807,High
0.01850212376810879,Low
0.07446377724378343,Low
0.010341795917018254,Low
0.002343886523694334,Low
0.020986097091508196,Low
0.9849724434586821,High
0.013027493587024442,Low
0.020845713187887253,Low
0.9977064220183486,High
0.007094056838882339,Low
0.009421891070313562,Low
0.008934515978879131,Low
7.790108061322393e-05,Low
0.9992627785058978,High
0.007306684141546526,Low
0.02416869526843925,Low
0.0011712142799145918,Low
0.9977064220183486,High
0.014132733650837975,Low
0.9954128440366973,High
1.0,High
1.0,High
0.983451590063422,High
0.95138365227411,High
0.8987479816117485,High
0.9640216053060091,High
0.01268714994504171,Low
0.012690153566675487,Low
0.010824522666064167,Low
0.9791809183989684,High
0.8952945245376439,High
0.8242401633153029,High
0.9988532110091743,High
0.9862385321100917,High
0.03211344568167511,Low
0.9977064220183486,High
1.0,High
0.022682125482387586,Low
1.0,High
0.9993446920052425,High
0.8548852751596037,High
0.019653781125651724,Low
0.0002698327037236913,Low
0.012122038406029444,Low
0.9680093316827701,High
1.0,High
0.014208612807545037,Low
1.0,High
0.0014166216945493795,Low
0.0157894475555026,Low
0.9935779816513761,High
1.0,High
0.013501547493535422,Low
0.011428064932561115,Low
0.012466956736460985,Low
0.011347502380333505,Low
0.949669718898921,High
1.0,High
0.0005644493222418076,Low
0.0225248752668875,Low
0.01273546897547364,Low
1.0,High
0.009763744445515248,Low
0.012049775072656737,Low
0.013377744635630986,Low
0.8303563462207441,High
0.010340040816535773,Low
0.020023453201704858,Low
0.9758346894498244,High
0.00868422387740718,Low
0.009835105044937351,Low
1.0,High
0.9563964299692403,High
1.0,High
0.012526046784636743,Low
0.9001601215361752,High
0.01589987542619476,Low
0.0030321525531784893,Low
0.9923843413152876,High
0.011743475273714424,Low
0.006066573990817651,Low
0.9990825688073395,High
0.009522429281330302,Low
0.9975721484278854,High
0.010432258932465,Low
0.006334643949322849,Low
0.015226880685111679,Low
0.9565675795784938,High
0.000125675505843911,Low
0.0,Low
0.006616637249291125,Low
0.007191788269923248,Low
9.954765545361876e-06,Low
0.8930230960979078,High
0.0,Low
0.9827147412716933,High
0.8407332938214852,High
0.97100626183195,High
0.012578870436102518,Low
1.0,High
0.012365040324085596,Low
0.00031232216428070614,Low
0.01271227764329535,Low
0.010646589070273571,Low
0.9980340760157274,High
0.012107784917549654,Low
0.013541211591670306,Low
0.9954128440366973,High
0.9580410145709659,High
0.009844019904319944,Low
0.02473675355478487,Low
0.008190595006511227,Low
0.899437311569692,High
0.00041701417848206843,Low
0.0,Low
0.9789859605226577,High
1.0,High
0.008391930307080856,Low
0.01754587155963303,Low
0.07920780793286593,Low
0.00836200569793384,Low
0.012996604817588258,Low
0.9664585814195248,High
1.0,High
0.9167525026254492,High
0.994573546771822,High
0.9989806320081549,High
0.008882362688568811,Low
1.0,High
0.9915190953701728,High
0.019339795128287193,Low
0.012063099338841567,Low
0.010537240545712664,Low
0.012954498692346968,Low
1.0,High
0.9873853211009175,High
0.990545471199592,High
0.9556310915348593,High
0.04323247599324169,Low
0.9692660550458716,High
0.9904434250764527,High
0.03468959968872364,Low
0.007980723255454123,Low
0.0065572703375628115,Low
1.0,High
0.012216448286748923,Low
0.011893528532887025,Low
0.014419705127658935,Low
1.0,High
0.011816010450073314,Low
0.0,Low
0.011082209529540218,Low
0.01006169223067535,Low
0.010607941432387104,Low
0.08251831511683771,Low
0.01374343126771081,Low
0.9361834897444398,High
0.019339914445543838,Low
0.9984709480122325,High
0.3050656904407579,Medium
0.007253415814310564,Low
1.0,High
0.9634541721552555,High
0.98348623853211,High
0.01092161794754772,Low
0.008306118363077847,Low
0.9813370529812045,High
0.006155271355576088,Low
0.9992354740061162,High
0.01601008992877598,Low
0.9039159617141269,High
0.9938837920489297,High
0.04568475480233565,Low
0.04172917463190202,Low
0.012328915224442292,Low
0.9771024464831806,High
0.8792115159222995,High
0.0059096061986055656,Low
0.0,Low
0.007033246092783043,Low
0.9812773197666732,High
0.010287707156510414,Low
1.0,High
0.033376772938239756,Low
0.0015290519877675841,Low
0.011710904463391205,Low
0.0271511301897085,Low
0.0,Low
0.9375491480996069,High
0.005458715596330275,Low
0.008960637192742028,Low
0.009132633626258126,Low
0.9023361081255008,High
0.0068010898868400916,Low
0.009906822271797977,Low
1.0,High
0.017858689913679046,Low
0.9999288813028946,High
0.0,Low
0.006739638680334,Low
0.014006089887239687,Low
0.010050851028664879,Low
1.0,High
0.0030581039755351682,Low
0.00538825095759348,Low
0.01044982218603148,Low
0.01194425871245573,Low
0.004330029970255499,Low
1.0,High
0.005671051660327756,Low
1.0,High
0.009626379659367308,Low
1.0,High
0.0013832967868565617,Low
0.9999656392811738,High
0.010556903883889078,Low
0.998165137614679,High
0.013092272307850743,Low
0.0066976764158577715,Low
0.0,Low
1.0,High
0.009773078656250036,Low
0.010086228959761514,Low
1.0,High
0.014770179916905775,Low
0.007703215741279753,Low
0.007559705839522353,Low
1.0,High
0.01241704032576317,Low
0.0,Low
0.9912079510703363,High
0.0010835128509759874,Low
0.9945391000436872,High
0.006082645445646038,Low
3.288283844661471e-05,Low
0.006960309491073139,Low
0.011151331379616965,Low
0.992545871559633,High
0.9464916939802469,High
0.9666148826457824,High
0.01752229259303439,Low
0.9578078293617281,High
1.0,High
0.0,Low
0.005950723601554004,Low
0.9999735610607303,High
1.0,High
0.015508118600814658,Low
0.9998991833854219,High
1.0,High
0.010234328916378769,Low
0.9712512004373285,High
0.01057343436251289,Low
0.9963302752293578,High
0.9981810414623865,High
0.889307649817476,High
1.0,High
0.006156592401820325,Low
0.0,Low
0.0,Low
1.0,High
0.020208704893859713,Low
0.011162968338169044,Low
0.9694963760999517,High
1.0,High
0.0004932425766992207,Low
0.0018250774666669814,Low
0.007457956720944402,Low
0.009173241237764548,Low
0.012283880500790103,Low
0.21296632775990582,Medium
0.960163290328789,High
0.011190543089329598,Low
0.9931957186544343,High
0.9797950799782723,High
1.0,High
0.006101436579683111,Low
0.008883192803289888,Low
0.018610747051114023,Low
0.920953748891805,High
1.0,High
0.013441191229413757,Low
0.958635670226365,High
0.013609092818291374,Low
0.0,Low
0.0,Low
0.11429033504721578,Low
0.0005946313285762827,Low
0.010105298754679658,Low
1.0,High
0.009980813879033074,Low
0.006174919942915188,Low
0.003904239100838897,Low
0.000125675505843911,Low
0.9897316250131815,High
0.005668822928107,Low
0.0,Low
0.01150944243593331,Low
0.9725644386194845,High
0.8997260923185502,High
1.0,High
1.0,High
0.8100990243192078,High
0.014204028392373868,Low
1.0,High
0.011652141017746774,Low
0.9749828498960204,High
0.012345524026757206,Low
0.9999656392811738,High
0.010296943998776646,Low
0.009308919751447778,Low
0.9916088610427388,High
1.0,High
0.009979237138125797,Low
0.01319379628279564,Low
0.7539536915683704,High
0.0009657170449058426,Low
0.9899032942222108,High
0.005932559908095077,Low
0.009977064220183485,Low
1.0,High
0.01212537055852372,Low
0.8823785803893407,High
0.015833320612434934,Low
0.007493502848992026,Low
1.0,High
0.01724607822878597,Low
5.4926882832643757e-05,Low
0.01775896142291665,Low
0.08528348629748918,Low
0.01075828866510883,Low
0.780743500777201,High
0.010754445758546567,Low
0.9999288813028946,High
0.013970837475260001,Low
0.011177759645792195,Low
1.0,High
0.9640008852406247,High
0.01066891376654037,Low
1.0,High
0.9902291156159159,High
0.0037391103230282937,Low
0.00197587874981797,Low
0.013886003679809342,Low
0.011808369065166822,Low
0.015317310320292852,Low
0.014239501065072276,Low
0.8883818933862903,High
0.9977064220183486,High
0.014440707181733401,Low
0.96829425321736,High
0.0,Low
0.01004220616744971,Low
0.007833625403812801,Low
0.015175915471910623,Low
0.9713302752293578,High
0.9908256880733946,High
0.00691265741354213,Low
0.01508547441849144,Low
0.007900006760453328,Low
0.0,Low
0.0,Low
0.005633128339550357,Low
0.0068833931541234985,Low
1.0,High
1.0,High
0.006375341879791177,Low
1.0,High
0.9904816513761467,High
0.019860686374447843,Low
1.0,High
1.0,High
0.023071261274292786,Low
0.0,Low
0.006391789431537026,Low
0.008486891494484951,Low
0.9992354740061162,High
0.010700445608878738,Low
0.9667969608615076,High
0.011153232983803132,Low
0.9004462871136846,High
0.014888595394169434,Low
0.007588711126565355,Low
0.07668852545775832,Low
0.006533781761487323,Low
0.8581251695615013,High
0.011820436277373478,Low
0.007270536217243295,Low
0.0,Low
0.008001860046453535,Low
0.016134440336853594,Low
0.9105242090564816,High
0.010628670622027154,Low
0.010980829004036621,Low
1.0,High
0.0009677421690267577,Low
0.000125675505843911,Low
0.8531217643250478,High
1.0,High
1.0,High
0.01005605705772204,Low
0.09725729369448681,Low
0.011706002640875738,Low
0.06368946093716736,Low
0.0,Low
0.8859585976025972,High
0.013311916538592062,Low
0.5862664693344671,High
0.011112502541473616,Low
0.9864806320081551,High
0.95700524313724,High
0.999976108562691,High
0.008522282120117158,Low
0.984485456226442,High
1.0,High
0.011978887638965255,Low
0.00776914961656649,Low
0.006739792776409154,Low
0.0,Low
0.006562072559812464,Low
0.008750434631871177,Low
0.00725160522004365,Low
0.0009533660631342236,Low
0.9494102228047183,High
0.023078855872668672,Low
0.0,Low
0.8815558807632433,High
0.9901303446464418,High
0.0,Low
0.0028967872059034424,Low
1.0,High
0.007934106069076293,Low
0.010293290593886738,Low
0.006785635230575686,Low
0.00810054708640687,Low
0.9912688336982978,High
0.9832840240772502,High
0.01708650194130573,Low
0.014370280988934317,Low
0.018804354896254278,Low
0.009540677582219359,Low
0.00017213706282082119,Low
0.01650851809763175,Low
6.456376510848987e-05,Low
0.000655307994757536,Low
0.9590917915720519,High
0.0007645259938837921,Low
0.0067508235111877375,Low
0.007037692320210367,Low
0.010645528027973259,Low
1.0,High
0.0,Low
0.0009322406509675309,Low
0.009029039266869184,Low
0.010896972369034032,Low
0.02958481255927429,Low
0.0,Low
0.960440315150601,High
0.019580404969799833,Low
0.004634203716772524,Low
0.8924004198447489,High
0.9999656392811738,High
0.008339042886666844,Low
0.9982798165137615,High
0.9013460888286998,High
0.007222695958233446,Low
6.34588642188266e-05,Low
0.008393755203203325,Low
0.0015290519877675841,Low
0.006822059612445069,Low
0.0,Low
0.010419831048348285,Low
0.012514240316494748,Low
0.0,Low
0.00637185662016123,Low
0.013387307506589598,Low
0.018250672817502298,Low
0.017595880215827052,Low
0.03962362537315518,Low
0.00985646197634794,Low
0.0122964961042164,Low
0.005153804641122504,Low
0.9966970210869426,High
0.018410397690091455,Low
1.0,High
0.010830217395199418,Low
0.012969637396242902,Low
0.0011169670548940509,Low
0.015717837572513726,Low
0.010664723762752687,Low
0.0037101996762007555,Low
0.843670296064971,High
0.9682357652541138,High
0.00010381507503967191,Low
0.007354769631476293,Low
1.0,High
0.9999735610607303,High
0.0,Low
0.010750506293126676,Low
1.0,High
1.0,High
0.9977064220183486,High
0.008402867992845928,Low
0.009729472054299783,Low
0.007209581698033007,Low
0.005400225033179336,Low
0.006828541971753825,Low
0.0,Low
1.0,High
1.0,High
0.9862834447412211,High
0.0028669724770642203,Low
0.01598401356073156,Low
0.002621231979030144,Low
0.008010434730547291,Low
0.0011467889908256881,Low
0.987109055972762,High
0.009476528911640766,Low
0.03148824356488577,Low
1.0,High
1.0,High
0.9751777599010492,High
0.0,Low
0.999976108562691,High
1.0,High
0.007593167927050707,Low
0.005924211590796071,Low
0.922109576380545,High
0.0007372963009509446,Low
0.0006243633171274966,Low
0.809153584758055,High
0.9953864050974276,High
1.0,High
1.0,High
0.0,Low
0.009622397199856745,Low
0.006780230814075629,Low
1.0,High
0.006448204347702774,Low
0.006615504822890409,Low
0.012489325588611468,Low
0.007260539146526676,Low
0.0054319328926341745,Low
0.014604756988640095,Low
0.08111186308370318,Low
0.6563611210400203,High
0.017167910966628782,Low
0.9808868501529051,High
0.010645096326828668,Low
0.023367540044064314,Low
0.006624342062907659,Low
0.01887726783873791,Low
0.008888815326063983,Low
0.001834862385321101,Low
0.0,Low
8.622777045387286e-05,Low
0.005994322529468902,Low
0.9959132610508757,High
0.948077763215378,High
0.9994266055045872,High
0.0004932425766992207,Low
0.014714435025978268,Low
1.0,High
0.9747148981099721,High
0.013406177792065517,Low
0.0,Low
0.014834652834057329,Low
0.9950305810397554,High
0.9839898182868287,High
0.9897688596320781,High
0.8940833525329586,High
0.006574923547400612,Low
1.0,High
0.01263927831198907,Low
0.016426387068588903,Low
0.9074343220298953,High
0.006006022917576816,Low
1.0,High
0.9751865107369694,High
0.015628560349057817,Low
0.8733261846794181,High
0.008810066455399303,Low
1.0,High
0.010087251687924802,Low
0.011327255954139429,Low
0.013659516721372295,Low
0.010998201641045566,Low
0.010394061114317258,Low
0.9909199023877925,High
0.9824339004073266,High
0.009691014226581468,Low
0.005477166041488367,Low
0.9859247887007156,High
0.015688659250227773,Low
0.1812754246016071,Low
3.288283844661471e-05,Low
0.03684805122099942,Low
0.0004932425766992207,Low
0.9999735610607303,High
0.03220846635880275,Low
0.0,Low
0.979596561856622,High
0.006862490412483839,Low
1.0,High
0.01112960128624965,Low
0.9724290478961031,High
0.009920335746531585,Low
0.011070695862385882,Low
0.0,Low
0.010239723230776269,Low
0.012924866860163817,Low
0.007049124988638688,Low
1.0,High
0.06952352264776654,Low
0.010438663598601442,Low
0.007028084946423714,Low
0.9708449403409317,High
0.8539660153896204,High
0.00673320741773523,Low
0.957778141837775,High
0.9994539100043689,High
0.0,Low
0.00011103765724443481,Low
0.9994572409487182,High
0.008474242352058254,Low
0.019113014506226364,Low
0.9931517806191877,High
0.007718424545009743,Low
0.007810908668726929,Low
0.009693599978730365,Low
1.0,High
0.008488830149257944,Low
0.9333843017329257,High
0.0,Low
0.0,Low
0.9821804766758896,High
7.387142683491259e-05,Low
0.0009427276169460554,Low
6.623888779447541e-05,Low
0.003183537377394577,Low
0.006569808599660766,Low
0.007503248001268775,Low
0.006488838924893807,Low
0.0052897781117913645,Low
0.007405617366201292,Low
0.014404270060312408,Low
0.008900109116509305,Low
1.0,High
0.9839449541284404,High
1.0,High
0.006876455949814881,Low
0.009705100786887307,Low
1.0,High
0.9994431824361918,High
0.010388879982720952,Low
0.9760358907147897,High
1.0,High
0.002343886523694334,Low
0.0045871559633027525,Low
0.9826343381389253,High
0.006804547410460874,Low
0.015793328673579757,Low
1.0,High
0.009676278686453753,Low
0.00962780484803708,Low
0.0213425967251766,Low
0.024126256006989956,Low
0.005812006128380394,Low
0.044444819100846314,Low
0.8663751528865725,High
0.015726182812474558,Low
0.0006221940269373413,Low
0.002311891258820158,Low
1.0,High
0.826116226479428,High
0.01301636945688389,Low
0.7986907622738194,High
0.000125675505843911,Low
0.028839012669287897,Low
0.007229609414315023,Low
0.0,Low
0.009482726185271996,Low
0.009575426508140078,Low
0.9877022873441745,High
0.009118049467667755,Low
0.001276415546043593,Low
0.8867835095259664,High
0.01365038867723567,Low
1.0,High
0.004259501965923985,Low
0.009484849389219169,Low
0.010653763449099452,Low
0.0004722072315164598,Low
0.0015758597016788365,Low
0.01052274979537274,Low
0.009114351067940623,Low
0.9534304701447165,High
0.006782195564620551,Low
0.0002598163365498169,Low
0.9050640223263969,High
0.0,Low
0.007295160644966855,Low
0.3995201300436448,Medium
0.005917370950975259,Low
1.0,High
0.7881991418406049,High
0.018904054595021116,Low
0.9651724678847401,High
0.0004722072315164598,Low
0.7932425227856685,High
0.00793270767767168,Low
0.02254804907258634,Low
1.0,High
0.9287953254696375,High
0.9720183486238531,High
0.9734752247833911,High
0.0,Low
0.013729426342695115,Low
0.010472471732856658,Low
0.9899200442411583,High
0.021464362101666308,Low
0.011199029601374986,Low
0.0,Low
0.03228411235939936,Low
1.0,High
0.009959298231396308,Low
0.9903564293368338,High
1.0,High
0.9946483180428134,High
0.01734708651771016,Low
0.008444574916814435,Low
1.0,High
0.9572210713228765,High
0.012405983968969317,Low
0.9998991833854219,High
0.010159910608098734,Low
0.9984709480122324,High
0.01089076799001159,Low
0.013710390140449617,Low
0.012082359360744808,Low
0.9999735610607303,High
0.010133040325167502,Low
1.0,High
0.0006368533596316707,Low
0.011405229421199191,Low
0.025373512836113395,Low
0.9585717757258099,High
0.9445451397788046,High
0.9977064220183486,High
0.018492629588796005,Low
1.0,High
0.8818252938394648,High
1.0,High
1.0,High
0.007759054793606774,Low
0.0,Low
0.06589370110012312,Low
0.0,Low
0.0061068126597143505,Low
0.009738466475469292,Low
0.9549421144604631,High
0.9724300164667136,High
1.0,High
0.9714097935971426,High
0.8954379356923869,High
0.01031230297975947,Low
0.9287032255309577,High
0.0683977719528178,Low
0.9949031600407747,High
0.8400119872485223,High
1.0,High
0.8925392618130651,High
0.018705974132096778,Low
0.013450165380845666,Low
0.01210337685872854,Low
1.0,High
0.01381311271286911,Low
0.04614499956213969,Low
1.0,High
0.7982753734859208,High
0.999868109199505,High
0.013047173399023938,Low
0.10276228427815746,Low
0.027145161192448922,Low
1.0,High
1.0,High
0.07880402679637742,Low
1.0,High
1.0,High
0.010591516432293878,Low
1.0,High
0.012878582729084893,Low
0.9411948449104409,High
0.9988532110091743,High
0.8386207446987263,High
0.9998991833854219,High
0.02017130093200569,Low
0.9992090350668466,High
0.0,Low
0.9988532110091743,High
0.007401947295960611,Low
0.014625625179034091,Low
0.006077199790591361,Low
0.013332657045299113,Low
0.02333151281473561,Low
0.012394684986538349,Low
0.005962837423622905,Low
0.006357312683430851,Low
1.0,High
0.005586265794646063,Low
0.00012414831295953866,Low
0.0,Low
0.0,Low
0.9998991833854219,High
1.0,High
0.9877675840978594,High
1.0,High
0.01031229448062901,Low
0.9445961135020375,High
0.01213232604522919,Low
0.011902410386212611,Low
1.0,High
0.8604321677988764,High
0.00752562821652438,Low
0.0022283036595868656,Low
0.0013963572224740019,Low
0.999976108562691,High
1.0,High
0.002752293577981651,Low
0.006832494833687951,Low
0.0,Low
1.0,High
0.9571494102228045,High
0.013465723181625252,Low
0.9886087397031553,High
0.0017988846914912754,Low
0.010140729401026088,Low
0.0069394421490577745,Low
0.0015290519877675841,Low
1.0,High
1.0,High
0.9937138973836221,High
0.012545361290731439,Low
0.02471262362495353,Low
0.9946483180428135,High
0.012327239317892915,Low
0.011169162110532352,Low
0.038646182224163876,Low
0.01422697819695409,Low
1.0,High
0.0020957144531061366,Low
1.0,High
0.014717573915396702,Low
0.015115231817548648,Low
0.9977064220183486,High
0.0,Low
0.013723241590214067,Low
0.013827531569543798,Low
0.005802416039707899,Low
0.007654601501630087,Low
0.003782528568293273,Low
0.006881116004406261,Low
0.009904190574930773,Low
1.0,High
1.0,High
1.0,High
1.0,High
0.8928046851211987,High
0.9609836064741858,High
0.0,Low
0.050556677751888934,Low
0.9965596330275229,High
0.01161516238753618,Low
0.9954128440366973,High
0.011434522427187375,Low
0.9984709480122324,High
0.006363197218109703,Low
0.011458868899276461,Low
0.029928945526326554,Low
0.9692137533754792,High
0.0,Low
0.0001529051987767584,Low
0.002934868073551207,Low
0.14971264569213835,Low
0.981583418280666,High
1.0,High
0.010884940772147527,Low
0.0005946313285762827,Low
1.0,High
0.006390743223480334,Low
0.00013133011018396233,Low
0.010043084776951967,Low
0.9780307994757537,High
1.0,High
0.01105798487455283,Low
1.0,High
0.010628743300394473,Low
0.9118038172230903,High
1.0,High
0.3948230668414154,Medium
0.012083575944496256,Low
0.9993570700451434,High
0.010843399513367824,Low
0.9079741361831408,High
1.0,High
0.8111209666461097,High
1.0,High
0.9984709480122325,High
0.009157654568351018,Low
0.01598213716291267,Low
0.9972212674827486,High
0.016277304240865157,Low
0.9967720013591573,High
1.0,High
0.007068571757076081,Low
1.0,High
3.288283844661471e-05,Low
4.2837603991976594e-05,Low
0.00747795387983958,Low
0.01528290700409304,Low
0.009687902279684257,Low
0.0004722072315164598,Low
1.0,High
0.00013136026948648647,Low
1.0,High
0.01490003541836883,Low
0.017150164333342478,Low
0.012123197903014417,Low
0.016733604188755073,Low
0.001310615989515072,Low
0.022171814719579852,Low
0.009950507090695289,Low
0.014210332323090175,Low
0.0,Low
0.007444954777137336,Low
1.0,High
0.01603659438505362,Low
0.01565779906557309,Low
0.01649006667990446,Low
0.007630276129793272,Low
0.9954128440366973,High
0.010756010412318929,Low
0.003138580395943988,Low
0.0,Low
0.011346018047710927,Low
0.9892703109438,High
0.010454154355656593,Low
1.0,High
0.0,Low
0.01763143536912072,Low
0.010253233698655932,Low
1.0,High
1.0,High
0.014914207845462886,Low
1.0,High
0.005439135032305379,Low
1.0,High
0.01596243102607689,Low
0.9344976252086344,High
1.0,High
0.015809604195491104,Low
0.9873945626239204,High
0.9993446920052425,High
0.9999656392811738,High
0.01420984306730482,Low
0.006816111280378858,Low
1.0,High
0.011176093835853709,Low
0.014412076692227173,Low
1.0,High
1.0,High
0.022049655721223044,Low
0.9950305810397554,High
0.9972477064220183,High
0.009391973288157855,Low
0.03853973781029161,Low
0.010388125626976878,Low
0.9632183498405933,High
0.007207909973043478,Low
0.005830440138523438,Low
0.011382295939165517,Low
0.019257410309780534,Low
0.006837634394894548,Low
1.0,High
0.13268795424758725,Low
0.02494603305116469,Low
0.9807186544342507,High
0.033346120453729526,Low
0.011877667158423774,Low
0.0,Low
0.9716655081633475,High
0.028891661700574327,Low
0.007882213990798114,Low
0.013664963478210787,Low
0.01551632516693945,Low
0.984085904427452,High
0.016805222436022605,Low
0.006539099933412826,Low
0.009243108374270231,Low
0.9126310615989517,High
1.0,High
0.009558424236196012,Low
1.0,High
0.007020713170085661,Low
0.0,Low
0.9954128440366973,High
0.010306436124114492,Low
0.02347781724323139,Low
0.01139369369028661,Low
0.0,Low
0.0,Low
0.0,Low
0.019157925637084402,Low
0.9888599411011457,High
0.0,Low
0.0001529051987767584,Low
1.0,High
0.01178636951144092,Low
0.012094253771107497,Low
0.022179664559258294,Low
0.008256880733944953,Low
0.9977064220183486,High
0.007717327421249564,Low
0.0,Low
1.0,High
0.00911682988106525,Low
0.9922455220620358,High
0.010352376980817347,Low
0.012871376248581241,Low
0.009738222902054304,Low
0.20068757398645476,Medium
0.012100893216457813,Low
0.01462747905014693,Low
0.009602119616214223,Low
0.014098703424242503,Low
0.999356523118617,High
0.015002895578627114,Low
1.0,High
0.018941715513580055,Low
0.03200883206647472,Low
0.9521278132442678,High
0.9927370030581041,High
0.0,Low
0.9998991833854219,High
0.9996324394260174,High
0.9977064220183486,High
0.00998836683696749,Low
0.8494945176883666,High
0.0,Low
0.014021939576791861,Low
0.005806926825960945,Low
0.4949463177727377,Medium
0.9312616664680886,High
0.0009311509828438114,Low
1.0,High
0.9846984370400046,High
0.013560359061145827,Low
0.01496658420775151,Low
1.0,High
0.0,Low
0.9488894629365543,High
1.0,High
1.0,High
0.0,Low
0.00862680243999378,Low
0.9893466497457457,High
0.014778782373760159,Low
0.0,Low
0.0060849731510908295,Low
1.0,High
0.004883491902269233,Low
1.0,High
1.0,High
0.006080111562502802,Low
1.0,High
5.6693722601381543e-05,Low
0.0077774347952115465,Low
0.0047782874617737,Low
0.004941765892380766,Low
1.0,High
0.012144879120712588,Low
0.010047825673914925,Low
0.009370791075767316,Low
0.007880806657260965,Low
0.000491480996068152,Low
0.9954128440366973,High
0.024776870924874014,Low
0.010689729753575506,Low
0.0,Low
0.0013963602490622703,Low
0.010313562417231121,Low
0.016246586923635814,Low
0.03555847136915757,Low
0.788978177346286,High
0.0014330632790682427,Low
1.0,High
0.008682822788490974,Low
0.009652324935970518,Low
0.055499207775919754,Low
0.8319618305008554,High
0.0006190917331580153,Low
0.0062027284882053444,Low
0.008735967745289177,Low
0.012481552463984608,Low
0.01047751645763135,Low
1.0,High
0.9965596330275229,High
0.975507863695937,High
0.0,Low
0.011216181169454017,Low
0.0028195253566772748,Low
1.0,High
0.5757678201282939,High
0.008161018982999617,Low
0.025780146078100405,Low
0.010641381678371508,Low
0.016561332639810373,Low
0.0,Low
1.0,High
0.011621533177535563,Low
1.0,High
0.024147001741012617,Low
0.9914904932854673,High
0.025044249327909447,Low
0.01304798627371909,Low
0.009469177426475066,Low
1.0,High
0.0,Low
0.06004255769210593,Low
0.9982723698320028,High
0.011353953312042572,Low
1.0,High
0.0,Low
0.007793048423571423,Low
0.013474838410929687,Low
0.005164469898505398,Low
0.009855489596450202,Low
0.9941896024464831,High
0.009889234905094342,Low
0.0,Low
0.9951070336391438,High
0.0,Low
1.0,High
0.9999656392811738,High
1.0,High
0.014914876515841804,Low
0.0,Low
0.9456147703374076,High
0.0025591801334225936,Low
0.007100469171882929,Low
0.01353790114229336,Low
0.005228858092207039,Low
0.010334385238076605,Low
1.0,High
0.0045871559633027525,Low
0.0,Low
0.002770991955661976,Low
0.019504831695513182,Low
0.015241366742198321,Low
0.010515289964393196,Low
0.008021283844495321,Low
0.009943450487208566,Low
1.0,High
0.005667447120285423,Low
0.00033729087965461414,Low
0.014795373708155715,Low
0.0,Low
0.949104922667423,High
1.0,High
0.0002163690769787248,Low
0.0061784738109706624,Low
0.005943181669432232,Low
0.007628644852441303,Low
1.0,High
0.012099336173063156,Low
0.01797644727678758,Low
0.005190495931204192,Low
0.0,Low
0.0,Low
0.01201291577240846,Low
0.0,Low
0.8902282796019216,High
0.012809026136910767,Low
0.008937259811661918,Low
0.014937601835846805,Low
0.8662173855828638,High
0.010692305812567766,Low
1.0,High
0.006865726318032542,Low
0.012752478135360384,Low
0.006511179663155332,Low
0.006185426749630301,Low
1.0,High
9.382893094766215e-05,Low
0.00816846958010762,Low
0.964646133682831,High
0.9362163487891729,High
0.006118891873848023,Low
1.0,High
0.012402922643438829,Low
0.009884228920926169,Low
0.03221092145096099,Low
0.011552322444220692,Low
0.010238109638559244,Low
0.0021355270326759816,Low
1.0,High
0.981913499344692,High
0.0,Low
0.00011761938367442955,Low
0.0004932425766992207,Low
1.0,High
0.012343415340114353,Low
0.005511724782550638,Low
0.9612804081134071,High
0.8923127134969118,High
0.9948776758409786,High
0.018768135576169503,Low
0.005483912709345507,Low
0.8747776418682931,High
0.8752712508486218,High
0.06215272463938082,Low
0.013515402706875925,Low
1.0,High
1.0,High
0.006429472008061771,Low
0.008506423831468423,Low
0.992737003058104,High
0.07305773991553807,Low
0.9669904883907636,High
0.9960681520314547,High
0.0,Low
0.005466962981053197,Low
0.0,Low
1.0,High
0.006378812912399768,Low
0.0061947621168614775,Low
0.9938837920489297,High
0.01003695865868348,Low
0.0005917789011332562,Low
0.0070312251727549955,Low
0.9713120722295034,High
0.9441988003573479,High
0.0,Low
1.0,High
0.015702976060991053,Low
0.0011467889908256881,Low
0.007315539664216869,Low
1.0,High
0.013576027872311443,Low
0.00037782875226037305,Low
1.0,High
0.004642082846135396,Low
1.0,High
0.012480792559310812,Low
0.012080909594188203,Low
0.004587357544510951,Low
0.016348706262636698,Low
0.003975535168195719,Low
0.006419290478203684,Low
0.0,Low
0.8736796285025306,High
0.9062594762675712,High
0.02861129465707476,Low
0.9936926605504587,High
1.0,High
0.8340385916329138,High
0.020517835400912746,Low
0.9004182594549577,High
0.9973787680209699,High
0.048918741808650065,Low
0.0,Low
0.0004267757236198581,Low
0.022104815431743204,Low
0.010941555042009294,Low
0.0007795166996462194,Low
0.011949083599332663,Low
0.01774754560856002,Low
1.0,High
0.03526660935657681,Low
0.9920401094367887,High
0.03813660448179659,Low
1.0,High
0.0061982194286975285,Low
0.01449320771821089,Low
0.972621968565536,High
0.06880741931835381,Low
0.01256705447025996,Low
0.9542376552036892,High
0.9853147082066515,High
0.012417485521427551,Low
0.9942183777859381,High
0.012277871498284484,Low
0.967379483799947,High
0.9924202922131303,High
0.9994266055045872,High
0.014702233826094577,Low
0.01572205181872408,Low
0.11087636333006394,Low
1.0,High
0.014644924468614689,Low
0.005638481777267885,Low
0.01307057388855272,Low
0.010017746931188913,Low
1.0,High
1.0,High
0.0004378752236862205,Low
1.0,High
0.015382835064248163,Low
0.0021370086197695483,Low
0.012768217941079959,Low
0.5467086990481486,High
0.012784031705221001,Low
1.0,High
0.03234226074522828,Low
0.009299647707250754,Low
0.029361792712715072,Low
1.0,High
0.8223456244884478,High
0.02226900636545965,Low
0.032210464868245865,Low
0.011540891687264677,Low
1.0,High
0.9985398097560577,High
1.0,High
0.13758336973933305,Low
0.8879869999163863,High
0.011820911700885606,Low
0.9922551256543496,High
1.0,High
0.017713004920183857,Low
1.0,High
0.013023893130012336,Low
0.8874731718606784,High
0.09771203593937197,Low
0.883492258319834,High
0.013102551692612275,Low
0.9673879841289654,High
1.0,High
0.01497697478424615,Low
0.014778877611639984,Low
0.00019626854679838542,Low
0.009031294477702383,Low
0.8829524566624043,High
0.9776245560050906,High
0.009715648847463482,Low
0.01349307902104286,Low
0.0,Low
0.9474766883130941,High
0.0103793399808722,Low
1.0,High
0.991044124071647,High
0.016646112801766668,Low
0.012575305737457205,Low
0.01420553849238086,Low
0.012850017866402974,Low
0.010990671884533613,Low
1.0,High
0.018888901804332614,Low
0.9954827435561379,High
1.0,High
1.0,High
0.9470327291755689,High
0.9728831080391395,High
0.009023241944595178,Low
1.0,High
0.011107917724042035,Low
0.13614842705541025,Low
0.007040455702729148,Low
0.01187793341088144,Low
0.011359202243420097,Low
0.0073391232927799135,Low
0.01124867829262992,Low
0.008572275156019177,Low
0.9872579001019368,High
1.0,High
0.9565150038698523,High
0.9923843413152876,High
0.010871600361221237,Low
0.010419298976941752,Low
0.012663266883953582,Low
0.00036080878631394506,Low
0.009629074360421788,Low
0.007087835122612062,Low
0.01415997822863857,Low
0.9849643221202853,High
0.006880733944954129,Low
0.010605184448593728,Low
0.0008752182936634877,Low
0.002063253149118975,Low
0.018409371264802563,Low
0.012313833855316016,Low
0.011381596753839936,Low
0.00630954375677985,Low
0.0,Low
1.0,High
0.011006415955954984,Low
0.01091636399839972,Low
0.0046609446201699,Low
0.006580384447356925,Low
0.0,Low
0.006051414187748955,Low
0.9591290337379249,High
1.0,High
0.0,Low
0.014203310195577122,Low
0.9922551256543496,High
1.0,High
0.010205272618389754,Low
0.004259501965923985,Low
0.008738329055667855,Low
0.8723688926501932,High
0.00846540816335663,Low
0.9999288813028946,High
1.0,High
0.00978280118158336,Low
1.0,High
0.011973075412101873,Low
0.0006268894244766526,Low
0.0070408896991772255,Low
0.002439308742948873,Low
0.9626650800528121,High
0.9965596330275229,High
0.02783264160447471,Low
0.01242200774726117,Low
0.008117232105843196,Low
0.016195444240318553,Low
0.9890980579053974,High
1.0,High
1.0,High
0.0009174311926605505,Low
0.0,Low
0.012879118555124644,Low
0.992354740061162,High
0.00655943347993764,Low
0.01207108082570258,Low
0.04984136705100727,Low
0.016487567947731183,Low
0.06590143053299131,Low
0.8579577366204182,High
0.014821433187484042,Low
0.9499012073553358,High
0.015128539797897111,Low
0.013317089808360274,Low
0.9485790407980808,High
0.9992354740061161,High
0.011527495466541037,Low
0.0007510135534121779,Low
0.9711685700249229,High
0.012055306941367907,Low
0.005720207759623796,Low
0.006880733944954129,Low
0.011551187050267168,Low
0.021596775990788544,Low
0.9905526430755789,High
2.1740075655463284e-05,Low
0.010256211710541934,Low
0.006561614418197031,Low
0.009084255875987674,Low
0.011146961275853422,Low
0.012718549569077956,Low
0.9999288813028946,High
0.9973787680209699,High
0.9998991833854219,High
1.0,High
0.9055074053825006,High
0.0232924114260179,Low
0.0009744337116756842,Low
0.0070069317971087714,Low
0.03862545500589916,Low
0.9940090609498841,High
0.014237452970805699,Low
0.0004885126779718144,Low
0.009974281691181851,Low
0.0002426894920423815,Low
0.9911260375709917,High
0.003930183798013316,Low
1.0,High
0.00975316732197466,Low
0.9772553776732466,High
0.007339449541284404,Low
1.0,High
1.0,High
0.005318928627400896,Low
0.0008296518270771122,Low
0.01837448042545437,Low
0.740204370307606,High
0.9938837920489296,High
0.01571111129329705,Low
0.019653791536420766,Low
0.9849568267674041,High
0.015289842204543738,Low
1.0,High
0.9621574710430351,High
0.016061362171572377,Low
0.011245438728341989,Low
0.009826533621511162,Low
1.0,High
0.991656260089525,High
0.0087487577232077,Low
0.008822172347841164,Low
0.0068985281610369,Low
0.006579763771537441,Low
0.011133498147747929,Low
1.0,High
0.9995829858215179,High
0.9954128440366973,High
0.010786848146380215,Low
1.0,High
1.0,High
1.0,High
0.007830911840611863,Low
0.010483641180469969,Low
1.0,High
1.0,High
0.01327392900927736,Low
0.7628275322536823,High
0.01045805709437615,Low
1.0,High
0.9938670903274137,High
1.0,High
1.0,High
1.0,High
0.00745293438991057,Low
0.011998549392878059,Low
1.0,High
1.0,High
0.010319984921900194,Low
0.9998991833854219,High
1.0,High
0.8909324486526953,High
0.011364319901944045,Low
1.0,High
0.004704775346977182,Low
0.009310968246311188,Low
0.011094474280080367,Low
0.010677297507092572,Low
0.01103827036542272,Low
9.759906304899472e-05,Low
0.9892532313829403,High
0.01683125912973545,Low
0.03262501215350535,Low
1.0,High
0.008694895753789806,Low
0.006681805649372791,Low
0.010439436567168411,Low
0.008346497402007505,Low
0.9981083892934834,High
0.047212966670386845,Low
0.005021757446370619,Low
0.0015727391874180866,Low
0.010533536825884487,Low
1.0,High
0.02375822444629784,Low
0.014880273446354947,Low
1.0,High
0.0,Low
0.014554198531623626,Low
0.0,Low
0.02437745740498034,Low
0.007433444424550315,Low
0.0,Low
0.011432103421267477,Low
0.9906001958560973,High
0.008520545466004429,Low
0.01190714253979904,Low
0.007669297794216912,Low
0.0011467889908256881,Low
1.0,High
0.004212614131570277,Low
0.00782000873743993,Low
0.013727699799208768,Low
0.01231521270022024,Low
0.006593080671064918,Low
0.01030339855350881,Low
0.010904609918536146,Low
2.442528908890368e-05,Low
0.9996521088524223,High
0.8994789301587653,High
0.005734602713539678,Low
0.009571103776235657,Low
0.0,Low
6.34588642188266e-05,Low
0.9864412479412875,High
0.01427733003936468,Low
0.0021114213535434116,Low
0.004819138492983041,Low
0.01352294517259274,Low
1.0,High
0.9641044871795837,High
0.9998991833854219,High
0.0011060220470899432,Low
0.9969418960244647,High
0.9914263870685889,High
0.962470875200233,High
0.02508427812731779,Low
0.9840020660203334,High
0.9981307768958526,High
1.0,High
0.014765525292655351,Low
0.013384584664010454,Low
0.01260645153956636,Low
0.8514493128525135,High
0.007304653456015585,Low
0.0037134119702927045,Low
0.9582786402712232,High
0.012090939988954176,Low
0.007613512592955657,Low
0.004161968445591323,Low
0.005963302752293578,Low
0.012744135714858374,Low
0.005592245690420307,Low
0.43702172834660696,Medium
0.9912738605294943,High
0.006307339449541285,Low
0.009202220508172968,Low
0.004752040646325251,Low
0.008568152031454784,Low
9.618253599923472e-05,Low
0.0,Low
0.006830471873549841,Low
0.007112492229552831,Low
0.007259942636499512,Low
0.9919724770642202,High
0.00981457713808633,Low
1.0,High
0.010512615888100001,Low
0.013134850053388557,Low
0.0033002053048125555,Low
0.012185764898342602,Low
0.01739270136653146,Low
0.00011004077634451256,Low
1.0,High
0.03639603897632789,Low
1.0,High
0.9977064220183486,High
0.9823438864759887,High
1.0,High
0.9545796891656246,High
0.0055616745870264135,Low
0.6334910434254366,High
0.008993913921152138,Low
0.996915457085195,High
0.009911690445150919,Low
0.006758615788086663,Low
0.02595607269737689,Low
0.018494369279882898,Low
0.0,Low
1.0,High
0.9976536145192477,High
0.011333044440292357,Low
0.0,Low
0.014704565293217876,Low
0.9912794410112015,High
0.007069694365430577,Low
0.007442170222469571,Low
0.006140420681488548,Low
0.005423231883933996,Low
0.005693389117152273,Low
0.0045871559633027525,Low
1.0,High
0.008800719539492373,Low
0.9870030581039756,High
0.011245393308407929,Low
0.0,Low
0.006527369843218657,Low
0.0,Low
1.0,High
0.0004722072315164598,Low
1.0,High
0.0,Low
0.0,Low
0.01067271881990792,Low
0.010209490458571072,Low
0.0013556164356610008,Low
0.03101983825894845,Low
0.9316894369646664,High
0.7638770147235657,High
0.010313585348173091,Low
0.0,Low
0.006614524780136651,Low
0.04574595893403232,Low
0.012376667756201134,Low
0.00011761938367442955,Low
0.016639287019136858,Low
0.01669843002974742,Low
0.01613666561009261,Low
1.0,High
0.12318751888304139,Low
0.9820425751618411,High
0.9845590573027736,High
0.9772959881739474,High
0.013292471995733492,Low
0.0071003404725236245,Low
1.0,High
0.11713958491079546,Low
0.0074733872936342885,Low
0.9385900530678534,High
0.006856338097899604,Low
0.010427075428532974,Low
0.9808318828512606,High
0.0028700983379073854,Low
0.009782200228766748,Low
0.009713511369568125,Low
0.0,Low
1.0,High
0.004747161378277624,Low
0.000125675505843911,Low
0.0007051355351868067,Low
0.005879337733826394,Low
0.010166633211469102,Low
0.0,Low
0.011690194782532831,Low
0.008964861348883002,Low
0.02063587299143361,Low
1.0,High
0.01029595687103824,Low
0.895514908749505,High
0.0,Low
0.9841018956445763,High
1.0,High
0.006879238270996018,Low
0.07009273264134533,Low
0.9812995177794392,High
0.013204973111550174,Low
0.02200193555903006,Low
1.0,High
0.8955851840402063,High
0.007172014637549508,Low
0.012097810886079733,Low
0.8956818854576234,High
0.0005689863787370989,Low
0.9630445108204884,High
0.0023491978242962,Low
0.944691942473499,High
0.001592617020935264,Low
0.006541169656981062,Low
0.004370365943147822,Low
0.9749902989350192,High
0.010441240716470073,Low
9.905887809459935e-05,Low
0.007186798386275958,Low
4.83891490373258e-05,Low
0.010638898603415456,Low
0.0,Low
0.006851287584585383,Low
0.011564273253152051,Low
0.9460893337040126,High
6.34588642188266e-05,Low
0.010744556306913147,Low
0.00443729823608487,Low
0.9998991833854219,High
5.030854204295827e-05,Low
0.08072729244996214,Low
0.00918370810575217,Low
0.01618031692539154,Low
0.9908256880733946,High
1.0,High
1.0,High
1.0,High
0.00958626733119206,Low
0.007932435061828325,Low
0.0011467889908256881,Low
0.9509319935925443,High
0.013057261775095462,Low
0.025447786841279307,Low
0.011801372879919053,Low
0.03323104336866088,Low
0.01342968075626359,Low
0.02152207642980409,Low
0.819328278710166,High
8.560876905929002e-05,Low
1.0,High
0.013476231072329805,Low
0.9793211780124893,High
0.00699836329194519,Low
0.00802152181224448,Low
0.008388179787615947,Low
0.004884411549707602,Low
0.0072188375402076335,Low
0.0,Low
0.007301903504514797,Low
0.0066687888162386445,Low
0.010557203371801022,Low
0.0001292156609381057,Low
0.9853831771701586,High
1.0,High
0.01783423385824815,Low
0.005389920339089983,Low
0.008955660053644558,Low
1.0,High
0.007721003276610867,Low
0.007993893935238274,Low
1.0,High
0.009294639351395989,Low
0.008603192789024933,Low
0.016731612295939446,Low
0.994507484307098,High
0.020364201698323387,Low
1.0,High
0.0066572817412904805,Low
0.007033053731533599,Low
0.799252861219355,High
0.01100227283548489,Low
0.0,Low
0.0008984579476265256,Low
0.006010846263411046,Low
0.9948035314304866,High
0.0003157324657840644,Low
0.007315925264326368,Low
0.003991930995228013,Low
0.0074973189110697485,Low
0.012642552449262639,Low
1.0,High
1.0,High
1.0,High
0.000688877456166615,Low
0.020590171323750295,Low
0.9999735610607303,High
0.016712781000611094,Low
1.0,High
1.0,High
0.00986728401479989,Low
0.9198339886413284,High
0.9987614678899082,High
0.0,Low
0.010398047896246994,Low
0.01699682904102363,Low
0.011528105998938193,Low
2.1740075655463284e-05,Low
0.009941967739085782,Low
0.0,Low
1.0,High
0.000979829013544176,Low
0.011820949431173023,Low
0.9971765877249129,High
0.0013434988279616869,Low
0.0077302002349867,Low
0.0,Low
0.0011752206357502643,Low
0.0004932425766992207,Low
0.0,Low
0.0012553802008608323,Low
0.879063928339775,High
0.005727722067801231,Low
0.01374442784735025,Low
0.00456669153567408,Low
0.011302817320995903,Low
0.0154153766243186,Low
0.893801878549585,High
0.010484230615273293,Low
0.0,Low
0.008347600737667441,Low
0.013804753135530286,Low
0.8940982808814415,High
1.0,High
0.0031757233592095975,Low
0.010622036195191238,Low
0.003950948794827545,Low
1.0,High
0.984208625939764,High
1.0,High
0.01772227056986713,Low
6.456376510848987e-05,Low
0.006504868145294672,Low
1.0,High
0.009848689672556374,Low
0.01846682866926783,Low
0.9965825722669271,High
0.003866317169069462,Low
0.020341891823423032,Low
0.0045871559633027525,Low
0.956944236102363,High
0.011035638673253351,Low
1.0,High
0.011262582637553054,Low
0.012172637638907947,Low
0.007169845167627884,Low
0.00016564872988900762,Low
0.96905104515332,High
0.006212302571127445,Low
0.0009350184972463496,Low
1.0,High
0.01094371445277547,Low
0.00010659266429207182,Low
0.0068661079562883694,Low
0.9983904715918237,High
0.004456495101497187,Low
1.0,High
0.011899988667466615,Low
0.00011328664126424723,Low
0.006542485195278367,Low
0.9896615234917986,High
0.9998361730013107,High
0.002417726294610915,Low
0.0017864223740330074,Low
1.0,High
0.00046618653438125696,Low
0.9108846301506851,High
0.8989899668182249,High
0.9840591402595801,High
0.015571035813542463,Low
0.9792137555594944,High
0.020703282645438987,Low
0.006433400387902008,Low
0.008353959745002677,Low
0.016124798310121185,Low
0.0,Low
1.0,High
0.006649735737952112,Low
0.003669724770642202,Low
0.015022714183342813,Low
0.999420743206169,High
0.010266247855009505,Low
0.0,Low
0.008105631492130791,Low
0.009299344404417,Low
0.0073283672311985825,Low
0.0013319047271010637,Low
0.0035416604223943676,Low
0.006336137838467853,Low
0.0,Low
0.011588155646037194,Low
0.9953131232548863,High
0.004658600755165845,Low
0.021500343256568685,Low
0.004138012887371605,Low
1.0,High
0.06165025051698116,Low
0.00016572969660251077,Low
0.9953417253395918,High
0.010890282105622895,Low
0.006257585495823925,Low
1.0,High
0.025533980130262375,Low
0.08270731562015966,Low
0.031811647911836355,Low
0.9998991833854219,High
0.009731979599210433,Low
0.010516881674054982,Low
0.007522161907945393,Low
0.9956312800349497,High
0.0012232415902140672,Low
0.005458954732409349,Low
0.007095592620647641,Low
0.011507669289955868,Low
0.007085317296052301,Low
0.009026087310351183,Low
0.007592947158847143,Low
0.016693696005115624,Low
0.16207145525247726,Low
0.026903274536036328,Low
0.06932058275553861,Low
0.013867833817062641,Low
0.012462171202308341,Low
2.8270043935120748e-05,Low
0.013184958428130087,Low
0.017967523037860075,Low
0.010554113978266739,Low
0.871965175044309,High
0.009163182997559067,Low
1.0,High
0.009658561044543806,Low
0.007750779645707416,Low
0.005724268333762431,Low
0.025748996559633027,Low
0.0,Low
1.0,High
0.00481651376146789,Low
0.005634633450750535,Low
0.0070507707353418235,Low
0.999868109199505,High
0.034638402954237014,Low
0.009424081541459614,Low
0.00920580902410246,Low
0.9236402359108783,High
1.0,High
0.004773539804359759,Low
0.014522351679520573,Low
0.9614432277794219,High
0.08387428131076205,Low
0.9778069429629365,High
0.013665871494473734,Low
0.0,Low
0.8836669987518252,High
0.9533727433310961,High
1.0,High
0.012045626009584628,Low
0.9972695500218436,High
0.006382018002012951,Low
0.00893863273699377,Low
0.9814517882603191,High
0.18196320753660203,Low
0.0763124362895005,Low
0.007655214704383281,Low
3.754480869854861e-05,Low
0.0012553802008608323,Low
0.010016309319356759,Low
0.984716761322266,High
0.0074946510316409995,Low
0.003312945973496432,Low
0.004055341706139943,Low
1.0,High
0.002408256880733945,Low
0.0018044457597579822,Low
0.0022935779816513763,Low
1.0,High
0.010974348817339634,Low
1.0,High
0.006060953540971486,Low
0.9908256880733946,High
0.9896714402923846,High
0.001834862385321101,Low
0.9946383891338019,High
0.9811489733508082,High
0.9938837920489296,High
0.017911948368069155,Low
0.0002821208597148641,Low
0.014293185223765268,Low
0.0046209745014221095,Low
1.0,High
1.0,High
0.006206905709560677,Low
0.9954128440366973,High
0.0131732363059153,Low
0.005863571509346345,Low
0.007853106121338192,Low
0.0077107575049915325,Low
0.0061162079510703364,Low
0.01220719485929963,Low
1.0,High
0.0060794257701081225,Low
0.0045871559633027525,Low
0.006985260652642605,Low
0.013466830385753298,Low
0.8958648509901297,High
0.9981307768958526,High
1.0,High
0.03233646955704363,Low
0.05641683802017938,Low
0.012956735050641599,Low
0.005669443056825646,Low
0.0,Low
0.005978683828259321,Low
0.010155917951950347,Low
0.017100292306432098,Low
0.011180578234431006,Low
0.01290310471020885,Low
0.9999195235795911,High
1.0,High
0.078829580205727,Low
0.013033625932491272,Low
0.9983253240133974,High
0.010763622891478286,Low
0.9682721712538227,High
0.0,Low
0.05968443415551555,Low
0.0010901954529037318,Low
0.0030581039755351682,Low
0.9914627930682977,High
0.010779064896641273,Low
1.0,High
0.8956804279967515,High
0.9930694958275958,High
0.035534604489916716,Low
0.03622101898259715,Low
0.015115558120135106,Low
0.9973059560215524,High
0.0,Low
0.9896034236968569,High
8.540032581335007e-05,Low
0.95066622979467,High
0.8934328811583214,High
0.015685502787070246,Low
0.013266663860206583,Low
1.0,High
0.01668694278736283,Low
0.0,Low
0.006830003418218107,Low
0.0,Low
0.9999735610607303,High
4.2837603991976594e-05,Low
1.0,High
0.015573340046556973,Low
1.0,High
0.839251307263671,High
1.0,High
0.010355625338343019,Low
0.1388868674804226,Low
0.01659439209053335,Low
0.013495713562680442,Low
0.010746583217152567,Low
0.02566131397554473,Low
0.0002698327037236913,Low
0.0372656917523801,Low
0.9867037406026612,High
0.01203919548368039,Low
0.9917871305718167,High
0.0103683242506508,Low
0.0002698327037236913,Low
0.022730115344230067,Low
0.014832786247493146,Low
0.05352812289529316,Low
0.00990271191008162,Low
0.014943382325503804,Low
0.9906164766246535,High
1.0,High
0.002382481378326716,Low
0.012183937898741086,Low
0.012126387089028526,Low
0.998689384010485,High
0.017483134594884063,Low
0.9988532110091743,High
0.02644435115407019,Low
0.018410394896330375,Low
0.029582334176025148,Low
1.0,High
0.007220940193874964,Low
1.0,High
0.011813624245267766,Low
0.992545871559633,High
0.006308142931861849,Low
0.95884862340377,High
0.01693821385555899,Low
0.014760070577254977,Low
0.9994266055045872,High
0.009829024493476887,Low
0.014475375785371874,Low
0.008115438597456876,Low
0.007080918216784049,Low
0.882333881340015,High
0.00902499274755376,Low
0.000509683995922528,Low
0.010638086501779258,Low
0.11313346439493227,Low
0.018936179716617776,Low
1.0,High
1.0,High
0.0001239536511103468,Low
0.015915042703629503,Low
0.3798551069991037,Medium
0.011891043236234666,Low
0.01739455047471881,Low
0.004833724378901167,Low
0.017722260043493327,Low
1.0,High
0.013192667737170767,Low
0.0,Low
1.0,High
0.010535839431338285,Low
0.03349387949884289,Low
0.01831655439491112,Low
0.9813999223732488,High
0.0003523467623986172,Low
0.0018875883159337763,Low
0.958945555387418,High
0.008231487852809591,Low
0.017293460312489992,Low
0.8833185763035157,High
0.011498592477092149,Low
0.010564869421586874,Low
0.0,Low
0.9867737003058105,High
0.026196755093183196,Low
0.007920532026481575,Low
0.9982507472666278,High
0.9680098339029801,High
0.0065539078651397,Low
0.9077480338249903,High
0.9712991051195506,High
1.0,High
0.010123133155375861,Low
0.014922770005751387,Low
0.011647823380421984,Low
0.9774555846803553,High
0.014076640797748657,Low
0.0,Low
1.0,High
0.9955220620358235,High
0.00554463375564293,Low
1.0,High
0.9838175331294596,High
1.0,High
0.9999288813028946,High
0.9914076453289238,High
0.02003226154167976,Low
0.008065450121154463,Low
0.016244325801907558,Low
0.04826523553235706,Low
1.0,High
0.01249613801189797,Low
0.012104756924372156,Low
1.0,High
0.003092855157075341,Low
0.0101935326372244,Low
1.0,High
0.005876841330236548,Low
0.8453700798033928,High
1.0,High
0.008582450316861103,Low
1.0,High
0.9717627661648809,High
0.00014395475559611664,Low
0.007309660480852376,Low
0.9919411418062208,High
0.9601445318188438,High
0.007836318351534892,Low
0.00654492932503533,Low
0.011856296068243698,Low
0.01105115474432784,Low
0.01020166675086632,Low
0.01433813260052581,Low
0.005914720287538774,Low
0.008606258073162872,Low
1.0,High
0.006141979800762629,Low
0.011582242814777436,Low
0.01099548344776932,Low
0.9939860851884206,High
0.9586208884418858,High
0.8472022649650477,High
0.0,Low
0.07087464830709789,Low
0.01123173833953319,Low
0.9969418960244647,High
0.9909575739591319,High
0.0117048151634318,Low
0.0,Low
7.686834442716726e-05,Low
0.01054910372717604,Low
0.01317934861517896,Low
0.0045871559633027525,Low
0.010117738852458558,Low
1.0,High
0.879274264562925,High
0.010981681311634617,Low
0.9635217524677393,High
0.00997902985666689,Low
0.026347811401883775,Low
0.0061261627166156974,Low
1.0,High
0.006898048077925612,Low
0.9230449978156398,High
0.009955385228649334,Low
0.014710151002971404,Low
0.0,Low
0.0009174311926605505,Low
1.0,High
0.9969418960244649,High
0.009873594051502161,Low
0.011143279289835148,Low
0.005637065130886887,Low
0.012452404923271989,Low
0.017434931996278016,Low
0.008040668739135375,Low
0.007773295227353242,Low
0.004281345565749235,Low
0.00010240823730407537,Low
0.009271770575800491,Low
0.006265039104053971,Low
0.9903669724770643,High
0.007265365679177848,Low
1.0,High
0.011909266962193804,Low
0.012159470884021814,Low
0.01080129891792713,Low
0.006049143210683684,Low
0.0075800613629472225,Low
0.042529406029436535,Low
0.0,Low
0.011157520534158558,Low
0.0025020850708924102,Low
0.8743392311052861,High
1.0,High
1.0,High
0.9037777478890621,High
0.01234531861656482,Low
1.0,High
0.005939046767959383,Low
1.0,High
0.00029725558640485004,Low
0.006288126570759633,Low
0.9999195235795911,High
0.005605871896211764,Low
1.0,High
0.010245258120099854,Low
0.9999735610607303,High
0.018790604716724356,Low
0.9583795591090838,High
0.011823887326768728,Low
0.9859547423243873,High
0.011274293194305965,Low
0.0,Low
1.0,High
0.9833408231290683,High
0.0030581039755351682,Low
0.012557424351446193,Low
0.0,Low
0.7964250000599008,High
0.0559166598672438,Low
0.9814659305291714,High
0.0009174311926605505,Low
0.017597110020102863,Low
0.01447783146437878,Low
0.017967707141294482,Low
0.009287717316130087,Low
0.00010535684792584024,Low
0.9918727562824092,High
2.8270043935120748e-05,Low
0.8537894462557678,High
0.006663659344916738,Low
0.016802871946742334,Low
0.9970511140235911,High
1.0,High
0.07500332892237435,Low
0.96714464698007,High
0.9999134498874849,High
0.01077155983689136,Low
0.0006026232414720334,Low
0.014286746504418715,Low
0.021260899028746328,Low
0.9961960170060415,High
0.0,Low
0.9923843413152876,High
0.006524668418265008,Low
0.0,Low
0.005978161979022682,Low
0.0,Low
0.009285088165756107,Low
0.012566569605667509,Low
0.008306882099169943,Low
0.9914587205935871,High
1.0,High
0.008157423738728894,Low
0.006341675445883628,Low
0.018608486707185932,Low
1.0,High
0.008610235536515728,Low
0.988856123489151,High
0.0006195500162443683,Low
1.0,High
1.0,High
0.0,Low
0.9661335031620469,High
0.0006906650116432649,Low
1.0,High
0.9954128440366973,High
0.9954128440366973,High
0.999976108562691,High
0.8881392737875841,High
0.013268116830023775,Low
0.0056247176351624665,Low
0.00619161445968797,Low
0.01122279127027264,Low
0.0077369411893777875,Low
0.9999134498874849,High
0.010360446434264812,Low
0.9819062181447502,High
0.0,Low
0.9842234600262124,High
0.0022935779816513763,Low
0.004495363667772839,Low
0.9629033644223471,High
0.007402352151063898,Low
0.00556988028469197,Low
0.00623091830017728,Low
0.8709098151176085,High
0.006497665993007303,Low
1.0,High
0.006870552936408294,Low
0.9665028396679776,High
0.012759272874365755,Low
0.9891437308868503,High
1.0,High
0.9923627707963919,High
1.0,High
0.010163976233272153,Low
0.0,Low
0.0,Low
0.00958376611735837,Low
0.006312097483476146,Low
0.8642878655493335,High
0.0064919490959175555,Low
1.0,High
0.9999195235795911,High
0.0029561671763506624,Low
0.011072737479857682,Low
0.0,Low
0.011699126032520638,Low
0.11970757307317009,Low
1.0,High
0.9620212986467619,High
0.0072485175552755915,Low
0.011572883527074399,Low
0.008209417478983171,Low
0.7279931906584057,High
1.0,High
0.9617764073209074,High
0.0062316695878956605,Low
0.004626321742554559,Low
0.00769561706390521,Low
0.011970869934890726,Low
0.0,Low
0.008312552854747305,Low
0.9370220575648989,High
0.0,Low
0.005484642515147808,Low
0.22525095566049233,Medium
0.0,Low
1.0,High
0.987537854533965,High
0.995303626037571,High
0.007258082569734288,Low
0.007328429572217407,Low
0.9493581227888491,High
0.0292860532614733,Low
0.9058295720348303,High
0.006554484365626326,Low
0.013920077865149313,Low
0.02506832771943373,Low
0.00833488148853739,Low
0.007326849021039834,Low
0.006827154615930256,Low
0.9853949705615045,High
0.0038675540289135092,Low
0.8823360400194339,High
0.0,Low
0.0009022716589415861,Low
0.016862541222475116,Low
0.0321321792194525,Low
0.011963994541631344,Low
0.9741699432066406,High
1.0,High
0.0,Low
0.0011467889908256881,Low
0.04747730492537622,Low
0.08478047182175623,Low
0.007436949582754103,Low
0.006245000980438527,Low
0.01068700933822639,Low
0.014914344785928707,Low
0.0,Low
0.005861588137770313,Low
1.0,High
0.0,Low
0.005787012493525057,Low
0.008952348258753344,Low
0.0011467889908256881,Low
0.007411675359030516,Low
0.024889151438997538,Low
0.9690537418748427,High
0.8794167753727435,High
0.00673918167076561,Low
0.05682612494539099,Low
0.0,Low
0.07226553263758348,Low
0.0,Low
0.0,Low
0.0009273859582059124,Low
0.8776396004607016,High
0.21917560555130677,Medium
0.0007631700295084249,Low
0.9430326856760974,High
0.018156026611826383,Low
0.8411689568945346,High
0.013268773187008623,Low
1.0,High
0.8839295810349745,High
0.005707586887912723,Low
0.012483973106162755,Low
0.009682507141264085,Low
0.006806254795790345,Low
1.0,High
0.009574880573807827,Low
0.00626629038708679,Low
0.00558966923393717,Low
0.005913887660159625,Low
0.013318588134547718,Low
0.005921691470468581,Low
0.029780107761759135,Low
0.025995373128400653,Low
0.0020631612727790155,Low
0.006232839581132281,Low
0.010349333361911081,Low
0.0,Low
0.008783609179663712,Low
0.014846947348345884,Low
0.006590105718881431,Low
0.9276069511164439,High
0.9865661861074706,High
0.9959518778132839,High
0.01116490045634109,Low
0.008998732869524267,Low
0.0,Low
0.9953864050974276,High
1.0,High
0.006689806946646664,Low
0.9664360953351778,High
0.007604441689204221,Low
0.9957743932751841,High
0.011457958003008167,Low
1.0,High
1.0,High
1.0,High
0.012217073293667986,Low
0.9464232140488813,High
0.001833229218979026,Low
0.031623945412730406,Low
0.8203811675508214,High
0.011451089303824881,Low
0.011919791635696194,Low
0.007051617641378944,Low
0.9812890589388968,High
0.009859406648397474,Low
0.9088976952565871,High
1.0,High
0.9726399512018383,High
1.0,High
0.0038206661437547485,Low
0.014219452530076143,Low
1.0,High
0.005745008818737043,Low
0.010109863285443431,Low
0.8789226100976314,High
1.0,High
0.029170562772541552,Low
0.9955147808358819,High
0.0006292208205912335,Low
0.012780040154500648,Low
0.013831625227933188,Low
0.9988532110091743,High
0.9740443425076453,High
0.0,Low
1.0,High
0.0,Low
0.110974919575837,Low
0.9183961171346492,High
0.013804902672398273,Low
0.007354438360773341,Low
0.010713455314719993,Low
0.001119306030261238,Low
0.01819960495188599,Low
0.05431726485423194,Low
7.275309995072428e-05,Low
0.9525011946615334,High
1.0,High
0.9331932013622923,High
0.9732945389476537,High
0.04930646570554828,Low
0.012275087791122444,Low
0.956994935135191,High
1.0,High
1.0,High
0.007474983773605424,Low
0.9745432583536042,High
0.9567073037122185,High
0.01483443099943859,Low
0.007501196301604525,Low
0.9729965037050584,High
0.018292735613034055,Low
0.01767589211745574,Low
0.009688906383225747,Low
0.00013519985216318834,Low
0.007836391437308868,Low
0.9316781040879096,High
0.972138934651073,High
0.9296398818939156,High
0.0004722072315164598,Low
0.019516215402733156,Low
0.0,Low
1.0,High
0.006225921619196019,Low
0.004617773593547676,Low
0.007703967956075754,Low
0.021891548507669313,Low
0.0001292156609381057,Low
0.6416846247646258,High
0.0068470178853616,Low
0.012169044576268048,Low
0.013939426256939065,Low
0.0926235843667036,Low
0.011683854875893327,Low
0.004887366104163849,Low
0.00025544571348064396,Low
0.0,Low
4.2837603991976594e-05,Low
0.01890366605323826,Low
0.009931400747599049,Low
1.0,High
0.0,Low
0.016434021740290333,Low
0.9668717453715645,High
0.04379189122378481,Low
0.011928733831110762,Low
0.010553122698081764,Low
0.00043027760333706256,Low
0.013796682412813205,Low
0.0,Low
0.020247050006806717,Low
0.0,Low
0.010242603930050432,Low
0.7850051840206236,High
0.03353741671573789,Low
0.010725783292715702,Low
0.010075746358491755,Low
0.7980152068413745,High
0.007031120448135616,Low
0.011131584082782562,Low
0.0169153383379817,Low
0.9954128440366973,High
0.854333576631804,High
0.012341960614167709,Low
0.020116145818670515,Low
0.027319064613298298,Low
0.037513255827793704,Low
0.9125286690143034,High
0.9973787680209698,High
0.009619692443864057,Low
0.0664515522467381,Low
0.021045127696503844,Low
1.0,High
0.9999195235795911,High
0.02124747480701147,Low
0.017596249606359284,Low
0.9174779555394866,High
1.0,High
0.0,Low
0.010502162755560757,Low
0.000125675505843911,Low
0.0,Low
0.022972746109321228,Low
0.9973076493238644,High
1.0,High
1.0,High
0.9391528323867774,High
0.02393307828987925,Low
0.02822193097422455,Low
0.0070130207485766755,Low
0.012934348421515498,Low
0.03852130956011878,Low
0.0045871559633027525,Low
0.0072596710317129245,Low
0.9999735610607303,High
1.0,High
1.0,High
0.008058356028579928,Low
0.008528914070543772,Low
0.6416957914664337,High
0.011266491049358493,Low
1.0,High
0.013738310817039627,Low
0.009619698186836273,Low
0.0008172519244964674,Low
0.012923891809087458,Low
0.8822420665917405,High
1.0,High
0.7977319062181448,High
1.0,High
0.9044168762033301,High
0.014724211655759677,Low
0.000109217999126256,Low
0.014918343011236958,Low
0.013967884116183913,Low
0.007948409750351599,Low
0.0022935779816513763,Low
0.013867500248186523,Low
6.03584696531125e-05,Low
1.0,High
0.006368736490918814,Low
0.8581054684704004,High
0.9779760634785172,High
0.01163219979951315,Low
0.01079813454502292,Low
0.008730016263376104,Low
0.011819692294897747,Low
0.008915767440798915,Low
0.9739564959903745,High
0.04942949275672528,Low
0.0031212405065616073,Low
0.008933261246663314,Low
0.017747780228284174,Low
0.015507510329873738,Low
0.012489893396024706,Low
0.16594643463909514,Low
0.0002698327037236913,Low
0.010872674404806206,Low
0.009977849659582217,Low
0.02022991422060386,Low
0.9818179633016244,High
0.010061275737469583,Low
0.01675137846812152,Low
0.45005278869957754,Medium
0.013147051499941385,Low
1.0,High
0.9055535582596816,High
0.1470606355927457,Low
0.8875237685757089,High
0.057034522743074606,Low
0.01307862545632085,Low
1.0,High
0.0006938872705254986,Low
0.9629153164994284,High
0.9690400319996662,High
0.9945732948710011,High
0.01003643305944522,Low
0.01470078721204308,Low
0.9706003349351974,High
0.004804965172464153,Low
0.007223687305773255,Low
0.007560363679051242,Low
0.006880733944954129,Low
1.0,High
0.009311251066568991,Low
0.014349587588182404,Low
0.0025634106853750674,Low
0.006962440882637241,Low
0.9969549193974703,High
0.9962319790301443,High
1.0,High
0.012100667504107352,Low
0.011409285651570447,Low
0.006239619350927553,Low
0.000399048364661797,Low
0.9787716615698268,High
0.9924639580602885,High
0.009547328620309863,Low
0.010749426210160068,Low
0.0,Low
1.0,High
0.007995895924803164,Low
0.00373786633481535,Low
0.0022935779816513763,Low
0.0,Low
0.9833767745464992,High
0.023242942631714118,Low
0.010674456077750501,Low
0.9872137636742613,High
0.010078017573132465,Low
0.005273435653521688,Low
0.016186776355799053,Low
0.007710039004424421,Low
0.999292331914124,High
0.0003560886766049097,Low
0.0045871559633027525,Low
0.011521266745521005,Low
0.003633364967637974,Low
0.014441968821728194,Low
0.008068347044555271,Low
0.00011931554110794043,Low
0.013858455078449006,Low
0.006322003680363492,Low
0.017494913126853192,Low
0.9999288813028946,High
0.9998790891686586,High
0.03910685087868806,Low
0.003877628358179388,Low
0.009179024215955303,Low
0.011020885937507493,Low
0.0008515372642874461,Low
0.9859049207673062,High
0.0047295287513641855,Low
0.0007372963009509446,Low
0.007757844392196028,Low
0.6974619442164418,High
0.01693083959455692,Low
0.008494160199044169,Low
0.8584642625468313,High
0.000254841997961264,Low
0.020337575566088305,Low
0.954216461992865,High
0.007424615741755312,Low
0.009125321166223062,Low
0.0105404739263568,Low
0.010555391686203428,Low
0.009779585811211737,Low
0.010731058233544807,Low
0.013430375851757225,Low
0.010570684270990081,Low
0.01510691813708289,Low
0.006805844663735672,Low
0.012547486325048306,Low
0.9943505496625292,High
0.970101263083566,High
0.0029051987767584097,Low
0.01026656548212217,Low
0.011330463134625096,Low
0.9855812262251064,High
1.0,High
1.0,High
0.9448509067675008,High
0.011866472310400994,Low
0.010586947456213512,Low
1.0,High
0.013861117848597589,Low
0.01115438194015409,Low
0.013425215648410621,Low
0.0015718895917595608,Low
0.018065813074689935,Low
0.012924232462059594,Low
0.8149056493623382,High
0.01191014585114873,Low
0.9877896449155377,High
0.0073298495720680685,Low
0.0001292156609381057,Low
8.890696084762665e-05,Low
0.0005590234874973072,Low
0.9014901637608059,High
0.00041701417848206843,Low
0.021512270204237044,Low
0.012091979397292896,Low
1.0,High
0.011855222440146416,Low
0.0610644956600774,Low
0.9984709480122324,High
0.009767077681719276,Low
0.02035996777807491,Low
0.019926591623454108,Low
0.00011630164110143978,Low
0.020972330825359965,Low
0.019746172359200707,Low
0.009158099062388613,Low
0.000626368529779003,Low
0.00381561864017623,Low
0.008715682434289447,Low
0.0009174311926605505,Low
0.05626344820622488,Low
0.0028669724770642203,Low
0.9889190122264929,High
0.9950305810397553,High
0.01921065971378866,Low
0.0,Low
0.9938670903274137,High
0.013445467029313086,Low
0.011595238754286023,Low
0.0006016085310773525,Low
0.006945097737658398,Low
0.011183637999076212,Low
0.007010761368394232,Low
0.00690166273027293,Low
0.0,Low
0.0055173356130726854,Low
0.0,Low
0.0027645596078941116,Low
0.000637958260521334,Low
0.018522404216352786,Low
4.2837603991976594e-05,Low
0.03251534944324258,Low
0.0088387468307563,Low
0.004041065967671472,Low
0.899720220079698,High
0.9805105519903609,High
0.005923896052640275,Low
0.01828851529841628,Low
0.9998991833854219,High
1.0,High
0.0011467889908256881,Low
0.9871270352921729,High
0.006221023646607846,Low
0.010577125093021241,Low
0.007237583304304894,Low
0.0,Low
0.0072615622770919605,Low
0.0003560886766049097,Low
0.011410551279884502,Low
0.021192489911184883,Low
1.0,High
0.01680746933040511,Low
0.008585584579128261,Low
0.014262802530931103,Low
0.006029213869700334,Low
0.00011336329663298725,Low
2.0799105884139068e-05,Low
0.013158294959693539,Low
0.0065962593951120726,Low
0.0006506119913333158,Low
0.0,Low
0.00681551036108753,Low
0.027825177431329166,Low
0.0031775375172595436,Low
0.010950090108536347,Low
0.9981083892934834,High
0.0194737971407956,Low
0.012593080592427405,Low
1.0,High
0.02646702961424889,Low
0.012047855737344794,Low
0.006710904085943578,Low
0.0034403669724770644,Low
0.8914447744623396,High
0.9847590193138505,High
0.012635154251091291,Low
0.011644485091075877,Low
0.9996521088524223,High
0.00754452767139933,Low
0.0005869088437895777,Low
0.0,Low
1.0,High
0.01179864187162799,Low
0.01681528524180413,Low
1.0,High
0.014879870782250367,Low
0.9105294915135466,High
1.0,High
0.014089365891459663,Low
0.018365006553079946,Low
5.2725930612675314e-05,Low
0.011908603530402304,Low
0.0032765399737876805,Low
0.9753262517409704,High
0.021205309936136313,Low
0.014137967092831487,Low
0.006773752271569114,Low
0.9546818115625455,High
0.9954128440366973,High
0.006317285110822608,Low
0.002149410222804718,Low
0.9800902477815203,High
0.8122789672101597,High
0.006307339449541285,Low
0.9803533662490926,High
0.006132272937910803,Low
0.019041389280508882,Low
0.0,Low
0.009125002507016585,Low
0.0,Low
0.01260969812948249,Low
0.012288035744785496,Low
0.012034480414859442,Low
0.8348095500207448,High
1.0,High
1.0,High
1.0,High
1.0,High
0.8919047386555453,High
0.9831306205722565,High
0.0,Low
0.04598696203765181,Low
0.008771887875994337,Low
0.010892391409694918,Low
0.012289945644194378,Low
0.0008923909684706284,Low
0.00582441422734143,Low
0.011464606344941248,Low
0.002301210520691813,Low
0.020050985413953892,Low
0.0011038610606878283,Low
0.006674238494049274,Low
0.010987616547897743,Low
0.00115674375637105,Low
0.0006463879006963842,Low
0.008518398178281901,Low
0.007117420157488917,Low
0.0,Low
0.9984709480122324,High
0.007523089404735685,Low
0.0030581039755351682,Low
0.015906804882617656,Low
0.0,Low
0.9828626735998107,High
0.010511014858474466,Low
1.0,High
1.0,High
0.5238405400577547,High
0.010676621669052649,Low
0.011580956420195155,Low
0.9958715596330275,High
0.970003276539974,High
0.86159513711026,High
1.0,High
0.0,Low
0.009936582273221445,Low
0.000655307994757536,Low
0.0009489116747616477,Low
0.007186872350450477,Low
0.9999288813028946,High
0.9026571614936411,High
0.015508425875627905,Low
1.0,High
0.00702295426784338,Low
0.9031315899830659,High
1.0,High
1.0,High
0.002948885976408912,Low
0.019026771371089136,Low
0.9456310222154991,High
0.010599363816935948,Low
0.009934047091506144,Low
0.007830451203858705,Low
0.022906618421201022,Low
0.010179238815432406,Low
0.0014908256880733946,Low
0.008636741160534703,Low
0.9998991833854219,High
1.0,High
1.0,High
0.02242549827530726,Low
0.007941067909020966,Low
0.010887476177186927,Low
0.030776197894764743,Low
0.998689384010485,High
0.008262153327006222,Low
0.00881469870018525,Low
0.010314936225166002,Low
0.007566348914713177,Low
0.010311652238446276,Low
1.0,High
0.010193965250465724,Low
0.0009068987819452251,Low
0.9999735610607303,High
1.0,High
0.9954128440366973,High
0.013393181767288183,Low
0.9124654528712265,High
0.0,Low
0.0029720184581627923,Low
0.000655307994757536,Low
0.016216375783418707,Low
5.6631555102503115e-05,Low
0.009782119551058212,Low
0.007630910313508879,Low
0.01452352107633915,Low
1.0,High
1.0,High
0.011698694002769402,Low
0.011048995119910376,Low
0.006268439934015086,Low
0.00031633202427899527,Low
0.006899755239480359,Low
0.016752116785036616,Low
0.004476571352982969,Low
0.9225106835311379,High
0.9984982525120141,High
0.9015565939179819,High
0.993728289215784,High
0.923883876062775,High
0.007225942213239156,Low
0.0044342507645259936,Low
3.288283844661471e-05,Low
0.007451905264302971,Low
0.00648084952721104,Low
0.036462429008300566,Low
0.02407346730741226,Low
0.013937307916318076,Low
0.016730348716531545,Low
0.9309954988794208,High
0.0019138966739731327,Low
0.011198097888027884,Low
1.0,High
0.008904479119495153,Low
0.011108237244914311,Low
0.008326511470735029,Low
0.0007372963009509446,Low
0.0035495849716033205,Low
0.01639297033974978,Low
0.0,Low
0.9387833114897336,High
0.0035654043365293975,Low
0.008365272414834356,Low
0.020005466397653427,Low
0.011328718136897988,Low
0.004005243475773632,Low
0.013418787329988406,Low
0.008571113978000661,Low
0.0011467889908256881,Low
0.012947973437777488,Low
0.8820046421346457,High
0.011380009746690052,Low
0.9999656392811738,High
0.009157055122557633,Low
0.15873595059374873,Low
0.0001239771881973717,Low
0.010219354627487586,Low
0.010495143885944112,Low
0.044322484345420125,Low
0.005164492591588049,Low
0.01295851991738223,Low
0.009297965312050285,Low
0.007613614066246971,Low
0.007046295565787747,Low
0.017514822935710803,Low
0.0,Low
0.01041670708103753,Low
0.013990372394652733,Low
0.012405165036456138,Low
0.961377915080405,High
0.006790509442335407,Low
0.00018398086440129204,Low
0.010540687119013705,Low
0.008317213071197633,Low
0.9653483415755586,High
0.020346469586262014,Low
0.022675238487063702,Low
0.012757276043360863,Low
0.0,Low
0.01672238351078499,Low
0.8974788833832926,High
0.002967182336751811,Low
0.04185484350906497,Low
0.011510625158163484,Low
0.9990366412384761,High
1.0,High
0.006399903946429725,Low
0.006498968945860644,Low
0.01235745931784285,Low
0.010219212675615891,Low
0.002159658537052529,Low
0.09353253042639836,Low
0.014070912370252694,Low
0.0009731879829568243,Low
0.01451072809971377,Low
0.9996521088524223,High
0.006630959523508738,Low
0.963069477919234,High
0.0006303970144279777,Low
0.9870249017038009,High
0.0,Low
0.010773817875287249,Low
0.0,Low
0.010094937308532064,Low
0.9614007765737884,High
0.00986964986141327,Low
0.007635936063451673,Low
0.0,Low
0.007828429475122297,Low
0.0037803912509933022,Low
1.0,High
0.013006641024451624,Low
0.9679736579085307,High
0.00800493546677032,Low
0.014808865888318508,Low
0.011025062296908436,Low
0.9396761686325906,High
0.010018084837268432,Low
0.00968875473600546,Low
0.018073168775980496,Low
0.9917036080487242,High
0.06614062034634018,Low
0.007443616467100499,Low
0.1179226736566186,Low
0.9885456017269294,High
0.007146935926161996,Low
1.0,High
0.9952243307779314,High
0.9967507645259939,High
0.011971731778715343,Low
0.022939847780700195,Low
0.010777590183262645,Low
0.010187407943731179,Low
0.989596985583224,High
0.0009174311926605505,Low
0.012820578959236252,Low
0.007305813133771863,Low
0.010223744574038027,Low
0.0,Low
0.0016416239254496857,Low
0.009651203060391838,Low
0.0013311663939299713,Low
0.0007845236556956416,Low
0.014324523277399581,Low
0.008655337928267946,Low
0.005864609500486168,Low
0.0,Low
0.008095263424438308,Low
0.006333616195670657,Low
0.9841742690142972,High
0.008865993813839053,Low
0.9994266055045872,High
0.0,Low
0.9664399126394027,High
0.0007831729693443724,Low
0.002127103671685094,Low
0.007520050987905202,Low
0.040009344090635876,Low
0.9990825688073395,High
0.9837165508494917,High
0.009842859128678702,Low
0.21479755628433453,Medium
0.0002719659534598608,Low
0.00476963626398834,Low
0.0,Low
0.013612868009457334,Low
0.0022935779816513763,Low
0.00013639949103391242,Low
0.0007363814288791806,Low
1.0,High
0.009938938320875255,Low
0.010010424656827324,Low
1.0,High
1.0,High
0.006880733944954129,Low
0.03658975055448817,Low
0.8662180346090683,High
0.992354740061162,High
0.8988057405376612,High
0.0040942378882987285,Low
0.00799160231188857,Low
0.013761467889908258,Low
0.01139409825140248,Low
0.010787453562706767,Low
1.0,High
0.011150501941860664,Low
0.9018374131730488,High
1.0,High
0.0,Low
4.2837603991976594e-05,Low
0.018728380207550008,Low
0.006603722029019988,Low
0.00827413464298089,Low
1.0,High
0.976076384292796,High
1.0,High
0.011184762358949694,Low
0.9999735610607303,High
0.007930037473158725,Low
0.0159130624726955,Low
0.010440326423099243,Low
0.0004722072315164598,Low
0.005936063072231761,Low
0.7694162391576848,High
0.01213853956175456,Low
0.9678352992573176,High
0.954459891155494,High
0.9564917498403736,High
0.006595801399820951,Low
1.0,High
1.0,High
0.011499680013372504,Low
0.03296577577784704,Low
0.014651806182995403,Low
0.010112766544735072,Low
0.004700748213087384,Low
1.0,High
0.00764409955944045,Low
0.009938423699891587,Low
0.0015290519877675841,Low
1.0,High
0.012806689478286089,Low
0.3134387394101372,Medium
0.0072376423488202165,Low
4.680771391125257e-05,Low
0.9526431305012821,High
0.0009174311926605505,Low
0.0068636529197476535,Low
0.00806879999013616,Low
9.283523826552717e-05,Low
0.030188608458779357,Low
1.0,High
0.017333193165929982,Low
0.010123483758438651,Low
0.014649373160566134,Low
0.01762699371938423,Low
0.00839402466931337,Low
0.01110043911123216,Low
0.9211509392747925,High
0.0,Low
0.008215542295085998,Low
0.0,Low
0.010211636891036697,Low
0.006226785716712397,Low
0.0093099363360315,Low
0.011112730830143556,Low
0.9780369142278175,High
1.0,High
0.010709840480736312,Low
0.01633972850103086,Low
1.0,High
0.0,Low
0.016324278723841356,Low
0.011880569032039769,Low
0.018899735049598423,Low
0.9039048744323974,High
0.8853291154814141,High
0.007897454227729457,Low
0.9936215418533533,High
0.004658600755165845,Low
0.44722768312217864,Medium
0.0,Low
0.008024008626266168,Low
0.0031881063830543344,Low
0.008915677624348074,Low
0.001965923984272608,Low
0.0,Low
0.021361070090799617,Low
0.006212574282571551,Low
0.007078958248286683,Low
0.08161278578709771,Low
0.00013387138928544216,Low
0.0,Low
0.012460420343637965,Low
0.0,Low
0.006741756833498378,Low
0.012311293452703745,Low
0.028903460132335076,Low
0.006853891872694712,Low
0.006473963851972341,Low
1.0,High
0.01047438865949632,Low
1.0,High
0.004791269850337339,Low
0.963712753670024,High
0.010458567988051668,Low
0.013190359972443262,Low
0.006309944185259185,Low
0.8904958303733153,High
0.9507113304812222,High
0.010931225685620856,Low
1.0,High
0.01262465476968338,Low
0.0004932425766992207,Low
0.9969418960244649,High
0.012934800736857982,Low
0.0011426879197122515,Low
0.01023548160326235,Low
1.0,High
0.007507627712360356,Low
0.012988491091926069,Low
1.0,High
0.00347276924331759,Low
0.0,Low
0.013111101369484492,Low
0.007271784904853797,Low
0.0066410543992924944,Low
0.007850574871057189,Low
0.9954128440366973,High
1.0,High
0.026289368355881346,Low
1.0,High
0.01094540890168384,Low
0.0112216238574489,Low
1.0,High
0.9948035314304866,High
1.0,High
0.9722840576642913,High
0.9924202922131303,High
0.014560771677343959,Low
0.007387081139028996,Low
0.00940862970862485,Low
0.011196125620306753,Low
1.0,High
0.9999195235795911,High
0.011117183693785738,Low
0.01157082250866017,Low
0.010456427327116309,Low
1.0,High
0.016572351073384454,Low
0.005734810597382831,Low
0.020690976978342494,Low
0.040682773898594295,Low
0.006196794197052594,Low
1.0,High
0.008490740578556902,Low
1.0,High
0.009605317896234082,Low
0.009612554005220054,Low
0.007414447391693067,Low
0.0,Low
0.939595481352854,High
1.0,High
0.9355461180002465,High
0.012780357320083119,Low
0.006780213119550113,Low
1.0,High
0.9766043907719043,High
0.006164512172704795,Low
0.016402433604986656,Low
1.0,High
0.00797569703912067,Low
0.008525258435404776,Low
0.014932635233303916,Low
0.01047756670835676,Low
0.010807122195832328,Low
0.956906539905294,High
1.0,High
0.010590553755409822,Low
1.0,High
0.718856196739472,High
0.000655307994757536,Low
1.0,High
0.999791492910759,High
0.8898434081325555,High
0.0,Low
0.04166095187491137,Low
0.00218435998252512,Low
0.009526514349618,Low
0.023304091343488365,Low
0.01096791194205387,Low
0.0003379221667407898,Low
0.00037782875226037305,Low
0.0,Low
0.9604922091160624,High
0.01066084371858196,Low
0.9322722500509131,High
0.010582289187117172,Low
0.01119762979096339,Low
0.06666928332081735,Low
0.015929319562762945,Low
0.0069402432660312,Low
0.0011467889908256881,Low
0.009194089816914063,Low
0.9447760486529353,High
0.9069517181305349,High
0.006924237488069692,Low
0.01101189207440112,Low
1.0,High
1.0,High
0.007752564326292747,Low
0.0744181659319274,Low
1.0,High
0.008570208158767943,Low
0.014831396230717359,Low
0.0,Low
0.011745574775588316,Low
0.0,Low
0.10356828441690825,Low
0.033930992871962204,Low
0.0015848783129459735,Low
0.03222789674234016,Low
0.012134749293982814,Low
0.010691130449153216,Low
1.0,High
0.0,Low
0.01321586244266319,Low
0.011005479714374307,Low
1.0,High
0.0079212484004598,Low
0.010691509894831473,Low
0.007497082584552932,Low
0.00961527130799876,Low
0.006900778762505773,Low
4.377330366471925e-05,Low
0.0,Low
0.00956480592374715,Low
0.000959485225968978,Low
0.0,Low
0.001522996772532803,Low
0.0045871559633027525,Low
0.00639600345219484,Low
0.9710945184638393,High
0.0,Low
0.007031234078810702,Low
0.015589231772406363,Low
1.0,High
0.007078773046533197,Low
0.00016578089191854003,Low
0.013478376350233906,Low
0.01124935469817665,Low
0.011355101996361533,Low
0.9760466097226618,High
0.013270117169187587,Low
0.0009174311926605505,Low
0.00020982938684173977,Low
0.0,Low
1.0,High
0.01202245478204807,Low
0.00702607522666287,Low
0.016197751284955215,Low
0.010772042730344525,Low
0.0,Low
0.014184833745546951,Low
0.016094639927413928,Low
0.0,Low
0.006951828018165218,Low
0.0,Low
0.9936582998316325,High
0.010828705486194237,Low
0.04987184430166385,Low
0.0,Low
0.00816206603894701,Low
0.9590214067278288,High
0.019938499776617293,Low
0.007749305608141536,Low
6.035731530661516e-05,Low
0.001276415546043593,Low
0.031799177502986095,Low
1.0,High
0.00188504075579299,Low
0.0058010470649373464,Low
0.07362994803825236,Low
0.9879880529435916,High
0.011284937531666057,Low
1.0,High
0.006584437628018041,Low
0.0062783481565375585,Low
0.0,Low
0.009670611813755121,Low
0.018136428013771452,Low
0.9852463360416962,High
0.0,Low
1.0,High
0.01209109338643326,Low
0.009299597210631045,Low
0.00685150013421565,Low
0.03263611387185606,Low
0.0,Low
1.0,High
0.009779522328948267,Low
0.007129650300186162,Low
0.0,Low
0.03177839697258248,Low
0.0058971286035506216,Low
0.018775583221891042,Low
0.008464482882961005,Low
0.001019367991845056,Low
0.0,Low
0.0,Low
0.005407952426762023,Low
0.013247637130332878,Low
0.8940323276284615,High
0.005993883792048929,Low
0.006422018348623853,Low
0.0,Low
0.0,Low
0.0,Low
0.0,Low
0.0165255302402601,Low
0.990062979318843,High
0.00013579323087533504,Low
0.852445896045132,High
0.9762996941896025,High
0.002224724955808978,Low
1.0,High
0.004128440366972477,Low
0.9868283093053736,High
0.9778942769768458,High
0.005733944954128441,Low
0.02983689321883372,Low
0.008182026098817331,Low
0.013079818940018683,Low
0.009439555464614698,Low
0.0025484199796126403,Low
0.0007831729693443724,Low
6.035731530661516e-05,Low
1.0,High
0.0007057134670233991,Low
0.9998361730013107,High
0.011525180675336534,Low
0.00436871996505024,Low
0.0,Low
1.0,High
0.008255112808448836,Low
0.003862983745916556,Low
0.016759501965923986,Low
0.0008711203278041743,Low
0.009124842597589495,Low
1.0,High
0.011556777771469106,Low
0.005859112091000195,Low
0.009091220047343834,Low
0.00033729087965461414,Low
0.0,Low
0.012130829011156898,Low
0.07303043299247208,Low
0.9489549823265422,High
0.0,Low
0.0,Low
0.000655307994757536,Low
0.00022638394487153093,Low
0.012797181707591166,Low
0.8837595157333424,High
0.10209465957547688,Low
0.007607646177899519,Low
0.007315941770927252,Low
0.010282118719037997,Low
0.1349758770590142,Low
0.000800792392639141,Low
0.0,Low
0.013275785563847209,Low
0.0,Low
0.007928386614851075,Low
0.00015665511935478513,Low
0.006731662720538689,Low
0.0,Low
0.006576628041079716,Low
0.006248561493120433,Low
0.07376231886699572,Low
0.011759490674890096,Low
0.028855395369156836,Low
0.0,Low
0.658319164511825,High
0.013067928803895297,Low
0.009171520850628154,Low
0.0007791814511647094,Low
0.9295844255133247,High
0.006468782409132136,Low
0.0,Low
0.009577995787415361,Low
0.01805373525557012,Low
7.632539040437192e-06,Low
0.0006729616176195431,Low
0.9981651376146788,High
0.0,Low
1.0,High
0.010790010967740198,Low
0.031119492074024615,Low
0.0,Low
0.030625340479637993,Low
0.9979612640163098,High
0.0,Low
0.0,Low
0.005400881452823234,Low
0.002018348623853211,Low
0.00665137614678899,Low
1.0,High
0.9482565530808957,High
0.09678925961193784,Low
0.06653409962352257,Low
0.00025964824570790017,Low
0.014572182338677976,Low
0.021425117820733995,Low
0.011893199516767388,Low
0.008107444753737795,Low
0.008764216288437807,Low
0.000780983500601447,Low
0.012299480869685717,Low
0.010345094322568494,Low
0.012948043564278741,Low
0.002091599490116519,Low
0.9815672088633034,High
1.0,High
0.0,Low
1.0,High
0.0,Low
0.013826062137907217,Low
0.011719678593720985,Low
0.019394596229458615,Low
1.0,High
0.006168632907757636,Low
0.0011253347801977371,Low
0.8172061703983512,High
0.018982894915606122,Low
0.0076452599388379195,Low
0.0648895896356455,Low
1.0,High
9.681992754982708e-05,Low
0.8994684096352873,High
9.223228727676808e-05,Low
0.006954805730637799,Low
0.009884228037439274,Low
0.0031030760928224504,Low
0.00015000897673397284,Low
0.011593203945837047,Low
0.01047359287182284,Low
0.9450822984623081,High
0.012781735893710133,Low
0.10327739958209495,Low
0.003947464245839581,Low
0.028190134467967566,Low
0.00010381507503967191,Low
0.013001505619492919,Low
0.811976354704727,High
0.000655307994757536,Low
0.0,Low
0.01124945391000437,Low
0.006315276280593193,Low
0.004760937727537499,Low
1.0,High
0.013909069319742222,Low
0.9984709480122324,High
0.0055566091641656955,Low
0.9730668414154653,High
0.9955053957028132,High
0.0006786101991782063,Low
1.0,High
0.975243050139954,High
0.005922604495286716,Low
0.0,Low
0.006207679997994778,Low
0.0026117687837129383,Low
0.0013166836561331974,Low
0.031106303265433344,Low
0.004252407899625596,Low
0.007988254974417113,Low
0.0,Low
0.011722136729745602,Low
0.8744011213047911,High
0.8555837251107475,High
0.0,Low
0.015474392364558043,Low
0.0064430441024700864,Low
0.0,Low
0.023132680298218862,Low
0.007611820857983937,Low
0.9846537360304615,High
0.0,Low
0.0015290519877675841,Low
0.0,Low
0.9993182530659728,High
0.0006026232414720334,Low
0.04990968869353434,Low
0.0,Low
0.0,Low
0.009041323470419239,Low
0.0,Low
0.012331469243066358,Low
0.021182056028614032,Low
0.011718815292749067,Low
0.9553133775745328,High
0.03692758149974795,Low
0.00495782450855571,Low
0.9999735610607303,High
0.0031131023642955963,Low
0.004635007338203276,Low
0.11695155907148044,Low
0.001834862385321101,Low
0.008229576234163389,Low
0.9581858890345131,High
0.011037520033184416,Low
0.0,Low
0.0004815624233367229,Low
0.010542220922428699,Low
0.006305157053795317,Low
0.0080438382699741,Low
0.0009174311926605505,Low
0.011533379475179822,Low
0.9961509310913113,High
0.9558030101002216,High
0.0013551603837061808,Low
0.007747246676468007,Low
1.0,High
0.011846684966570415,Low
0.0021499771480743934,Low
0.987146512342513,High
0.9228084874216044,High
0.011338513751240484,Low
0.005900033891686098,Low
0.0,Low
1.0,High
0.0,Low
0.012659682701361571,Low
0.016285471985581352,Low
0.0,Low
0.015864857340600502,Low
0.005977076723331202,Low
0.014683699121008989,Low
0.9994266055045872,High
0.00012393418014187697,Low
0.0149595736422643,Low
0.0018906887104994906,Low
0.8978843899740682,High
1.0,High
0.00017051609226756298,Low
0.006374172524756371,Low
0.0063215983393260485,Low
0.0,Low
0.9998991833854219,High
1.0,High
0.010475104467925057,Low
0.024063333362744282,Low
0.9151733587513404,High
0.0,Low
0.0061828402698395875,Low
0.01114251510560569,Low
0.0061305895284575924,Low
0.022832502086658754,Low
0.008034205558034656,Low
0.9660245542177953,High
0.0002677075359183214,Low
0.00796599230908686,Low
1.0,High
0.9637833114897334,High
0.0073240065727320424,Low
0.0,Low
1.0,High
0.9998361730013107,High
0.004347655624081631,Low
0.012903857584534932,Low
0.007501258592744401,Low
0.0010703368135597086,Low
0.0006388338406710383,Low
0.13870632350799647,Low
0.004204892966360856,Low
0.002038735983690112,Low
0.0,Low
0.0,Low
0.04695910297860231,Low
0.009983613422795341,Low
0.017518296310429626,Low
0.9649203625964903,High
0.0,Low
0.11018952533576669,Low
0.9577653997378768,High
0.0,Low
0.009890658385822237,Low
0.012597507727027423,Low
0.0020642201834862386,Low
0.011031489835629724,Low
0.008729439783261485,Low
0.010263470826375194,Low
0.07213206666077339,Low
0.0,Low
0.006518086995983694,Low
0.00042579708182873097,Low
0.0,Low
0.0022935779816513763,Low
1.0,High
0.014636424504246761,Low
1.0,High
0.011692714598104004,Low
0.0,Low
0.0,Low
0.01169495006915725,Low
0.010804514217078395,Low
0.8730009796523558,High
0.00675285530394771,Low
0.008466795637804857,Low
0.0026386576826264874,Low
0.987703873598369,High
1.0,High
0.013716554265201625,Low
0.006201322611823042,Low
0.8899624639117178,High
0.0046864709099514144,Low
0.009863022906154425,Low
0.0,Low
0.008212409075656473,Low
0.002832769998390471,Low
0.00902238309443087,Low
0.011364648448567131,Low
0.002992472371112691,Low
0.9937199650502403,High
0.01381876241456804,Low
0.011140235910878114,Low
0.8834216192870246,High
0.06304826626537569,Low
0.002752293577981651,Low
0.9555209698558323,High
0.001273825344940387,Low
0.009044792244856312,Low
0.01953117918582768,Low
0.08169181205343051,Low
1.0,High
0.005669258214159061,Low
0.8869027577232412,High
0.019598953997022477,Low
0.0,Low
0.014759991228689151,Low
8.047642040882022e-05,Low
0.00019788951735164368,Low
0.004289180441465317,Low
0.971230311482605,High
0.020820311187283665,Low
0.010392676847106085,Low
0.0,Low
0.012355894638063534,Low
0.009864723867544169,Low
0.0007926655511282942,Low
0.0,Low
0.9434532381685143,High
0.007470694851646915,Low
0.0070226160051513895,Low
0.0065055760024351535,Low
1.0,High
0.00906989611360831,Low
0.015961934558804115,Low
6.34588642188266e-05,Low
0.0022935779816513763,Low
0.019476648903600617,Low
0.012170583541589883,Low
0.006317687028334947,Low
0.009328265696739009,Low
0.011313446408633332,Low
1.0,High
0.014610723430225219,Low
0.0066195599592733,Low
0.01214142947001484,Low
0.14695108934946022,Low
0.006840011944279211,Low
0.0007719969319347737,Low
0.0009174311926605505,Low
0.9737098030277129,High
0.972311395203617,High
0.012641367703595556,Low
0.000655307994757536,Low
0.006719535505356237,Low
0.0,Low
0.0,Low
0.0007645259938837921,Low
0.0004932425766992207,Low
0.0001292156609381057,Low
0.9798214782159735,High
0.008253597925020773,Low
0.007700387732382715,Low
0.016906755934818676,Low
0.005978372152643824,Low
0.006301496116607819,Low
0.006052603602968765,Low
0.0045871559633027525,Low
0.0546474359763964,Low
0.00917946460982721,Low
0.012875779460739077,Low
0.9659294451725644,High
0.0,Low
0.0046691468612295025,Low
0.0,Low
0.014610617955468886,Low
0.8809094137393126,High
0.005933178494909053,Low
0.006732006828826535,Low
0.00011761938367442955,Low
0.01836649938355787,Low
0.01393401519095914,Low
0.0009092985020802223,Low
0.0018449345895752008,Low
0.9821765490281723,High
0.012744920959773217,Low
0.007027621862956182,Low
0.0,Low
0.13101569527694615,Low
0.004619213791432093,Low
0.7311028039239048,High
0.9570598325513137,High
0.03975535168195719,Low
0.006468561595516956,Low
0.9864842726081259,High
1.0,High
0.06685910226572578,Low
0.0,Low
0.006870759033897585,Low
0.9719695356043432,High
0.0,Low
0.014936266324290693,Low
0.07328585828398057,Low
0.006989977752101867,Low
1.0,High
0.0077742848026250136,Low
0.0004932425766992207,Low
0.0037134119702927045,Low
0.007310338531986454,Low
0.9728157114017879,High
0.011411301631232978,Low
0.9918375607123583,High
1.0,High
0.007300508527953334,Low
0.9998991833854219,High
0.9467184711238549,High
0.11086173001310615,Low
0.0,Low
0.00679909774552756,Low
0.008021625266077304,Low
0.9130424807255008,High
0.006294553350999482,Low
0.8878313559419323,High
0.009348789304812168,Low
0.008688988059394203,Low
1.0,High
0.009357657625460526,Low
0.028378940566620835,Low
0.011011112742174657,Low
0.0,Low
0.006294670091107189,Low
0.9633100334935196,High
0.00856397626583452,Low
0.008508066232184135,Low
0.0010488793189089038,Low
0.00037212238604003686,Low
0.009312981851157882,Low
0.007656476260106834,Low
0.7132007219611927,High
0.007130058449877118,Low
0.9352236539050435,High
1.0,High
0.0012367320569877066,Low
0.007007191126322901,Low
0.00011004077634451256,Low
0.005534990033532724,Low
0.0009174311926605505,Low
0.9370198030748491,High
0.012415699801094351,Low
0.962142796982256,High
0.006804381131873916,Low
0.005769482089493141,Low
1.0,High
0.0001628835532271258,Low
1.0,High
0.010254615769327222,Low
0.009691860135044963,Low
0.0,Low
0.026161477344480724,Low
0.0045871559633027525,Low
0.01916700192586487,Low
0.03441455676935045,Low
1.0,High
0.0074561754498134345,Low
0.03338906542604759,Low
0.025255621256817903,Low
1.0,High
0.012030806188012468,Low
0.0,Low
0.029532546963739626,Low
0.03525248204588531,Low
0.9998991833854219,High
0.05275085515911204,Low
0.00301990154543215,Low
0.009698712561836258,Low
0.009688278058406124,Low
0.010476276146034531,Low
0.010329655679009061,Low
0.020473230218122748,Low
0.007836319191155494,Low
0.013577085077739802,Low
0.9989806320081549,High
0.00971917188681383,Low
0.0005807635631527705,Low
0.006091629796772614,Low
0.007744480790998812,Low
0.0,Low
0.010268773100551454,Low
0.0008456731823123543,Low
7.430320455760378e-05,Low
0.007936929834119266,Low
0.014047078374589206,Low
1.0,High
0.02326101473248973,Low
1.0,High
0.010303139240751852,Low
0.0045871559633027525,Low
0.9556145740353156,High
0.009763123291694202,Low
0.0006100941795230151,Low
0.02291075113832741,Low
0.012630548444560265,Low
0.00013857325445098387,Low
0.00983190480575127,Low
0.0,Low
0.000125675505843911,Low
0.9460681520314548,High
1.0,High
0.006803918390364476,Low
0.0038301009074699415,Low
0.9145531815676681,High
0.008301774438536094,Low
0.9641788374842906,High
0.01895618969621981,Low
0.006169602966060686,Low
0.5477419563276,High
0.9993446920052425,High
0.011504983746146474,Low
0.005555850134728703,Low
0.010114194596558932,Low
1.0,High
0.008341910229327985,Low
0.013715101775787695,Low
0.0,Low
0.010861154320000687,Low
1.0,High
0.012996941896024466,Low
1.7425703596343558e-05,Low
0.019436139449288303,Low
0.006982876325828086,Low
0.9684588170707716,High
0.007009656739418272,Low
0.011386408194775021,Low
0.0,Low
0.013896874460438363,Low
0.00011168300206750325,Low
0.0010441429620548274,Low
1.0,High
0.01783132527042859,Low
0.008409662098432353,Low
0.004757436752849597,Low
0.0,Low
0.0,Low
0.010115859194546842,Low
0.013765902212987131,Low
0.006630970569987428,Low
0.019448698535046428,Low
0.0030581039755351682,Low
0.9999288813028946,High
0.012637173732463747,Low
0.00610954009475007,Low
0.012057667103538663,Low
0.005084689424482328,Low
1.0,High
0.0,Low
0.0032828754351287813,Low
0.9488568516091452,High
0.00803105808586686,Low
0.0003358515708862695,Low
0.0,Low
0.0,Low
0.01324039470736672,Low
0.011215001788430632,Low
0.012535026852902732,Low
1.0,High
0.010466667567102138,Low
0.0,Low
0.0074597166037726065,Low
0.9939976915115059,High
0.956609509247124,High
0.007699271294722305,Low
0.0077119009374410005,Low
0.9141229455592301,High
0.9999735610607303,High
0.0052165072496666255,Low
0.9895969855832242,High
0.0104137358211625,Low
0.016579619467566642,Low
0.022261473823623833,Low
1.0,High
0.0,Low
0.014354017856363312,Low
0.022195779431232063,Low
0.006030832388241977,Low
0.969924964044367,High
0.9350972040192223,High
1.0,High
0.0086487670676832,Low
0.006436476850192889,Low
0.8753141440208594,High
0.00649378338377357,Low
2.505824263678075e-05,Low
0.0,Low
0.006589345065892711,Low
1.0,High
0.0141218872870249,Low
0.008975180934542285,Low
0.9955759429153925,High
1.0,High
0.9855047531424804,High
0.002089704383282365,Low
0.007331895583273428,Low
0.18286896380776863,Low
0.0052052612793393235,Low
0.009107729668043045,Low
0.007474013534215146,Low
0.006574352154695529,Low
0.009353429658154224,Low
0.0,Low
0.01604412322563607,Low
0.9926550895587593,High
0.0,Low
0.006115355793591238,Low
0.013622664551689175,Low
0.010690689432139603,Low
0.029416458340989382,Low
0.9999195235795911,High
0.00722016238024,Low
0.034849625270440734,Low
0.0,Low
1.0,High
0.0007645259938837921,Low
0.0,Low
0.00779800337485756,Low
0.0,Low
0.009009517893548856,Low
0.0012438467713401294,Low
0.9802820525153717,High
0.9383176622267191,High
0.0005533552105173435,Low
0.0025268023867169452,Low
0.01058950375413215,Low
0.012548607788364715,Low
0.0,Low
2.1740075655463284e-05,Low
0.011708379189483574,Low
6.149002631773126e-05,Low
0.0,Low
8.160913141993633e-05,Low
0.027655740973551758,Low
0.008483656648779044,Low
0.011345242564391286,Low
0.9945581064669098,High
0.014881401461174996,Low
0.00791958483095935,Low
0.00022294960354905864,Low
0.004128440366972477,Low
0.003005636505366673,Low
0.008853259855702657,Low
0.007595421389634742,Low
0.9535069379433732,High
0.013247113361954239,Low
0.0001292156609381057,Low
0.9999656392811738,High
0.8971211736862093,High
0.043119266055045874,Low
0.00919891735809756,Low
0.0009174311926605505,Low
0.0,Low
0.0,Low
0.007710713278739826,Low
1.0,High
0.013829021854642036,Low
0.004304016362230257,Low
0.006884352833373121,Low
0.017485143924322682,Low
0.006318221968251432,Low
0.013429094142420757,Low
0.012715000185801349,Low
0.0066980737433510445,Low
0.005310709818361394,Low
0.0004722072315164598,Low
0.0006102557805124706,Low
0.0090368257394701,Low
0.005788463645649194,Low
0.009403936556514622,Low
0.017851609766537796,Low
0.010348963592523163,Low
0.012989377676474272,Low
0.014694556929101732,Low
0.9692886555329943,High
0.016304958278173406,Low
0.06478431053786121,Low
0.0,Low
0.0007479375667849233,Low
0.011910843575767844,Low
0.9832960162852382,High
0.010601303808058243,Low
0.07763546341527991,Low
0.04644434120710288,Low
0.9830930537352556,High
0.9873853211009173,High
3.288283844661471e-05,Low
0.0074590604857584794,Low
0.0074370486043333975,Low
0.006192660550458715,Low
0.005375315445656282,Low
0.002381525340111178,Low
0.9682448269659366,High
3.614076462428205e-05,Low
0.008235880992926232,Low
0.010749176154549223,Low
0.5857941231237858,High
0.0074718859122528845,Low
0.000125675505843911,Low
0.006281485424385911,Low
0.004115698267074414,Low
0.0006424790459908129,Low
0.0,Low
0.007115714368287617,Low
0.0,Low
0.9237870169952601,High
0.9037165561248132,High
0.04761823262498544,Low
0.9872774934904527,High
0.9816513761467889,High
0.8431907520350568,High
0.06686403473284287,Low
0.9679081112567351,High
0.00018141430327518306,Low
0.007517397428415253,Low
0.0,Low
0.00096760291324059,Low
0.0,Low
0.0046732444779704575,Low
0.9558233051352318,High
0.011594032704546077,Low
0.006607183606658181,Low
0.0,Low
3.169484120082516e-05,Low
0.9764008222873759,High
0.009119702927042377,Low
0.0,Low
0.0,Low
0.007903733272218823,Low
0.007486295970224126,Low
0.009470383829125613,Low
1.0,High
0.0,Low
0.010960217890782427,Low
0.000509683995922528,Low
0.0033243228484054173,Low
0.003916019075254723,Low
0.9999735610607303,High
0.010073188340837815,Low
0.8114841071263089,High
1.0,High
0.0037791034079663567,Low
0.002752293577981651,Low
0.006642370617261293,Low
0.010082471317067762,Low
0.010222200254204847,Low
0.0029657169715007767,Low
0.0008583901409566356,Low
0.9153287461773701,High
7.430320455760378e-05,Low
0.9492434171333256,High
0.0,Low
0.010673917885844809,Low
0.0,Low
0.007886927447167229,Low
0.011666624486236747,Low
0.0008376376684155759,Low
0.009276362194126178,Low
0.0,Low
0.9705434883337855,High
0.9078562680253016,High
5.582632517838941e-05,Low
0.9715666425408996,High
0.0,Low
9.877002107208603e-05,Low
0.0,Low
0.00955683780896865,Low
0.007197433966828889,Low
0.006086980709635145,Low
0.0045871559633027525,Low
0.958697393330421,High
0.007550178177343324,Low
0.007105255000564205,Low
0.0036311444944653903,Low
0.010992494250972134,Low
0.010087990634854552,Low
0.022057835131229626,Low
0.0,Low
0.0068078093556710835,Low
0.9661009174311929,High
0.9977969579913086,High
0.000125675505843911,Low
1.0,High
0.0,Low
0.0,Low
0.0,Low
0.0002501782989689877,Low
0.007077195467969172,Low
0.9374070696861434,High
0.009406061506496078,Low
0.006542579871468925,Low
0.0005100844395746628,Low
0.00010381507503967191,Low
0.016990672955935766,Low
0.0045871559633027525,Low
0.9706531236347751,High
0.0,Low
0.010853221257518624,Low
0.0,Low
0.8307125499392283,High
0.0,Low
0.011253576725508302,Low
0.00659104474688521,Low
0.9690672276473459,High
0.0,Low
0.007218254469890678,Low
0.012198307164860159,Low
0.004604743267888551,Low
0.0,Low
0.00822334182449407,Low
0.005849123720790967,Low
0.0,Low
0.01073271068696562,Low
0.011961149900736958,Low
0.014982212220216857,Low
0.010703363914373088,Low
0.021467623984610558,Low
0.0,Low
0.9604485219164117,High
0.008287950947582202,Low
0.010586403916075182,Low
0.010830239360091922,Low
0.0,Low
0.00713898874796207,Low
0.022255132888198526,Low
0.008955778958454837,Low
0.007778784046414588,Low
0.9171966667379512,High
0.007467559090383694,Low
0.0011797363937484442,Low
0.08773597110234972,Low
0.018332108642379812,Low
0.0,Low
0.00633724687535648,Low
0.011133251754475899,Low
0.0,Low
0.011244392485241063,Low
0.0,Low
0.00039009787265797697,Low
0.0,Low
0.014976140206297233,Low
0.010709467281434373,Low
0.001492570332869013,Low
1.0,High
0.009674954473190786,Low
0.00578459108399609,Low
8.574123295892994e-05,Low
0.0,Low
0.9535792669601043,High
0.015175256780547234,Low
0.006422018348623853,Low
0.0,Low
0.009947594211613963,Low
0.010086086060908583,Low
0.9407939155645576,High
0.00604874834079559,Low
0.013830270586044897,Low
0.010530131615016806,Low
0.0,Low
0.0063892529488859765,Low
0.0,Low
0.00620558584972451,Low
0.9923843413152876,High
0.007887223586284837,Low
0.00010702687633801192,Low
0.9661769891788778,High
0.010441135196136866,Low
0.006568563386472946,Low
0.015643972254650505,Low
0.01111402869059201,Low
0.006488329007640849,Low
0.00629205981689667,Low
0.005907355113583955,Low
0.011476488341411073,Low
0.036923403623851665,Low
0.7873087906277328,High
0.007033468116731975,Low
0.0,Low
0.9921869674826436,High
0.8966776148659734,High
0.0,Low
0.010186634707632649,Low
0.06554977958031373,Low
0.010246239570479708,Low
0.0,Low
0.006748432764759096,Low
0.00980120956678349,Low
0.0,Low
0.0023581417467598655,Low
1.0,High
0.015067040353940521,Low
0.04502320148224065,Low
0.007232942133292398,Low
0.012152040568754532,Low
0.00640459992282002,Low
1.0,High
0.09472477064220183,Low
1.0,High
0.00857262986638919,Low
0.01110150720022385,Low
0.0,Low
0.006174633858896394,Low
0.0,Low
0.020537671250598983,Low
0.8180828394822561,High
0.008491051261105456,Low
0.0007831729693443724,Low
0.0045871559633027525,Low
0.009594106199610788,Low
9.954765545361876e-06,Low
0.011121321214372327,Low
0.006494762947703803,Low
1.0,High
0.011656935871657921,Low
0.0,Low
0.00751213049956295,Low
0.0,Low
0.0,Low
0.008184441629591513,Low
0.00010036085181716781,Low
0.8319522147426981,High
0.9270532983835738,High
3.007387064756693e-05,Low
0.001105247458288235,Low
0.01782320164094745,Low
0.9565585220480086,High
0.010952065760965631,Low
0.0,Low
0.005578558421997831,Low
0.0009174311926605505,Low
0.007584884223176121,Low
0.00017378176423474588,Low
0.00039141001350026294,Low
0.0,Low
0.00663523209580696,Low
0.01358918060596598,Low
0.005154058979357121,Low
0.9629892156476142,High
0.030571388177542916,Low
0.007652890158325785,Low
0.00011828559858321373,Low
0.000476047367079779,Low
0.009743888727378615,Low
0.011340501410347951,Low
0.0015290519877675841,Low
0.007253341730684577,Low
0.0,Low
0.04606219035885146,Low
0.007860056091491702,Low
0.0011018168735384061,Low
0.0063117069376339915,Low
0.0004722072315164598,Low
0.0,Low
0.9530282501827276,High
0.010343397190978569,Low
0.8837214327078253,High
0.006954663054338912,Low
0.010054535681981603,Low
0.826447091198702,High
0.8926623015324994,High
0.8478634099247461,High
0.004750015927624872,Low
0.01771883535126479,Low
1.0,High
0.00360656847552316,Low
0.9390873652341543,High
0.0,Low
0.0,Low
0.009742993400943485,Low
0.9973787680209699,High
0.010571509513726825,Low
0.01582836558714472,Low
0.9998991833854219,High
1.0,High
0.009833799972245936,Low
0.8912249625988117,High
0.007894372771888042,Low
0.02563299084342552,Low
0.9615821402964344,High
0.9908256880733946,High
0.03435334682692417,Low
0.004313006064597448,Low
0.011001500550593379,Low
0.007207570174279282,Low
0.9674173328325912,High
0.8790251564608917,High
0.01590326808529636,Low
1.0,High
0.005995327154140118,Low
0.0,Low
0.0060484927306202665,Low
0.0569468569604546,Low
0.007401432410224764,Low
0.0,Low
0.8751730972514967,High
9.15638969652982e-05,Low
0.004704775346977182,Low
0.9757380856910607,High
0.0030581039755351682,Low
0.01416588343174384,Low
0.0,Low
0.0031773903866238874,Low
0.015312547450345637,Low
1.0,High
0.8797434251842086,High
0.01594845163574173,Low
0.0030842899746140883,Low
0.0,Low
0.05012976977315539,Low
6.149002631773126e-05,Low
0.008569375189328005,Low
0.009849861981616786,Low
0.8510639193782102,High
0.0024464831804281344,Low
0.01057844116781576,Low
1.0,High
0.9709688177949545,High
1.0,High
0.9864629911521359,High
0.0,Low
0.01041393621668851,Low
0.9954128440366973,High
0.0015738274900736306,Low
0.00017378176423474588,Low
0.016257127279017916,Low
0.9581148827796083,High
0.01130455716223376,Low
0.0,Low
0.11232707150138342,Low
0.010521757444907586,Low
1.0,High
1.0,High
0.011147353257246388,Low
1.0,High
0.0,Low
0.0,Low
0.0015290519877675841,Low
0.01056001451103829,Low
0.1370963760359622,Low
0.13325141983398864,Low
0.0,Low
0.010928853086822949,Low
0.0,Low
5.582632517838941e-05,Low
0.9659349060725206,High
0.007551124774180488,Low
0.0,Low
0.9541006230791067,High
0.00928047798516869,Low
0.001008424741588903,Low
0.012257930708734684,Low
0.0,Low
0.015204887869224394,Low
0.0,Low
0.9592288650050189,High
0.9885149179350987,High
1.0,High
0.014898945842494635,Low
1.0,High
0.006480379297889563,Low
0.01161991353491819,Low
0.01758012446581005,Low
0.008608388369243642,Low
0.9784840541721278,High
0.0004259501965923984,Low
0.018877625162306302,Low
0.0006292208205912335,Low
0.8743904525352819,High
0.0,Low
0.0073690865276700174,Low
0.00904869205633692,Low
0.000125675505843911,Low
0.0005946313285762827,Low
0.0071448287522597265,Low
0.01021185809192663,Low
0.005359152895237526,Low
0.005490023915125738,Low
0.0007831729693443724,Low
0.0030581039755351682,Low
0.984195548759769,High
0.009778815222601094,Low
0.9964904616280763,High
0.0076553087864918885,Low
0.0069164762638761305,Low
0.9959132610508757,High
0.01413456986629331,Low
1.0,High
1.0,High
0.0009174311926605505,Low
0.011991017436694808,Low
0.00839638826890091,Low
0.0,Low
0.012136513222379047,Low
0.010797571248817485,Low
0.8932577382593186,High
0.9862385321100917,High
0.008874174377472495,Low
0.0,Low
0.9701671035386632,High
0.07415167390492614,Low
0.01061939966582827,Low
0.0007831729693443724,Low
0.017468806048129826,Low
0.002852007105845858,Low
9.912172624109012e-05,Low
0.009914277308816017,Low
0.0025414518490261134,Low
1.0,High
1.0,High
0.009058731240389025,Low
0.0035539625351310527,Low
0.011283183079440512,Low
0.8755689704636922,High
1.0,High
0.011603520700346481,Low
0.8916528299880718,High
1.0,High
0.001145338277364808,Low
0.0076452599388379195,Low
0.051790851492360845,Low
0.024519913597704147,Low
1.0,High
1.0,High
0.016505166965865018,Low
0.014736955399767758,Low
0.04204892966360857,Low
0.9221523936982985,High
0.984900611620795,High
1.0,High
0.02674044586152961,Low
0.9984709480122324,High
0.005001821231085174,Low
0.014459737819549083,Low
0.9990825688073395,High
1.0,High
0.01192363497376187,Low
0.9911533420707732,High
1.0,High
0.9919724770642202,High
0.001834862385321101,Low
0.020503610700132464,Low
0.009087928150727337,Low
0.007745208671706184,Low
0.0,Low
1.0,High
0.01547216041454512,Low
0.006553079947575361,Low
1.0,High
0.01602352363426566,Low
0.016091316657356074,Low
0.0,Low
0.8267201834862387,High
0.017899789015664566,Low
0.014368870948082887,Low
0.0,Low
0.9423829858591013,High
0.026136425821886047,Low
0.8940083838352467,High
0.019571318472502687,Low
0.01555535653028255,Low
0.05933707040069997,Low
0.00464887648850621,Low
0.013009470442331361,Low
0.010328262062656485,Low
1.0,High
0.050681452128885224,Low
0.14995995340032034,Low
0.015695878914828414,Low
0.012431597952144182,Low
0.892405016655607,High
0.0,Low
0.010222412242446409,Low
0.0064698791004590105,Low
0.9895350291909923,High
0.9977064220183486,High
0.01422340973365525,Low
1.0,High
0.969762996941896,High
0.9954128440366973,High
0.8833142984063606,High
0.010266278597350744,Low
0.0068249442102653116,Low
0.013348527967888598,Low
0.008273453787562675,Low
0.0005302888748155249,Low
0.010382628656180703,Low
1.0,High
0.8760204210700718,High
0.9666444590068445,High
1.0,High
0.006185324860206487,Low
0.012267591464730205,Low
0.010561556973831102,Low
0.009447364857753267,Low
0.9885153336592756,High
1.0,High
0.027152820770139828,Low
0.010985510412115916,Low
0.01313509142196896,Low
0.8741927803751083,High
0.051465824853363644,Low
0.007260531524467377,Low
0.9833726613628453,High
0.012761587663203724,Low
0.018586967175621825,Low
0.0005733944954128441,Low
0.0001863838410570062,Low
0.992984349703184,High
0.015478772165454126,Low
0.013641616061098894,Low
0.9757443372122271,High
0.03066805763765747,Low
0.010100896627241488,Low
0.9963327574566108,High
0.9575042694308751,High
0.013084698353494576,Low
0.03015212060464155,Low
0.012033613411455708,Low
0.008853266062349523,Low
0.0002323244020684735,Low
0.9656229849731551,High
1.0,High
0.003066414040686079,Low
0.006852107853257632,Low
0.0006743014912650709,Low
0.01811300413615676,Low
0.0157596528780575,Low
0.8932126459873015,High
0.010944007726878016,Low
0.9849496630786087,High
0.9070426527016104,High
0.004128440366972477,Low
0.9747871882090184,High
0.010569751974906567,Low
0.012006788633524173,Low
0.012271132076671916,Low
0.011374887420071231,Low
0.00923501552059886,Low
0.01598209788944674,Low
0.08471494102228048,Low
0.009468698098370244,Low
0.012350630542604308,Low
0.0,Low
0.9998361730013107,High
0.010795967345300415,Low
0.9975425950196593,High
1.0,High
0.005621939594995316,Low
0.007346395294584411,Low
0.0,Low
0.00833194546082884,Low
0.006982619340901533,Low
0.00693885894650978,Low
0.9015561576216146,High
0.009428140775481618,Low
0.03277578792026693,Low
0.007686985476541857,Low
0.005494054745247978,Low
0.0,Low
0.9872517892832415,High
0.09260334033969124,Low
0.008374080202159996,Low
0.06815711700580553,Low
0.006225425950196591,Low
8.818034938899889e-05,Low
0.024813511492464035,Low
0.011182185556316346,Low
0.8878296152446291,High
0.012003554250730323,Low
0.9989515072083881,High
0.9988532110091743,High
0.012135907586522441,Low
1.0,High
0.0,Low
1.0,High
0.00780502791782828,Low
0.9545070627639436,High
0.010820697637207298,Low
0.012617029616456693,Low
0.9998956321422823,High
0.003461733163982578,Low
0.03632631168981388,Low
6.035731530661516e-05,Low
0.014643661030868477,Low
0.020738121466644367,Low
0.008658091785954017,Low
0.0001131093107715696,Low
0.0,Low
0.0,Low
0.0012323977598849782,Low
1.0,High
0.01536627099495138,Low
0.0,Low
0.019706660590660403,Low
1.0,High
0.06100490276377773,Low
0.13225351145524464,Low
1.0,High
0.9899397307697916,High
0.02742781143950249,Low
0.009948750428347943,Low
0.0,Low
0.010962551025140457,Low
0.0066689296231106625,Low
0.9951299960261671,High
0.0,Low
0.009543420958592237,Low
0.010485296100221924,Low
1.0,High
0.006745283626425756,Low
0.9844473569244213,High
0.8565573553188233,High
0.014246757919181018,Low
0.012119124890071262,Low
9.67860635903121e-05,Low
0.9866103731356896,High
0.0003618422487678843,Low
0.9988532110091743,High
0.0001427893489521269,Low
0.03640398114853752,Low
0.0018813987501662013,Low
0.9980592190098675,High
0.8617020781258677,High
0.9320872679817636,High
0.0071542779173922036,Low
0.01742588069978147,Low
0.9685069899519441,High
0.009379990626877173,Low
0.013310249814286697,Low
0.9040183907587158,High
0.999788285109386,High
0.010178993855318112,Low
0.009621343155553456,Low
0.9965596330275229,High
0.005720360580973645,Low
0.004687054963422677,Low
0.009924333254938612,Low
0.010099009660019705,Low
0.014287534585699724,Low
0.0,Low
0.0035630267299367486,Low
0.01387012741225835,Low
0.01451105818116517,Low
0.011582398313438817,Low
0.013649560409554581,Low
0.9991972477064219,High
0.060445176103719724,Low
0.00606041793355945,Low
0.9863231099339449,High
0.006676387000068774,Low
0.007317936823545351,Low
0.9979932583837452,High
9.954765545361876e-06,Low
0.009896052355067136,Low
0.9993744787322769,High
0.0,Low
0.0,Low
0.006086387369824675,Low
1.0,High
0.008191291766035056,Low
0.007125570548278605,Low
0.9695222411117239,High
0.019593968216396845,Low
1.0,High
0.009612519476230628,Low
0.011066499508320771,Low
0.9651076152388387,High
0.0076837629344389076,Low
0.014964071291985119,Low
0.005881651010753922,Low
0.00015101287216118456,Low
0.9596997520363002,High
0.021472258628221927,Low
0.0019695228450593524,Low
0.014300305096786915,Low
0.00775509984134301,Low
0.9430903226611448,High
0.0035612148598346675,Low
0.009800923651009154,Low
0.07313652514669687,Low
0.012310749492778944,Low
0.9820470159445938,High
0.013532598974631051,Low
0.8199289752042046,High
0.0371667317638844,Low
0.012156289902770219,Low
0.9987692996196018,High
0.0,Low
0.9899337410805301,High
0.014165570207361665,Low
0.007672884689861472,Low
0.009278973462234469,Low
0.008174471167722436,Low
0.8997451580020387,High
1.0,High
1.0,High
0.008285799379206439,Low
0.011291136921832323,Low
0.017135141719221137,Low
0.10520649213312164,Low
1.0,High
1.0,High
0.0072812265072842944,Low
0.00817746623185164,Low
0.0027876100997893056,Low
0.014217194009202083,Low
0.9545021209370383,High
0.0085606783341119,Low
1.0,High
0.04758578525308435,Low
1.0,High
0.011554068149892655,Low
0.997815640017475,High
0.990094904692925,High
0.159829619921363,Low
0.012605762610263941,Low
0.009283210651623394,Low
1.0,High
0.0073263739893950595,Low
1.0,High
0.007277109076015348,Low
0.9999735610607303,High
0.9850480559196155,High
0.00561714372544094,Low
1.0,High
0.022736117097195193,Low
0.009533210009772058,Low
0.01594396139572037,Low
0.0,Low
1.0,High
0.018534916847823206,Low
0.061954623384492986,Low
0.007694027043586341,Low
1.0,High
0.010321100917431193,Low
0.986160484191615,High
0.998689384010485,High
0.0037435827733109934,Low
1.0,High
0.00782331511591226,Low
0.009420665961728579,Low
0.013992090639445738,Low
7.370982584545709e-05,Low
0.9999656392811738,High
1.0,High
0.010139540666926487,Low
0.011137917549482845,Low
0.030741124450921118,Low
0.010666584004132798,Low
0.011022700240285666,Low
1.0,High
0.9692818437591872,High
0.9885414243490902,High
0.006371116662876227,Low
0.014530570058617884,Low
0.0,Low
0.04662358506422386,Low
0.0009174311926605505,Low
1.0,High
0.9365800621647367,High
0.9863000221364094,High
0.012109931510523546,Low
0.007206747990220911,Low
0.0,Low
0.012999310460438666,Low
0.006494833964917469,Low
0.011319589106744445,Low
0.9909981201265605,High
0.01033135509603096,Low
0.04144457463573744,Low
1.0,High
0.9894897466722536,High
0.0,Low
0.970565749235474,High
0.0,Low
0.9017395736382573,High
1.0,High
0.011848676984778875,Low
0.0057013189726634475,Low
0.9626620066987038,High
0.012714367819818358,Low
0.8801808115566404,High
1.0,High
0.01748114982097507,Low
0.00010659266429207182,Low
1.0,High
0.978240133974079,High
1.0,High
0.006639216990044127,Low
0.008128714747747519,Low
0.9747815640017474,High
0.0,Low
0.009491702937034052,Low
0.002071718261274721,Low
0.0004884408988955243,Low
0.013565052898802039,Low
0.0,Low
0.00651970334399718,Low
0.01679493913318569,Low
0.01098369011213048,Low
0.010339966547224402,Low
9.954765545361876e-06,Low
0.015573643742286909,Low
0.9992354740061162,High
0.01070978386995769,Low
1.0,High
1.0,High
0.010675659241404378,Low
5.030854204295827e-05,Low
0.020489296636085626,Low
0.018233414063191136,Low
0.003494975972040192,Low
0.011905429603030745,Low
0.014836337764087121,Low
0.010074708309560367,Low
0.002411197365325806,Low
0.03791752251446335,Low
0.8772617787375799,High
0.018716986377536837,Low
1.0,High
0.011226364346943508,Low
6.456376510848987e-05,Low
0.0021314288126598156,Low
1.0,High
0.00786922099910618,Low
1.0,High
0.0013853699507142894,Low
0.006869354549641142,Low
0.0,Low
0.022285841786148345,Low
0.9310942645518133,High
0.010554811807914788,Low
0.008028726393966606,Low
0.0,Low
0.010697324219629479,Low
0.006917870749227876,Low
0.007470071345622123,Low
0.0009074418018437265,Low
0.0,Low
0.008018311159965012,Low
0.005887741418521635,Low
0.019242072641558944,Low
0.0507351211479652,Low
0.0027011151475906203,Low
0.010380715478474415,Low
0.0,Low
0.8829886320566259,High
0.03204245942474852,Low
0.9900611620795107,High
0.005826519884455828,Low
0.005483505847932301,Low
0.9999195235795911,High
0.8749822107684276,High
0.0,Low
0.028581686021967954,Low
0.004757629453618368,Low
0.012707831229109966,Low
0.9975176625296941,High
0.0148982686918381,Low
0.9994266055045872,High
0.006482260177499696,Low
0.9998991833854219,High
0.822227711355347,High
0.08483247944715835,Low
0.009020323391400166,Low
0.00010659266429207182,Low
0.003943693157254574,Low
0.0,Low
0.020795107033639144,Low
0.0063413059191142745,Low
0.0006599062270652136,Low
0.054632084594660305,Low
0.01038131515811433,Low
0.008304451953696513,Low
0.010596563914427006,Low
0.008927950180252874,Low
0.007403528012267424,Low
0.01469935242701825,Low
0.93998166649812,High
0.017540083620027087,Low
0.0045871559633027525,Low
8.722362349426607e-05,Low
0.9942396161066018,High
0.06047477836468662,Low
0.0,Low
0.01003110341184128,Low
0.012507848443323711,Low
0.8960727722484974,High
0.00971803930009497,Low
0.9209534731323723,High
0.0006100941795230151,Low
0.0,Low
0.00520070996825206,Low
0.00021090372245070126,Low
0.003421627440394913,Low
0.0,Low
0.004726160689463441,Low
0.741619478890121,High
0.014722637132964962,Low
0.8273166584333503,High
0.9424329501915708,High
1.0,High
0.0,Low
0.9954128440366973,High
0.976913954074746,High
0.019877675840978597,Low
0.03161288663190825,Low
0.0,Low
0.01678515215228851,Low
0.07907409793764499,Low
0.0065067101194185625,Low
0.006825569086049876,Low
0.03627415258888633,Low
0.00714933239829431,Low
0.01675680358585433,Low
1.0,High
1.0,High
0.9998991833854219,High
0.00687243120254949,Low
0.9927370030581041,High
0.0,Low
0.0066130881337461,Low
0.756576843776633,High
0.007180222998457518,Low
0.0007926655511282942,Low
0.008233320287799719,Low
0.9258376915653004,High
0.007573079257203963,Low
0.9679234979434044,High
0.10099290138415881,Low
1.0,High
0.024595510108558996,Low
1.0,High
0.009858123809341562,Low
0.9874624356275732,High
0.00662617577758991,Low
0.00652034759226878,Low
3.288283844661471e-05,Low
0.0,Low
0.0,Low
0.0067341775905104765,Low
0.9527766194050599,High
0.0014477200674760753,Low
0.05265994326216843,Low
0.0,Low
0.007265245547760388,Low
0.022288911552403416,Low
0.014559625557695074,Low
0.0,Low
0.012211829622892804,Low
0.031510207269680575,Low
1.0,High
0.9963302752293578,High
0.00020850708924103421,Low
0.007668723479426395,Low
1.0,High
0.009859856344515918,Low
0.008552798642711114,Low
0.011095881925729984,Low
0.011338786226423252,Low
0.003371385311139667,Low
0.0,Low
1.0,High
0.01060101983148788,Low
0.011218221088863113,Low
0.012433021098451371,Low
0.9767661349614806,High
0.028509538371923694,Low
1.0,High
0.9463147580900007,High
1.0,High
0.0,Low
0.001834862385321101,Low
0.9116472429950574,High
0.0,Low
0.8609916625258026,High
0.985218667672796,High
0.0,Low
0.00046227101781990554,Low
0.009467033140138194,Low
0.0028669724770642203,Low
0.9954128440366973,High
0.0243665734770966,Low
0.013235459199900308,Low
0.013206075126082498,Low
1.0,High
0.9635200843494065,High
0.0015290519877675841,Low
0.010314064056423175,Low
0.012260972000961308,Low
0.005828429037777107,Low
0.0,Low
0.8896825864555443,High
0.0061978499639593594,Low
0.00548044890918002,Low
0.011346512914390252,Low
0.0012330167612795608,Low
0.021216595037578147,Low
0.003720427000032707,Low
0.0010089950896258488,Low
0.0,Low
0.02515017869093177,Low
0.95528302750274,High
0.002676264150392534,Low
0.8984502397276286,High
0.006355561701324489,Low
0.9673110528615115,High
0.012237520394738062,Low
0.006253414155713056,Low
0.016780832789418398,Low
0.8875015390398563,High
0.8760107629373686,High
0.9956598447424136,High
0.004690872508694458,Low
0.006610969912548523,Low
0.0058115926892217725,Low
0.9660841706713266,High
0.0066804701628329416,Low
0.0,Low
0.007725390503964449,Low
0.010242110287200934,Low
0.8492620833912449,High
0.5973118055742591,High
0.010886708952581389,Low
0.005996178624944807,Low
0.0,Low
0.8991640304812213,High
0.011955399680033426,Low
0.0,Low
0.009703454944602147,Low
0.0,Low
0.024061352729559362,Low
1.0,High
0.01686735474006116,Low
0.005677345432329383,Low
1.0,High
0.9148510001721012,High
0.006142601127550816,Low
0.0,Low
0.9697873227689742,High
1.0,High
0.959709480122324,High
0.9734279889325759,High
0.010756498957664553,Low
1.0,High
0.9927134791813692,High
0.009271119218878172,Low
0.024345756371013168,Low
0.008288802803602974,Low
0.027574683438265406,Low
0.8907687783171703,High
0.007387715483219464,Low
0.015732852774137177,Low
0.9902868682927657,High
0.012327389596877788,Low
0.0,Low
0.012960095660537794,Low
0.013462881807921946,Low
0.009939653825877054,Low
0.06275643948560838,Low
0.011460222862427268,Low
1.0,High
0.9999656392811738,High
0.011219412680674225,Low
0.9881235219529744,High
0.9853666679161474,High
1.0,High
0.017572655167247386,Low
0.006590631221586237,Low
0.000655307994757536,Low
0.0,Low
0.00026888254727035785,Low
0.017116384291542202,Low
0.013482826764128989,Low
0.0,Low
0.0,Low
1.0,High
0.022517563351570895,Low
0.010114332271728553,Low
0.9065033142229199,High
0.9963302752293578,High
0.008333333333333333,Low
1.0,High
0.0,Low
0.010648349283738482,Low
0.9988568516091452,High
0.009699297775708637,Low
0.005490557698129467,Low
0.01361234104298448,Low
0.006074597082926062,Low
0.010661671597285592,Low
0.009136706344198938,Low
0.015991596193998824,Low
0.009835370899925774,Low
0.02871377760102788,Low
0.3188382845492938,Medium
0.006469842902103954,Low
0.13315440855241178,Low
0.9919618741777153,High
0.9981651376146788,High
0.0,Low
1.0,High
0.003524290509916425,Low
0.010041942871374478,Low
0.010061729929572648,Low
0.9999288813028946,High
0.995158002038736,High
0.0,Low
0.9828536817627386,High
0.9891437308868503,High
0.005735003721455163,Low
0.0,Low
0.0072015779237148796,Low
0.0,Low
0.9689893901807539,High
0.01151009248354235,Low
0.0,Low
0.0,Low
0.0061569907637551305,Low
0.0066622979467016175,Low
0.007731667303771662,Low
0.01440399810156356,Low
0.0065592125336524955,Low
0.003537454804629385,Low
0.0001075538285943566,Low
0.9984709480122325,High
0.9929604528509106,High
0.9833726613628453,High
0.005985655690328512,Low
0.02444654380313144,Low
0.0,Low
0.3161223271878365,Medium
0.043334226935144354,Low
0.004670753403592253,Low
0.0001131093107715696,Low
0.014224334292830917,Low
0.0071016551171428485,Low
0.04802643814644181,Low
0.001889860774081529,Low
0.019606302636206,Low
0.004077471967380224,Low
0.0075090461600940805,Low
0.0,Low
0.026620328741119755,Low
0.9353158227421791,High
0.010791849905064984,Low
0.9963302752293579,High
0.9996293506816982,High
0.00015889986516393677,Low
0.006401753782329885,Low
0.9366808650065531,High
0.9904070190767439,High
0.012458872176773956,Low
0.013141495130162155,Low
0.9973787680209699,High
0.010520613198712498,Low
0.99021835614905,High
0.017757308916978673,Low
0.8710547658537086,High
0.005875051691989388,Low
0.0030581039755351682,Low
0.9781910444392804,High
0.013193534294451723,Low
0.009102647691645569,Low
0.012002858976997856,Low
0.9713531718240258,High
0.0,Low
0.01625812327694959,Low
0.9767038007863695,High
0.9988532110091743,High
0.01483344835721267,Low
0.007119425795578008,Low
0.0,Low
0.011808881836213782,Low
0.9472567265834254,High
0.00027730364177467297,Low
0.9556829765545362,High
0.0059772886735930675,Low
0.8046191715086057,High
0.012731464264152517,Low
0.007897567935381279,Low
0.0,Low
0.005440876656472987,Low
0.01797969744943642,Low
0.0063973388767326785,Low
0.006164569469704693,Low
0.0,Low
0.023491760420313805,Low
0.0,Low
0.005766543585520523,Low
0.00780177542583149,Low
0.011147362258367096,Low
0.011466248136380076,Low
0.0,Low
0.00741637412955325,Low
0.1624025312098706,Low
0.0,Low
0.007891201249623612,Low
0.006412284226763993,Low
0.00951125906264769,Low
0.004598187700220427,Low
0.011420410045806165,Low
0.0115351440813103,Low
0.006314103646718146,Low
0.007160001232004296,Low
0.028432306842941072,Low
0.8929497046975203,High
0.006814488498330534,Low
0.01035786207366079,Low
5.4926882832643757e-05,Low
0.012650742711818824,Low
0.01799196743555292,Low
0.00022165427662708317,Low
0.007813506796354822,Low
0.9861373448461953,High
0.9880733944954129,High
1.7425703596343558e-05,Low
0.7498261302250355,High
0.9860348224857335,High
0.009241991631497564,Low
0.009588452533030922,Low
0.006248424966798469,Low
0.005990842203159565,Low
0.0,Low
0.9969418960244647,High
0.006750085344332459,Low
0.006419616855354282,Low
0.02021757490370369,Low
3.288283844661471e-05,Low
0.00939643682701086,Low
1.0,High
0.011097310101310072,Low
0.01598787800586211,Low
0.008044660292705263,Low
0.9673839300659675,High
0.005639704722808093,Low
0.0001131093107715696,Low
0.014475343217311119,Low
0.0,Low
0.009471575758320633,Low
0.007651833579107445,Low
0.0,Low
0.011646923025501958,Low
0.0,Low
0.9200334273318268,High
0.0065419511343315995,Low
0.01390156817323582,Low
0.9936653560506772,High
0.01224668121645655,Low
0.013395587592835299,Low
1.0,High
0.011498836115384934,Low
0.05079771969950059,Low
0.005438877273531664,Low
0.010699323704947328,Low
1.0,High
0.002621231979030144,Low
0.04089485947284114,Low
0.001245480504228211,Low
0.012323705238393544,Low
0.007297600957726224,Low
1.0,High
0.0,Low
0.013567350493315644,Low
0.3948849559048852,Medium
0.008281511590425625,Low
1.0,High
0.011484048066821568,Low
0.011460685304359172,Low
0.9607870977137032,High
1.0,High
0.007536041939711664,Low
0.9569364118766676,High
1.0,High
0.9900611620795108,High
0.009167031219967823,Low
0.010434696621599841,Low
0.04711142556363279,Low
0.009207194765052119,Low
0.011301883681105213,Low
0.0027343467583789078,Low
0.9856487549148101,High
0.004577166572485927,Low
0.006679424630819114,Low
0.9278833551769331,High
0.0,Low
0.009449845697751843,Low
5.368194433075378e-05,Low
0.007227850531257263,Low
0.9479997152969012,High
0.9899397307697916,High
0.0,Low
0.015793122950082925,Low
0.40746925093255365,Medium
0.0157261648957702,Low
1.0,High
0.8347727512390594,High
0.09340926842819598,Low
0.010550458715596329,Low
0.0065977511478118875,Low
0.0001075538285943566,Low
0.0006913638470018383,Low
0.006767868522399196,Low
0.010459551940765142,Low
0.8627737625636476,High
0.01605504587155963,Low
0.4576010421533187,Medium
4.587155963302752e-05,Low
0.0007645259938837921,Low
0.01920779344682969,Low
0.0010514582778647725,Low
0.0,Low
0.014269689633000352,Low
0.012537741498521363,Low
0.9992354740061162,High
0.9806574923547401,High
0.006248828399199847,Low
0.46816669431961333,Medium
0.011831202633797276,Low
0.011245006618427745,Low
0.005753201972553219,Low
0.019312362695257292,Low
1.0,High
0.0001529051987767584,Low
0.97433377020533,High
0.010211925990013986,Low
0.9313591318667467,High
0.014298727007540613,Low
0.005757716746266773,Low
0.011276199691740048,Low
0.01070361130546563,Low
0.010756413805381242,Low
0.02617475191431128,Low
0.9961984135488358,High
0.8901940326778638,High
0.00125338165511776,Low
0.006368530110950885,Low
0.014121148125957156,Low
0.9992354740061162,High
0.008473308656701407,Low
0.0,Low
0.9998991833854219,High
0.0003607064774710866,Low
0.0,Low
0.07235773148753208,Low
0.006199020034266371,Low
0.9432175622542596,High
0.03815003075565809,Low
0.011674009423905283,Low
0.01663663449462981,Low
0.9520951652832389,High
0.06776048948623746,Low
0.006224960120076591,Low
0.0,Low
1.0,High
0.00915843984814899,Low
0.026706095689708678,Low
0.7784001626274266,High
0.013593838405400956,Low
0.9523700305810398,High
0.9788189306500937,High
7.470938050981681e-06,Low
0.002703368297380362,Low
0.0,Low
0.002022294564466805,Low
0.011968878010864005,Low
1.0,High
0.021113889797304376,Low
1.0,High
0.005699767244773164,Low
0.9890822364047334,High
0.0,Low
3.288283844661471e-05,Low
0.05088338956784064,Low
0.05475190381963183,Low
0.0022935779816513763,Low
0.005880793696101296,Low
0.032764443371919784,Low
0.025144159998242342,Low
0.9995829858215179,High
0.9433103975535166,High
0.0,Low
0.0,Low
0.10722974225000842,Low
0.00937129365871438,Low
0.0072149631998812535,Low
0.006695251935014068,Low
0.02888847280216569,Low
0.0,Low
0.8281052518873471,High
0.006857573857209126,Low
1.0,High
0.980340760157274,High
0.011007899360976452,Low
0.005914038217108817,Low
0.006514046226170088,Low
0.002876073976991408,Low
0.7930174565495666,High
0.0017760098114169216,Low
0.005465382900324642,Low
0.9766309887869521,High
0.011442388406590646,Low
0.012511407298407638,Low
0.9926168632590651,High
0.009513012370791156,Low
0.011552793702705434,Low
0.009735036696933555,Low
0.011069712918730927,Low
0.011863538397373795,Low
0.0,Low
0.011994006730901192,Low
0.9884301732925588,High
0.007417829203757073,Low
0.012472173363072108,Low
0.01583793033133951,Low
0.007582530476763846,Low
0.007340990131155078,Low
0.999356523118617,High
0.009115033595501684,Low
0.00577315141535325,Low
0.9812691131498471,High
0.010484927916120577,Low
0.006114881380116343,Low
0.12960353866317165,Low
0.009517713855112573,Low
1.0,High
0.007390063964394035,Low
0.0024574049803407602,Low
0.019785581612466335,Low
1.0,High
0.022403016976670645,Low
0.025534751623477594,Low
3.772588065647394e-05,Low
0.013880290472060842,Low
0.8464998671228752,High
0.9011395720546884,High
1.0,High
0.019670358431826324,Low
0.021428493968997576,Low
0.9961920724535404,High
0.00010240823730407537,Low
1.0,High
0.0,Low
0.010735093727119598,Low
0.004640498460986762,Low
0.0019723510249129235,Low
0.006417866736494915,Low
0.0236128539515227,Low
0.010609119919880384,Low
0.9831695063346441,High
0.9973241590214067,High
0.010206422018348624,Low
0.9778888065160303,High
0.0,Low
0.014747063056288609,Low
0.013290737008177426,Low
0.043491737850030486,Low
0.011016318874729227,Low
0.0019161537568226686,Low
1.0,High
0.013608157240835165,Low
0.008717558256509274,Low
0.006164323846146816,Low
0.0002753968444766692,Low
0.0007682994475893537,Low
0.8620780703643398,High
0.011043664037476569,Low
1.0,High
0.01180206256785922,Low
1.0,High
0.007961251534489613,Low
0.0,Low
0.011981160747501352,Low
0.03193123496476368,Low
0.0007645259938837921,Low
0.008759065111088697,Low
0.9925933234401304,High
0.9907378093586442,High
0.0033279366792588593,Low
0.0016364012061668694,Low
0.013419740698267076,Low
0.0063033968388039475,Low
0.012889885597456338,Low
0.014993585864386873,Low
1.0,High
0.030503939110431463,Low
0.009764957003775533,Low
0.009753318452285721,Low
0.006642990153286436,Low
0.03729209188354632,Low
0.9963302752293578,High
0.007423833646693867,Low
0.01390383419686932,Low
0.010229269738963933,Low
0.005809493448317521,Low
0.003450321738022426,Low
0.9683267802533859,High
0.0024464831804281344,Low
1.0,High
0.018270281875730873,Low
0.003412714326735582,Low
0.9055446618994973,High
0.0,Low
0.015200070239657826,Low
1.0,High
0.007177472689126646,Low
0.018736841425780335,Low
0.8948086645062544,High
0.011044381076943187,Low
0.007905334276653684,Low
0.011947940116057792,Low
1.0,High
0.8980522169113742,High
0.31824185393075677,Medium
0.006622359520142058,Low
0.0010631043603163111,Low
0.0064474308115254515,Low
0.005809701674568577,Low
0.0,Low
0.9870540265035679,High
0.007561781970165953,Low
0.01452643624006436,Low
0.008592312164287526,Low
0.007445183267195935,Low
0.02680297831272083,Low
0.0033311489733508083,Low
0.010780279625122253,Low
0.014487446354688663,Low
0.01790262401929703,Low
0.9992354740061162,High
0.002424468830654781,Low
0.010300499251807687,Low
0.003988529420075457,Low
0.009011149253676931,Low
1.0,High
0.9772845860381468,High
0.0014292524868461723,Low
0.014509492674152698,Low
0.006170823363468725,Low
0.019516651015297346,Low
0.006001651181455355,Low
0.04949151031854755,Low
0.00646658435338852,Low
0.01074190026036204,Low
0.00436871996505024,Low
0.007355674689167265,Low
1.0,High
0.0,Low
0.024802597279377926,Low
0.994954128440367,High
0.0,Low
0.01318313449440916,Low
0.010998286750682235,Low
0.9380087260531367,High
0.0,Low
0.012468359871751286,Low
1.0,High
0.9059178007716059,High
1.0,High
0.04822597957129274,Low
0.15101826418175124,Low
0.00996199469620508,Low
1.0,High
0.006564148093994914,Low
0.02666921508664628,Low
1.0,High
0.07490109703412455,Low
0.8068650257758436,High
0.009519065190768793,Low
0.03592482708143076,Low
0.010285429565403936,Low
0.9570409203436727,High
0.9990825688073395,High
0.5760756151488343,High
0.0,Low
0.007043912498178197,Low
0.012405782464520345,Low
0.06554672656455758,Low
0.010561437756285957,Low
1.0,High
0.010185087884515798,Low
0.9965596330275229,High
1.0,High
0.138822365198512,Low
0.9806505421184321,High
0.992737003058104,High
0.9417700987372835,High
0.010687217457725317,Low
0.9906467564578048,High
0.01760574477968575,Low
0.003333171528890183,Low
0.017405187531604378,Low
0.8202192303109734,High
0.014340275135049766,Low
0.027941883286440143,Low
0.014404274707909427,Low
0.9358180428134556,High
1.0,High
0.011027708275414697,Low
0.7167750572567085,High
0.8872136578792914,High
0.007168049686888263,Low
0.009715721936268568,Low
0.01679534748566302,Low
1.0,High
0.963651487949287,High
0.010338638781552046,Low
0.9341173055487269,High
0.015421426196166765,Low
0.1453263835916296,Low
0.8998615060409412,High
0.00992135737468008,Low
1.0,High
1.0,High
0.012306480821705013,Low
0.01584617536027999,Low
0.011805112492806549,Low
0.8834450032305043,High
0.0001146594153784491,Low
0.009375040120609015,Low
0.006595050796662629,Low
1.0,High
0.9967234600262123,High
0.01897556077834241,Low
0.012243775815422004,Low
0.019344294602930467,Low
0.010609646759516847,Low
0.00309450997524392,Low
0.011568688910067787,Low
1.0,High
0.007256631405502014,Low
1.0,High
0.0380202243957544,Low
0.9495541725397264,High
0.015663681374690548,Low
0.01677996998185381,Low
0.9914820335428873,High
0.0,Low
0.0073699299851963124,Low
0.04700108298590517,Low
0.037621628663986245,Low
0.06892201834862385,Low
0.006420815974865361,Low
0.01228137631246322,Low
0.011484588022829997,Low
0.00045871559633027525,Low
0.05811406992599652,Low
0.015505504542227712,Low
1.0,High
0.00347276924331759,Low
0.9954128440366973,High
0.012914300551321083,Low
0.016564430932587193,Low
0.009508699722622726,Low
0.011771701693477186,Low
0.010924078978881695,Low
0.008268083952922976,Low
0.0,Low
0.011746931376124103,Low
0.0,Low
0.9999656392811738,High
1.0,High
0.03970160598016043,Low
0.012109581603362356,Low
0.00989948994709826,Low
0.011927276736696904,Low
0.016636365131773353,Low
0.011830499196049374,Low
0.012323400146505077,Low
0.015127088590203439,Low
0.009836372273527096,Low
0.011143806174047104,Low
0.0,Low
0.9938837920489297,High
0.009875168186123438,Low
0.01302910064300036,Low
0.011027649712531307,Low
0.9455314321818721,High
0.023274533236901818,Low
0.9497415377065853,High
0.007902238758226496,Low
0.010471682514668913,Low
0.0031895549636839758,Low
0.9994227510542573,High
1.0,High
1.0,High
0.9831804281345566,High
0.8420238459767948,High
0.9957743932751841,High
0.0020878893265133896,Low
0.8836961804921079,High
0.011699682347057767,Low
0.0,Low
0.971355331123275,High
0.0,Low
0.909490213366094,High
1.0,High
0.0,Low
0.01248366210000857,Low
0.005869228732104006,Low
1.0,High
0.009105866677752145,Low
0.03301855495105781,Low
0.017183443571292773,Low
0.0006116207951070336,Low
0.006406587462850377,Low
0.0076711285261356725,Low
0.9937872761933996,High
0.9900356836180091,High
0.010953404079683112,Low
0.0011608200598198317,Low
0.010497396910835658,Low
0.012831011285910325,Low
0.010454464349773766,Low
0.0038698101402054735,Low
0.018698455285827205,Low
1.0,High
0.013164166092888067,Low
0.004469876761808415,Low
0.021319275969871324,Low
0.03226527971312823,Low
0.8963483602228127,High
0.01596057790903481,Low
0.009235349242694054,Low
0.9866367776430218,High
0.8287896155319435,High
0.011145493986219484,Low
0.0580220620358235,Low
0.012592495675449338,Low
0.01588045982485678,Low
0.015944260557198487,Low
0.0111748388560846,Low
0.015676325688842006,Low
0.011257726740005474,Low
0.031357258957474196,Low
0.012441731241391004,Low
0.0,Low
0.013295883248585104,Low
0.010242144391337422,Low
0.968169112374161,High
0.005426236797015637,Low
0.009920164953978534,Low
0.0001292156609381057,Low
0.0,Low
0.008579824154802436,Low
0.007433232258501055,Low
0.011935930059476137,Low
0.993993010048056,High
0.014645602290943891,Low
0.008471598672652743,Low
0.9953120274221192,High
0.8952622128104278,High
0.011021192817050877,Low
0.019725550770767025,Low
1.0,High
0.013377128438727279,Low
1.0,High
0.9752675840978594,High
0.0011917611081129701,Low
0.0512650717860703,Low
0.9521887505049556,High
0.01032467479649175,Low
0.007598291529718451,Low
0.010123263050592843,Low
1.0,High
1.0,High
0.08492487224508811,Low
0.959517762822143,High
0.012799519521732106,Low
0.014461450031761726,Low
0.011551041884126527,Low
0.018779982764352984,Low
0.016167717259271196,Low
1.0,High
0.008910175738588383,Low
1.0,High
0.007689273256909978,Low
0.011553713408160858,Low
0.0037224878321919282,Low
0.016765419984652002,Low
0.0003560886766049097,Low
0.011340748491641248,Low
0.006867172510397756,Low
5.350409867346472e-05,Low
0.000109217999126256,Low
0.7692915082424094,High
0.030150081100178108,Low
0.060895596765071794,Low
0.883846427949418,High
1.0,High
0.02623378825972451,Low
1.0,High
0.027104175598959182,Low
0.0,Low
0.011037532490053101,Low
0.9259389557708387,High
0.8756230390404701,High
0.00016005434858241323,Low
0.010285032410559366,Low
0.02383193521906977,Low
0.9914231747744969,High
0.012712521946418623,Low
0.01251046213225046,Low
0.0,Low
1.0,High
0.006001532313740458,Low
0.009406744701809749,Low
0.002475607980195136,Low
0.011885748404629791,Low
0.00010773225945693069,Low
0.9430972303708904,High
0.7330438281760749,High
0.0036102616377845734,Low
0.007425085163447969,Low
0.004715991231755438,Low
0.009290597671155686,Low
0.011213856626663027,Low
0.0002698327037236913,Low
6.268069615803718e-05,Low
0.0058587768127339465,Low
0.9186544342507644,High
0.0075402578939652975,Low
0.0015290519877675841,Low
0.915752876073977,High
0.9670306808231708,High
0.008696084075337953,Low
0.024166895324383573,Low
0.9641720405699534,High
0.008591241432440116,Low
0.0,Low
0.05619308061968612,Low
0.008638031937727943,Low
0.018294868119266054,Low
0.006354197051991737,Low
0.0007513951270604142,Low
0.00888196407515803,Low
0.9486493374108054,High
0.0,Low
0.9984709480122324,High
6.563498198684382e-05,Low
0.031070551721083015,Low
0.023358313431925265,Low
0.01517814606964092,Low
0.014090227008817314,Low
0.009859737227227479,Low
0.009571340778650206,Low
0.0007230052331151196,Low
0.013595187364993528,Low
3.770640968800412e-05,Low
1.0,High
0.01602740205802421,Low
0.14576330532212883,Low
0.02423822929879373,Low
0.009798826672120873,Low
0.0,Low
0.0022280471821756226,Low
0.022778476078013594,Low
0.012361025704922151,Low
0.962937791034667,High
0.9069028066771099,High
1.0,High
0.9438175532630774,High
0.01034295911357095,Low
0.000125675505843911,Low
0.8968612864874301,High
0.011022877213242287,Low
0.00981664424830766,Low
0.006310713119365302,Low
0.951905854084753,High
0.020204995980487337,Low
0.0007831729693443724,Low
0.8856497950862301,High
0.014045082847092744,Low
0.0004078345676035533,Low
0.020597335305634137,Low
0.006410841077352598,Low
0.0038548405069175774,Low
0.9769003931847969,High
3.258441599424048e-05,Low
0.0010931832184437565,Low
0.8544524395374368,High
0.011364867378426945,Low
0.9870694352352952,High
0.009415770164934457,Low
0.012807841350240136,Low
0.010932348528630237,Low
0.013066873606878839,Low
0.012707388366795278,Low
0.018312526018669284,Low
1.0,High
0.01071224488430688,Low
0.010330596506595445,Low
0.011189219482140477,Low
0.01256815457622613,Low
0.010910209503010299,Low
0.008011488952767635,Low
1.0,High
0.013028745570987234,Low
0.008404528716263708,Low
0.003381944186507199,Low
0.011049861108591902,Low
1.0,High
0.01097757376217348,Low
0.022483472994449145,Low
0.007427680012105748,Low
0.002387644608562796,Low
0.006014460889995062,Low
0.01075210871770727,Low
0.0,Low
0.009020714035772566,Low
0.04382423163885237,Low
0.007729670054874191,Low
0.009704329968197633,Low
0.9699327894257828,High
0.9563564875491481,High
0.0028218406102854584,Low
0.8865266816643628,High
0.1276973536147848,Low
0.011160280331616442,Low
0.008584578540038154,Low
0.08053151237945264,Low
0.052213477337122845,Low
0.0,Low
0.010152829091821334,Low
0.00614272226079962,Low
0.9678838405902627,High
0.01131976318384653,Low
0.0343784345775835,Low
0.9510491080051053,High
0.046719275708450844,Low
0.0010165529189016408,Low
0.9591306247269551,High
0.011008082238567921,Low
0.00606596368732482,Low
0.8853662142192278,High
0.01448018360322654,Low
0.006942395586129894,Low
0.011440046241632548,Low
0.009234853230210512,Low
0.016940907237574854,Low
1.0,High
0.0069092193904417,Low
0.0001160862439906681,Low
0.9923843413152876,High
0.9031169123028733,High
9.954765545361876e-06,Low
0.008590544389859778,Low
0.01398861111240223,Low
0.9854475671769383,High
0.9914353230866992,High
0.014348249149518684,Low
0.00023910977166968151,Low
0.003803759640712313,Low
0.0031267994479419825,Low
0.009828645819392131,Low
0.0,Low
0.006279465344913105,Low
0.00010544534901928527,Low
0.9418443783804288,High
0.009521762246688447,Low
0.9453263332068627,High
0.02619537547246885,Low
1.0,High
0.010529266369678804,Low
0.9604353525793654,High
0.9832951070336392,High
0.225162753271402,Medium
0.018649531191728724,Low
0.011062866472964247,Low
0.03641684619753699,Low
0.0049148099606815205,Low
0.0070003300827354,Low
0.009280933219691848,Low
0.010031957883968047,Low
0.010689924231811554,Low
0.0007645259938837921,Low
0.0001146594153784491,Low
0.012675660668543538,Low
0.008568657507537452,Low
0.8473093104425702,High
0.012186051699542257,Low
0.0,Low
0.005959899505413086,Low
4.2837603991976594e-05,Low
0.014659121709996571,Low
0.9942660550458715,High
0.0008377078938330962,Low
0.9766601539721107,High
0.02009965359927244,Low
0.00375268913675777,Low
0.9722043731191745,High
0.0,Low
0.017267288202287227,Low
0.0011096407251614114,Low
0.02017797757446912,Low
0.01675264474501019,Low
0.9081705465060642,High
0.004653394851097228,Low
0.007372574169672911,Low
0.995164759316133,High
0.0,Low
0.9933486238532111,High
0.006465112032685299,Low
0.49026552912818416,Medium
0.004227144303835818,Low
0.012595800597775717,Low
0.0,Low
0.012812878774357994,Low
0.014914033614640625,Low
1.0,High
0.0042867394995853405,Low
0.027290224797467677,Low
0.007557526144662461,Low
0.007682997736532668,Low
0.007064890630370411,Low
0.006848675129262546,Low
0.0005733944954128441,Low
0.0,Low
0.005605235765371844,Low
0.011345855311201612,Low
0.9862385321100917,High
1.0,High
0.01195826864283508,Low
0.878529031336258,High
0.007563632511400008,Low
1.0,High
0.007095258253965382,Low
0.008610063065362791,Low
0.014946016973779466,Low
0.9988645097269518,High
0.9083708538857393,High
0.014162150126339965,Low
0.97071665964234,High
0.06129476050696634,Low
0.943931119848551,High
0.007364933741080529,Low
9.954765545361876e-06,Low
0.03326822997002796,Low
0.008647785208146946,Low
0.010264686488794654,Low
0.9664356664925751,High
0.009642399432139792,Low
0.011380739696588418,Low
0.04848102684918367,Low
0.01109798342356296,Low
0.0,Low
0.8272117191057015,High
0.0071726007898780305,Low
0.007679951514688816,Low
0.9868815959547682,High
0.0,Low
0.009174311926605505,Low
0.8462206423148468,High
0.0010217204082254698,Low
0.010053493142035602,Low
0.0,Low
0.05364687249373808,Low
0.006855600643426608,Low
0.0051147375332936,Low
1.0,High
1.0,High
0.9688190902396554,High
0.028560076207219176,Low
0.007660862510141671,Low
0.9935439572709117,High
0.9468666184221546,High
9.912172624109012e-05,Low
0.01020366908359155,Low
0.019809967219259265,Low
0.9884705880036985,High
0.012025620189299648,Low
0.001310615989515072,Low
0.009267496415499383,Low
0.04149379273067431,Low
0.011089339023018976,Low
0.009843402340027712,Low
0.05382760530187583,Low
0.005976959519086302,Low
0.006763839670068649,Low
0.000509683995922528,Low
0.014398060971268884,Low
0.018310424136359922,Low
0.008132205062590481,Low
0.013723931493319873,Low
9.954765545361876e-06,Low
0.05405925180400511,Low
0.012148677559652243,Low
0.0053372885019267405,Low
0.01797260372601714,Low
0.0025475134401576464,Low
0.012999630865114329,Low
0.0,Low
0.009842325791958349,Low
0.0019785599878167945,Low
0.007498514736257365,Low
0.009854992135897488,Low
0.9798776366558302,High
0.00015651859613611746,Low
0.03188066136785793,Low
0.0006405784326577535,Low
0.0001709138778824333,Low
1.0,High
0.016483849194492542,Low
1.758730458579907e-05,Low
0.9811624649859944,High
1.0,High
0.007067738101378438,Low
0.0007831729693443724,Low
0.016282291115188103,Low
1.0,High
0.010603782298112456,Low
0.02007406564803784,Low
0.9886517534453315,High
0.0001239771881973717,Low
0.00028305340731686276,Low
0.01136475394008075,Low
0.00012084788735760339,Low
0.001539006753312946,Low
0.006585628594365575,Low
0.09583614270470663,Low
0.012277757366619369,Low
0.015459614803122782,Low
0.027626716748577636,Low
0.00785902822732986,Low
0.9909749526722003,High
0.010764465410704405,Low
0.013003527234944098,Low
0.9991643553090107,High
0.01375099438521856,Low
0.9999735610607303,High
0.015172066431504493,Low
0.9960681520314547,High
0.0,Low
0.9887255307486135,High
0.09074672731026026,Low
0.010332777976236579,Low
0.13784212881556643,Low
0.0036605531409143787,Low
0.9152451656664599,High
0.9316971567650916,High
0.007881423251880596,Low
0.008601303281544624,Low
0.0001292156609381057,Low
1.0,High
0.0,Low
0.00607253369034243,Low
0.030424914025831456,Low
0.15057932816848868,Low
0.009779890798569203,Low
0.01221657576626062,Low
0.011451719739501938,Low
0.013338258294624109,Low
0.006489884440109659,Low
0.010939720727078588,Low
0.0002521363994023534,Low
0.012360488340999095,Low
0.9902795980777632,High
0.010216252514872818,Low
0.0049128794814961305,Low
0.0006589192663898568,Low
0.8961997155784195,High
0.012984987171011462,Low
0.00505582632517839,Low
0.988688880871388,High
0.0,Low
0.007148318042813456,Low
0.008558473078667939,Low
0.9572866608417067,High
0.8981325355926001,High
0.009827112649185529,Low
0.0013228378197957102,Low
0.01167609633342572,Low
0.012196797035036988,Low
1.0,High
0.006326395715013834,Low
0.007246287316971629,Low
0.009976656744390092,Low
0.529401558641647,High
0.008202602951437842,Low
0.9766143414929607,High
1.0,High
0.00536279314011583,Low
0.9947138488422892,High
0.009951825903559742,Low
0.014250135463905581,Low
0.0030581039755351682,Low
1.0,High
0.007017180441999437,Low
0.054687616547167445,Low
0.006970519939584829,Low
0.014618885663398992,Low
0.044942192322262785,Low
0.009946415780742464,Low
0.0,Low
0.016418571904792758,Low
0.0008567852386513633,Low
0.9297200378622398,High
0.00026860771883255156,Low
0.9475221715466324,High
0.0,Low
0.0,Low
0.868283330446843,High
0.013282718544922752,Low
0.9526729095864089,High
0.9782855294313627,High
0.02046279645651984,Low
0.003366541298897053,Low
0.020292704237658367,Low
0.0,Low
0.006856831378065178,Low
6.149002631773126e-05,Low
0.0,Low
0.8820365551951276,High
0.4115512596475899,Medium
0.010976326079564136,Low
0.9826979858694508,High
0.008791282755339231,Low
1.0,High
0.9737497743100473,High
0.013124969104218526,Low
0.018366976057982223,Low
0.012780015945521936,Low
0.0032045786497897476,Low
0.010392216736883205,Low
0.0,Low
0.903607948864571,High
0.010116599966465292,Low
0.00244289669261802,Low
0.0,Low
0.032415395814874334,Low
0.0022935779816513763,Low
0.9923843413152876,High
0.0001529051987767584,Low
0.0,Low
0.01359506318444257,Low
0.0,Low
4.587155963302752e-05,Low
0.016608486072258195,Low
0.0069762242272026695,Low
0.006982342499345057,Low
0.0030581039755351682,Low
0.009194537481999256,Low
0.0002131028242724305,Low
0.0013434988279616869,Low
0.011673932521834797,Low
0.010110460432328645,Low
0.01177727661516928,Low
0.006119230355760132,Low
0.016741672785110684,Low
0.016397948814238072,Low
0.009349534818611381,Low
1.0,High
0.016487808180404583,Low
0.3800019299911981,Medium
0.006916213651877647,Low
0.013913597759765384,Low
0.7551409165162329,High
0.01373416339012669,Low
0.00010381507503967191,Low
0.013419325698607544,Low
0.00045871559633027525,Low
0.19800677151594576,Low
0.012801981051608503,Low
0.007411611497268646,Low
0.0018245712141533486,Low
0.012845490359862367,Low
0.009680848301868997,Low
0.006471513882368755,Low
0.008182723144313725,Low
0.010582256545182698,Low
0.0007645259938837921,Low
0.0,Low
0.007347951190268454,Low
0.9773865992098902,High
0.011170988414755993,Low
0.0,Low
0.006901654304107881,Low
0.9650884665792924,High
0.013750986232246876,Low
0.9953871456839616,High
0.006994049336527585,Low
0.007314412143835114,Low
0.960602702623598,High
0.011878026441807977,Low
0.0009503601559864925,Low
0.010963311061490013,Low
0.006971205335140663,Low
0.0,Low
0.008368312560218602,Low
0.0009764584035538609,Low
0.00015855834429052572,Low
0.001818332625064545,Low
0.004271416656737757,Low
0.979609639263278,High
0.9968872870249018,High
0.0005599949722887353,Low
0.6964506523230773,High
0.014144056740045055,Low
0.010934278339041297,Low
0.01653322110264441,Low
0.9291644823066841,High
0.0,Low
0.0,Low
0.0045871559633027525,Low
0.007536041939711664,Low
0.0,Low
0.9244777393859963,High
0.0,Low
0.006487549148099606,Low
0.0,Low
0.0,Low
0.006433542789295006,Low
0.0013414539549610925,Low
0.007031234120978544,Low
0.0,Low
0.985531118008101,High
0.011493837673429486,Low
0.0004434037453947998,Low
0.00013639949103391242,Low
0.00644320466088819,Low
0.0063793686377608275,Low
0.007632538605874517,Low
0.0077240673783431505,Low
0.007798158022798636,Low
0.008417077153440533,Low
0.0,Low
0.012539295115880169,Low
0.0,Low
0.011024480934552517,Low
0.0070080075883147954,Low
0.001276415546043593,Low
0.006607478546602183,Low
0.004634555450172236,Low
2.442528908890368e-05,Low
1.0,High
0.08441795207850256,Low
0.9242427552060579,High
1.0,High
0.9973871106225841,High
0.9953120274221192,High
0.9820386814702731,High
0.010813037293175959,Low
0.00745054154582931,Low
0.016390682934371854,Low
0.008861358719332342,Low
0.008012303192143504,Low
0.005701179554390564,Low
0.0,Low
0.008112712975098297,Low
0.0,Low
0.006131855575066408,Low
0.026079311544466723,Low
0.009720749414906586,Low
0.011828538511006898,Low
0.0073010069508787035,Low
0.8433674887803327,High
0.0010548133889167442,Low
0.016538578807706934,Low
0.003418912761849113,Low
1.0,High
0.00891619371151152,Low
0.910006767648776,High
0.0009138315700844027,Low
0.00010381507503967191,Low
0.9999656392811738,High
0.9463539391291683,High
0.004281345565749235,Low
0.0,Low
0.0006116207951070336,Low
0.006229547352765073,Low
0.04096687462522451,Low
0.0034973694914921974,Low
0.010663634582656444,Low
0.00976456017360065,Low
0.018500426252718215,Low
0.21822432707157421,Medium
0.00023843366006436173,Low
0.05406969229458803,Low
0.010424770139735603,Low
0.9026325121511081,High
0.014228145708553491,Low
0.0,Low
0.008969734469632023,Low
0.01750013310264226,Low
0.9999656392811738,High
0.012671355055901647,Low
0.005637612876061533,Low
0.010952701860186851,Low
0.00591338435436769,Low
0.008374957794798079,Low
0.018215930955725292,Low
9.618253599923472e-05,Low
0.007319633981261802,Low
0.9281509392747925,High
0.986145034883567,High
9.618253599923472e-05,Low
0.003182252288494707,Low
0.0,Low
0.006604850847052049,Low
0.00017042780325614878,Low
0.008430593564156203,Low
0.7193999822497636,High
0.013106555721310543,Low
0.00045592826197757394,Low
0.011087923684059179,Low
0.007977895370846286,Low
0.005351681957186545,Low
0.0,Low
0.0,Low
0.0,Low
0.8234264217322876,High
0.010046379775515561,Low
0.07428397722648349,Low
0.012575017786751064,Low
0.9999735610607303,High
0.020793365877131334,Low
0.0017137555519149558,Low
0.012794465543743614,Low
0.007983165336963964,Low
0.007442439200150292,Low
0.0002201861684373152,Low
0.008434912444011301,Low
0.011446836212047602,Low
0.9999288813028946,High
0.9401421378485599,High
1.0,High
0.011982167786607606,Low
0.006885976201076307,Low
0.0,Low
0.006727828746177371,Low
0.0013761467889908255,Low
0.010174148840025614,Low
0.010588768788727918,Low
0.005554277963985075,Low
0.0014726385307107432,Low
1.0,High
0.04294829208082381,Low
6.32020462391643e-05,Low
0.012436502677148778,Low
0.006549812190172464,Low
0.9540286278719903,High
0.0,Low
0.010340386186545468,Low
0.00947672309971054,Low
0.007858177322597082,Low
0.009539245735651472,Low
4.9161226770171725e-05,Low
0.007337955023216001,Low
0.007006334643949323,Low
0.0058762971135935685,Low
0.9949213630406292,High
0.01712538226299694,Low
0.006930535283178581,Low
0.009562697997728561,Low
0.006301645905422978,Low
0.008366315899438119,Low
0.011758733629437027,Low
0.008523451988178658,Low
0.0,Low
0.018595452653900633,Low
0.019163034947760317,Low
0.011113987047831165,Low
1.0,High
1.0,High
1.0,High
1.0,High
0.010225494561130437,Low
0.0075627725995751115,Low
0.007635338379106225,Low
0.9134971833102623,High
1.0,High
0.010582548448792145,Low
0.011000962309738254,Low
0.0,Low
0.0019161537568226686,Low
0.011467889908256881,Low
0.00015722309680529225,Low
0.007440702247253923,Low
0.9904434250764526,High
1.0,High
0.0006119081499024176,Low
0.0,Low
0.9763694875724298,High
0.01220544031232979,Low
0.23892006515570335,Medium
0.006546920741546707,Low
0.00010381507503967191,Low
0.991480996068152,High
0.0064496088669852665,Low
0.0045871559633027525,Low
0.006019549098939223,Low
0.8817388608673011,High
0.9852921763747184,High
0.0,Low
0.007993596740039511,Low
0.0,Low
0.011395821589103624,Low
0.0207180995720115,Low
0.014782143614799275,Low
0.017076005389813763,Low
0.011349110009747577,Low
0.01051400518898569,Low
0.9190101626426678,High
0.0075301155108386635,Low
0.006120023572402762,Low
0.01403264867994709,Low
0.01168277724533967,Low
0.014539065025931124,Low
1.0,High
0.02330731685208204,Low
0.007459978729520586,Low
1.0,High
0.011751281300703187,Low
1.0,High
0.0057981047886607635,Low
0.991131498470948,High
0.012811434861097894,Low
0.013679401654030632,Low
1.0,High
0.01891057948178435,Low
0.00017451121945232057,Low
0.9978975535168195,High
0.012525977394814005,Low
1.0,High
0.0,Low
0.01191472284251213,Low
0.0,Low
0.9965331940882532,High
0.9184177952526577,High
0.004598000303641529,Low
0.0,Low
0.0005483817337362874,Low
0.008221954786938669,Low
0.0006912697099412915,Low
0.015927622282630942,Low
0.006537016522946474,Low
0.014997503540427538,Low
0.04093835506196685,Low
0.0030702333401833623,Low
0.0,Low
0.012865601160332205,Low
0.010306117823392818,Low
0.009259401469959688,Low
1.0,High
0.06987839327523328,Low
0.015333167371236538,Low
0.005737971136882305,Low
0.0009088484751882834,Low
0.013692500274618893,Low
0.003067879146600662,Low
0.007536384343663314,Low
0.9944954128440368,High
0.005860704923878016,Low
5.350409867346472e-05,Low
0.0004722072315164598,Low
1.0,High
6.66706655171666e-05,Low
0.009766158597302252,Low
0.0,Low
0.012423513630460048,Low
0.9588767976341915,High
0.006898685106546757,Low
0.03777288504690559,Low
0.013544397059582582,Low
0.009937745215762272,Low
0.013472478444883616,Low
0.02397048946709896,Low
0.0009174311926605505,Low
0.0,Low
0.8528038093405067,High
0.0606283655887693,Low
1.0,High
0.9877818612973677,High
0.007042640011409583,Low
0.00027212034775581177,Low
0.0022935779816513763,Low
0.016563126056325785,Low
0.0015638031693077565,Low
0.9941896024464831,High
0.006855574421094652,Low
0.016204439377152616,Low
0.01736014071941598,Low
0.021243840314701577,Low
0.005769733022610633,Low
0.015167019141911627,Low
1.0,High
0.010474680305424634,Low
0.17208187813959983,Low
0.00910048128995309,Low
0.9990561298680698,High
0.011244895048071087,Low
0.9979701516658781,High
0.0022935779816513763,Low
0.0007719969319347737,Low
0.004040385119000177,Low
0.009776894335833692,Low
0.0,Low
0.003915055879498415,Low
0.07753931847968545,Low
1.0,High
0.0004722072315164598,Low
0.010472595993720224,Low
0.0,Low
1.0,High
0.006962311740512267,Low
0.0002521363994023534,Low
0.0022935779816513763,Low
0.0003645319973085618,Low
0.008589856563455666,Low
0.0,Low
0.001413265123442003,Low
0.021665874313804165,Low
0.006437287683893931,Low
6.035731530661516e-05,Low
0.002752293577981651,Low
1.0,High
0.0,Low
0.9940023365288801,High
0.008017077514560125,Low
0.0007241260760628451,Low
0.013574992035063321,Low
0.0035948454449898455,Low
0.01043499319794327,Low
0.005989156146024368,Low
0.009063812874670417,Low
0.0009088484751882834,Low
1.758730458579907e-05,Low
0.0073760272229294625,Low
0.010834879887017196,Low
0.001656472986748216,Low
0.0,Low
0.005123224395813511,Low
0.06749637988418467,Low
0.03009501965923984,Low
0.9660979201380046,High
0.006415702984896131,Low
0.0170836385840362,Low
0.00876289203667724,Low
0.0041286301050817075,Low
0.014391291684869668,Low
0.007315479248960471,Low
0.0,Low
0.0060423251869555165,Low
0.008802578122975213,Low
0.9636251938304519,High
0.005840856557893512,Low
0.003450321738022426,Low
0.0019236246948736505,Low
0.0,Low
0.008615652933724797,Low
0.00010381507503967191,Low
0.0002564429342620213,Low
0.013037749884982307,Low
0.0009174311926605505,Low
0.0007083966365270938,Low
0.8986864949015443,High
0.0065731653746938165,Low
0.00574995554504334,Low
0.012911976159540537,Low
0.996177370030581,High
0.0,Low
0.0,Low
9.413776574345055e-05,Low
0.01412889414685391,Low
0.0,Low
0.008508900187980213,Low
0.009994065532889403,Low
0.9977428271815264,High
0.008130864327454664,Low
1.0,High
0.009364425084469209,Low
0.9999735610607303,High
0.012085093902287907,Low
0.007564606511179932,Low
0.9852446483180428,High
0.00993256448404507,Low
0.0252693818134777,Low
1.0,High
0.0,Low
0.0,Low
0.0,Low
0.0059185710587019635,Low
1.7425703596343558e-05,Low
0.011923743170774385,Low
0.0075045689502308294,Low
0.013601582058786428,Low
0.010280919474846023,Low
0.10601414389533474,Low
0.0,Low
0.00021800862245384872,Low
0.012330846171946033,Low
0.0,Low
0.000655307994757536,Low
0.006514786250211577,Low
0.0066158066136205295,Low
0.01588323299972788,Low
1.0,High
0.000624661739579871,Low
0.009965544780092697,Low
0.006180872779806775,Low
0.013922029395203818,Low
0.0051550895587592835,Low
0.0,Low
0.0,Low
0.8942663646570129,High
0.9800840978593273,High
0.0001529051987767584,Low
0.0002686305104706645,Low
0.010244626944296571,Low
0.0,Low
0.0,Low
5.7009705083144155e-05,Low
0.0,Low
0.9425711902776124,High
0.016762263131750027,Low
0.00674623891322178,Low
0.02069620136358822,Low
0.0,Low
0.010167980829783839,Low
8.047642040882022e-05,Low
0.0,Low
0.026021706840147672,Low
0.018275811853793504,Low
0.010445889824699153,Low
0.008260897054156304,Low
0.0022935779816513763,Low
0.00020177710618466215,Low
0.03950047125134203,Low
0.9790246832678025,High
0.005160550458715597,Low
0.0047065895050271275,Low
0.0,Low
0.008090262023295634,Low
0.0,Low
0.9213185780300418,High
0.0010703368135597086,Low
0.0009088484751882834,Low
1.0,High
0.027837601414550172,Low
0.9969418960244649,High
0.7999896526026782,High
0.0,Low
0.04666605677824952,Low
0.005602761770753053,Low
0.006751237613243547,Low
0.0,Low
0.046691844209318274,Low
0.0006654655614859269,Low
1.0,High
0.006074444234436347,Low
0.9458441640588725,High
0.01801266596045024,Low
0.9646027425822605,High
0.024757145924582225,Low
0.0,Low
0.0015290519877675841,Low
0.0004932425766992207,Low
0.002351757244383495,Low
0.0,Low
0.0,Low
0.0053733729281226,Low
0.009774898286013233,Low
0.0071886353372163665,Low
0.0026386576826264874,Low
0.0007831729693443724,Low
0.007029537960717102,Low
0.0,Low
4.587155963302752e-05,Low
0.008401147943654872,Low
0.010276760807205703,Low
0.014013852750363293,Low
0.0008103975535168195,Low
0.005946534464617693,Low
0.9947575360419397,High
0.9525249215616187,High
0.0001292156609381057,Low
0.0,Low
0.0,Low
0.9859836901121305,High
0.00023490480213566724,Low
0.007257097429540184,Low
0.01099498794143319,Low
0.9869866754041067,High
0.0,Low
1.758730458579907e-05,Low
0.00656812500506125,Low
0.0069410912602607434,Low
0.005965905615375465,Low
0.008827174221436045,Low
0.0015290519877675841,Low
0.011132953386133808,Low
0.014307557885539538,Low
0.8397253423550339,High
0.0065891090768797345,Low
0.007005052587413163,Low
0.8910202857025855,High
0.00032069649357338803,Low
0.0016770247607773502,Low
0.0,Low
0.000655307994757536,Low
0.028298266563334114,Low
0.06095738172104485,Low
0.8836255645313467,High
0.9538876643234442,High
0.03405722504246238,Low
0.0001834862385321101,Low
0.03620212611038299,Low
0.0010212462677002224,Low
1.0,High
0.0,Low
0.0,Low
0.0016710399580267354,Low
0.007394501900933991,Low
0.007659424325325402,Low
5.7009705083144155e-05,Low
0.00018141430327518306,Low
0.0230338468870579,Low
0.010937582758301683,Low
0.07709501360021394,Low
0.005541618105813893,Low
0.010463447431002908,Low
0.000125675505843911,Low
0.02243031170136961,Low
0.002555004043389755,Low
0.0,Low
0.006392300386881532,Low
0.011632107385342608,Low
0.011181990741029177,Low
0.0005733944954128441,Low
0.010812415808488149,Low
0.009765811812589878,Low
0.038132325437915775,Low
0.029330778074002924,Low
0.005351681957186544,Low
0.007684065436341621,Low
1.0,High
0.007645836267993561,Low
0.9954128440366973,High
0.006278856512522076,Low
0.0,Low
0.9965743354504822,High
0.006424202172366394,Low
0.005620379507592834,Low
0.0,Low
0.006405713873011793,Low
0.0076192904565448565,Low
0.033819337961497165,Low
0.0,Low
0.00603644622659612,Low
0.0037047607725073438,Low
0.014905000558777571,Low
9.618253599923472e-05,Low
0.013292606736737447,Low
6.34588642188266e-05,Low
0.989525993883792,High
0.025779786095468264,Low
0.005510888244530913,Low
0.027071253829944176,Low
0.007238977753635348,Low
0.00473805451483014,Low
0.9350152905198778,High
1.0,High
0.027188660086479004,Low
0.022682123613285407,Low
0.7630339779469999,High
0.00599199779381493,Low
0.0,Low
0.9961960170060415,High
0.007978898411444231,Low
0.026252100028294523,Low
0.009087322269160888,Low
0.011546551227981794,Low
0.0222338809856917,Low
0.007987665675031808,Low
0.0001292156609381057,Low
0.0,Low
3.719723944943942e-05,Low
0.010475971155770553,Low
0.9042212756662297,High
1.0,High
1.0,High
0.9478551522879751,High
0.016877794266117525,Low
4.035621082084533e-05,Low
0.0020039931698143327,Low
0.009843775253491383,Low
0.004357798165137614,Low
0.006069324403620887,Low
0.0120293874244678,Low
0.004610130161083332,Low
0.030490921016709336,Low
0.0009088484751882834,Low
0.011078160926382564,Low
0.00011291628707026695,Low
0.004319397543555569,Low
0.052572943095247605,Low
0.007282022529055095,Low
0.010531243490593535,Low
0.0,Low
0.015102509816755613,Low
0.8991125188637895,High
1.0,High
0.04245213233866917,Low
0.014474164846592426,Low
0.998399829315127,High
0.008152025914066106,Low
0.005525282278797808,Low
0.9948623853211009,High
0.0009112904527259529,Low
0.9841534612176813,High
0.015134299799925977,Low
1.0,High
0.006656239300290252,Low
0.0201812769621001,Low
0.06055419665781241,Low
0.0004463819949070905,Low
0.0,Low
0.9713338644730078,High
0.0010631043603163111,Low
0.00312853405700358,Low
0.9998114867412341,High
0.007339449541284404,Low
0.016611360530938903,Low
0.011808188942026383,Low
0.011320757265562417,Low
0.0184644546908018,Low
0.007933360730818382,Low
0.9984709480122325,High
0.018245873358526583,Low
1.0,High
0.006234150295198049,Low
0.023026214878421044,Low
0.022699463858023516,Low
0.8604474297364204,High
0.0160945692189563,Low
0.0,Low
0.0046833384993019865,Low
0.006373428576722852,Low
0.0,Low
0.000724909184019249,Low
0.005602761770753053,Low
0.008132391706970558,Low
0.0032149831867727225,Low
7.963216946401231e-05,Low
1.0,High
0.038224289879559184,Low
1.0,High
0.016887707661695915,Low
0.9609400029124799,High
1.0,High
0.9999735610607303,High
0.008301447570595463,Low
0.009909540444502884,Low
0.004892966360856269,Low
0.008165679584534966,Low
0.0,Low
0.0,Low
0.0004932425766992207,Low
0.007025005171735598,Low
0.0004932425766992207,Low
0.011605405298065849,Low
0.0,Low
0.002710100517273498,Low
0.0,Low
0.006913116869373052,Low
0.003921753365288361,Low
0.010757577953856817,Low
0.011067558268612339,Low
0.09708236293045287,Low
0.030878083955567924,Low
0.0005917789011332562,Low
0.007789008923969843,Low
0.008071267823824547,Low
0.014184426057182339,Low
0.007517006526403413,Low
0.012405807443148247,Low
0.008207411404928944,Low
0.005397333139237815,Low
0.0016626081298120599,Low
0.03411719935359508,Low
0.011711251827528671,Low
0.00022576030857368145,Low
0.006697415582881243,Low
0.00012876695199347523,Low
0.0,Low
0.9999656392811738,High
0.000881931050598253,Low
0.01366301745038361,Low
0.0253304357485038,Low
0.0131913043493824,Low
0.017665389230828787,Low
0.0,Low
0.0,Low
0.006768062130125623,Low
0.010048055919615554,Low
0.01755201730240576,Low
0.006150036244601274,Low
0.003721072732014065,Low
0.0024359507697128088,Low
0.9961960170060415,High
0.007856943395174048,Low
0.011677286237424101,Low
0.9763543031891656,High
0.006867075509206057,Low
0.006293571074114042,Low
0.011693704830059257,Low
0.010346955001764274,Low
0.007768364913470162,Low
0.007873066514819558,Low
3.770640968800412e-05,Low
0.0004269689440274303,Low
0.0012232415902140672,Low
9.399053193711764e-05,Low
0.03199243532952786,Low
0.00559581839148127,Low
0.013362078822055576,Low
0.010782466224554931,Low
0.9701884681121764,High
0.003932218804194294,Low
0.016449775535511645,Low
0.006125829301051807,Low
0.9614362641422993,High
0.90299756840779,High
0.0,Low
0.9620137101208128,High
0.0,Low
0.007850253721813354,Low
1.0,High
0.005581363259298968,Low
0.0,Low
0.006218968745138607,Low
0.0,Low
0.037440197767667244,Low
0.0006584910940760013,Low
0.008316534646117384,Low
0.06958629336916682,Low
0.0015290519877675841,Low
0.005935595052971328,Low
0.014498269399956071,Low
0.0,Low
0.012932298010019248,Low
0.0006015049452824022,Low
1.0,High
0.007159239842726081,Low
0.006474477751488402,Low
0.0,Low
0.006635254422321585,Low
0.01387183555218321,Low
0.010534569419403863,Low
0.0017416400400399926,Low
0.0699865832519361,Low
0.004977144135792603,Low
0.0287734868431331,Low
0.0,Low
0.9801223241590213,High
0.006060953540971486,Low
0.0,Low
0.0015793629641337912,Low
0.0,Low
0.006216151814683601,Low
0.024065766841155897,Low
0.0,Low
0.005887781733266808,Low
0.9164905258739581,High
0.010933236241283879,Low
0.00012451129988805436,Low
0.8881411920797867,High
6.34588642188266e-05,Low
0.005204237658366098,Low
0.006476026525243879,Low
0.015187023672077153,Low
0.0021678786423706123,Low
0.9965596330275229,High
0.007348297312333313,Low
0.007792264675827664,Low
0.28260035353219926,Medium
9.618253599923472e-05,Low
0.006776411783668005,Low
0.001965923984272608,Low
1.0,High
0.0,Low
0.012382616991159346,Low
0.03184614824523082,Low
9.954765545361876e-06,Low
0.008088819862432749,Low
0.0022935779816513763,Low
0.9824554920943261,High
0.00017378176423474588,Low
1.0,High
0.011323723648559998,Low
0.0,Low
0.008112887632444705,Low
0.010856269113149847,Low
0.02035185330426567,Low
0.0012846592811214094,Low
0.006461125416576783,Low
0.002259742023376448,Low
0.8933116268622443,High
0.6335603743860624,High
0.0032765399737876805,Low
0.984624248277073,High
0.0007831729693443724,Low
0.015525705464665576,Low
0.8692242727590813,High
0.0,Low
0.8452862802517548,High
0.0073933264030784296,Low
0.0001738809988548086,Low
0.955848623853211,High
0.009358214830418451,Low
0.011929459340902044,Low
0.01276070640902616,Low
0.9545959824505951,High
1.0844340338777192e-05,Low
0.9954128440366973,High
0.002437576053153254,Low
0.00682378523450998,Low
0.0,Low
0.9653176588956405,High
0.02421609353681665,Low
0.0,Low
0.0,Low
0.0,Low
0.01687391258542763,Low
0.006205521940577491,Low
0.0038082069878083427,Low
0.0,Low
0.004848312126838503,Low
0.008449714654534658,Low
0.9938670903274137,High
0.9312855553487963,High
0.723971199544594,High
0.009863629853258555,Low
0.0,Low
0.006668965334517969,Low
0.0015290519877675841,Low
1.0,High
0.9575108927028019,High
0.9009375903803439,High
0.0,Low
0.00615200020424506,Low
0.0,Low
0.0004463819949070905,Low
0.0065160607089950135,Low
0.9742717477990261,High
0.015135201881942149,Low
0.007128515044563959,Low
0.007068523487385749,Low
0.9715869375273045,High
0.0026857961338150405,Low
0.0,Low
0.007240620667209989,Low
0.9938670903274137,High
0.009516575965043397,Low
0.0,Low
0.007484943872309389,Low
0.0065991327999187725,Low
0.8466978270901585,High
0.9998361730013107,High
0.007155515158986083,Low
0.9145369156837048,High
0.9803269503575921,High
0.011862507338579319,Low
0.011084444980786087,Low
0.015517563103950228,Low
0.00723281996844014,Low
0.014757890795621169,Low
0.9632621793713178,High
0.0,Low
0.010438325321476679,Low
0.008849051448678742,Low
0.007209614387228026,Low
0.00492300753418902,Low
0.12306113363855319,Low
0.010141363621516337,Low
0.00815498357655416,Low
0.007276016566235983,Low
0.9833591776488285,High
0.0,Low
1.0,High
0.01430142932670115,Low
0.015599979448987106,Low
0.0058704758932691765,Low
0.013669485856269113,Low
0.8505962017834656,High
0.00637840286129555,Low
0.010500140086780222,Low
0.033264429546544745,Low
0.0,Low
0.0,Low
0.0,Low
0.9235463274154141,High
0.011330229591478209,Low
0.009080336692363635,Low
0.0,Low
0.018403929370722348,Low
6.149002631773126e-05,Low
0.5807995690143228,High
0.0010904559186619136,Low
0.0,Low
0.002953293053346238,Low
0.001310615989515072,Low
0.008726031982999415,Low
0.0,Low
1.0,High
0.9868599128437805,High
0.01562619532780652,Low
1.0,High
0.006329575317874945,Low
0.010531798626553287,Low
0.010688567545547393,Low
0.006083720029231277,Low
0.03303169463170973,Low
0.004727577982090954,Low
0.27140115535665155,Medium
1.0,High
0.023389726648661336,Low
0.010967218994659201,Low
0.9903437042946416,High
0.00014878719232695378,Low
0.031022351986149194,Low
0.03969174250412377,Low
0.004655711667480804,Low
0.006433969594752262,Low
0.006060113290157669,Low
0.011229268152109402,Low
0.017610246294493787,Low
0.0,Low
0.0,Low
0.0030581039755351682,Low
0.01621276391033497,Low
0.01601444585020028,Low
0.011420656702812802,Low
0.012158321051423697,Low
0.00990049785973902,Low
8.047642040882022e-05,Low
0.0,Low
0.96805373525557,High
0.01102542526354652,Low
0.006703795239711185,Low
0.0,Low
0.010891245220764581,Low
0.010991127682114608,Low
0.0,Low
0.9616244357070045,High
0.011591310348981811,Low
0.011771601844116207,Low
0.00660976501511588,Low
0.0004722072315164598,Low
0.008774731696094554,Low
0.011160494360455842,Low
0.006659935932071673,Low
0.0362849497597204,Low
7.845597562726799e-05,Low
0.9839449541284404,High
6.255942187308095e-05,Low
0.0,Low
0.008207818398526074,Low
0.00027259138665766886,Low
0.998689384010485,High
0.011507234063746756,Low
0.00017378176423474588,Low
0.014773906699161399,Low
0.008059580763909157,Low
0.9451397990388817,High
5.582632517838941e-05,Low
0.010800185049467155,Low
0.0,Low
0.015284374048714125,Low
0.9627477982284524,High
0.008867481855887864,Low
0.0027056504926432456,Low
0.006381056632747426,Low
0.006109809711192739,Low
0.9968985857426792,High
0.005407985846830204,Low
0.0011253347801977371,Low
0.0,Low
0.0069546550090620685,Low
0.0,Low
0.0,Low
0.0,Low
1.0,High
0.0,Low
0.0093857516072938,Low
0.000125675505843911,Low
0.002566007284198439,Low
0.010300768882887636,Low
0.9666767592650357,High
0.010268213130802811,Low
0.0006649448770333821,Low
0.012555771063103814,Low
0.0121488156902401,Low
0.001224479318024753,Low
0.00037620778170711477,Low
0.0,Low
0.010286895302341578,Low
0.010975851036487435,Low
0.003284010911838662,Low
0.010067241968477036,Low
0.018962232001812893,Low
0.9993182530659728,High
0.0007851946130773125,Low
0.023159016722915,Low
0.0,Low
0.0009174311926605505,Low
0.009019586427843309,Low
1.0,High
0.02995639681419498,Low
0.01210435524524227,Low
0.9987499837757757,High
0.0029023853734433044,Low
1.0,High
0.019188915611881,Low
0.007773533075523939,Low
0.005822131804028067,Low
0.010578518743374038,Low
0.0007845236556956416,Low
0.01940610111502873,Low
0.010556252258473686,Low
0.0013568919664524132,Low
0.002752293577981651,Low
0.0,Low
0.008467052613321762,Low
0.00644371808176865,Low
0.00591222536871178,Low
0.0,Low
0.005043084225280326,Low
0.0,Low
0.0074876806196639565,Low
1.0,High
0.9731288202801296,High
0.010360978560783017,Low
0.07799077873260785,Low
0.010304916222454929,Low
0.1832629441574396,Low
0.9682056989847829,High
0.0,Low
0.0,Low
0.012268176490301453,Low
0.0,Low
0.9994001665653175,High
0.0,Low
0.0,Low
0.051257842253080936,Low
0.991743119266055,High
0.009083020586506221,Low
0.009562035139964545,Low
0.010039849506321221,Low
0.03222959659465014,Low
0.9963302752293578,High
0.006466120786089659,Low
0.013524982462174973,Low
0.009773132156683328,Low
0.0009174311926605505,Low
1.0,High
0.007872715900098939,Low
0.013036119338293723,Low
0.9535243376379372,High
0.9617035487448333,High
0.00992544394297695,Low
0.0,Low
0.0,Low
0.00964856929163528,Low
0.9958715596330275,High
0.0056650086587975565,Low
0.0,Low
0.00577302067852464,Low
0.009281818879742705,Low
0.00960961244546383,Low
0.0,Low
0.9661189415716441,High
0.9954128440366973,High
0.01635229169708479,Low
0.02963677273359746,Low
0.03544360646501759,Low
0.007621931862766213,Low
9.604328021306705e-05,Low
0.0,Low
0.0,Low
0.005511786981984537,Low
6.456376510848987e-05,Low
0.012033911300635136,Low
0.0,Low
0.014000122102155102,Low
0.012649556716186866,Low
0.0,Low
1.0,High
0.988566637072112,High
0.0,Low
0.0058208101161329046,Low
0.9999195235795911,High
0.0,Low
0.9661709242588045,High
0.0,Low
0.006247567190588839,Low
0.07028200842809718,Low
0.0,Low
0.6796261084361463,High
0.008409157090041105,Low
0.05058325861181282,Low
0.002941309805992779,Low
0.0,Low
0.005848380814315092,Low
1.0,High
0.0071355759429153915,Low
0.23088751208017264,Medium
0.009541767652909481,Low
0.9944954128440368,High
0.008258346652023008,Low
0.9616717183600366,High
0.0,Low
0.0,Low
0.005856153012528724,Low
0.005802131148441842,Low
0.0,Low
0.019079632870414948,Low
0.00551827832674193,Low
0.00599165212121336,Low
0.00725882704190243,Low
0.008786881523621635,Low
0.006705756614373485,Low
0.002038735983690112,Low
0.027524442888992886,Low
0.029610702470639,Low
0.013857518682206495,Low
0.8660330236094252,High
0.012550499622085265,Low
0.009482626851495968,Low
0.008532235474454782,Low
0.0063824692710918954,Low
0.0,Low
0.019173463623122226,Low
1.0,High
0.994954128440367,High
0.0030581039755351682,Low
0.017784234359353977,Low
0.006801214756551709,Low
0.009254500180895688,Low
0.0,Low
2.0119105102205054e-05,Low
0.011750944505045118,Low
0.0,Low
0.8880151129366678,High
0.016357044966036363,Low
0.0,Low
0.011321457017334289,Low
0.9877187710783494,High
0.0,Low
0.0,Low
0.0,Low
0.047423831268978575,Low
0.014469294110165537,Low
0.01252860586088833,Low
0.7850949424343919,High
0.04584260031507738,Low
0.006842507645259939,Low
1.0,High
0.007698383453754364,Low
0.0,Low
0.007650248603654856,Low
0.00846705499018758,Low
0.0,Low
0.9806465705548274,High
1.0,High
0.006994551781458429,Low
1.0,High
0.000125675505843911,Low
0.058340274548674124,Low
0.008197417601087326,Low
0.006686247631638049,Low
0.9518082198128072,High
0.0045871559633027525,Low
0.008389346750947428,Low
0.00017378176423474588,Low
1.0,High
0.9954128440366973,High
0.0,Low
0.0,Low
0.013887139391525203,Low
0.0,Low
0.013937017299106371,Low
0.007188118676136555,Low
0.0,Low
0.0009411450615369786,Low
1.0,High
0.0,Low
0.025733525733525733,Low
0.0027216997563361085,Low
0.0,Low
0.016698367614679577,Low
0.005406680345946974,Low
0.006034753791413237,Low
0.0015290519877675841,Low
0.0011467889908256881,Low
0.014672846715597434,Low
0.0,Low
0.015080000142383879,Low
0.018878951959267254,Low
0.0014758418790287455,Low
0.8540283886121715,High
0.0,Low
0.0007419259982977443,Low
0.0013291291537315673,Low
0.07340760157273918,Low
0.0,Low
0.002881084663496002,Low
0.03362276103101792,Low
9.760936461145373e-05,Low
0.9351791175185672,High
0.0,Low
0.0,Low
0.03072380241307246,Low
1.0,High
0.9908256880733946,High
0.03895781625955677,Low
0.007597971742583579,Low
1.0,High
0.9896792703263284,High
0.9821027815632772,High
1.0,High
0.00013952205555628318,Low
0.005861365953109072,Low
0.00731812251656976,Low
0.0,Low
6.035731530661516e-05,Low
1.0,High
0.013563167652726754,Low
0.012588519990755503,Low
0.0,Low
0.9999288813028946,High
0.001276415546043593,Low
0.017366769097736174,Low
0.00639685454034343,Low
0.014534761871443116,Low
0.013741300413560578,Low
0.0,Low
0.008802408761362866,Low
0.958524899990388,High
0.0007721585329242292,Low
0.014267087601705572,Low
0.05300096479905858,Low
0.016641849915310727,Low
0.0,Low
0.9999735610607303,High
0.0,Low
0.00575775431891766,Low
0.005927845823465391,Low
0.008605307772611922,Low
0.006563034713120722,Low
1.0,High
0.9338133128638897,High
0.005427754486082492,Low
0.0,Low
1.0,High
0.0,Low
0.00010702687633801192,Low
1.0,High
0.9994266055045872,High
0.021623504800073103,Low
0.008333333333333333,Low
2.1740075655463284e-05,Low
0.007011219456164282,Low
0.9903160040774718,High
0.012309086581145231,Low
0.005160550458715597,Low
9.954765545361876e-06,Low
0.02006495714704309,Low
0.03731979030144168,Low
0.0,Low
0.01576711169116467,Low
0.007819921756824827,Low
0.0011338002696392754,Low
0.007621041087875453,Low
1.0,High
1.0,High
0.0064195100578270095,Low
0.003991318711992151,Low
1.0,High
0.013479999577067716,Low
0.0,Low
1.0,High
0.0,Low
0.0,Low
0.0007450549681803592,Low
0.00022177051409602837,Low
0.011704008309473678,Low
0.006880151448958788,Low
0.010850745226745341,Low
0.9894707781175671,High
0.007486460241932883,Low
0.0011467889908256881,Low
0.007428563003210568,Low
0.007544288399416394,Low
0.00929365316434846,Low
0.021446681373003186,Low
0.010353585007991146,Low
0.013580266407447883,Low
0.014017411444136775,Low
0.0,Low
0.013095812926812445,Low
0.007301903504514797,Low
0.0,Low
0.00011931554110794043,Low
0.002653961301984406,Low
0.005842886192869533,Low
0.010100235722051916,Low
0.007942800303919305,Low
0.007188161184617748,Low
0.002161047843935518,Low
0.0045871559633027525,Low
0.8417962848555506,High
0.0,Low
0.9482961992136304,High
0.9516270580769619,High
0.004467644866271305,Low
0.0,Low
7.430320455760378e-05,Low
0.0,Low
0.0,Low
0.0,Low
0.0,Low
0.006307339449541285,Low
0.0,Low
0.0,Low
0.0004722072315164598,Low
4.587155963302752e-05,Low
0.006090326852356522,Low
0.010504274234828683,Low
0.0,Low
0.31690768408889286,Medium
0.0007831729693443724,Low
0.006380039781290435,Low
0.0178292463366999,Low
0.007111758331103019,Low
0.009285965876418858,Low
0.0,Low
0.008114486067094537,Low
0.019240763885338706,Low
0.012544520844857908,Low
0.0007851946130773125,Low
0.9947247706422018,High
0.0010784615279193586,Low
0.0013265258312197875,Low
0.00016564872988900762,Low
0.009415741187831964,Low
0.0,Low
0.0010485967379042455,Low
0.008315119077774774,Low
0.0017292985015104803,Low
0.0,Low
0.9992262891972652,High
0.9633643708065179,High
0.00019783612560579988,Low
0.0029636381144016437,Low
0.008409785932721712,Low
0.9965596330275229,High
0.0,Low
0.033350923099814474,Low
0.012510238633084552,Low
4.7047753469771816e-05,Low
0.007598898027617506,Low
0.005068112488739406,Low
0.0028853568827846322,Low
1.0,High
0.0,Low
1.0,High
0.9999288813028946,High
0.0,Low
0.01231556616765481,Low
0.0,Low
0.0,Low
0.9446519586427842,High
0.005929921016335638,Low
0.01661367185478555,Low
0.010589533956490772,Low
0.005559068749125298,Low
0.006346119502452667,Low
0.0028669724770642203,Low
0.9970693170234455,High
0.0013580395943988412,Low
4.7047753469771816e-05,Low
0.009889898209064758,Low
0.0,Low
0.403351442102251,Medium
0.0,Low
0.006749844089842351,Low
0.010319601039162888,Low
0.0,Low
0.006381699547047051,Low
0.0,Low
5.7943515406644403e-05,Low
0.0,Low
0.013323415158277544,Low
1.0,High
0.0001239771881973717,Low
7.860638010620634e-05,Low
0.002117148906139732,Low
1.0,High
0.049242083796829955,Low
0.014573965356596028,Low
0.16603010903469617,Low
0.0011467889908256881,Low
0.0,Low
0.0,Low
0.9998790891686586,High
0.006235298798473112,Low
0.7016044778364451,High
0.009264823806594092,Low
0.0,Low
0.00013660087697297258,Low
1.0,High
0.01208548242379911,Low
1.0,High
0.9798165137614678,High
0.9346399777592438,High
0.00868908833526471,Low
0.0004932425766992207,Low
0.0,Low
0.9678478815588107,High
0.006790903459976889,Low
0.0927408091398917,Low
0.0027971206436735664,Low
0.9789874498590094,High
0.0030881778461827347,Low
0.007383718319988088,Low
0.010708312108824124,Low
0.0006026232414720334,Low
0.0,Low
0.0056906760488292275,Low
0.008045250984000666,Low
0.0,Low
0.0045871559633027525,Low
0.011636918243619437,Low
0.011041071598525676,Low
0.037365687777018396,Low
1.0,High
0.0021251265266296207,Low
0.9777814204468279,High
0.014151201824901134,Low
1.0,High
0.0023799526492703027,Low
0.009716053173355041,Low
0.9896441479010286,High
0.12334310325813835,Low
0.0001529051987767584,Low
0.007883336032633874,Low
1.0,High
0.0045871559633027525,Low
0.0,Low
0.013172744749068401,Low
5.582632517838941e-05,Low
0.0062731894455916905,Low
1.0,High
0.21831471414905368,Medium
0.005510888244530913,Low
0.9167566521123969,High
0.0069509248395691866,Low
0.042864763805883895,Low
1.0,High
0.006819546490131474,Low
0.9553559831661042,High
0.004258235464044865,Low
0.01315558745920025,Low
0.9973787680209699,High
0.0073176059414591516,Low
0.01171451653298521,Low
0.00665137614678899,Low
0.015952356903405438,Low
0.0,Low
0.00630812263398323,Low
0.004588917543933821,Low
0.011283095492947492,Low
0.014366528365319828,Low
0.012790164661241436,Low
0.0013568919664524132,Low
0.011758069273280623,Low
0.0,Low
0.015081696386809203,Low
0.01510443220496309,Low
0.017903302702076043,Low
0.8973201986541244,High
0.011858191510121794,Low
0.009782691464530768,Low
0.006644203082729173,Low
0.0007645259938837921,Low
0.010566180744529394,Low
0.010820320554685051,Low
0.018461725791950465,Low
0.0173442920146609,Low
0.0,Low
1.0,High
0.02832388847108314,Low
0.01397341113117986,Low
0.0,Low
0.00215422103430993,Low
1.0,High
0.9945609436435124,High
0.0068749648834670486,Low
0.012882993339709652,Low
1.0,High
0.047478844520649335,Low
0.0011467889908256881,Low
0.0,Low
0.010230873597759435,Low
5.582632517838941e-05,Low
0.006204286364003025,Low
0.010869689775401724,Low
0.9840050240279599,High
0.003384577237788247,Low
0.007693178834379579,Low
0.006530555499078813,Low
0.07173753923008502,Low
0.020433238973458376,Low
0.00925695840563142,Low
0.001834862385321101,Low
0.008300567933595456,Low
0.9894837777602765,High
0.012227116320206287,Low
0.0064791502206709315,Low
0.017131613014368233,Low
0.010993813804537832,Low
0.0,Low
0.0,Low
0.018445187530777934,Low
0.012391277038182503,Low
1.0,High
0.0001529051987767584,Low
0.001019367991845056,Low
0.0,Low
0.8933488442052492,High
0.0,Low
0.012538074920029337,Low
0.002369523411931971,Low
0.10269404397844764,Low
1.0,High
0.943494247852046,High
1.0,High
0.013598690739023412,Low
0.0018020969855832242,Low
1.0,High
0.010660915770231798,Low
1.0,High
0.0,Low
0.009909931883908197,Low
0.0066497366992639235,Low
0.8638243055736807,High
0.0,Low
0.00536123853211009,Low
0.00744432682506077,Low
0.0,Low
1.0,High
0.010481457826134978,Low
0.02628333634881901,Low
0.009279024333253803,Low
0.0,Low
0.007203692685437525,Low
0.015290519877675839,Low
0.007212035928369053,Low
0.0,Low
0.8499617737003058,High
0.008445185421868447,Low
0.010342131088061313,Low
0.008864125918626453,Low
0.036118065149733904,Low
0.02466888556311902,Low
0.02402908991293804,Low
0.0,Low
0.006973806674644329,Low
0.0007023860004073819,Low
0.8970074493190378,High
0.9269986893840104,High
0.0004206937153510278,Low
0.01032169801415452,Low
0.9991643553090107,High
0.008676483643820085,Low
0.9896788990825688,High
0.002263179570677458,Low
0.006019156299117433,Low
0.02115058581633538,Low
0.0,Low
0.007468394360094178,Low
0.9938837920489296,High
0.9742544857791803,High
0.005123471949754552,Low
0.00680387232020892,Low
0.005585706558500875,Low
0.009376711585698059,Low
0.002666860746954364,Low
0.0070001998145013955,Low
0.005968907531987129,Low
0.0007760277821398908,Low
0.008240493444491688,Low
0.0,Low
0.002051324310085958,Low
0.989335727945833,High
0.0,Low
0.00013015988144671762,Low
0.0001292156609381057,Low
0.055681576323778154,Low
0.8428516819571864,High
1.0,High
0.001310615989515072,Low
0.011230628683569837,Low
0.007467313542636282,Low
0.8713214770035709,High
0.9970438328236493,High
0.010463335188687136,Low
0.009778456915403274,Low
0.03464030872287753,Low
0.016105231592217373,Low
0.9731869812145041,High
1.0,High
1.0,High
1.0,High
0.6672098873001682,High
0.019477222091910357,Low
0.0,Low
0.9915285488486705,High
0.01786083695706325,Low
0.0,Low
0.013445270567403208,Low
0.01500622592022168,Low
0.03066258919469929,Low
0.014927053944844844,Low
2.1740075655463284e-05,Low
0.0,Low
0.013173257599173021,Low
0.0,Low
0.0,Low
8.841074117262986e-05,Low
0.012912569423122288,Low
0.9599376597359662,High
0.0,Low
0.0,Low
0.008004059598194248,Low
0.8382928591065214,High
0.036114191618778775,Low
0.0007831729693443724,Low
0.009915450406490202,Low
0.929060725207514,High
0.009368009536309774,Low
0.018137443787770866,Low
0.0062211631108715195,Low
1.0,High
0.008478644750121703,Low
0.010058840678142063,Low
1.0,High
0.19403388405681982,Low
0.0018870340300322004,Low
0.007525694697455297,Low
0.01000162442066061,Low
0.9472306291883669,High
1.0,High
0.04867918617484975,Low
0.019961024478787684,Low
0.01585558833215749,Low
0.01069393717884598,Low
0.9686489733508081,High
0.01312041523222901,Low
0.01295391692572352,Low
0.959247217680386,High
0.9981083892934834,High
0.015916908846198174,Low
0.05453971530685046,Low
0.01467073392175806,Low
0.01089880555164744,Low
1.0,High
1.0,High
0.011070323546686092,Low
0.004291904236764511,Low
0.0,Low
0.9981651376146788,High
0.008857750676020546,Low
0.834113626971363,High
1.0,High
0.01757317605941459,Low
0.017754714750237058,Low
0.01540504191911149,Low
0.007741571391479533,Low
0.9766710353866317,High
0.013254114004759145,Low
0.06685633153035259,Low
1.0,High
0.013141094787059179,Low
0.8750223704215948,High
0.028090869375273046,Low
1.0,High
1.0,High
0.0007719969319347737,Low
0.5211046845340599,High
0.02048180933121568,Low
0.9992354740061162,High
0.02122053857276462,Low
0.02661320832248524,Low
0.010310837750720156,Low
0.007210065361236619,Low
0.014291519224158038,Low
1.0,High
0.9270664966955453,High
0.023021104157206165,Low
0.9937308868501529,High
0.012121733902421756,Low
0.019695917583492473,Low
0.90788393494029,High
0.013495526035315888,Low
0.0006649448770333821,Low
0.9391510120867917,High
0.006149090789516951,Low
0.9146305895979016,High
0.010444496684221214,Low
0.02559055630148574,Low
0.014449369837568338,Low
1.0,High
0.01739079784935991,Low
0.014303502257814151,Low
0.013885848377480043,Low
1.0,High
0.007165991286801519,Low
1.0,High
0.08332918974771644,Low
0.12351444516116414,Low
0.01330982229088589,Low
0.012013433069661543,Low
0.014518524571270527,Low
0.0,Low
0.0173933527509629,Low
0.9488482465546686,High
0.9760703363914375,High
0.016869196665190392,Low
0.928002601161564,High
0.8719768922588237,High
0.02638478676698318,Low
0.010151342256798156,Low
0.014641028800891506,Low
1.0,High
0.007167131170153515,Low
0.01853975535168196,Low
0.01793270473306745,Low
0.010131704687210894,Low
0.9948999349238097,High
0.010010545825494179,Low
0.004976817598895136,Low
0.017889460427453433,Low
1.0,High
0.01978929611655967,Low
0.019909065536561982,Low
0.005668026195860201,Low
0.03823391976902873,Low
1.0,High
0.010364953311505111,Low
0.010633043304419826,Low
1.0,High
0.0034403669724770644,Low
0.011139874622993129,Low
0.06819217492713062,Low
0.012657911341940949,Low
0.021229643891178557,Low
0.93274811900585,High
0.012681849323571172,Low
0.8670224160721897,High
1.0,High
0.9944954128440368,High
0.013866687114058229,Low
0.0004244739249285951,Low
9.15638969652982e-05,Low
0.02272611050654576,Low
0.007075018011557089,Low
0.008045396507293218,Low
0.06584935197320518,Low
0.9999288813028946,High
0.9790920343672637,High
0.006933486266238328,Low
0.8982236864171212,High
1.0,High
0.3747526766324134,Medium
0.9999735610607303,High
0.9984445090729628,High
0.008711217796968962,Low
0.006512751393223036,Low
0.00013653601425258008,Low
0.9984709480122325,High
0.01177058084985882,Low
0.9977064220183486,High
0.9699104412407167,High
0.008349670830604375,Low
0.006443291287106459,Low
1.0,High
0.9926095820591233,High
0.010223951724690183,Low
1.0,High
0.9929276854372625,High
0.0001556251768300584,Low
0.020436085019288668,Low
0.0111828249763999,Low
0.029633532872528196,Low
0.022628514178842308,Low
0.0007682079766449005,Low
0.01438007303732056,Low
0.003268533241942076,Low
0.03431720823247407,Low
0.026584587730396424,Low
0.011835926455055915,Low
0.006192384373181305,Low
0.00019944156362185878,Low
1.0,High
0.0008515372642874461,Low
0.001421856544180703,Low
0.0,Low
0.001310615989515072,Low
0.012516751295941961,Low
0.7764962865880298,High
6.66706655171666e-05,Low
0.03385207830540384,Low
0.022875596568671674,Low
0.032262215040475724,Low
0.010865514719748717,Low
0.01156923323505417,Low
0.9588542056891236,High
0.0011467889908256881,Low
0.004246395806028833,Low
0.02707351911394049,Low
0.00997038269316994,Low
0.9952599388379206,High
0.9882765399737875,High
0.0016896008921799147,Low
0.01074895467007834,Low
0.005498037164568311,Low
0.7893199617205912,High
0.007218024824608742,Low
0.014259633283752847,Low
1.0,High
0.01329905723481139,Low
0.016141604504078644,Low
0.009366181239611922,Low
0.010759725906781316,Low
0.9688333774573586,High
0.011974097920856222,Low
0.008027522935779817,Low
6.693689436291891e-05,Low
0.01029216146171381,Low
0.9266098331573961,High
0.7914739635600488,High
0.0037763138889631543,Low
0.005945908231143577,Low
0.03825984435278412,Low
0.0004932425766992207,Low
0.006511603802414428,Low
0.012907321889631567,Low
0.9885529435440789,High
0.014622635264837099,Low
1.0,High
0.007942747250571109,Low
0.013668220910243669,Low
0.009410457642517652,Low
0.9515868729809538,High
0.009297537008478626,Low
1.0,High
0.10844747685006724,Low
0.0005917789011332562,Low
0.009273084674886831,Low
0.0,Low
0.09283711955730305,Low
0.0017768150413410351,Low
0.0009174311926605505,Low
0.01738792150643844,Low
0.0083544791319081,Low
0.012611777197664173,Low
0.0175715567746309,Low
0.0,Low
0.06701305213808913,Low
0.0,Low
6.456376510848987e-05,Low
0.015626828629451226,Low
0.014809960681520315,Low
1.0,High
0.015095450617566612,Low
0.01149969078281956,Low
0.012549362397023927,Low
0.9745651137852973,High
0.015162331241550803,Low
1.0,High
0.009102381027306837,Low
0.016259309966811106,Low
0.0,Low
0.007261266913936939,Low
0.012983668393244063,Low
0.0,Low
0.13599531053235628,Low
0.9195135849862252,High
0.008045435860611296,Low
0.015412391561994622,Low
0.04658075114215089,Low
0.012726103159555057,Low
0.0015290519877675841,Low
0.006407857500070856,Low
0.8814639392769298,High
0.01356237478169548,Low
0.017476154325016233,Low
0.009402466743550946,Low
0.010086443164014462,Low
0.009472725069688962,Low
0.9917285385022917,High
1.0,High
1.0,High
0.011217160914678689,Low
0.9976353033212432,High
0.011636210772535313,Low
0.8885565702667115,High
0.0070033957197751595,Low
0.011394864557615942,Low
0.017845720479444358,Low
0.009084839571894706,Low
0.9948394495412844,High
1.0,High
0.0063346898700734275,Low
1.0,High
1.0,High
0.011344117124306788,Low
0.015523518275811854,Low
0.004671576735116253,Low
1.0,High
0.009349134870766487,Low
0.006872804828248952,Low
4.253918153960235e-05,Low
0.8430249244011698,High
0.012774425309398254,Low
0.9988532110091743,High
0.0034592121809711622,Low
0.010850974187076054,Low
0.007197016133152981,Low
0.0001131093107715696,Low
0.007098747764474514,Low
0.009036076436728276,Low
0.006880733944954129,Low
0.9894702497919294,High
0.006003523642745798,Low
0.010278288633676006,Low
0.02757415387651337,Low
0.006453397836374548,Low
0.002622914547617298,Low
1.0,High
0.9573831367409349,High
0.00018398086440129204,Low
0.003457293747249399,Low
0.06307263943376668,Low
1.0,High
0.28906657817208264,Medium
0.008885984117022875,Low
0.012596755141231783,Low
0.006493026570936874,Low
0.008374339670213246,Low
0.006738329515922594,Low
0.0,Low
0.9638136924335592,High
0.020566056643682856,Low
0.00864711833053027,Low
0.9557328269599844,High
0.02421961978043659,Low
0.007033639143730886,Low
0.0,Low
4.9511190766575355e-05,Low
0.0445953712305645,Low
0.0014717103235954777,Low
0.0051238467979308,Low
0.0,Low
0.028223751274209993,Low
0.8173254783600463,High
0.9178134556574924,High
0.011171956330826106,Low
0.008668370951589335,Low
0.020093022670025683,Low
0.0068268449649132356,Low
0.009012836525985153,Low
0.9599373737899773,High
1.0,High
0.006320465727758106,Low
1.0,High
1.0,High
0.0007831729693443724,Low
0.009660942424340858,Low
0.9412989033006435,High
0.0073449104412407155,Low
9.759906304899472e-05,Low
0.8775678887863912,High
0.13688898597155477,Low
0.0023810419104784582,Low
0.010819048642268543,Low
0.8036700557342761,High
0.00742458008029428,Low
0.016290020692207086,Low
0.0,Low
0.0,Low
0.014228782057076133,Low
0.004204892966360856,Low
0.0008508502368431691,Low
0.018389985769092728,Low
1.0,High
0.009733816028164487,Low
0.9655926896752584,High
0.007936865244302227,Low
0.9882531010548741,High
0.011909028187015674,Low
0.009482740373540549,Low
0.009178452639175449,Low
0.9989806320081549,High
1.0,High
0.18830821319353427,Low
0.0,Low
0.006966607260343692,Low
0.007911244015882,Low
0.006348060987130242,Low
0.0060903519861561384,Low
0.0034403669724770644,Low
0.007270469852237658,Low
0.00016989466530750933,Low
0.9955195220823554,High
0.007145314451413255,Low
0.014872438313206194,Low
0.010572718386140503,Low
1.0,High
0.00012196534224078166,Low
0.0023936944808504437,Low
0.009220855662650596,Low
0.008469686938431698,Low
0.0,Low
0.0,Low
0.003705865535266484,Low
0.011773056548799872,Low
0.024348554372746637,Low
0.011013378315437982,Low
0.0,Low
0.0012688269715462554,Low
6.27983344053624e-05,Low
0.013205987620735828,Low
0.9954128440366973,High
0.0,Low
0.016335864683133295,Low
0.008317708228558816,Low
0.014177486448310099,Low
6.939740637618556e-05,Low
6.456376510848987e-05,Low
0.016524721634883784,Low
0.0,Low
0.8428389468024732,High
0.013572226390252837,Low
1.0,High
0.9899397307697916,High
0.9848623853211008,High
0.8435704956052038,High
0.005437697448692881,Low
1.0,High
0.308599389782714,Medium
0.009664013598305763,Low
0.006863226356486346,Low
0.013722191973235707,Low
0.1232525120139799,Low
0.0,Low
0.003166594647272801,Low
0.009083486665442855,Low
0.010937410266499246,Low
0.01530793866262234,Low
0.009865752698305688,Low
0.007127724980543837,Low
1.0,High
0.965486170490288,High
1.0,High
0.0001863838410570062,Low
0.9908256880733946,High
0.0060895138276523455,Low
0.005752721246062888,Low
0.0068897721632305365,Low
0.049967234600262124,Low
1.0,High
0.015538362572172953,Low
0.015139794322135879,Low
0.9965596330275229,High
0.0011467889908256881,Low
1.0,High
0.011047066156090789,Low
0.005930267940755291,Low
1.0,High
0.0028940108066440365,Low
0.024791754618593655,Low
0.009809777046723839,Low
0.00966378251336413,Low
0.989759217262825,High
0.6754508011840421,High
0.0006444824222297018,Low
0.008006792858460525,Low
0.9954128440366973,High
0.9932731001444841,High
0.010546635733045444,Low
0.007245155946204593,Low
1.0,High
0.008913313031087916,Low
0.018065679156883428,Low
0.006882644190174574,Low
0.013903438069593077,Low
1.0,High
0.0051097691927667055,Low
0.005696347279595372,Low
0.020676719284383336,Low
0.9919724770642202,High
6.623888779447541e-05,Low
0.007234376825167617,Low
0.002981651376146789,Low
0.003200646810214889,Low
0.8838191959634994,High
0.0,Low
0.0,Low
0.9567155482948345,High
0.0,Low
0.026488388317717097,Low
0.002101687532610939,Low
0.0,Low
0.05232582252058865,Low
0.0,Low
0.010930214150839616,Low
0.00712543913358463,Low
0.009257912209097956,Low
0.060168195718654435,Low
0.005571824907101845,Low
0.015899410790279265,Low
0.01086717526498041,Low
0.9982798165137615,High
0.007523679917853542,Low
0.0,Low
0.007208387942332897,Low
0.008276032218610115,Low
1.0,High
0.9969418960244649,High
0.04084251837011263,Low
0.0030680587410805297,Low
0.03855644606726808,Low
0.0,Low
7.275309995072428e-05,Low
0.024335470168758228,Low
0.008895422247447639,Low
0.010998153853831566,Low
0.0034403669724770644,Low
0.01847756793714203,Low
0.009560044009328207,Low
0.9594548025750353,High
0.0299514056984995,Low
0.0,Low
1.0,High
0.0045871559633027525,Low
4.035621082084533e-05,Low
1.0,High
0.004146462383083216,Low
0.007965036409671392,Low
0.007211579152504845,Low
0.0,Low
0.9539573321683412,High
0.013414709196087901,Low
0.0014649797928872495,Low
0.006979202342922405,Low
0.015295823287544048,Low
0.0007560248440895356,Low
0.8201221978007811,High
1.0,High
0.012228143991996003,Low
0.004947862440773838,Low
0.04238600989341033,Low
0.010126605498242234,Low
0.0001131093107715696,Low
0.0,Low
0.0,Low
0.022671070865466245,Low
0.006751327099401039,Low
0.8848559700063319,High
0.8908609529925477,High
0.0022935779816513763,Low
0.0076161437962194425,Low
0.032432486421749916,Low
0.04306383880938997,Low
0.9957402221270577,High
0.012687120490887079,Low
0.9685076356651982,High
0.011602707586770898,Low
0.006091854312025221,Low
0.0,Low
0.0023281049620203216,Low
0.9857101312096754,High
0.0,Low
0.007163642548222409,Low
0.011249453910004368,Low
0.004519059714654832,Low
1.0,High
0.9641878279904837,High
0.010945541183135149,Low
0.017050488288441374,Low
0.01800282819088853,Low
0.008985680032510199,Low
0.00754696373962429,Low
5.582632517838941e-05,Low
0.9042278312920516,High
0.9827817824377458,High
0.006498470948012231,Low
0.009790551475982807,Low
0.007678723298792033,Low
0.009345448533249465,Low
0.007158000208957873,Low
1.0,High
0.07584827982017404,Low
0.9890782000873745,High
0.998689384010485,High
1.0,High
0.008193312357568948,Low
0.000655307994757536,Low
0.007138052019332463,Low
0.004243700845108228,Low
0.007167104333329077,Low
0.011857843017890096,Low
0.03552953186263543,Low
0.006876339036043899,Low
0.8137467752796994,High
0.023279029888517183,Low
0.0065363608720777995,Low
0.9885321100917431,High
7.275309995072428e-05,Low
0.0009311509828438114,Low
0.00021555907550122356,Low
0.9586987171849558,High
0.03332048130208014,Low
0.006143847911843308,Low
0.7267615181775412,High
0.010371465871234282,Low
0.00011700682044675345,Low
0.9848868735076972,High
0.015650179530991865,Low
0.0,Low
0.0033748361730013107,Low
0.0,Low
0.043985742075041794,Low
0.9514720695955533,High
0.0,Low
0.007622056999724796,Low
0.008087258529055778,Low
0.005971919576585366,Low
0.007673297658193935,Low
0.058402504732779956,Low
0.9765702187720537,High
0.005733308570013302,Low
0.007815847715046101,Low
0.9838652308296129,High
0.00035596540061024926,Low
1.0,High
0.9655211908541296,High
0.9436579014888318,High
1.0,High
0.0,Low
1.0,High
0.001276415546043593,Low
0.992737003058104,High
0.0,Low
0.05909433515572153,Low
0.011165675978393607,Low
0.010701837341842133,Low
0.07784341493588523,Low
0.0,Low
0.007060536918142884,Low
0.01049117930632896,Low
0.0,Low
0.019392207165805274,Low
0.010768776219521074,Low
0.9883792048929664,High
0.008664627930682976,Low
0.9718478859308435,High
0.007371190330689203,Low
0.006558554362876434,Low
0.008331666093708879,Low
0.012554823523257624,Low
0.006203059277867717,Low
0.00568607454446672,Low
0.999717125382263,High
0.007492743065159747,Low
4.2837603991976594e-05,Low
0.002880486825440954,Low
0.009631861038804656,Low
0.0001075538285943566,Low
0.005979583428497458,Low
0.0,Low
0.9199584037174915,High
0.005950930160220869,Low
0.0025052236100254993,Low
0.011700225393835268,Low
0.0060242433916765335,Low
0.009322874257202903,Low
0.0069513252993520765,Low
0.0,Low
0.015339557117795676,Low
0.9955053957028132,High
0.0023563763160567384,Low
0.0059052428908688065,Low
0.006359258228119785,Low
0.9773207554837596,High
0.01176989749269768,Low
0.9055226073710634,High
0.00676107260761194,Low
0.9990825688073395,High
0.008251330566853341,Low
0.012391049223754844,Low
0.03339670654210703,Low
0.002038735983690112,Low
0.02484553625531809,Low
1.0,High
0.006396980279073505,Low
0.0,Low
0.010518728674006439,Low
0.006488252809401564,Low
0.006309095977307471,Low
0.016095059590017644,Low
0.0011467889908256881,Low
0.012647437556928365,Low
0.004763861632384633,Low
0.04391109654871122,Low
0.8281254550749962,High
1.0,High
0.01733215117108291,Low
0.009440611771019475,Low
0.9795307266637542,High
0.008450501026593718,Low
8.047642040882022e-05,Low
0.007100187280561424,Low
0.0,Low
0.005073848811825728,Low
0.005351681957186545,Low
0.0001800045056503113,Low
0.013502740512397108,Low
0.9851103900947265,High
0.006272118078051193,Low
0.007468646700048249,Low
0.013741960905366533,Low
0.01115278970388113,Low
0.008370325468124131,Low
0.0124611714682515,Low
0.0,Low
0.9994266055045872,High
0.0013449581419927958,Low
0.0007403485924291176,Low
0.005242463958060288,Low
0.0,Low
0.0061936878076337895,Low
0.00989565346757449,Low
0.12334176582957569,Low
1.0,High
0.007146593938880764,Low
0.992283582879913,High
0.8837707406890488,High
0.011154800449369394,Low
0.00014571726385283497,Low
0.010291440510398651,Low
0.007429677308681994,Low
8.410664189810898e-05,Low
0.8232613239533779,High
0.9626146788990827,High
0.0,Low
0.009107279540539871,Low
0.005527012334841736,Low
0.013333038120374532,Low
0.011883299851762638,Low
0.006774768038432846,Low
0.01053169560105847,Low
0.0021715346049335656,Low
0.9984709480122324,High
0.014053701265299732,Low
0.020858817533129462,Low
0.013552228585925082,Low
0.0,Low
0.006647157005271581,Low
0.008921839718632377,Low
0.02735507529905877,Low
0.0,Low
0.009879309542244278,Low
0.8934400062918797,High
0.0,Low
0.00010240823730407537,Low
0.03137407190497057,Low
0.0006442219564715198,Low
0.000578413875798221,Low
0.005471087359498526,Low
0.6518336721891766,High
0.9537685308513337,High
0.00675817532505138,Low
0.006568178886932624,Low
0.936086507397238,High
0.012018703505737095,Low
0.010279844017381289,Low
0.025973786819501233,Low
0.02244244445858194,Low
0.01132226986095947,Low
0.0,Low
0.008643452014175665,Low
0.02006339968688224,Low
0.010787882984075157,Low
0.015447702404308873,Low
0.00037881918615863567,Low
0.0,Low
0.0,Low
0.0061590501931977,Low
0.003266611064776202,Low
0.0045871559633027525,Low
0.007094085414462207,Low
0.9658246657131287,High
0.00010240823730407537,Low
0.058111943327958035,Low
0.0060877734994260095,Low
0.0,Low
0.014557420356488068,Low
0.008231860167213214,Low
0.96073282630281,High
0.9891437308868501,High
1.0,High
0.8844418960244649,High
0.0,Low
0.0,Low
0.030216602651321704,Low
0.061190832607631536,Low
0.0,Low
0.9299704830315374,High
0.007383516968483201,Low
0.9200578855395369,High
0.7355401161020426,High
0.9918655394288206,High
0.9723225761518541,High
0.08394942689499539,Low
0.9890672782874618,High
0.00746177370030581,Low
0.008021135638153348,Low
0.007578779032035566,Low
0.0019003931847968545,Low
0.8047924543827873,High
0.015373564340596986,Low
0.007992650468713315,Low
0.9670350304170726,High
0.0007420977653769076,Low
0.0008359707857468852,Low
0.007016267312941052,Low
0.010540310321261199,Low
0.4120631280034949,Medium
0.010693222805297095,Low
0.011088701546796855,Low
0.005825743291977032,Low
0.014980632091183775,Low
0.8761732774521139,High
0.00015137999350541432,Low
0.008304001175028107,Low
0.00738478954329831,Low
0.006387946346655894,Low
0.0,Low
0.0,Low
1.0,High
0.0011467889908256881,Low
0.01671806233902868,Low
0.0,Low
0.8754780300423599,High
0.9790010819806584,High
0.023276520011618066,Low
0.9983229752392226,High
1.0,High
0.0056825700067023015,Low
0.9996330275229357,High
0.01148645980745113,Low
0.9992261039784837,High
0.9991725036788891,High
0.00768625513326141,Low
0.006655676533604305,Low
0.006738404627655344,Low
0.006553079947575361,Low
0.9689092762487259,High
0.9938837920489297,High
0.014204145584528744,Low
0.004307118110478399,Low
0.0,Low
0.4586744655512006,Medium
0.009873107808354502,Low
0.0011467889908256881,Low
0.44302137802528874,Medium
0.0009370411275241909,Low
0.995682676740421,High
0.0022935779816513763,Low
0.0060931075481880734,Low
0.0015050030530692556,Low
0.00020049475247842073,Low
0.008811694205503953,Low
0.012393847479585557,Low
0.006752225836854665,Low
0.9860093518327614,High
0.009455119820269114,Low
0.006026210082286336,Low
0.02243998667995533,Low
0.011166317670536672,Low
0.013146513671648317,Low
0.018662806888542362,Low
0.01422753248308736,Low
0.013221340804825937,Low
0.9521407889830907,High
1.0,High
0.005768965538127545,Low
1.0,High
0.0,Low
0.010940456163162917,Low
0.004292674319048289,Low
0.012626420601633347,Low
0.006924036088952667,Low
0.9817278287461773,High
0.9910305896058728,High
0.989652573940742,High
0.01412679952380335,Low
0.0069576666886675825,Low
0.009880999597479154,Low
0.04517941451488047,Low
0.9993446920052425,High
0.0,Low
0.8920748569406511,High
1.0,High
0.010278686701014105,Low
0.008275462371946162,Low
0.9823840323853705,High
0.9674391036060773,High
0.003224500809498111,Low
0.017048841362591705,Low
0.9636413699488245,High
0.007814960097134747,Low
0.9789096672161403,High
0.007951070336391437,Low
0.009433833721183347,Low
0.0065688679651312275,Low
0.9954128440366973,High
0.0,Low
0.00012714598144021697,Low
0.9534512887723896,High
0.0,Low
0.00019291461547905973,Low
0.012712481551138211,Low
0.012111848071488567,Low
0.017522429428874896,Low
0.011475297805425768,Low
0.012110246898284842,Low
0.0,Low
0.9145623998835007,High
0.006356376932469528,Low
0.0023602486471685424,Low
0.991611257585533,High
0.9963302752293578,High
0.9988184598276341,High
0.9146151885830786,High
0.009065774800713362,Low
1.0,High
0.010713843102486702,Low
0.9706485791126218,High
0.0,Low
0.013186253094509975,Low
0.0,Low
0.005817941895409188,Low
1.0,High
0.0,Low
0.000495136111350744,Low
0.011005169166974388,Low
0.013459847528547087,Low
0.019136901162109657,Low
0.019125229350232916,Low
0.0054590643827003744,Low
0.007762468781288927,Low
0.9999656392811738,High
0.0007645259938837921,Low
5.4926882832643757e-05,Low
0.0,Low
0.003108412517578126,Low
0.0,Low
0.0011467889908256881,Low
0.007656474394242201,Low
2.6881540317696752e-05,Low
0.017033522872139977,Low
1.0,High
0.0022935779816513763,Low
0.01242659281625791,Low
0.02122577262871856,Low
0.009536037901091953,Low
0.006607072350269437,Low
0.006889176884419106,Low
0.93794767559512,High
0.0038963397952644177,Low
0.0058765576395154295,Low
0.011326422200330222,Low
0.9467733664255594,High
0.015970576240228417,Low
0.00012772891411220666,Low
0.9020714604869682,High
0.004434603801292507,Low
0.0032513653851327716,Low
1.0,High
0.0006396691213465732,Low
0.000655307994757536,Low
0.005354656891487282,Low
0.0073178983474606486,Low
0.0,Low
0.006341029238182622,Low
0.14837621495341582,Low
0.999976108562691,High
0.004642982288481141,Low
0.013862468192613832,Low
0.010660636029160194,Low
0.011708169506334644,Low
0.05669632355412172,Low
0.00749214552420349,Low
9.954765545361876e-06,Low
0.025988422892092616,Low
0.005559100580346998,Low
0.012326321561083785,Low
0.013774997941217702,Low
0.00932774309926796,Low
0.9549148099606816,High
0.002752293577981651,Low
0.02050777489785023,Low
0.028952977655423866,Low
0.018317119739632088,Low
0.008480560127900215,Low
0.9932764186204553,High
0.0046078245824962725,Low
1.0,High
0.007448390139957454,Low
0.008944954128440367,Low
0.9946483180428135,High
0.9092524382259586,High
0.9878440366972476,High
0.008670915463503756,Low
0.01571319316696507,Low
0.006868719000922231,Low
0.008802771289827456,Low
0.009577721387208016,Low
0.9926605504587156,High
0.009174311926605505,Low
0.009478504406815103,Low
0.9533522001860996,High
0.005484911602108936,Low
0.9716960285287574,High
0.9764525993883792,High
0.00016520657170943778,Low
0.966912404912499,High
0.010905094262196598,Low
0.002491455297715416,Low
0.0,Low
0.007846097068336576,Low
0.011492335438692497,Low
0.007899790507388442,Low
0.8856393193024994,High
0.0070277771352412486,Low
0.7898942553997685,High
0.00037880411054368955,Low
0.006814960406053683,Low
0.007495847521288342,Low
0.004768587261855471,Low
1.0,High
0.8987941340005557,High
0.00024142926122646064,Low
0.0,Low
0.000820911497741346,Low
0.011036270310577226,Low
0.0014908256880733946,Low
0.9977064220183486,High
0.00019070853900708074,Low
0.00742358287548647,Low
0.007031341949586359,Low
0.01062429391104524,Low
0.00344954128440367,Low
0.97110184391677,High
0.011308549151072642,Low
0.0,Low
0.0882339372981479,Low
0.007678722654784765,Low
0.0069759547771124555,Low
0.009566344063876417,Low
1.0,High
0.0,Low
0.0001239771881973717,Low
0.9954128440366973,High
9.954765545361876e-06,Low
0.01568352780490099,Low
0.0008660023658042732,Low
1.0,High
0.005600405235112266,Low
0.012075975310202892,Low
0.00011121100508175727,Low
0.990344681508318,High
1.0,High
0.00619841085832308,Low
0.7981565784055135,High
0.0213905106106941,Low
0.005810397553516819,Low
0.00959606700773097,Low
0.0,Low
9.954765545361876e-06,Low
0.00743566965891865,Low
0.0038226299694189597,Low
0.9735996289783918,High
0.011249714684832374,Low
0.9998991833854219,High
0.0,Low
0.017320122109893296,Low
0.014155337557008167,Low
0.000410669131590449,Low
0.8802588466579292,High
0.005526022015233496,Low
0.0006524028080407994,Low
0.010930782942920212,Low
0.934624087043123,High
0.0,Low
0.013919128331032602,Low
9.663789874670992e-05,Low
0.019009204441029815,Low
0.0,Low
0.010075246635558631,Low
0.9988532110091743,High
0.0013262955335187573,Low
1.0,High
1.0,High
0.025534647066110045,Low
0.0015290519877675841,Low
0.0045871559633027525,Low
1.0,High
0.00633647936910358,Low
0.01434739825420274,Low
0.0054958038026505455,Low
0.006877879983417274,Low
0.036469875690059175,Low
0.01742788567675501,Low
0.007875226675275357,Low
0.0,Low
0.9622867809109719,High
0.0001529051987767584,Low
0.012184781817328546,Low
0.010619737354647765,Low
0.020745379922689048,Low
0.0065335564203567,Low
1.0,High
0.0068174375613404194,Low
0.01191241064278552,Low
0.00674576810985901,Low
0.0,Low
0.006003572546450008,Low
0.009247600757957644,Low
0.0070040832069525934,Low
0.9999195235795911,High
0.05236598398178785,Low
0.020433818795502934,Low
0.016255358437606202,Low
0.007731937201974289,Low
0.010518590446862439,Low
0.016241654089406393,Low
0.0,Low
0.010090213209364318,Low
0.8978642916716313,High
1.0,High
0.9928963920774537,High
1.0,High
0.0006652627603028979,Low
0.9954128440366973,High
0.0,Low
0.00954503993065915,Low
0.008224115334207076,Low
0.01678866520575427,Low
0.9816786806465707,High
0.005800432811547996,Low
0.9909215621492969,High
0.0004932425766992207,Low
0.004199938008069882,Low
0.014938221493691782,Low
0.03241808470829777,Low
0.004839814101077393,Low
0.0002812240241853435,Low
1.0,High
0.005900807032771967,Low
0.9094141639038789,High
0.982250479822895,High
0.003850527648657368,Low
0.00739952827922718,Low
0.005989502380935364,Low
0.011827109103498944,Low
1.0,High
0.015828569027243784,Low
0.9552290997303191,High
0.021915427952392402,Low
9.106837834048313e-05,Low
0.0046599090632534765,Low
0.005954972015886461,Low
0.011175376072850454,Low
0.011605807361368481,Low
0.007248679305183588,Low
0.15188847849398307,Low
0.9959480122324159,High
1.0,High
0.008945592921965515,Low
0.006124600577891201,Low
2.6881540317696752e-05,Low
0.9507809086937526,High
0.010946372314147466,Low
0.013989546312662134,Low
0.010152645488128572,Low
0.015642568355928248,Low
0.9989806320081549,High
0.020491237287348002,Low
0.006741586372018635,Low
0.007088248143294014,Low
0.010116001246551683,Low
0.021911590275460247,Low
0.009309203863637119,Low
0.046489942549962505,Low
0.9537461773700305,High
0.8950015009848,High
0.019127776490035032,Low
0.0,Low
0.010300084681942694,Low
0.010176073577572374,Low
0.007537571460357133,Low
0.002883912911347368,Low
0.9087601928296485,High
0.006723611951521761,Low
0.8871939118222717,High
0.010036668454501848,Low
0.014385732603106657,Low
0.013644616988622384,Low
0.0,Low
0.010371857792792476,Low
0.012410617525202935,Low
0.00674616496731952,Low
0.010566958854174005,Low
0.011095686463866087,Low
0.0030755296791315115,Low
0.005705542121675316,Low
0.0015290519877675841,Low
0.9649606815203144,High
0.01037443086268025,Low
0.008134736297959046,Low
0.00570248155721939,Low
0.0,Low
0.9788990825688073,High
0.06621318448010706,Low
0.006356208639905529,Low
0.016923026034381793,Low
0.0019779931546312674,Low
0.04685462346012804,Low
0.0,Low
0.03415325882343341,Low
0.0004932425766992207,Low
0.0017868541517556988,Low
0.00431587254611818,Low
0.005287565121822186,Low
0.03246842482950773,Low
1.0,High
0.0004722072315164598,Low
0.011678372416936792,Low
0.015612174061272114,Low
0.042160262389620194,Low
0.015905934677168432,Low
0.006213782903951023,Low
0.8773258062197355,High
0.00011761938367442955,Low
0.01972503631842936,Low
0.008726466110861447,Low
0.010562406552207077,Low
0.9761577107907384,High
0.010931965321389105,Low
0.007645259938837921,Low
9.382893094766215e-05,Low
4.587155963302752e-05,Low
0.007063375232552769,Low
0.006084317720214673,Low
0.9095492937236058,High
0.09877890967340511,Low
0.011442389080404677,Low
0.016361635527969792,Low
0.9815850780421705,High
0.006146259321189579,Low
0.0015105218337117324,Low
0.005892042383469914,Low
0.005713042733814881,Low
7.275309995072428e-05,Low
0.003967039081347433,Low
0.0059830151921641695,Low
0.0,Low
0.01022595035805182,Low
0.00013424312626845555,Low
0.003975535168195719,Low
0.0,Low
0.006998495020202159,Low
0.0,Low
0.011528532963635678,Low
0.0072357833578407735,Low
0.039990170380078634,Low
1.0,High
0.014093548447986395,Low
0.0,Low
0.9590705548274355,High
0.006943359089468746,Low
0.009369796564909405,Low
7.806262050884945e-05,Low
0.010855078525347577,Low
0.0,Low
0.01798935757093548,Low
1.0,High
1.0,High
1.0,High
0.014158243676033007,Low
0.01780234608206911,Low
0.9574450269404398,High
0.03677388288983889,Low
1.0,High
0.022645478674843726,Low
1.0,High
0.009435177100975986,Low
0.010794787934254792,Low
0.010165334770340994,Low
0.009392747924858016,Low
0.9999656392811738,High
0.9866794584111098,High
1.0,High
0.7955823555187007,High
0.012476172911196303,Low
0.0018106260786183263,Low
0.013098328825266589,Low
0.9999134498874849,High
0.9913171690694627,High
1.0,High
1.0,High
0.011691778095826954,Low
0.0297250288532104,Low
0.9994903160040775,High
0.11782510509535075,Low
0.6533628680571297,High
0.010437496115732872,Low
0.017353542365059565,Low
1.0,High
0.014306928960723234,Low
0.01229858935522217,Low
0.019341254091419218,Low
0.012799664212861848,Low
0.9905890490752876,High
1.0,High
0.9990825688073395,High
0.8993340103991273,High
0.014968202127248082,Low
0.8985638903879593,High
1.0,High
0.010271993138143027,Low
0.012632414676376394,Low
0.005733944954128441,Low
0.9015550919121734,High
0.014672048107584329,Low
0.0005262321776083244,Low
0.006325113458698677,Low
0.01040737851968562,Low
0.0157700022653297,Low
0.014281673512556263,Low
0.9516856398119294,High
0.01029503367342611,Low
0.016926752242858906,Low
0.009721145223605633,Low
0.014653778649297781,Low
0.9098726451937462,High
0.05778400925939159,Low
0.0,Low
0.014764109357641931,Low
0.013417396980948605,Low
0.009583233502082596,Low
0.011616788366261593,Low
0.995378483317871,High
0.9977064220183486,High
0.010200658732567756,Low
0.025154110940141045,Low
1.0,High
0.007411484426570657,Low
0.9585341472240537,High
1.0,High
0.013830307402809917,Low
0.013323584760913902,Low
0.018529230054496127,Low
0.01592161439428651,Low
0.007969190079281822,Low
0.012156126866340359,Low
0.9999288813028946,High
0.01551858897222672,Low
0.05104605784487829,Low
0.005522174460549102,Low
0.9686566701993985,High
0.009639855751976244,Low
0.009182801539640219,Low
0.011788350011850381,Low
0.9777826615066606,High
0.012411584559570197,Low
1.0,High
0.06240848775546305,Low
0.006258293934083679,Low
0.007396299612905354,Low
1.0,High
1.0,High
0.0124097463048678,Low
0.9954128440366973,High
0.007399609954535692,Low
1.0,High
0.010685034948895588,Low
0.006469923177255655,Low
0.8930576860499265,High
0.9767536023496949,High
0.892159501376023,High
0.00450446121592506,Low
0.9954128440366973,High
1.0,High
0.919378633598817,High
0.8921643913867517,High
0.015541360372612221,Low
0.00912748490922956,Low
0.009925196672459098,Low
0.010572499104609195,Low
0.013279639188042267,Low
0.06293996339396796,Low
0.012365782941869503,Low
0.01961253650906452,Low
0.01212767278794504,Low
0.01595956912412756,Low
0.013531583828661027,Low
0.06563557895986989,Low
0.013766879246352452,Low
0.013464701408610629,Low
0.012817952627019414,Low
0.011595036257895706,Low
0.014924191327396176,Low
1.0,High
0.021610267438104954,Low
0.013308334962986303,Low
0.8874934154812901,High
0.014020828177420688,Low
0.9998361730013107,High
0.8842554027776041,High
0.011277887180266769,Low
0.013272031610683663,Low
0.011493875818452555,Low
0.013742496189107632,Low
0.01131042409867895,Low
0.012792224968648697,Low
0.013070532070932424,Low
0.00892747658307115,Low
0.009970163281088707,Low
0.015109726812876036,Low
0.010973524506087132,Low
0.8835540747892459,High
0.013443219514712683,Low
0.015530280825082258,Low
0.011654500058019521,Low
0.9664528986299777,High
0.01261571920392546,Low
0.012014875496415577,Low
0.9965596330275229,High
0.002139039616532543,Low
0.01305130941172469,Low
0.008108205634791628,Low
0.9523752557413592,High
0.007305013842366255,Low
1.0,High
0.8878748992977292,High
0.019303314311198486,Low
0.012883947325762422,Low
0.020073090152364765,Low
1.0,High
0.0011467889908256881,Low
6.268069615803718e-05,Low
0.006750052104330946,Low
0.0045090701975722975,Low
0.012620407274155795,Low
0.006083442320796274,Low
0.013282271132202796,Low
0.00740847983772275,Low
0.007194752133940937,Low
0.010956234610788483,Low
1.0,High
0.0027951311819736278,Low
1.0,High
0.008319796311690815,Low
0.02306899454803002,Low
0.007518581533149403,Low
0.0012155768465711098,Low
0.009974667309496104,Low
0.0059338979063749695,Low
0.019243271792563636,Low
0.015715787101965462,Low
0.03862295524887464,Low
0.9766915940688203,High
0.0,Low
0.06629842918945306,Low
0.0010485967379042455,Low
0.000125675505843911,Low
0.012358199304035004,Low
0.010873904086544893,Low
0.00115674375637105,Low
0.8678469973331305,High
0.000279049773136762,Low
0.00108272451485275,Low
0.011808125748304992,Low
0.09037007250928511,Low
0.00966139466677164,Low
0.9857688947138489,High
0.03770459643030847,Low
0.014691226792114253,Low
0.05347132316530908,Low
0.008028465268623402,Low
0.010692541405703315,Low
0.00045871559633027525,Low
0.005899125012539378,Low
0.0007790523169836777,Low
0.0,Low
1.0,High
0.011666183130163136,Low
0.008659103340451271,Low
0.012677364447424825,Low
0.015672782874617736,Low
0.001310615989515072,Low
0.7552523196817249,High
0.013046870127324832,Low
0.010020483118282363,Low
0.0,Low
1.0,High
0.01051683237720575,Low
0.012404668110431654,Low
0.02367063436847112,Low
0.9746453765829365,High
0.001965923984272608,Low
0.029870707622034243,Low
0.01258186804828239,Low
0.9942660550458715,High
0.0,Low
1.0,High
0.9951970418466296,High
0.0017174340764620581,Low
0.0038653665092148117,Low
0.9915902140672783,High
0.0,Low
0.007809169201504129,Low
0.9916419975816916,High
0.0,Low
0.0,Low
0.011291804523260241,Low
0.016730412839717348,Low
0.046255994269053545,Low
0.0001766601107545523,Low
0.9954128440366973,High
0.006929340369050987,Low
0.0,Low
0.8920508009379515,High
0.010092830740714607,Low
0.010717752472236209,Low
0.048045537561513904,Low
0.00660439872438516,Low
0.9825141983398865,High
0.012033928072175704,Low
0.007693441004077471,Low
0.0,Low
0.00742975578290136,Low
0.009662787841416628,Low
0.030245365134964987,Low
0.013244750593752535,Low
0.01402122319380898,Low
0.004483759129620198,Low
1.0,High
0.006718327633077429,Low
0.02642392966360856,Low
0.010601438376290651,Low
0.035479076248499664,Low
0.8677479248580166,High
0.003909053708865314,Low
0.028036260409958984,Low
0.0046453825852821795,Low
0.0,Low
0.011101587829837225,Low
1.0,High
0.015211556893252993,Low
0.9923901163291273,High
0.022005577592942274,Low
0.9618132620690236,High
0.021758228699839444,Low
0.00963924508585952,Low
1.0,High
0.012620640061454245,Low
0.007412501829367481,Low
0.00624090559554635,Low
0.009118415884769035,Low
0.006072147709410694,Low
0.010761078575507907,Low
0.9824020446621834,High
0.0,Low
0.011405189431654876,Low
7.144479186309314e-05,Low
0.006729709749407026,Low
0.015192704457224072,Low
0.01594770805625485,Low
0.007006334643949323,Low
0.01295114650441826,Low
0.03386701219270027,Low
0.003801175758791009,Low
0.006882719726756423,Low
0.006372170616811827,Low
0.9999288813028946,High
0.0006116207951070336,Low
0.012617364779229083,Low
0.0059353867752376934,Low
0.003272621619342717,Low
0.00786529754438232,Low
0.07156509392747924,Low
0.9090303735846433,High
0.009978755183226985,Low
0.0033279366792588593,Low
0.019857985735874256,Low
0.011003855951066599,Low
0.9504372449737588,High
0.0,Low
1.0,High
0.009848109092774511,Low
0.016373628706751558,Low
0.0,Low
0.9673158727362744,High
0.009530064677077814,Low
0.010834274843902019,Low
0.011562132875432344,Low
0.013626340001971382,Low
0.0044747256700845475,Low
0.009210717926314256,Low
0.015965949338967073,Low
0.312675731377632,Medium
0.006418552550288362,Low
0.007558711841100596,Low
0.06813116769406032,Low
0.0001292156609381057,Low
0.8875088475185793,High
0.007038236257809919,Low
0.0009174311926605505,Low
0.01421648972370571,Low
0.007863243535709942,Low
0.009445020812510007,Low
1.0,High
0.029730269960122218,Low
0.00018712043734778736,Low
0.007488779339721794,Low
0.00997961127570262,Low
0.010829564238625277,Low
0.00616243758574101,Low
0.0,Low
0.06776701166918536,Low
0.018219943628371368,Low
0.9728972932043713,High
0.0,Low
0.0008654469246125736,Low
0.0,Low
0.0009088484751882834,Low
0.010325411494916363,Low
0.007626627239187336,Low
0.00648494896039865,Low
0.0046795596105414635,Low
0.01020553507783336,Low
1.0,High
0.015678499132234073,Low
0.014476234540958057,Low
0.011219207315590781,Low
0.9722471218001253,High
9.912172624109012e-05,Low
0.0,Low
0.012448384353380996,Low
0.0,Low
0.8406400174748799,High
0.0,Low
0.001019367991845056,Low
0.006857732104843914,Low
0.011037001696840862,Low
0.009938837920489298,Low
0.001834862385321101,Low
0.0,Low
0.8510314761690908,High
0.0,Low
0.008197711875833468,Low
1.0,High
0.0,Low
1.0,High
0.0066769201489422746,Low
0.0055603439462595765,Low
0.002214676820845339,Low
0.0,Low
0.0020642201834862386,Low
0.014577377572747548,Low
0.011641393444771922,Low
0.9950305810397553,High
0.012790051947472415,Low
0.007952639631883127,Low
0.0,Low
0.01225806809860513,Low
0.0,Low
1.0,High
0.007554381679898197,Low
1.0,High
0.009487255719554593,Low
0.016181134801640278,Low
0.007187928910154934,Low
0.000125675505843911,Low
0.005457019728277453,Low
0.0447316308694091,Low
1.0,High
0.01489344057655796,Low
0.9388513759615273,High
0.011723373925906585,Low
0.006842220216130713,Low
0.005715824382958246,Low
0.007509455250573641,Low
0.9731542158147664,High
0.005604032045193599,Low
0.004855667593863507,Low
0.010954805153847513,Low
0.006586519616043654,Low
0.0369829405263165,Low
0.00903306549129823,Low
1.0,High
0.0063212413967301505,Low
0.007223077353422483,Low
0.01206568020496499,Low
0.0007971271552482782,Low
1.0,High
0.006092690978532564,Low
0.007405833729670483,Low
0.010432297368141536,Low
0.00024148886052472365,Low
0.015743233486101727,Low
0.9959857850177983,High
0.8849861657201107,High
0.008243562279967089,Low
0.006905203073145584,Low
1.0,High
0.006749526781758468,Low
0.5034531200545772,High
1.0,High
0.011444981143803167,Low
0.9889439418640581,High
1.0,High
0.005300406027210037,Low
0.006252820939543165,Low
0.00950489636404289,Low
0.012388713937266939,Low
0.0004932425766992207,Low
0.7762452899084237,High
0.0,Low
0.037691603006234926,Low
0.010165886090715923,Low
0.020371795394278473,Low
0.016997243683165818,Low
0.007539989016082198,Low
0.0,Low
1.0,High
0.0061261627166156974,Low
0.9999656392811738,High
0.02502331292676613,Low
0.0,Low
0.0,Low
0.004412481971549459,Low
0.016321611234900578,Low
0.011096233236112979,Low
0.007738200253539523,Low
0.007198676814239981,Low
0.01015381729538205,Low
0.012988970387426028,Low
0.025238823358089413,Low
0.0030581039755351682,Low
0.8469959678738398,High
0.013574827550594247,Low
0.010630540701425701,Low
0.9817464757216379,High
0.05338430044571794,Low
0.007045312425075269,Low
0.00688309591641895,Low
0.008725635264521553,Low
0.957831371028575,High
0.011965957339581319,Low
1.0,High
0.009977265948726513,Low
0.9838999820111531,High
0.006189755034374384,Low
1.0,High
0.011299269246248392,Low
0.0,Low
0.0,Low
0.007524416569688707,Low
0.0,Low
0.010761546698808666,Low
0.007218621312856115,Low
0.00010108289169907293,Low
3.1896227139885365e-05,Low
0.013019935158998413,Low
0.0,Low
1.0,High
0.006539303251681057,Low
0.003040914212158001,Low
0.01362299327522053,Low
0.014570037871427589,Low
0.0,Low
0.01035594051265589,Low
0.013962946547619481,Low
0.0,Low
0.0,Low
0.9633702082069411,High
0.0009611462612910219,Low
0.0,Low
0.009653148956992503,Low
0.02589992999208897,Low
0.0,Low
0.0,Low
0.012586093371617313,Low
0.012108525246498908,Low
0.7921293127268868,High
0.07930411276037727,Low
0.010196082625461247,Low
0.012873757666645988,Low
0.0011018168735384061,Low
0.009978317535312205,Low
0.00885821093492344,Low
0.0,Low
0.966392420183818,High
0.0006005577696699234,Low
0.0008953095092823032,Low
0.0,Low
0.08622396971020822,Low
0.007986354131742581,Low
0.906220446922752,High
0.006563643095111659,Low
0.006025363248206258,Low
0.988460951394354,High
0.0,Low
0.0057889930928803415,Low
0.006957036138144477,Low
0.043710118882137224,Low
0.13158033178270628,Low
0.0,Low
0.006302899697021669,Low
0.0029653874185426444,Low
0.010302684088828873,Low
0.0,Low
0.00017378176423474588,Low
0.005575028795031161,Low
0.00042166366973933654,Low
0.9260721566914228,High
0.011167839148854941,Low
0.003971892952307051,Low
0.0001146594153784491,Low
0.01894571420367849,Low
0.007863255935012383,Low
0.023525557011795543,Low
0.0,Low
0.012318914716723174,Low
0.915341488277268,High
0.006037625490945021,Low
0.00021413797505559119,Low
0.008766396816919916,Low
1.0,High
0.01004835124611047,Low
0.0,Low
0.04250120959766083,Low
0.006622977015895953,Low
0.009805755691211903,Low
0.006386633541844445,Low
0.012249342587374337,Low
0.0,Low
0.011247787188239352,Low
0.006475135111335118,Low
0.0,Low
0.02018348623853211,Low
0.0005685008388384925,Low
0.007558520767026981,Low
0.00015817779183802593,Low
0.01576437310164805,Low
0.9818983768525054,High
0.0020475331156925443,Low
0.9972477064220183,High
0.006555277927045423,Low
0.006907299758002833,Low
0.9981083892934834,High
0.03683519033212813,Low
0.0,Low
0.0,Low
0.004650614827521579,Low
0.009512016798060548,Low
1.0,High
0.04195504441403249,Low
0.9600996841086876,High
1.0,High
0.012384354066550168,Low
1.0,High
0.006951713713852184,Low
0.8939853031095539,High
0.0,Low
0.9975535168195718,High
0.0006408959740896506,Low
0.9864389653655441,High
0.009623407058232905,Low
0.008117645365218137,Low
0.9557468525358432,High
0.02497451580020387,Low
0.9999656392811738,High
0.000327653997378768,Low
0.018974217069550138,Low
0.010987250340214806,Low
0.0065305055203343145,Low
0.007699930258611065,Low
0.006053434191962813,Low
0.018769168410782747,Low
0.0,Low
0.0,Low
0.0033746063316651043,Low
0.9945744352786986,High
0.005561956427654518,Low
0.0006367510184205381,Low
0.008863772450848326,Low
0.9133224252882244,High
0.9735452637377248,High
6.66706655171666e-05,Low
0.0,Low
0.004234327377269077,Low
0.00800647268909828,Low
0.005787277480344617,Low
0.012173801890964602,Low
0.009633424077265354,Low
0.010681271506184446,Low
0.9990114501102341,High
0.036122032911023734,Low
0.05359146875384537,Low
0.0004932425766992207,Low
0.003079671561862218,Low
0.009229738432820576,Low
0.011693958445549829,Low
0.01108254851023771,Low
0.0,Low
0.0,Low
0.9823785630101393,High
0.000655307994757536,Low
0.00012644472548855053,Low
0.0004389110568561088,Low
0.006376934436635721,Low
0.009938837920489297,Low
0.008834709027247051,Low
0.0,Low
0.010972244996962685,Low
0.0,Low
1.0,High
0.0,Low
0.026154070190767435,Low
0.001834862385321101,Low
0.018630878389656845,Low
0.8026649191786807,High
0.9822348649656314,High
0.942218936386874,High
0.0,Low
0.008029623572174826,Low
0.0028137836042993825,Low
1.0,High
0.003498503814611095,Low
0.002892507179305476,Low
0.0,Low
0.889260753744854,High
0.00014878719232695378,Low
0.010626385243704349,Low
0.0064228618447668235,Low
0.0,Low
0.007274295009237015,Low
0.011096292284100822,Low
0.0,Low
0.007382946810869638,Low
0.9941022280471821,High
0.00607396577596887,Low
0.011739791795817769,Low
0.0011275152262739958,Low
0.010394230169000436,Low
0.006117296296657435,Low
0.010819750853061782,Low
0.0028032619775739042,Low
0.0,Low
1.0,High
0.007147243195145695,Low
0.0009858486675918053,Low
0.0007645259938837921,Low
1.0,High
0.0059211740532850565,Low
0.007146029306051538,Low
0.9977064220183486,High
0.9263761467889909,High
0.9743249178972544,High
0.034683995922528035,Low
0.007273064785796076,Low
0.007032245743581237,Low
0.0075471145526724995,Low
0.0001292156609381057,Low
0.0001244099707030138,Low
0.011354405449509771,Low
0.005260664534630241,Low
0.006375226445634636,Low
0.010475635613951217,Low
0.0,Low
1.0,High
0.0,Low
0.003538749275704911,Low
0.0004266282837848704,Low
0.010817713244150177,Low
0.005674757784064923,Low
0.007037159592017931,Low
0.0006321326776308527,Low
0.014497351309565767,Low
0.01380515508955876,Low
0.010470843757510404,Low
0.717691495558468,High
0.012612833977936546,Low
0.014684358376182158,Low
0.006351605319672894,Low
0.0,Low
0.08986464766197064,Low
0.0,Low
0.9889398572884812,High
0.020719250277071773,Low
0.01921026531118274,Low
9.618253599923472e-05,Low
0.13360455803116353,Low
1.0,High
0.0015290519877675841,Low
0.00536085626911315,Low
0.0018129413259220012,Low
1.0,High
0.021051727519243772,Low
0.010346477984768376,Low
0.00019113149847094801,Low
0.011322457545676057,Low
0.0055080410740101565,Low
1.0,High
0.006497155109605027,Low
0.9954128440366973,High
0.007276099272681317,Low
0.015830085084270806,Low
0.0036370352151831177,Low
0.009578314999202864,Low
0.0,Low
0.9829287387064216,High
0.0,Low
0.042337763624318105,Low
0.006994089261453598,Low
0.0012553802008608323,Low
0.9561857750679053,High
0.01161213011301171,Low
0.8803848920897052,High
0.0057804212070674274,Low
0.006127596716633058,Low
1.758730458579907e-05,Low
0.009076966169280542,Low
0.9993061016455512,High
0.013786882398149304,Low
0.01788777184348297,Low
0.01277139826902289,Low
0.005080398540001973,Low
0.0,Low
0.018654434250764528,Low
0.00022783818071415372,Low
1.0,High
0.010443348432242686,Low
0.0,Low
0.8978375738334662,High
0.001276415546043593,Low
0.01889183058789324,Low
0.008510990013688068,Low
0.0009088484751882834,Low
0.004814946585407906,Low
0.0,Low
0.0,Low
0.8584339170753092,High
0.012557941275086264,Low
0.0020971030219328534,Low
0.006040665816499686,Low
0.0020642201834862386,Low
0.0,Low
0.0,Low
0.007065659310652377,Low
0.007108993618855215,Low
0.9305721037372413,High
1.0,High
0.012552102356960231,Low
0.0009174311926605505,Low
0.0,Low
0.01209481039953677,Low
0.008600560001822497,Low
0.007572264691990177,Low
0.012174684431535344,Low
0.00038521275832291494,Low
0.00685328472775179,Low
0.0081304228720387,Low
0.0,Low
0.0,Low
0.03601374125587937,Low
0.0,Low
0.046416566292230226,Low
0.03448023760651502,Low
0.0006348845217305754,Low
0.010242333115847404,Low
0.003774103393419711,Low
0.0,Low
0.003019948054613552,Low
0.7483359448347625,High
0.9998790891686586,High
0.0007645259938837921,Low
0.007130562336986107,Low
0.006360500128710246,Low
0.9014885925025177,High
0.9031100344878362,High
0.008336277319123668,Low
6.149002631773126e-05,Low
0.9729372841542845,High
0.0002604225967083942,Low
0.008254101933547774,Low
0.024272009003309832,Low
0.010474946092637022,Low
0.005950969150870393,Low
0.0002108487141834028,Low
0.006649149220359039,Low
0.0,Low
0.008689936808132546,Low
0.9875764525993883,High
0.006008018282014915,Low
0.021142400987166604,Low
0.0,Low
0.9653794924446297,High
0.004649708090075063,Low
0.0,Low
0.9796411815064734,High
0.8743862631003276,High
0.007835436212748377,Low
0.9999288813028946,High
0.008190139809293128,Low
0.979204892966361,High
0.0076598163721427566,Low
0.07616634834811167,Low
0.04182771139005422,Low
0.0058343343629289664,Low
0.012075203654896796,Low
0.004416451485065584,Low
0.0,Low
0.008430448797421273,Low
0.883587055636789,High
0.0002590165658122597,Low
0.006730734381242515,Low
0.014898744049393283,Low
0.024475576027346423,Low
0.011372866890062911,Low
0.9954128440366973,High
0.9863229852280877,High
0.00017213706282082119,Low
0.001313425064384387,Low
0.012467234600262122,Low
0.004357798165137614,Low
0.8513360015949362,High
0.0004932425766992207,Low
0.0140911021371203,Low
0.0,Low
0.014484904190799347,Low
1.0,High
0.006450956369107858,Low
0.011000973600529174,Low
0.00944880969228082,Low
0.00011658962560308532,Low
0.001815118353116596,Low
0.00852201872130323,Low
0.056848740906392366,Low
0.0006026232414720334,Low
0.001242354740061162,Low
0.9870004404246213,High
0.00833852609238403,Low
0.010305811242907225,Low
0.050729749244237406,Low
0.010635314564744638,Low
0.0010441429620548274,Low
0.0037943584352701323,Low
0.023684469699462307,Low
0.0006243633171274966,Low
0.010956377002986128,Low
0.02235667763174494,Low
0.033537276497760705,Low
0.8850987854880304,High
0.00878047283329461,Low
0.006457055946470328,Low
0.005893890592231892,Low
0.0,Low
0.0,Low
0.00633554530187794,Low
0.0,Low
0.012078923367190741,Low
0.9918960244648318,High
0.0,Low
0.00021470954406545514,Low
0.0009174311926605505,Low
0.009165452703648084,Low
0.010206101683573648,Low
0.006397634849953517,Low
0.9890957029718498,High
0.0983734392862111,Low
0.008103865292833934,Low
0.008374305475246232,Low
0.00947555894230981,Low
0.0,Low
0.013797140913298256,Low
0.9181356487549148,High
0.0007372963009509446,Low
7.806262050884945e-05,Low
0.9501092179991262,High
0.0,Low
0.9990825688073395,High
0.008491967807817248,Low
0.0014395958923299596,Low
0.0,Low
0.0,Low
0.011544769572960037,Low
0.0,Low
0.9534199574424627,High
0.006997605260547544,Low
0.9688368283093053,High
0.9868773306624483,High
0.0001292156609381057,Low
6.939740637618556e-05,Low
0.0128969654199012,Low
0.9854740061162078,High
0.01018239145303421,Low
0.0,Low
0.007415902140672783,Low
6.456376510848987e-05,Low
0.012155126038178398,Low
1.0,High
0.0,Low
0.006995996220146078,Low
3.381853811935737e-05,Low
0.9140503866458487,High
0.013408134563335084,Low
0.8883883699085275,High
0.0014597540805899127,Low
0.015508391067938138,Low
0.001276415546043593,Low
0.03469057255145281,Low
0.00017378176423474588,Low
1.0,High
0.033063648889336966,Low
0.0,Low
0.017632590436835936,Low
0.9948320028595258,High
0.0020197757007619525,Low
0.005989605357221251,Low
0.894676821737361,High
0.0001239771881973717,Low
0.0094334856956287,Low
0.006555249032313253,Low
0.01008073467041125,Low
0.0031400174748798595,Low
0.008230605771598622,Low
1.0,High
0.00359854476431509,Low
0.0,Low
0.0,Low
0.015311182742375404,Low
0.03714133006931809,Low
0.0004722072315164598,Low
0.000125675505843911,Low
0.011368830409677531,Low
0.011503271316014363,Low
0.008088884220758225,Low
0.013837012356178699,Low
0.011212041920274056,Low
0.07422500728119995,Low
0.00621642835786023,Low
0.006371918243519493,Low
0.9465972061448722,High
0.07237856959570513,Low
0.036026540442832794,Low
0.0,Low
0.0,Low
0.0,Low
0.005888793132568674,Low
0.00011004077634451256,Low
1.0,High
0.9848074717217838,High
0.0030581039755351682,Low
0.010975012064488152,Low
0.0,Low
0.006504494690133374,Low
1.0,High
0.0008094981111710739,Low
0.009579842923532922,Low
0.10197877172674649,Low
0.005623765108917864,Low
0.0035677879714576958,Low
0.06914001929891544,Low
0.006300098817987597,Low
0.9812739519219602,High
0.0,Low
1.0,High
0.8517660219495081,High
1.0,High
0.007270648534742679,Low
0.005960434467371522,Low
0.011283014368460078,Low
0.9927063271967264,High
0.0,Low
0.009233808167420041,Low
0.012591662653475902,Low
0.0051319153616618185,Low
0.10571738127051583,Low
0.007306684141546526,Low
0.006809061069678588,Low
0.03192938559911037,Low
0.007809644445081328,Low
0.9600626183194991,High
0.009473319335838153,Low
0.010522697748781305,Low
1.0,High
0.9990655793408088,High
0.022084510059581952,Low
0.9959518778132839,High
0.01075185296041216,Low
0.0,Low
0.9821155526430756,High
0.0001927482753158127,Low
0.006943600540607724,Low
0.007547998128958796,Low
0.0,Low
0.011977968093442804,Low
0.004797239996916198,Low
0.027275220811824572,Low
0.009000254510435844,Low
0.004984760618984791,Low
0.7523018128010318,High
0.0,Low
0.0012216342804058766,Low
0.006552298707379511,Low
0.0,Low
0.12181480598911788,Low
0.0029676546744617028,Low
0.007706112006791378,Low
0.011067689150026257,Low
0.0,Low
0.015305733254177466,Low
0.0045871559633027525,Low
0.004700222475241026,Low
0.007181129728510798,Low
9.759906304899472e-05,Low
0.987108924898995,High
0.006480337635339366,Low
0.0,Low
0.011619569515435286,Low
0.0,Low
0.0,Low
0.011454399471260927,Low
0.00011750499619917539,Low
8.160913141993633e-05,Low
0.042471377174991276,Low
0.007613672696406857,Low
0.0,Low
0.02041491862085944,Low
0.9999656392811738,High
0.0016654514788014964,Low
0.1127874264139555,Low
0.00474006116207951,Low
0.9054172127566623,High
0.9912625600698995,High
0.876358605716404,High
0.011617739823935855,Low
0.01338306138675467,Low
0.00010659266429207182,Low
0.0037844036697247704,Low
0.012530633835897666,Low
0.003952586667480804,Low
0.011606376803662069,Low
0.006111055350187381,Low
0.0,Low
0.007165921783011821,Low
0.009513880838393673,Low
0.009222198552739586,Low
0.05944934270622345,Low
0.013747535678479396,Low
0.012574526712139681,Low
0.009230079443584418,Low
1.0,High
0.00030057738847118296,Low
0.005778348844057925,Low
0.006771550912912365,Low
0.016008081497006128,Low
0.007529407949963921,Low
0.006142853756093941,Low
0.008182898253607834,Low
0.007109341093083869,Low
1.0,High
0.008175106129168335,Low
0.011844956855470394,Low
1.0,High
0.009060952789630082,Low
0.006550809434138204,Low
0.0001292156609381057,Low
0.007340408909914669,Low
0.0,Low
0.014307557885539538,Low
0.003972153418065233,Low
0.013750866514638081,Low
0.008559052656213173,Low
0.0008366805700752505,Low
0.011752043596972664,Low
0.00037834112061757786,Low
0.0015290519877675841,Low
0.0023581417467598655,Low
0.0,Low
0.004922197743012323,Low
0.014276212531911782,Low
0.010601374384312048,Low
1.0,High
0.0003452443362661326,Low
0.032704414074239414,Low
0.014196107483972209,Low
0.012752866101761113,Low
0.006999660210669385,Low
0.8217584962528002,High
0.0,Low
0.0,Low
0.026753485275783265,Low
0.004872330325766587,Low
0.9890053880879569,High
0.0,Low
0.011559121114256641,Low
0.0,Low
0.9954128440366973,High
0.00915293711149697,Low
0.005792797607667724,Low
0.01471502187269962,Low
0.001276415546043593,Low
0.0072885122136868334,Low
0.008899821832016461,Low
0.04898061488687309,Low
1.0,High
0.008201376023465125,Low
0.002454310707947825,Low
0.01036369886611983,Low
0.00010308244054135754,Low
0.0038226299694189597,Low
0.9748984223296245,High
0.021124039252914055,Low
0.020589519101861967,Low
0.999900279218189,High
0.010626611539914612,Low
0.9803292659338825,High
0.9867737003058104,High
0.06823442478157471,Low
0.010350990698428686,Low
0.9647553516819571,High
0.013337646402494366,Low
0.012185215667962383,Low
0.012800069451445597,Low
0.9032277036369448,High
0.0006304791246983659,Low
8.79473584598019e-05,Low
0.0,Low
0.0,Low
0.0,Low
0.9963590483056957,High
0.9999288813028946,High
0.000822418087692341,Low
0.01241803165744711,Low
0.006109294144494589,Low
0.0,Low
0.0,Low
0.024070919568395688,Low
0.0007831729693443724,Low
0.8125658211068095,High
2.1740075655463284e-05,Low
0.010669911680033036,Low
0.0,Low
1.0,High
0.9999288813028946,High
0.005599708012461626,Low
0.9056356487549148,High
7.430320455760378e-05,Low
0.011427641793965649,Low
0.037601175632840315,Low
0.0,Low
0.0,Low
0.0,Low
0.005465487924115274,Low
0.007552712193029817,Low
0.02169068184474627,Low
0.006060860389527005,Low
0.8080943276777152,High
0.016238265798806422,Low
0.00876672306014572,Low
0.0,Low
0.033901266928789864,Low
0.007660601597578064,Low
0.8764000813408016,High
0.9971330275229358,High
0.0,Low
0.00012772891411220666,Low
0.0,Low
0.016638933288334257,Low
8.160913141993633e-05,Low
0.8698003539526592,High
0.782976058090737,High
0.9917036080487242,High
0.019545075140934825,Low
0.00929184082604483,Low
0.9916780372061756,High
6.035731530661516e-05,Low
0.0,Low
0.0006788820086482501,Low
0.030905761819166117,Low
4.253918153960235e-05,Low
0.011124219514373104,Low
0.007401136217648709,Low
0.006453324557272298,Low
0.01565782030154709,Low
0.00036080878631394506,Low
0.0003834803225571574,Low
0.0,Low
0.006861058201780238,Low
0.9999288813028946,High
0.0,Low
0.987937737557017,High
0.0001292156609381057,Low
0.009413044727824635,Low
0.007619480113942283,Low
1.0,High
0.0,Low
0.001648224752439202,Low
0.9998210683844102,High
0.008567423110918595,Low
0.0009227690847429556,Low
0.006814745365495675,Low
0.0006896431500052139,Low
0.9916747458063281,High
0.005544781755007893,Low
0.006744941222480354,Low
0.0,Low
0.985418790349983,High
0.00995481007485803,Low
0.017551239169215086,Low
0.002117148906139732,Low
1.0,High
0.0046831992435158185,Low
0.005373525557011795,Low
0.006649742355464019,Low
0.008939562193726082,Low
0.006723016769858575,Low
0.008188605760687938,Low
0.0018677452237677158,Low
0.009872513062049613,Low
0.008348874566726255,Low
0.0,Low
0.07557053315429861,Low
0.8947173720035513,High
0.010605454242456305,Low
0.005192245299916421,Low
0.0,Low
0.009716323672787394,Low
0.9224224552206204,High
1.0,High
0.008245643944189968,Low
0.007403421452589465,Low
0.0008206092941003598,Low
0.00618608317766063,Low
0.021576380274669318,Low
0.16159989654414847,Low
0.01592459579183005,Low
0.010948610948845763,Low
0.001211352755934178,Low
0.007526466346975345,Low
0.02697447036509795,Low
0.009322544081318627,Low
0.007379654874778655,Low
0.0,Low
0.007412969282923152,Low
0.0,Low
0.0,Low
0.0,Low
0.012641065095348722,Low
0.0,Low
0.010285686445951302,Low
0.007088441871324157,Low
0.0024192534874952873,Low
0.0013859020801088983,Low
0.0007019921103526202,Low
0.011966047636947842,Low
0.9781860402567373,High
0.9993446920052425,High
0.0,Low
0.009357842322688154,Low
0.014825307881513813,Low
0.0,Low
0.000655307994757536,Low
0.8038105439840347,High
0.005960170609322761,Low
0.012121341321265522,Low
0.0024254674981672216,Low
0.007160445579396639,Low
0.005341126530275646,Low
0.0,Low
0.010620780936913907,Low
0.996177370030581,High
0.008048185800479378,Low
0.012886090730556134,Low
1.0,High
0.010957943394804225,Low
0.016152741501699496,Low
0.00979368868248205,Low
0.00668038818915602,Low
0.0,Low
0.019812145041502843,Low
0.01065096590092832,Low
0.00824691825562649,Low
0.014930514944159548,Low
0.010157801767271832,Low
0.015319119471565978,Low
0.03089341768269584,Low
0.01753246232727748,Low
0.010906577655192803,Low
0.01530805897618945,Low
0.006884729733533243,Low
0.006086815484955197,Low
0.9992237811739011,High
0.037880657717117044,Low
0.01243697426708893,Low
0.0,Low
0.01776516700225304,Low
0.014203092164725714,Low
0.062492079005973006,Low
0.009084011945729525,Low
0.9909167030726664,High
0.9889689820882483,High
0.0,Low
1.0,High
0.0,Low
0.01958738676607002,Low
0.007211121104984623,Low
1.0,High
0.012740443286768915,Low
0.0,Low
0.012170591064130511,Low
0.0,Low
0.009603622677017172,Low
0.0005590234874973072,Low
0.010365181267326414,Low
0.0666992790025447,Low
0.009184266692150866,Low
1.0,High
0.010986188914853829,Low
0.9993446920052425,High
0.0042460597506469066,Low
0.0030581039755351682,Low
0.009669556660114868,Low
1.0,High
0.06942034631889829,Low
0.011793113022875156,Low
0.0014552602882326332,Low
0.9945208970438327,High
0.9874726955002183,High
0.9361284716027982,High
0.0011467889908256881,Low
0.015281681453993284,Low
0.00911884434616159,Low
0.0,Low
6.149002631773126e-05,Low
1.0,High
0.8582061669217632,High
0.9847724531755918,High
0.0034948855265127593,Low
0.008773712786961471,Low
9.954765545361876e-06,Low
1.0,High
0.01894859826065416,Low
0.9503598109843847,High
0.005074005055002586,Low
0.0,Low
0.011157257482032971,Low
1.0,High
0.012690986463734651,Low
0.010693959278621141,Low
0.006407406306938694,Low
0.017768761320449914,Low
1.0,High
0.011574620336581153,Low
9.954765545361876e-06,Low
0.01702022091583394,Low
0.0,Low
0.9999656392811738,High
0.0,Low
0.0,Low
0.004054835994655578,Low
0.006517373296161461,Low
0.0,Low
0.007170077783788979,Low
0.06067207673532786,Low
0.0,Low
0.028490427294824136,Low
0.022481121662271765,Low
0.011993823360204851,Low
0.007234800166872686,Low
0.0019324614483700957,Low
1.0,High
0.012233433023612043,Low
1.0,High
0.8904510703363914,High
0.017362704169085773,Low
0.010262145604021172,Low
1.0,High
0.0014388103933749969,Low
0.01715650205140426,Low
0.008902898774993008,Low
1.0,High
0.006934758087938568,Low
0.011533123901694987,Low
0.0021708128477783105,Low
0.007196984965698429,Low
0.8868999972799745,High
0.9592440166400371,High
3.007387064756693e-05,Low
0.01351909716382561,Low
0.0022935779816513763,Low
0.011455572094699894,Low
0.988431930823579,High
0.012484080805814368,Low
0.007431732702082904,Low
9.954765545361876e-06,Low
1.0,High
0.006422018348623853,Low
0.0009633027522935781,Low
0.009763358748490743,Low
0.018406158273442434,Low
0.9386977472780508,High
0.9689382312995393,High
0.015320758497860116,Low
0.8642110819863111,High
1.0,High
0.007907734475839623,Low
0.012961091644868984,Low
0.012428667165630928,Low
0.014830854367468603,Low
0.006182728478961263,Low
0.008155697652196996,Low
0.0,Low
0.019419275596188165,Low
0.0446065684747376,Low
0.9681356487549149,High
0.000207057862623437,Low
0.005001821231085174,Low
0.01349783702138162,Low
0.9804226736566186,High
0.022483788287566617,Low
0.007177140405732836,Low
1.0,High
0.010202247889755059,Low
0.011910112341994718,Low
0.006659447843383899,Low
0.9972477064220183,High
0.0002698327037236913,Low
0.992649628658803,High
0.019435492371245127,Low
1.0,High
0.9665956749672346,High
0.770879176045633,High
0.8524997351713135,High
0.995301683270513,High
0.012790036747525331,Low
0.9926341115194459,High
0.018568383185223556,Low
0.02380787202219062,Low
0.018924433432489823,Low
0.015342442691826485,Low
0.022741047264917498,Low
0.00875385174436171,Low
0.08075214795398282,Low
0.8855507638890252,High
0.011038657527903619,Low
0.009111814537272797,Low
0.00968229634897188,Low
0.9990825688073395,High
0.012146072487689657,Low
0.00019944156362185878,Low
0.0,Low
1.0,High
0.9534771039358196,High
0.018297432353815646,Low
0.013495408392857563,Low
0.01717085666626951,Low
1.0,High
0.011142772700755178,Low
0.015393055527503427,Low
0.9999735610607303,High
0.0008298328668834911,Low
0.023085348308339953,Low
0.011229718746237431,Low
1.0,High
0.011357398413556383,Low
0.9457991759394889,High
0.8506292386361347,High
1.0,High
0.013141704747728704,Low
0.9126898956061732,High
0.9771920967319497,High
1.0,High
0.008591404688477649,Low
0.0044747256700845475,Low
0.9954128440366973,High
0.9484762206052938,High
0.009021328071662203,Low
0.955340493503891,High
0.014987991923972042,Low
0.9942169069462649,High
0.02898823166694545,Low
0.9879030427972918,High
0.07525783277909033,Low
0.024745158002038737,Low
0.015197688445020296,Low
0.0076101516334968885,Low
0.01700048455752215,Low
0.02366787983654499,Low
0.9991808650065531,High
0.9945853477155864,High
0.013271103936272082,Low
0.0105771435562966,Low
0.010161999383264007,Low
0.006705985146352118,Low
0.010584493151397763,Low
0.0040137614678899085,Low
1.0,High
0.011846677787044759,Low
0.013563599519656543,Low
0.9796991073142143,High
1.0,High
0.8968406502108011,High
0.9998991833854219,High
0.8788002086612628,High
0.015892211350365934,Low
0.9981651376146788,High
0.013430325120388123,Low
1.0,High
0.009934442879812865,Low
0.012192227495570316,Low
0.9824534139300923,High
0.011892401527687217,Low
0.009936143995748725,Low
0.0332307592779542,Low
0.011310659449365596,Low
0.010138887648005527,Low
0.010266996854831938,Low
0.99969580657745,High
1.0,High
0.004193971166448231,Low
0.008518462919401283,Low
0.009403464299561199,Low
0.9931192660550459,High
0.010244784213865425,Low
0.022752600777822943,Low
0.00041701417848206843,Low
0.9641692150866463,High
0.03314402213484782,Low
1.0,High
0.009045947228364801,Low
0.019292106495997434,Low
1.0,High
0.007442619657489916,Low
0.008081164900975681,Low
0.02234401151363652,Low
0.9998991833854219,High
0.011163513650781982,Low
0.0058475658163398,Low
0.020463812436289502,Low
0.8211380674250539,High
0.00689068871049949,Low
0.00830641359660812,Low
0.048549640980833635,Low
0.007725812101568388,Low
1.0,High
0.01395932012618405,Low
0.010157497276446647,Low
0.013545362879847235,Low
0.008265017004908233,Low
0.5984962039612465,High
0.0001956417385726097,Low
0.010986662347387429,Low
1.0,High
0.003752903707733072,Low
1.0,High
0.9397196952175365,High
0.8976523655240267,High
0.027895024535891957,Low
0.009054494004139454,Low
0.9929075511644319,High
0.0008433792987921875,Low
0.0113634420505721,Low
1.0,High
0.004002416708513415,Low
0.0,Low
0.9975745312178536,High
0.014089121887287023,Low
0.006608576163325225,Low
0.009638469104260616,Low
0.008137044893497036,Low
0.003155703038584163,Low
0.0,Low
0.007627303530319516,Low
0.994429882044561,High
0.013408825888519564,Low
0.9156532267842641,High
0.008004736508493445,Low
0.9903455274596717,High
0.0030581039755351682,Low
0.006852373737923438,Low
0.9865934906072522,High
0.013571188255962513,Low
0.010681693835883726,Low
0.016413666741743504,Low
0.03479629905198619,Low
0.0019621101978658712,Low
0.0001354265061732103,Low
0.06891361696407566,Low
0.030620526262728095,Low
0.9614314839085483,High
1.0,High
0.01689378478004299,Low
0.9864737828614313,High
0.00017921524355573744,Low
0.0011306803702159206,Low
1.0,High
0.013683253908711666,Low
0.9984709480122324,High
0.006372480985546846,Low
0.011339616253432834,Low
1.0,High
1.0,High
0.004725580137956641,Low
0.0,Low
0.006516376686148008,Low
0.026218362269310937,Low
0.009704994018067705,Low
0.008140346256492235,Low
0.9892966360856269,High
0.013919076377305236,Low
0.0309180094055971,Low
0.006062898119631812,Low
0.0,Low
0.010321100917431193,Low
0.011657135311456988,Low
0.06810900618240069,Low
0.007820667708336611,Low
1.0,High
0.9950316073509773,High
0.8922236784622106,High
0.044067380122402695,Low
0.0,Low
0.007297716727108948,Low
0.007446797346840242,Low
0.012218445635794752,Low
0.007078178742517694,Low
0.009592113085570448,Low
0.00017452487212595504,Low
0.022949589849095585,Low
0.008400986102643438,Low
0.006389566352702636,Low
0.9835464423950816,High
0.00018550777045391902,Low
0.01239136078691961,Low
0.0,Low
0.0,Low
0.020477586681044622,Low
0.010283770522517641,Low
0.9629095674967236,High
0.015648349960324447,Low
0.013443289407618065,Low
0.0,Low
1.0,High
0.01318658816687267,Low
0.005596399557475301,Low
0.012412001064391135,Low
0.0,Low
0.00716810630060177,Low
0.00783301678544034,Low
0.031567813620442364,Low
0.0,Low
0.9031959321053376,High
0.0005733944954128441,Low
0.001310615989515072,Low
0.0668583117881118,Low
0.013582798707768674,Low
0.03809598763052621,Low
0.006688057022619583,Low
0.0,Low
0.0,Low
0.0023339317581489724,Low
1.0,High
0.01793905635648755,Low
0.020107158032077833,Low
1.0,High
0.9977064220183486,High
0.0,Low
1.0,High
0.0006643410615737247,Low
0.9819025775447794,High
4.2837603991976594e-05,Low
0.9959862385321101,High
0.0,Low
0.0016411713560564518,Low
0.9960681520314547,High
0.006137406063385697,Low
0.0,Low
0.006527175004664826,Low
0.03239983012719182,Low
0.011644041853875511,Low
0.004675336312691751,Low
0.9993446920052425,High
0.0,Low
0.005983661576975081,Low
0.00717541642720561,Low
0.022235151455763647,Low
0.96719813554306,High
0.0,Low
0.006680513520011651,Low
0.97909421713835,High
0.015133570699869323,Low
0.006698436330214905,Low
0.0004722072315164598,Low
0.007363598536764124,Low
0.0073084057095091,Low
0.9927260812581913,High
0.9760448521916413,High
0.008287532470468435,Low
0.0069875097516453495,Low
0.10735583224115335,Low
0.01000302475851208,Low
0.0063942103143947914,Low
0.0,Low
0.007087454396091976,Low
0.011298188809683588,Low
1.0,High
0.012439790067754633,Low
0.006225716682899571,Low
1.0,High
0.765215467817595,High
0.9990586773700306,High
0.01169868448561488,Low
0.014218777218675595,Low
0.028018759175138335,Low
0.022695619481959063,Low
0.0,Low
0.007643743291319007,Low
0.009568794234576825,Low
0.011239651386542917,Low
0.09366716348926112,Low
0.00894644392242129,Low
0.005853125010219766,Low
0.011656022161209954,Low
0.014379198760922935,Low
0.0007790523169836777,Low
0.006431259599720847,Low
0.9954128440366973,High
0.008178375925974528,Low
0.011502622520813393,Low
0.01738078044706192,Low
1.0,High
0.002262575997524392,Low
0.8644750254841999,High
0.8846239072234856,High
1.0,High
0.8477651051738411,High
0.008383390154333106,Low
0.005619362066005797,Low
0.001834862385321101,Low
0.006201784680597388,Low
0.006983278884903856,Low
0.9952490170380079,High
0.010466488478524655,Low
0.009074518327146881,Low
0.9116842738518287,High
0.9988532110091743,High
0.025022504980562306,Low
0.0,Low
0.03231978510150167,Low
0.012472425802728905,Low
0.9003662870690334,High
0.0,Low
1.0,High
0.0038874799325732175,Low
0.01636974977165769,Low
0.007586372542805749,Low
0.0064652164982784595,Low
0.008856498474905631,Low
0.9984709480122324,High
1.0,High
0.006235827600531067,Low
0.00799476803562161,Low
0.0,Low
1.0,High
0.015943857988440963,Low
0.011794551014734502,Low
0.000655307994757536,Low
1.0,High
0.0076752880760351284,Low
0.007548571211575928,Low
0.0001131093107715696,Low
0.008219772780629218,Low
0.006502177086473891,Low
0.006472128642987405,Low
0.009799823489142167,Low
0.007860307713944609,Low
0.012043960406887013,Low
0.0,Low
0.0,Low
0.008900116947864998,Low
0.0038708544666057176,Low
0.0,Low
0.009446667661391482,Low
0.014988925823641738,Low
0.02797296468598449,Low
0.006967165364629934,Low
0.9906616059264152,High
0.013671000560264933,Low
0.006813342991734064,Low
0.007694485943510615,Low
0.011272010752371992,Low
0.07509899631459264,Low
0.020012517185723007,Low
0.006200578664731642,Low
0.9990825688073395,High
0.008560355995709206,Low
0.0004932425766992207,Low
0.01295793611974112,Low
0.007779646746986248,Low
0.00097325751783894,Low
0.007267971823407648,Low
0.0012553802008608323,Low
0.002621231979030144,Low
0.010218179276601309,Low
0.0,Low
0.005539956632702084,Low
0.00010659266429207182,Low
0.010817685232187197,Low
0.010387626493192382,Low
0.0,Low
0.0006652627603028979,Low
0.002102446483180428,Low
1.0,High
0.009450210738756043,Low
0.00019145180245227372,Low
0.0022935779816513763,Low
0.9900577627476855,High
0.018963941322548708,Low
0.01703033761926152,Low
0.9504392839475831,High
0.0,Low
1.0,High
0.951354342367574,High
0.0010562444835944336,Low
0.9765782883380689,High
0.0008372790938345162,Low
1.0,High
0.03468007527640555,Low
0.006071871318170649,Low
0.9623851327940223,High
0.0072127873861653246,Low
0.008718310187630396,Low
0.006930314613558146,Low
0.013625589231284827,Low
0.010189279908800202,Low
0.0051223241590214064,Low
0.0,Low
0.9059700649370473,High
0.005748959654204814,Low
0.027985878768354185,Low
0.8749922508647943,High
0.0001239536511103468,Low
0.0,Low
1.0,High
0.013184358397133089,Low
0.0,Low
0.006364811820053531,Low
0.9161824856893842,High
0.009923426385409289,Low
0.0032492354740061157,Low
0.950533347895733,High
0.0011467889908256881,Low
0.006909892392428924,Low
0.015856081546487523,Low
0.0,Low
0.004128440366972477,Low
0.00023106474982792608,Low
0.03045024067404921,Low
0.010949500547937587,Low
0.00387444391572199,Low
0.004315442079828417,Low
0.0030581039755351682,Low
0.0013768548773095473,Low
0.8868445676360827,High
1.0,High
0.9885321100917431,High
0.00025355788569699357,Low
0.0790248799065826,Low
0.014889803509161805,Low
1.0,High
0.015726911365036882,Low
0.012796097226662353,Low
1.0,High
0.006548972125043934,Low
0.01587272902139967,Low
0.0002020425110477104,Low
0.10166393285645918,Low
0.15276515311658842,Low
0.00567508368070054,Low
0.0148296973199451,Low
0.018898543224103094,Low
5.582632517838941e-05,Low
0.0,Low
0.03935020404406124,Low
0.9998991833854219,High
0.009471036445313451,Low
0.007482664454397756,Low
0.9967234600262123,High
0.00851900393184797,Low
0.0004604790119411679,Low
0.013252800411552714,Low
0.008300087423854978,Low
0.0017201834862385322,Low
0.8960787928916337,High
0.00802083404577115,Low
0.01053514717104133,Low
0.0,Low
0.01139423056999882,Low
1.0,High
0.0071551617604848905,Low
0.9952011291460833,High
0.8866767279611318,High
0.028266361464951793,Low
0.9939857288481142,High
0.011558310805825733,Low
0.008370767126562715,Low
0.9853005930289211,High
0.8791987333316948,High
0.022519978536920296,Low
0.0,Low
0.0071200429038847345,Low
0.016540643008207605,Low
0.007587104218679604,Low
0.04649525189119588,Low
0.0,Low
0.010627297666840382,Low
0.0006652627603028979,Low
0.0626434651286474,Low
0.0007755577308014664,Low
0.0,Low
0.004495173929663607,Low
0.9669816355182167,High
0.012554622126726485,Low
0.010034744379291631,Low
0.009288171973285972,Low
0.012122437474069846,Low
0.9999735610607303,High
1.0,High
0.00677795995539609,Low
0.01061318998400494,Low
0.017073703073937564,Low
0.005014836062874156,Low
0.08581998504741141,Low
0.005408376975260693,Low
0.00017014755280464773,Low
0.01568539207791353,Low
0.010395699117321619,Low
0.9058686471530508,High
0.9912079510703363,High
0.00755286853298959,Low
0.010183019752633946,Low
0.0,Low
0.0006050893366136692,Low
0.00017459933708930086,Low
0.006164828727280326,Low
0.9830460220347141,High
0.024257801214345898,Low
0.0,Low
0.0076384693762442625,Low
0.0023449088869374503,Low
0.007166734550693291,Low
0.0012026153160040775,Low
1.0,High
0.970698514699727,High
0.006752225836854665,Low
1.0,High
0.011952330214072117,Low
0.008399597330589427,Low
0.015850228574307037,Low
0.9252323840720094,High
0.007013411665623746,Low
0.007526261148908879,Low
0.005415831406497808,Low
0.0,Low
0.0059421126475869964,Low
1.0,High
0.9904787509484392,High
0.011114751711081988,Low
0.007388791691522652,Low
0.0,Low
1.0,High
0.0011065633081901777,Low
1.0,High
1.0,High
0.01444207703404758,Low
0.9990965244405611,High
1.0,High
0.006627294453065671,Low
0.011315212102706815,Low
0.9954128440366973,High
0.015574067514212243,Low
0.9095507768710112,High
0.9919724770642202,High
0.026348518459050754,Low
0.9870173681283093,High
0.008330022188538842,Low
0.011089803561220041,Low
0.012007324076149925,Low
9.954765545361876e-06,Low
0.0018851709273640593,Low
0.022288807792163797,Low
0.007335759917695413,Low
0.0,Low
0.0,Low
0.9893693893656901,High
0.010115999051226744,Low
0.0,Low
0.0108863411008826,Low
0.008912530598244494,Low
0.00827271639324336,Low
0.9775845542927565,High
0.7998083570187475,High
0.00020718375308354135,Low
0.011723007647929004,Low
0.010187405515979943,Low
0.031511142711108414,Low
0.8478323159871587,High
0.0006769689404517358,Low
1.0,High
0.0,Low
0.005627098531639613,Low
0.9923627707963919,High
0.6338728040562903,High
0.0002558003560993929,Low
0.7050675375692161,High
0.006498470948012233,Low
0.0015290519877675841,Low
0.0,Low
0.007771964208064977,Low
0.020729609330526765,Low
0.005832347544993746,Low
0.9808739486061627,High
0.019899660887691087,Low
0.8561690033474142,High
0.019046950966776645,Low
0.9969418960244649,High
0.007436037863397387,Low
0.9984709480122324,High
0.04574130087195867,Low
1.0,High
1.0,High
0.013378302468384722,Low
1.0,High
1.0,High
0.06045859005533872,Low
0.007849208789939922,Low
0.012499921866577168,Low
0.9785932721712539,High
0.02389846796433462,Low
0.014510344604077453,Low
0.9626139025244724,High
0.9726701779961494,High
0.0,Low
0.0024176701203843178,Low
1.0,High
0.011840223996187298,Low
1.0,High
0.0065564904767358295,Low
8.79473584598019e-05,Low
0.0003312068587580232,Low
7.939212990549305e-05,Low
1.0,High
0.010497628727826837,Low
0.0001596912228972556,Low
0.9787057068778301,High
0.0001239536511103468,Low
0.016126271480858028,Low
0.8993289080320525,High
0.013354447648655204,Low
0.008868501529051987,Low
0.9556746615549204,High
0.01126715241366438,Low
0.9405635648754916,High
0.007537705425806652,Low
0.007434949788090526,Low
0.020619488009878232,Low
0.006714622543177666,Low
0.006673050046287341,Low
0.010776288557345505,Low
0.9930903380444666,High
1.0,High
0.006663032010553697,Low
0.0,Low
0.01378804633277179,Low
0.006056862157237562,Low
1.0,High
0.010571629294161784,Low
1.0,High
1.0,High
0.9865911912809546,High
0.007347128306830884,Low
0.0,Low
0.0,Low
0.9998991833854219,High
0.19905421875445695,Low
0.005495109311366503,Low
0.0020642201834862386,Low
0.023805883209552934,Low
0.0001131093107715696,Low
0.0,Low
0.9716696698334211,High
0.0003149821319147421,Low
1.0,High
1.0,High
0.0,Low
0.0023281049620203216,Low
0.007603061921750473,Low
0.0,Low
0.010679792581784704,Low
0.007232065020493177,Low
0.0007926655511282942,Low
0.006050742335154335,Low
0.00636376874908985,Low
0.010556104714858933,Low
0.006443270976155562,Low
0.0,Low
0.010203584186803996,Low
0.056429019502414,Low
0.000655307994757536,Low
0.019694877978821378,Low
0.0002750675533550151,Low
0.0,Low
0.027576885713651477,Low
0.01718167989164273,Low
1.0,High
0.0038663171690694626,Low
0.00848479890256968,Low
0.03048501468931394,Low
0.04865875830289179,Low
0.013184893961591776,Low
0.007642270814651307,Low
0.005935640145846684,Low
0.028488794728027757,Low
0.03426542821254276,Low
1.0,High
0.08793471931995306,Low
0.017818967644652878,Low
1.0,High
0.0031656578041295244,Low
0.0061272910623855065,Low
0.020321018354632604,Low
0.011909607262516221,Low
0.0253789748047502,Low
0.010390744002624103,Low
0.0,Low
0.9248614842842916,High
0.9997706422018348,High
0.010736268252519757,Low
0.00436871996505024,Low
0.963962380505185,High
0.03238556131196561,Low
0.01387706011673091,Low
0.00853737629354511,Low
0.09603879326859878,Low
0.010082962045320441,Low
0.01066655716257745,Low
0.043283966923718754,Low
0.0,Low
0.9672945929673846,High
0.9810760140426362,High
0.0060213193703279435,Low
0.0014730816829155845,Low
1.0,High
0.010767084962663678,Low
0.003429471029098322,Low
0.9999656392811738,High
0.010633470567265796,Low
0.005265588493081431,Low
0.007311021084239386,Low
0.005279262027761115,Low
0.007095099449459953,Low
0.00019113149847094801,Low
0.06937695545282543,Low
0.9600891514605985,High
0.0,Low
0.09612299846145081,Low
2.1740075655463284e-05,Low
0.0006643410615737247,Low
0.06806044188897654,Low
0.9910550458715597,High
0.005821319353429445,Low
0.010412860314806174,Low
0.006431505309720524,Low
0.006757560318190921,Low
0.010178181836923149,Low
0.08605187684831121,Low
0.9948541519642438,High
0.012295878847190652,Low
0.0,Low
0.0,Low
0.9831812521698493,High
0.9678938684053778,High
0.009597553433167321,Low
1.0,High
1.0,High
0.022597670286138835,Low
0.00020718375308354135,Low
0.0,Low
0.8691094450088157,High
0.0006388338406710383,Low
0.0,Low
0.0,Low
0.04029625691664807,Low
0.006319769150289682,Low
0.018410103966610903,Low
0.010380492291263959,Low
0.007645320381293267,Low
0.01051951529974767,Low
0.010664994414481372,Low
0.009275555655592644,Low
0.9943405218634577,High
0.011940482599576233,Low
0.9040708007888637,High
0.00012434969889859888,Low
0.004653394851097227,Low
0.008086434395055428,Low
0.0003412514283592432,Low
0.0,Low
0.006987844415200857,Low
0.8879906079588051,High
0.008074177294469614,Low
0.01402114535913674,Low
0.9768620014032858,High
0.06660139045460146,Low
0.0022935779816513763,Low
0.0006643410615737247,Low
0.021077253531381974,Low
0.009262423289463365,Low
0.015542791631344022,Low
0.007616722965708725,Low
0.014156993694094419,Low
1.0,High
0.8342414084908129,High
0.9735042289060919,High
0.027856564153439158,Low
0.00956801894664024,Low
0.005784632949649156,Low
0.0019562871019967623,Low
0.008472974509381117,Low
0.032307509888573456,Low
0.007703773725112914,Low
0.0,Low
0.001671424775829017,Low
0.0007645259938837921,Low
0.01161251868827702,Low
0.0009887380418502935,Low
0.0,Low
0.010782464688618446,Low
0.013960412653877721,Low
0.0129025670486569,Low
0.01187561962054468,Low
0.02636759650086314,Low
0.004468915607726937,Low
0.9798929663608562,High
0.016100087769449566,Low
0.0098344971623522,Low
0.012857253486346627,Low
0.006752225836854665,Low
0.9561741265869705,High
0.0057894327588057315,Low
0.0011467889908256881,Low
0.006989774943992943,Low
0.015173613270447464,Low
0.007290641348969512,Low
0.00017378176423474588,Low
0.9992106517335876,High
0.8439152006014522,High
0.9795786516368886,High
0.0,Low
0.9071766627140152,High
0.005891098594763896,Low
0.013538037911538231,Low
0.03569995454447852,Low
0.0026376146788990823,Low
0.016977227673344895,Low
0.0152552100780633,Low
0.016888562281146415,Low
0.013056373413860782,Low
0.8975987973552332,High
1.0,High
1.0,High
0.18242430352522096,Low
0.0068548754285047385,Low
0.010139359263820471,Low
0.9965596330275229,High
0.0,Low
0.0,Low
0.014900237377301598,Low
0.011906622290352517,Low
0.882885539536916,High
0.014469492042941724,Low
0.031842643248276035,Low
0.0088739624290083,Low
0.9438291830493666,High
0.003429828393614004,Low
1.0,High
0.9116493788937763,High
0.07716365504009363,Low
0.00802230344110221,Low
1.0,High
0.005447578942308981,Low
0.014216613494317529,Low
1.0,High
0.9819586427843309,High
0.00010240823730407537,Low
0.0,Low
0.005733944954128441,Low
0.0,Low
0.8499400735780699,High
0.993119266055046,High
0.9992354740061162,High
0.9977064220183486,High
0.014007398319295629,Low
0.010697788212270435,Low
0.014788364432720134,Low
0.008770323316931969,Low
0.010185898616261119,Low
0.03716483882281236,Low
0.015872862289118477,Low
0.03206964497025249,Low
0.992679572929412,High
0.025049305230620336,Low
0.011763542377027094,Low
0.9902795980777632,High
0.7639566150673748,High
1.0,High
0.019570713192911454,Low
0.010972422378514209,Low
0.9492664191058686,High
0.016676833139478566,Low
0.007701173325759082,Low
0.008349019570788067,Low
0.007418055266526987,Low
0.012339363339017749,Low
0.007056170376747421,Low
0.9954128440366973,High
0.9931829765545361,High
0.999976108562691,High
0.014327223068013279,Low
0.0,Low
0.001834862385321101,Low
0.007647603342792285,Low
0.01981952307625729,Low
0.05355434575618062,Low
0.015951594460169312,Low
0.00578504816662084,Low
0.010741667649508553,Low
0.9980940189175734,High
0.8764621365343118,High
0.02244419765771745,Low
0.01527595747779234,Low
0.018240039001905777,Low
0.17681301878549585,Low
0.015144895825816903,Low
0.010090742793260263,Low
1.0,High
0.014325433573752,Low
0.012631567663621994,Low
0.011301897430736644,Low
0.9861583801913782,High
0.050770886008418066,Low
1.0,High
1.0,High
0.01403177940616882,Low
0.00618446214336744,Low
0.010323172894500422,Low
0.021137923649260655,Low
0.0064387223602503825,Low
0.9853921500471361,High
0.9564947817515227,High
1.0,High
0.005681145485485473,Low
0.0018423333233720826,Low
0.0892018150045673,Low
0.9784913353720694,High
1.0,High
0.0001529051987767584,Low
0.012029187688465105,Low
0.005712128624262601,Low
0.9047017224543524,High
0.0045871559633027525,Low
0.0,Low
1.0,High
0.006016478584655453,Low
0.007161309974236012,Low
0.9607939343702259,High
0.014551318578717158,Low
0.007361457787312981,Low
0.018148937471945997,Low
0.008386410551295336,Low
0.0022935779816513763,Low
0.001712538226299694,Low
1.0,High
0.007277513979633231,Low
0.9702739363171188,High
0.0066243159982365,Low
0.08464091937029505,Low
0.0,Low
0.008406596171634924,Low
0.0,Low
0.010077560975116202,Low
0.01300786369593709,Low
0.004666071693216827,Low
0.9255879568952964,High
0.014408640751055395,Low
0.9989806320081549,High
0.9346122761031017,High
1.0,High
0.9729590435431373,High
0.0027301869895515673,Low
0.010533566122885588,Low
0.9969418960244647,High
0.0022935779816513763,Low
0.0007682994475893537,Low
0.0016737076766521256,Low
0.0,Low
0.006455504564816567,Low
1.0,High
0.010144185536567308,Low
0.010343431128215962,Low
0.8258789351237377,High
0.0004932425766992207,Low
0.004750050692244732,Low
0.011061869710914125,Low
0.0,Low
1.0,High
0.009815645288642148,Low
0.01712498022273641,Low
0.011467889908256881,Low
0.010604259174159929,Low
0.8930020839448468,High
0.8326618629863974,High
0.010543880794602629,Low
0.010821102745183489,Low
0.01467573182202453,Low
0.01133136740934906,Low
0.0,Low
0.010119503404541713,Low
1.0,High
1.0,High
0.012604899264443472,Low
1.0,High
0.02527717133687561,Low
0.972127190897865,High
1.0,High
0.014057915056161663,Low
0.014549903260454106,Low
0.010332239622376877,Low
0.00032797986645390076,Low
1.0,High
0.8634908808037005,High
0.042613222659094216,Low
0.00030398868309954155,Low
1.0,High
0.026121359372398803,Low
0.002948885976408912,Low
0.9973787680209698,High
0.9796630545583477,High
0.9764089121887286,High
0.020049905828502263,Low
0.01714722586282219,Low
0.010690172777453927,Low
0.0031144754717921347,Low
0.9832334376075769,High
0.8384922490611059,High
0.9316768603465854,High
0.01892260543603638,Low
0.011752108314500572,Low
0.011120721965924446,Low
0.9666229794670163,High
0.009285641108040857,Low
0.020885174869373028,Low
0.010252023551837441,Low
0.010867888872210331,Low
0.0068865768912924836,Low
0.048711756084499507,Low
1.0,High
0.01896752584825979,Low
1.0,High
1.0,High
0.7418984378615551,High
0.015538075640763751,Low
0.01154406626486708,Low
0.900373905236793,High
0.001585423484024551,Low
1.0,High
0.7718230430254477,High
0.009308986516385233,Low
0.9748648565162328,High
0.9999160886104275,High
1.0,High
0.8363026787836997,High
0.030457226768971283,Low
0.01959481313423308,Low
0.9882200677619308,High
1.0,High
0.26179365486001654,Medium
0.9807750253924219,High
0.010465277847799933,Low
0.9831712846134504,High
0.01063936086019497,Low
0.9137376050813729,High
0.006882776618966859,Low
0.04984164069538222,Low
0.022035532626034426,Low
0.03854699993053759,Low
0.014534036092270462,Low
0.9854717407937806,High
0.9601403947734223,High
0.8927767865249122,High
0.012833532777489994,Low
0.9981634725544881,High
0.012928453919851875,Low
0.9488789293597407,High
0.01103430059247834,Low
0.01615653042313681,Low
0.0005192959463512691,Low
0.006009053159886943,Low
0.016625626062438503,Low
0.9711441595823749,High
0.011894358494052371,Low
0.0108758796678991,Low
1.0,High
0.00916040207119898,Low
0.0,Low
0.1812610045408211,Low
0.00014237278806143304,Low
1.0,High
0.9836566121197736,High
0.9629969418960245,High
1.0,High
0.07619460515231823,Low
0.009811327088154777,Low
0.010015731969464793,Low
0.014565338500389912,Low
0.01284588101413516,Low
0.013286905183410727,Low
0.978117374827876,High
0.0,Low
0.047398698849243685,Low
0.01112348976456373,Low
0.011993068713158712,Low
0.010773755534180425,Low
0.010626548789349622,Low
0.999868109199505,High
0.002608833907453715,Low
0.010058959511372943,Low
9.912172624109012e-05,Low
0.8501638269986894,High
0.8780478781902847,High
0.030863186253094508,Low
0.0011872638963842418,Low
0.000327653997378768,Low
0.9540875129399606,High
0.08278068817840181,Low
0.010332198957161427,Low
1.0,High
0.9843162370700295,High
0.009276717406831865,Low
0.9051987767584099,High
0.008873030434349017,Low
0.010360962093288314,Low
0.9928169341875543,High
0.014272975947126872,Low
0.010443987910782871,Low
0.016378330154754938,Low
0.01049128649915414,Low
0.012875393151739273,Low
1.0,High
0.01844026669826814,Low
0.00974770642201835,Low
0.02092616863259065,Low
0.013554661167446958,Low
1.0,High
0.8996848621998867,High
0.01168352121383836,Low
0.0,Low
0.011222790583494112,Low
0.009185555732566582,Low
0.004701815378681201,Low
0.990316004077472,High
0.0,Low
0.009996967050690883,Low
0.011187770822834056,Low
0.9935736586362851,High
1.0,High
0.011760535621502333,Low
0.00975126191968916,Low
0.9720948012232417,High
0.0,Low
0.005555745293664787,Low
0.0002698327037236913,Low
0.0004378752236862205,Low
0.6376782239167559,High
0.0,Low
0.012386726483975674,Low
0.011581119350393472,Low
0.008987184772142014,Low
0.0001353184109011452,Low
0.9375294888597643,High
0.007260610562246858,Low
0.9947684309908406,High
0.05944018694143037,Low
0.01202924816331148,Low
0.8956277069958295,High
0.036997316399008814,Low
0.011592920593376433,Low
0.0,Low
0.018767770502088492,Low
0.06693081854848026,Low
0.007471034783817329,Low
0.008264466057646212,Low
0.012759175750199235,Low
0.01322511798343489,Low
0.0013344453711426189,Low
0.012847767540962396,Low
1.0,High
0.0,Low
0.012169857562424037,Low
1.0,High
0.019621064276030373,Low
0.9126162191529164,High
0.00593635607543453,Low
0.002915710535534276,Low
0.015246832678025336,Low
1.0,High
1.0,High
0.925119808835405,High
0.010707296939379477,Low
0.0017006041620049228,Low
0.9789017271555787,High
0.012037869914806643,Low
0.009970864465828708,Low
0.006929199423605445,Low
0.018102298743950303,Low
1.0,High
0.015171230581938486,Low
0.0,Low
0.9341579292267365,High
0.0002821208597148641,Low
0.0021180645363335473,Low
0.008506687898486425,Low
0.02059851463521188,Low
0.011921148476385713,Low
0.006473980703663062,Low
0.011709319662195634,Low
0.0001292156609381057,Low
0.009260183114217078,Low
0.011466922873889616,Low
1.0,High
0.010261829622057288,Low
0.00847811443463814,Low
1.0,High
0.007751470412022661,Low
0.0,Low
0.1669824322819466,Low
0.0,Low
0.009697723882049628,Low
0.012895222451157233,Low
0.9999656392811738,High
0.006174099885367185,Low
0.013327860539929163,Low
0.011156335630654912,Low
0.9810128686962754,High
0.7681599745819931,High
0.9659942932900789,High
0.9999288813028946,High
0.9918807339449541,High
0.9985104523948952,High
1.0,High
0.00022177051409602837,Low
1.0,High
0.011960811295625548,Low
0.9995143011332973,High
0.010750378860329745,Low
0.8879490536026385,High
0.01412334352701325,Low
0.8875264904261304,High
0.991773385602921,High
0.9989960186948244,High
0.012746193126087194,Low
0.0,Low
0.010679699783165108,Low
1.0,High
0.8952897214724798,High
0.0,Low
0.0033279366792588593,Low
0.00673175261351202,Low
0.007147586000984282,Low
0.027588466579292266,Low
0.01134046890927625,Low
0.002621231979030144,Low
0.058800044053853445,Low
0.016136681955777183,Low
0.013930034043423654,Low
0.011281500207420445,Low
0.0,Low
0.0024965244176684857,Low
0.00032865722455996453,Low
0.004449391081068148,Low
0.006403150838944007,Low
0.9999656392811738,High
0.010323435519552214,Low
0.0007645259938837921,Low
0.9807230231542159,High
0.00926603013715747,Low
0.9748081539912545,High
0.006696539453344997,Low
0.011949248633215441,Low
1.0,High
0.018055363847042653,Low
0.010534479701860814,Low
0.0076070695511478706,Low
0.8338061506428446,High
0.9969418960244647,High
0.00030017254737066217,Low
0.00969825974768034,Low
0.01903510239748718,Low
0.017703715975388078,Low
0.008714717481553313,Low
0.014347677371542675,Low
0.013889110818639768,Low
0.010354919455550551,Low
0.028216144634010468,Low
0.003561608139631408,Low
0.008208970514011054,Low
0.010380016304925395,Low
0.0012415840083413274,Low
0.012004078790544806,Low
0.025666734101118343,Low
0.9655172382413763,High
0.0006072130335322014,Low
0.9336712749615975,High
0.009579096769770064,Low
0.0045871559633027525,Low
0.0,Low
0.9723645486898548,High
0.8049766823390846,High
0.018316738858246244,Low
0.9946483180428135,High
0.014276923015032078,Low
1.0,High
0.013132818217098642,Low
0.0,Low
0.008568978565760324,Low
0.9965923984272609,High
0.9972477064220183,High
0.009029455935348499,Low
1.0,High
0.00824413863404689,Low
0.01043065869236937,Low
0.99521625163827,High
0.010879709606503696,Low
0.00016989466530750933,Low
0.0,Low
1.0,High
0.8839876231964665,High
0.010149528335132933,Low
0.9024920330150297,High
0.006885816144733043,Low
0.013976856549688933,Low
0.9526943255878055,High
0.006284977971324401,Low
0.4145261172150325,Medium
0.006674468916401622,Low
0.009653482655264228,Low
0.009691708572212293,Low
0.015999469837629243,Low
0.0333471114031515,Low
5.2725930612675314e-05,Low
0.01787451378571658,Low
0.008862852853585053,Low
0.02126133430205841,Low
0.19726865447318767,Low
0.007211830307700159,Low
0.004466198175193032,Low
0.9951325178389399,High
0.0,Low
0.021150807734593605,Low
0.01107341730569392,Low
0.007198630235667082,Low
0.07662812744583787,Low
0.05278957629143577,Low
1.0,High
1.0,High
0.0,Low
0.004730468500779728,Low
0.0,Low
1.0,High
0.013929981977353536,Low
0.013830412174513971,Low
0.0,Low
0.0,Low
0.013591340795731254,Low
0.003846176867656041,Low
0.009844569929984082,Low
0.036445138123376554,Low
1.0,High
4.253918153960235e-05,Low
0.0010377523975654683,Low
0.006452645443981044,Low
0.000573249029090208,Low
0.007199405398662775,Low
0.003541279976447176,Low
0.0010603820480143467,Low
0.0,Low
0.0,Low
0.011705372245991698,Low
0.012959621697658867,Low
0.9899555846803552,High
0.005919188595138344,Low
0.010448673968809044,Low
0.011550591312605404,Low
0.0014652516023572935,Low
0.007244817013538759,Low
0.008650065530799476,Low
0.008652600585246938,Low
0.36186984524140486,Medium
0.004719477769936485,Low
0.9922491626620066,High
0.006963466232379179,Low
0.03657747509891078,Low
0.0,Low
0.0015790621073581681,Low
0.006318202209547412,Low
0.0002821208597148641,Low
1.0,High
0.008565377908761749,Low
0.0011467889908256881,Low
0.021506284235642034,Low
0.9966360856269112,High
0.010183357501545191,Low
0.01590903588307703,Low
0.007878818052989572,Low
0.0,Low
0.0007831729693443724,Low
0.005988300229004037,Low
0.007138683811005997,Low
0.009859526487072084,Low
0.0,Low
0.030120271665558356,Low
1.0,High
0.0022935779816513763,Low
0.037817982655412814,Low
0.9673154215814765,High
0.05013106159895151,Low
0.8879850426875784,High
0.012904880331076032,Low
0.008095637714933993,Low
0.007050557887602856,Low
0.0055889291673260014,Low
0.014112454896296454,Low
0.9745385165305466,High
0.0,Low
0.01927804916235978,Low
0.022715997795427618,Low
0.01021234345593121,Low
0.0007645259938837921,Low
0.9977317741527657,High
0.999976108562691,High
0.008380521080789944,Low
0.006096660123644305,Low
0.012716900922378642,Low
0.011441335020765496,Low
0.007002668743432195,Low
0.9772981811139478,High
0.8973113541525438,High
0.0060467261384515155,Low
0.9858668779017375,High
0.6099494328241247,High
0.007055192453301888,Low
0.01104363305600506,Low
0.005727643988949081,Low
0.9859991789975914,High
0.0009088484751882834,Low
6.149002631773126e-05,Low
0.006654023385381054,Low
0.015614282676623906,Low
0.03830270120624765,Low
0.00775252877284335,Low
1.0,High
0.9999735610607303,High
1.0,High
1.0,High
0.02162588841155321,Low
1.0,High
0.011197967972210196,Low
1.0,High
0.008968203914190677,Low
0.9764767423145018,High
0.011732881076471375,Low
0.8887144272165419,High
0.006176038397885431,Low
0.01791269918546027,Low
0.011383240863275752,Low
0.006569665462496224,Low
0.010062748955641668,Low
0.0,Low
0.04048958190719556,Low
0.9682622423448111,High
0.01090174280622219,Low
0.0050124648614442435,Low
0.9958715596330275,High
0.0007776333669839561,Low
0.008197650972880331,Low
0.013739624290083005,Low
0.8996027206144764,High
1.0,High
0.00973167410408301,Low
0.006512147522022758,Low
0.94537736327254,High
0.0002465675448010288,Low
0.0,Low
0.0008545628017115561,Low
0.0005733944954128441,Low
0.012902481737415159,Low
0.011842638706255994,Low
0.0,Low
0.008479815753325537,Low
0.011205810100704325,Low
0.12262173900058408,Low
0.000624661739579871,Low
1.0,High
0.0,Low
0.0018786356889858202,Low
0.997553516819572,High
0.0035994828126585214,Low
0.9723435969939301,High
1.0,High
1.0,High
0.9829765545361876,High
0.004604743267888551,Low
0.0,Low
0.0,Low
0.982961992136304,High
0.0005946313285762827,Low
0.0024640832059123347,Low
0.008910595043162753,Low
0.0007645259938837921,Low
0.01100056480538414,Low
0.009104997796145781,Low
0.9999656392811738,High
0.008455268342571617,Low
0.009957747539413008,Low
0.006134817723344084,Low
0.0035285815102328866,Low
0.006878410804227389,Low
0.0011674518555252502,Low
0.005057007718645381,Low
0.9679107138194194,High
0.0007645259938837921,Low
1.0,High
0.0002821208597148641,Low
0.0,Low
4.7782874617737003e-05,Low
0.02907668956303056,Low
0.010497542811856636,Low
0.0,Low
0.0,Low
0.010872429855642761,Low
0.021825776038290987,Low
0.0046614591678603556,Low
0.014245147250822548,Low
0.9687423575578631,High
0.007563360220317859,Low
0.0,Low
0.0,Low
0.008648111888328812,Low
0.01896195573682063,Low
0.9870030581039756,High
0.0,Low
0.004015861684459974,Low
0.01613149847094801,Low
0.009726016051793606,Low
0.004090037967418869,Low
1.0,High
0.9942660550458715,High
0.029284309516651983,Low
0.013578367126667181,Low
0.007422690494636041,Low
0.9778069429629365,High
0.0006697901000440102,Low
0.01276578481441615,Low
0.012100162695225743,Low
0.00820724721141679,Low
0.007025361423555605,Low
0.005728709957098886,Low
0.009785543478626143,Low
0.0,Low
1.0,High
0.007489378068878066,Low
0.0,Low
0.01341088268198239,Low
0.011472542907597572,Low
0.006787808213985364,Low
0.0,Low
1.0,High
0.010204638023507868,Low
0.00869485906949296,Low
0.0,Low
0.008472621552309363,Low
0.014764144972538687,Low
0.8993464462297762,High
0.0,Low
0.0,Low
0.007579106958696269,Low
0.004925228063237211,Low
0.0,Low
0.019052220498174403,Low
0.011229825313845495,Low
0.007016147204712773,Low
1.0,High
0.007402866677545761,Low
0.00468013482394173,Low
0.010179586879802976,Low
0.010592647681805529,Low
0.00474006116207951,Low
0.0,Low
0.004856988667026444,Low
0.0038226299694189597,Low
0.010543981247319622,Low
0.0,Low
0.005198683468035532,Low
0.010033039335719775,Low
0.0,Low
0.034920604529670614,Low
0.0060914701794231,Low
0.9717125382262998,High
0.004697587495752634,Low
0.07947523399231671,Low
0.0,Low
0.015059314455175554,Low
0.0,Low
0.002621231979030144,Low
0.006055843522110704,Low
0.00013861165043507,Low
0.008650688512034847,Low
4.377330366471925e-05,Low
0.006695093900114951,Low
0.0058670624998382595,Low
0.0625688404358129,Low
0.9564675981248734,High
0.007682598816312177,Low
0.007344326593235667,Low
0.030309450997524388,Low
0.018807959607201524,Low
1.0,High
0.0056739758909804105,Low
0.003129548767398261,Low
0.0,Low
0.0,Low
0.00748470156128576,Low
0.00017378176423474588,Low
0.013262987865546368,Low
0.0,Low
0.8108923624015912,High
0.0045871559633027525,Low
1.0,High
0.00600053222060605,Low
0.009811666794997374,Low
0.007480080749506804,Low
0.0001292156609381057,Low
0.040642326980486386,Low
0.0,Low
0.004990572858039791,Low
0.029625592122250393,Low
0.0013552960800667223,Low
0.9852921763747184,High
0.8906371395373898,High
0.010596732399457801,Low
0.018830596706853886,Low
1.0,High
0.008166134586214886,Low
0.009698558322411534,Low
0.0,Low
0.006655796005616508,Low
0.0,Low
0.012630828424247221,Low
0.0029855856605190832,Low
0.010546294290577757,Low
0.00041272153532657523,Low
0.01274526071079948,Low
0.006103741477615128,Low
0.01658736563999089,Low
0.0,Low
0.999976108562691,High
0.006010102331631618,Low
1.0,High
0.0045871559633027525,Low
0.010387774230929058,Low
0.009910889652654064,Low
7.370982584545709e-05,Low
0.006911130325352845,Low
0.0092275071696166,Low
0.0007845236556956416,Low
0.9784370936661015,High
0.0004463819949070905,Low
0.00964763098327267,Low
0.010086810693499064,Low
0.0,Low
0.0063470647394392055,Low
0.012340960901152874,Low
0.007538153361298866,Low
0.018425076452599387,Low
0.005717409394938504,Low
0.0014074710639370338,Low
0.012180612581487185,Low
5.019297574977198e-05,Low
0.010763738261352008,Low
0.00018511573627537554,Low
0.006558952337721239,Low
0.03512492858823134,Low
0.0001292156609381057,Low
0.8836902249503864,High
0.014341515783676179,Low
0.8872892136682244,High
0.005178989927446585,Low
0.007373861477800023,Low
0.0037289437292299826,Low
0.9615667022291942,High
0.014059354803871556,Low
0.00021800862245384872,Low
0.00023201729430014835,Low
1.0,High
0.013055501377069326,Low
0.010858486817239362,Low
0.00989218330198159,Low
1.0,High
0.006097102102244052,Low
0.015088827157510655,Low
1.0,High
0.0,Low
0.01181821799647536,Low
0.9004628923497634,High
0.012158617201597334,Low
0.00010381507503967191,Low
0.0004893305344334687,Low
0.9235046834915103,High
0.010305675824770365,Low
0.012094562805960638,Low
0.9060415756516674,High
0.0,Low
0.05714139183673151,Low
0.012645011472996332,Low
5.017172058003954e-05,Low
1.0,High
0.0,Low
0.0,Low
0.0007645259938837921,Low
1.0,High
0.06986306505395617,Low
0.012812376169328905,Low
0.007709957238541683,Low
0.0008541555774460255,Low
0.012190713319067346,Low
0.007355977111059204,Low
0.028258336973933297,Low
0.08901988081013572,Low
0.015662372897497584,Low
0.04780306339939367,Low
0.01969296449958435,Low
0.010365687529818195,Low
0.010945964391544499,Low
0.01342167855929324,Low
0.013314579751034712,Low
0.009537126208235071,Low
0.13365560330616996,Low
0.9539188258224954,High
0.00028501368949420953,Low
0.0038990825688073392,Low
0.9595706026898689,High
0.0059496133172655475,Low
0.018426703834736845,Low
0.0020642201834862386,Low
0.005992809573182536,Low
0.9952217125382263,High
0.06182466870540266,Low
1.0,High
0.006418362197690344,Low
0.007546728467863395,Low
0.0,Low
0.004634253692113724,Low
0.006946908758466942,Low
0.8599338734659836,High
0.0,Low
0.0,Low
0.0,Low
0.0003048881254452872,Low
0.02209897952268421,Low
0.0001529051987767584,Low
1.0,High
0.9504476283146008,High
1.0,High
0.03640366771153564,Low
0.000868341068923464,Low
0.011328134072664779,Low
0.14067290093328946,Low
0.9651430755788555,High
1.0,High
0.010227753274945588,Low
1.0,High
0.009291595644310043,Low
1.0,High
0.007327560346260984,Low
0.005997866458557945,Low
0.010141751351176603,Low
0.0016702836366764681,Low
0.007706500662147708,Low
0.9864595155324495,High
0.0011467889908256881,Low
0.8853588904441142,High
0.0,Low
0.03796475109432227,Low
0.010530875396566917,Low
0.023652301052282228,Low
0.008017903744261937,Low
0.007246502696387653,Low
0.9923843413152876,High
0.9856863744478422,High
0.007369432295043213,Low
0.0,Low
0.011768367729102799,Low
0.010841908968820285,Low
1.0,High
0.0,Low
0.0,Low
0.0,Low
0.018993764008939547,Low
0.9745910392699385,High
0.007726834041498612,Low
0.04987119173564059,Low
0.3177601358075542,Medium
0.0010631043603163111,Low
1.0,High
0.006452103189032212,Low
0.0008146143113658206,Low
0.0,Low
0.010459731167680657,Low
0.01405635648754915,Low
0.013971020314590455,Low
0.01597083852072274,Low
0.011689195767365232,Low
0.01568241836925239,Low
0.0,Low
0.8713877160321973,High
0.8331176646484197,High
0.0076679008099986784,Low
0.0,Low
0.022710293726199624,Low
0.007696311564211699,Low
0.008481427335101627,Low
0.9690557610973205,High
1.0,High
0.0,Low
0.00737785700526951,Low
0.06947174018269987,Low
0.005787277480344617,Low
0.013761467889908258,Low
0.012762569504692893,Low
1.0,High
0.010711398129728138,Low
0.0,Low
0.04146933293267176,Low
0.0,Low
0.0,Low
0.015386789023306606,Low
0.009112299890094848,Low
0.00687010367277026,Low
1.0,High
0.009117274576630745,Low
0.013917579369830797,Low
0.01387260580800383,Low
0.0,Low
0.026951892255534363,Low
0.0,Low
0.0011485505714567568,Low
0.00565749235474006,Low
0.006430025694544188,Low
0.9501358991232277,High
0.9967889908256882,High
0.01156925018029796,Low
0.006087985547825298,Low
0.9923843413152876,High
0.011641789111200363,Low
0.006465760450083568,Low
0.9786660841706714,High
0.0,Low
0.9690314395735367,High
0.0,Low
0.026801453224156294,Low
9.954765545361876e-06,Low
0.0,Low
0.0,Low
0.007323072536274725,Low
0.0,Low
0.027535677879714573,Low
0.0037561321355759425,Low
0.9682695742454047,High
0.01773056096981617,Low
0.002391270791767561,Low
0.0028856133337033145,Low
0.010703104144723568,Low
0.0005946313285762827,Low
0.010537251110224794,Low
0.00015368179219667737,Low
0.006785280055881981,Low
0.0023740544020601968,Low
1.0,High
0.0004827051385749531,Low
0.007770935444681833,Low
0.016488145600069275,Low
0.0,Low
0.9865443425076452,High
0.0,Low
1.0,High
0.011212985386518453,Low
0.8530925795263151,High
0.999976108562691,High
0.8790757413586426,High
0.0017684079834252898,Low
0.0070773263433813885,Low
0.0,Low
0.0064407171859688535,Low
0.007637643805542979,Low
0.0010138497823874674,Low
0.025017162828434126,Low
0.0014198986663249852,Low
0.9954128440366973,High
0.008689866470497644,Low
1.0,High
0.017270245247313885,Low
0.0005015051492097831,Low
0.00979387584892172,Low
0.006204697928212795,Low
0.007664538141157851,Low
0.006450096141778694,Low
0.005737534370896914,Low
0.007652270614481208,Low
0.0007101448851946431,Low
0.011089730340864773,Low
0.012177379034207287,Low
0.0,Low
0.9867940013627194,High
0.007799939718829909,Low
0.011325980466505134,Low
0.012089162927310911,Low
1.0,High
1.0,High
0.00974770642201835,Low
0.008050011874236892,Low
0.012468284239378319,Low
0.007528486813471544,Low
0.9386795543905635,High
0.01327644708131159,Low
0.01075447287560388,Low
0.09560951331053866,Low
0.009569668508306699,Low
1.0,High
1.0,High
1.0,High
0.9230517160608159,High
0.016117914675264827,Low
0.005351681957186544,Low
0.987183267802534,High
0.0034738362891851564,Low
0.011596833364680158,Low
0.026404748913087694,Low
0.03154565969116928,Low
0.9672865805214597,High
0.009287009017588912,Low
0.009984978643635846,Low
0.037178295493560595,Low
1.0,High
0.0031903456756829317,Low
0.0,Low
0.006535166674073543,Low
0.012630757092984833,Low
0.0001239771881973717,Low
0.03771619094468809,Low
0.945769622833843,High
1.0,High
0.008544377709034684,Low
1.0,High
0.001019367991845056,Low
0.0,Low
0.02544116981755528,Low
0.9282021393489283,High
0.00813700515236356,Low
0.007270537314984292,Low
0.014095553657770845,Low
0.0,Low
0.7876404068235554,High
0.006746958148059002,Low
0.022764911769690494,Low
0.0182761884675836,Low
0.004659269145477315,Low
0.002477064220183486,Low
0.00988428373150785,Low
0.9907864329619656,High
0.002621231979030144,Low
0.07979433745524131,Low
0.0010703368135597086,Low
1.0,High
0.011679384051534422,Low
0.015220729022546235,Low
0.0,Low
0.011694503015101047,Low
0.9932284840541721,High
0.016024464831804284,Low
0.022028303389398575,Low
0.0,Low
1.0,High
0.007979746202680533,Low
0.0,Low
0.057445026940439785,Low
0.022478861865481117,Low
0.9999288813028946,High
0.9945744352786986,High
0.010997625246045643,Low
9.650487806050814e-05,Low
0.0017414203194019708,Low
0.005756914779202635,Low
0.0010709410897353354,Low
1.0,High
0.9881404513546024,High
5.030854204295827e-05,Low
0.00582495995340032,Low
0.0203033281950282,Low
0.008615411824327372,Low
1.0,High
0.8841054945912639,High
0.01444935075599483,Low
0.008706684568457272,Low
0.0,Low
0.9774328821729587,High
0.01382838721988798,Low
0.0016108515313236747,Low
1.0,High
0.00015855834429052572,Low
3.825016928536102e-05,Low
0.0,Low
0.011827537558633146,Low
0.013239153593996945,Low
0.011945035775268679,Low
0.0,Low
0.014073105227698385,Low
9.442230965980883e-05,Low
0.014898406169573232,Low
0.0077754665194362796,Low
0.9948705538673993,High
0.9890417940876657,High
0.000982961992136304,Low
0.00998433136894363,Low
6.623888779447541e-05,Low
0.011128921821126778,Low
0.014013891191856205,Low
0.008936105011334083,Low
0.0001417186364292869,Low
0.01076631992671902,Low
0.9992354740061162,High
0.0031794717147745895,Low
0.9954128440366973,High
0.9606672973294107,High
0.9935015290519876,High
0.013273858842683972,Low
0.013448286331351391,Low
0.0004879204953796391,Low
1.0,High
0.01735722194987497,Low
0.04761011160093729,Low
1.0,High
0.006700780646291449,Low
0.9914373088685015,High
0.0009174311926605505,Low
0.008195712726103019,Low
0.0,Low
0.0011485505714567568,Low
0.00018199581017693672,Low
0.011945904959756583,Low
0.0075520639559194585,Low
0.9004095674967236,High
0.05882056508138712,Low
0.006824557445759749,Low
0.7615154341738002,High
0.005474300067057602,Low
0.0,Low
0.010727839091606899,Low
1.0,High
1.0,High
0.0007372963009509446,Low
0.9989806320081549,High
0.0004225866846296358,Low
0.002117148906139732,Low
0.0,Low
0.0,Low
0.0023740544020601968,Low
0.9869211446046309,High
0.007569759994348933,Low
0.9561626399818506,High
0.006568181713047261,Low
0.009589676091440775,Low
0.8360444530914567,High
0.00847895942279553,Low
0.005873061543577049,Low
0.007175165896568754,Low
0.008245548010100716,Low
0.020107543738385355,Low
0.011423290743744199,Low
0.00757703882139343,Low
0.9913353720693169,High
0.0,Low
0.01121056663584433,Low
0.006680980177435822,Low
0.9719270619380163,High
0.006511402786019528,Low
0.8804780321914698,High
0.016004801403261878,Low
0.010706595061800264,Low
0.013080073240577429,Low
0.005733944954128441,Low
0.011063496370190638,Low
0.006805597425298415,Low
0.006791726140218808,Low
0.007329491683085806,Low
0.0,Low
0.0,Low
0.9225366859987987,High
0.009035127448825049,Low
0.999788285109386,High
0.0,Low
9.620898023994355e-05,Low
9.954765545361876e-06,Low
0.0,Low
0.04989143432210801,Low
0.005709439816411255,Low
0.04705080234499639,Low
0.012982376507802658,Low
0.9945771993457079,High
0.00670575759947027,Low
0.002933526897513198,Low
0.00014910953438822722,Low
0.001834862385321101,Low
0.014083660987330712,Low
0.0,Low
5.030854204295827e-05,Low
0.028313658818245976,Low
0.010035657848039123,Low
0.017325921181231132,Low
0.0115580744510937,Low
0.0009621828504418195,Low
0.0,Low
0.013464612956221745,Low
0.7911155464281008,High
0.042628799108967955,Low
0.014036891422634621,Low
0.004438010703004981,Low
0.9659882074367762,High
0.9649430806242074,High
0.0043235631626457275,Low
0.007481234361968307,Low
0.0,Low
0.007910608609996156,Low
0.01346225636796598,Low
0.008601045979096037,Low
0.0009174311926605505,Low
0.0,Low
0.9272896485996862,High
0.01186170808256851,Low
0.009104327060839135,Low
0.026676496286588032,Low
0.8426863181820546,High
0.0,Low
0.016303946070837076,Low
1.0,High
0.9975425950196593,High
0.0,Low
0.005675445419501448,Low
0.006765318373670548,Low
0.008090564868371074,Low
0.00012252734240628043,Low
0.0462429962418112,Low
0.012080044800992666,Low
0.008983569225687478,Low
0.009797216387379635,Low
0.009845674660555097,Low
0.011197791384236022,Low
0.045680428134556576,Low
0.0001529051987767584,Low
0.00010429086560080877,Low
0.0,Low
0.00018398086440129204,Low
0.00911086699906197,Low
0.9896697975826416,High
0.012287619105861399,Low
0.006007348237193976,Low
0.0013564875491480996,Low
0.000655307994757536,Low
0.0,Low
0.006488250012265122,Low
0.894209842145622,High
0.06984749284512722,Low
0.000564655439564951,Low
0.9630123248562809,High
0.006298176516913075,Low
0.014056269432250138,Low
0.0,Low
0.006104088712450489,Low
0.010543219411476451,Low
0.0,Low
0.016977090895683535,Low
0.9735545931253538,High
0.0002026723192555499,Low
0.003481453971418228,Low
0.7675924153878418,High
0.017614889129036908,Low
8.608851466770518e-05,Low
0.007012182071202482,Low
0.0,Low
0.011615423892068941,Low
0.011624280631288014,Low
0.012403524100771808,Low
0.010648507056317397,Low
0.006923571548946104,Low
0.0,Low
0.005865834470644288,Low
0.051788234701078725,Low
0.8936060791980938,High
0.0001146594153784491,Low
0.0,Low
0.0060402176021418,Low
0.0,Low
0.006049641996846625,Low
0.0,Low
0.012668850475115177,Low
0.0,Low
0.936047400611621,High
0.01607324887141401,Low
0.018187581560069756,Low
0.009574307519480473,Low
0.0057146711895767486,Low
0.0002402649866504056,Low
0.8942503092671129,High
0.0,Low
0.009594481429270635,Low
0.0,Low
2.1740075655463284e-05,Low
0.9638834279889326,High
0.02291939711664482,Low
0.005537390460958835,Low
0.01586839641925112,Low
0.0017138033008579706,Low
0.005114265662821624,Low
0.9780837432885445,High
0.0,Low
0.008022843253352391,Low
0.008780308330300768,Low
0.01086832458034443,Low
0.007332838726969093,Low
0.006026474706894706,Low
0.9279240637038803,High
0.00754251613517735,Low
0.0074081798129421745,Low
0.00700515082787302,Low
0.0059557238525060185,Low
1.7425703596343558e-05,Low
1.0,High
0.000125675505843911,Low
0.9494595918308776,High
0.011637926593782405,Low
0.007954541789920153,Low
0.019526053433280274,Low
0.00016989466530750933,Low
0.006257744059230512,Low
0.018721044361612624,Low
0.973392178667408,High
0.00903398675868865,Low
0.0,Low
1.0,High
7.430320455760378e-05,Low
0.00011761938367442955,Low
0.005787337339282716,Low
0.007467519614060241,Low
0.000254841997961264,Low
0.008736327612170011,Low
0.9999288813028946,High
0.01052528618055626,Low
0.013677053530930015,Low
0.007440563470377749,Low
0.004357798165137614,Low
5.70025190151337e-05,Low
0.00803182991444365,Low
0.006944087157690167,Low
6.464224412358134e-05,Low
0.007981881095658857,Low
0.010652226313330416,Low
0.11385043544679661,Low
0.012942558978981236,Low
0.015406464728353756,Low
0.0052321462558828575,Low
0.009705801466617783,Low
0.001179671829272303,Low
0.9948997925244456,High
0.00012084788735760339,Low
0.006158543562370845,Low
0.000694483365332291,Low
1.0,High
0.0,Low
0.9998991833854219,High
0.010839519436305714,Low
0.0,Low
0.0007645259938837921,Low
0.0,Low
0.00015996404054003876,Low
0.0017474603061291003,Low
0.012324718539110078,Low
0.0,Low
0.991846176249846,High
0.032027573186495364,Low
0.007702212482511855,Low
0.9666612057667106,High
0.9733159765269856,High
0.0,Low
0.9966190961603806,High
0.0,Low
0.029060848143065116,Low
0.9996521088524223,High
0.006439508481657085,Low
0.006988450760779733,Low
0.9612847275963824,High
0.0056893659268271906,Low
0.006966475177913057,Low
0.01379941680313606,Low
0.008365131698703947,Low
0.00707537643794814,Low
0.0,Low
0.008251422019573537,Low
0.8879920440322937,High
0.004798003231229259,Low
0.006733142849010294,Low
0.0007645259938837921,Low
0.011069216429431233,Low
0.010103737832606725,Low
0.001999262343169282,Low
0.0,Low
0.9438885558127212,High
0.02779297786320572,Low
0.0,Low
0.006772970369854486,Low
0.0028882093102276588,Low
0.03500847049025751,Low
1.0,High
0.0,Low
0.0,Low
0.006723978631949775,Low
0.0007236107199079854,Low
0.0067900424658397535,Low
0.011722494329491386,Low
0.00682071537878184,Low
0.9509018958738193,High
0.0,Low
0.2414482701518101,Medium
6.34588642188266e-05,Low
0.004642775805947576,Low
0.1020364192382541,Low
0.03355891280456908,Low
0.00820462790709289,Low
1.0,High
0.0,Low
0.006117487610321597,Low
0.03612600073693652,Low
0.0,Low
0.0,Low
0.0022139398572884814,Low
0.00628567906678135,Low
0.0,Low
0.0037692164356858053,Low
0.9908256880733946,High
0.000564292995485656,Low
7.632539040437192e-06,Low
0.007771321048277595,Low
0.011291885510415153,Low
0.00703316665105943,Low
0.0,Low
0.0,Low
0.9956448745918905,High
0.006525556994776777,Low
0.007952512997908508,Low
0.0,Low
0.0006318342551784783,Low
0.026472197533090446,Low
0.0,Low
0.006149359089230478,Low
0.008466193456047256,Low
0.0015865958662955183,Low
0.0,Low
0.00949181011024352,Low
0.9997301672962763,High
1.0,High
0.04473604185267998,Low
0.009567881455390469,Low
1.0,High
0.007770181059360547,Low
0.002621231979030144,Low
0.000561796079853864,Low
0.8941945669009888,High
0.9999656392811738,High
0.006254514267784473,Low
0.010052393804388545,Low
0.007925667570593903,Low
0.0,Low
0.1828454929372361,Low
0.00033729087965461414,Low
0.0,Low
0.907101336391457,High
0.9933277731442869,High
0.017030374007113463,Low
0.0,Low
0.006840364514866316,Low
0.010312985428120078,Low
0.012747857526656942,Low
0.008092223118922787,Low
1.0,High
0.0010366720240038458,Low
0.004021394006930345,Low
0.0,Low
0.006429324781544431,Low
0.01035880112846591,Low
0.8282935644645857,High
0.9968545216251639,High
0.021488070745897744,Low
0.901612757406317,High
0.0,Low
0.0,Low
0.011501840881137206,Low
0.006462099781877317,Low
0.014872133772329293,Low
0.959298246292732,High
0.9663822208426265,High
0.010480217923033892,Low
1.0844340338777192e-05,Low
7.632539040437192e-06,Low
0.9999656392811738,High
0.0008226587391511925,Low
0.0,Low
0.0,Low
0.0,Low
0.0056947198947255254,Low
0.00011129045109336889,Low
0.9899519440803843,High
0.006607016238832051,Low
0.0109220014938338,Low
1.0,High
0.011204537362330026,Low
0.0024175551698487475,Low
0.9975240087987554,High
0.01259523186445953,Low
0.006423775634901714,Low
0.014952579835436911,Low
0.010940651516833096,Low
0.9938868294768256,High
0.0001075538285943566,Low
0.0038833620095150303,Low
0.001834862385321101,Low
0.0005992498391842379,Low
0.9816404543468763,High
0.00013653601425258008,Low
0.0,Low
0.021068103819162513,Low
0.14443352264453183,Low
0.014523124398933818,Low
0.0,Low
0.006102204253094934,Low
0.017063103877817773,Low
0.049743018954386126,Low
0.0031507649529046292,Low
0.0,Low
0.007672985396410945,Low
1.0,High
0.9993446920052425,High
0.02954788862247977,Low
0.010647203159015085,Low
0.01289906136198387,Low
1.0,High
0.006569100470761244,Low
0.0030581039755351682,Low
0.01375028712568123,Low
0.006112360430165154,Low
0.011298206957773293,Low
0.0004722072315164598,Low
0.007739021688586832,Low
0.9796126401630988,High
0.019327223355227827,Low
0.014869504757165263,Low
0.012471456547781838,Low
0.004530822469016578,Low
0.0,Low
0.0,Low
0.0073853080148158804,Low
0.009372533598574677,Low
0.9910495849716034,High
0.9970183486238532,High
0.024471552911919884,Low
0.7753129261156784,High
0.9646511207533607,High
0.9998991833854219,High
0.9505606523955149,High
0.0011467889908256881,Low
0.9877573904179408,High
0.0,Low
0.01035775165855673,Low
0.0011467889908256881,Low
0.0011467889908256881,Low
0.015984114910826182,Low
0.9836808451487352,High
0.01580869385037242,Low
0.004054260243039633,Low
0.9712729964564827,High
1.0,High
0.017498355720935978,Low
0.007993717242078518,Low
0.06364782556694942,Low
0.008639223189569204,Low
0.00205247225322712,Low
0.0149883066236305,Low
0.006588230523672035,Low
0.010090620746292097,Low
0.0,Low
0.010379593231484815,Low
0.0,Low
0.01254355338231799,Low
0.0058724449908091345,Low
0.9739088128996386,High
0.0,Low
0.9977064220183486,High
0.9623525557011796,High
1.0,High
0.014989742023545012,Low
0.001965923984272608,Low
0.03364728927542782,Low
0.015859615498729298,Low
0.0,Low
1.0,High
0.03296394925421293,Low
0.00814586496742831,Low
0.8778901118836587,High
0.9740650277347527,High
0.8916263400208353,High
1.0,High
0.9820821285620087,High
0.009267015223022946,Low
0.9751230312135669,High
0.0001239771881973717,Low
0.8831491161098469,High
0.9965248818459826,High
0.006307339449541285,Low
0.9463919820942671,High
0.005995193120849624,Low
2.0799105884139068e-05,Low
0.0,Low
0.0,Low
0.011467889908256881,Low
0.00828282599477536,Low
0.0,Low
0.2170178105708065,Medium
1.0,High
0.009666517546700256,Low
0.011262259807074992,Low
0.0,Low
0.1048315342380004,Low
0.0047533733180178065,Low
0.015141580836070772,Low
0.010922652517552976,Low
0.015929658051163684,Low
0.0,Low
0.0005946313285762827,Low
1.0,High
0.8977873539357503,High
0.9992354740061162,High
0.9999656392811738,High
0.02001263439493851,Low
0.9890782000873745,High
0.9888961700888307,High
0.02003396327752327,Low
0.0,Low
0.015339779988289132,Low
9.954765545361876e-06,Low
1.0,High
0.992300131061599,High
0.9744847923351562,High
0.0051223241590214064,Low
0.0,Low
0.011306259211260494,Low
0.023117687758777997,Low
0.01472361390732214,Low
0.013592022129262294,Low
1.0,High
0.9947575360419397,High
0.8262505374459206,High
1.0844340338777192e-05,Low
0.0036189531602375635,Low
0.0,Low
0.047768464684810726,Low
0.9900611620795108,High
0.9023152703804749,High
0.03528633563111028,Low
0.0026376146788990823,Low
0.9999656392811738,High
0.006988063298792978,Low
0.0,Low
0.011646544236273914,Low
0.9581258191349935,High
0.8812154518772086,High
0.9554099526300714,High
0.007082493118814902,Low
0.001807683887768722,Low
0.9999288813028946,High
0.013657176616145806,Low
0.0,Low
0.7808785413236445,High
0.0164155901918954,Low
0.013783311489733508,Low
0.9990825688073395,High
0.025421999308938938,Low
0.004166666666666666,Low
0.016546293050500347,Low
0.012610308251937517,Low
0.9906732747006333,High
1.0,High
0.01449097468087838,Low
0.014797027657748122,Low
0.009839179818085532,Low
0.9865179035683757,High
0.01647421841560788,Low
0.0260055051478374,Low
0.023847723238635387,Low
0.043369194797437866,Low
1.0,High
0.015050368059548696,Low
0.011950563913274752,Low
0.9963302752293578,High
0.9954128440366973,High
0.014460853514852944,Low
0.01909787768102564,Low
0.0004541118909145688,Low
0.010126432164485588,Low
0.04504175269660292,Low
0.0003086595627481148,Low
0.014317184796569788,Low
0.8273976166419403,High
0.018339494326406712,Low
0.9162001263629201,High
0.0022845694696192504,Low
0.021378892120801463,Low
0.020107163442462647,Low
0.021121862875823447,Low
0.013645574785522443,Low
0.0016532156078269066,Low
0.005564944471269918,Low
0.009318120938477344,Low
0.9439814046185324,High
0.9640082012788435,High
0.015822005562805292,Low
0.013394653082536503,Low
0.010315279359868144,Low
1.0,High
0.0030581039755351682,Low
0.0,Low
0.9954128440366973,High
0.003938819778233602,Low
0.0,Low
0.025386436141754686,Low
0.7637492135189226,High
0.0021512314538898927,Low
1.0,High
0.9555826310326658,High
1.0,High
1.0,High
0.9536677194125794,High
0.01220321302445228,Low
0.010181282981482784,Low
0.010662245753519763,Low
0.015490044073656749,Low
0.01711362293438743,Low
0.9389601811915187,High
0.9924566768603464,High
0.0179325949055401,Low
0.013538825879040041,Low
0.07671570274781285,Low
0.02694502410857772,Low
0.9576554016101853,High
0.013795257291108453,Low
7.370982584545709e-05,Low
0.010143751918119844,Low
0.011248538959091281,Low
1.0,High
0.011383328951196528,Low
0.0,Low
0.016022465829322423,Low
0.008566377584524233,Low
1.0,High
0.007653839502255295,Low
0.8231283977262119,High
0.010804146784677358,Low
0.006085653801417786,Low
0.003258040066519659,Low
5.582632517838941e-05,Low
0.008831752689366935,Low
0.9908256880733946,High
0.012695981514251256,Low
0.007274176512243317,Low
0.011997074227683195,Low
0.007396705332815327,Low
0.9924566768603466,High
0.9893280791351964,High
0.009888180576197692,Low
0.016695461679893327,Low
0.8935317401653381,High
0.011292373668058152,Low
1.0,High
0.0035076047236156063,Low
0.013248948094422218,Low
0.9961773700305812,High
0.01101744601489252,Low
0.01353312883917815,Low
0.9592283182232183,High
0.00796833985260521,Low
1.0,High
0.9973787680209699,High
0.0067123912432837975,Low
0.7007807311035104,High
0.033080912097585874,Low
0.013188279193874745,Low
0.0007851946130773125,Low
0.006532664893172611,Low
0.010439478496155395,Low
0.9998361730013107,High
0.012520724145074576,Low
0.0026758409785932725,Low
1.0,High
0.02550304941307317,Low
0.010316411608799867,Low
0.027699008432953393,Low
0.0003523467623986172,Low
0.013373178018192789,Low
0.017136408217206148,Low
0.00015178480870727467,Low
0.01158207023490269,Low
0.009837486025721032,Low
1.0,High
0.9346812927431492,High
0.009646446458191833,Low
0.010159920855042562,Low
0.009491907543032543,Low
0.014059608069502908,Low
0.04503840101275547,Low
0.0,Low
0.014750719793275963,Low
0.0009372791765186361,Low
0.012864890059083924,Low
0.015344340679615128,Low
0.014322870680637935,Low
0.00962555057194358,Low
0.03887904315410654,Low
0.0,Low
1.0,High
0.0,Low
0.002342734338053694,Low
0.9773229932492445,High
1.0,High
0.00933322513817554,Low
0.01144441838013483,Low
1.0,High
0.015351353038812183,Low
1.0,High
0.013036934793491382,Low
0.019759793529589238,Low
6.035731530661516e-05,Low
0.0,Low
0.9964904616280763,High
0.020756463865774274,Low
0.9998301053346925,High
0.9844562160933905,High
0.9998991833854219,High
1.0,High
0.01259849020001766,Low
0.023517704335662113,Low
0.9962468723936614,High
0.9068825542449394,High
0.0133404940742817,Low
0.01839694506462849,Low
0.004969418960244648,Low
0.014815255915123256,Low
1.0,High
0.009995469475591798,Low
0.012144770773426527,Low
0.815610727193296,High
0.006841415935804047,Low
0.003066414040686079,Low
0.006297447599028407,Low
0.01504253385277123,Low
0.0,Low
0.0,Low
0.0045871559633027525,Low
0.009408795535638052,Low
1.0,High
0.024153972007909183,Low
0.9962865880297074,High
0.015050469362911765,Low
0.9834673074122615,High
0.01451437905105779,Low
0.009305220911567023,Low
0.017129558245316475,Low
0.0,Low
0.012092370117836615,Low
0.013753144934866273,Low
0.016921294660009054,Low
0.013785179710676724,Low
0.13824963263036655,Low
0.0055510592571255905,Low
0.017503110331222965,Low
0.0059104139930695855,Low
0.0,Low
0.006798072153219888,Low
0.0,Low
0.9934981297201625,High
0.0,Low
0.9657710790738313,High
0.01863302251556302,Low
6.149002631773126e-05,Low
0.009986714563944465,Low
0.03891293927369959,Low
0.010880257494928276,Low
0.01107484637472631,Low
0.0,Low
0.9984709480122324,High
0.014650611652986145,Low
0.003470440843124631,Low
0.04767071613401887,Low
0.9684142659356139,High
1.0,High
0.009229332531232048,Low
0.0002163690769787248,Low
0.0180840996839541,Low
0.01021860591529273,Low
1.0,High
0.00758070649435787,Low
0.000803147773954653,Low
0.0035573779907595348,Low
0.03242694423756068,Low
0.009845668892718344,Low
0.010610253731143795,Low
2.1740075655463284e-05,Low
0.01047419026101787,Low
0.9883653044203503,High
0.010984033512272607,Low
0.013598850622750845,Low
0.0,Low
0.8495753070884069,High
0.9990825688073395,High
0.006564381860802193,Low
0.025973429292371543,Low
0.9858987188569912,High
1.0,High
0.03304286459451996,Low
0.0,Low
0.0819605673170303,Low
0.013834737729777176,Low
0.006533632919525396,Low
0.00796862903698092,Low
0.0,Low
0.0,Low
0.016031853316005918,Low
0.8716750614936628,High
0.012647461704781216,Low
0.9799694189602447,High
0.0,Low
8.797896344993867e-05,Low
0.9977064220183486,High
0.923864622252853,High
0.9425407513086017,High
0.9238982459143138,High
0.011140235910878113,Low
0.9033440933288029,High
0.007194296143939703,Low
0.014222282014239165,Low
1.0,High
0.041685697075605335,Low
0.001889860774081529,Low
0.009799519145577413,Low
0.017249774443075336,Low
0.0006442219564715198,Low
0.006514773536868727,Low
1.0,High
0.016062892642240045,Low
0.0006951043102465175,Low
0.9639929166923036,High
0.011618987934211558,Low
0.008759605395652854,Low
0.035087155963302745,Low
0.05817744946185313,Low
0.009220829486293786,Low
0.010167691993764504,Low
0.009597481164458233,Low
1.0,High
0.9996329034502172,High
0.009057509099148738,Low
0.9867797196310575,High
0.0001239536511103468,Low
0.004783748361730013,Low
0.007277895484540274,Low
0.02061998086333754,Low
0.023823386094028298,Low
0.007835908424732705,Low
0.0,Low
0.014736420267617662,Low
0.07646504505107549,Low
0.005733944954128441,Low
0.024934469200524247,Low
0.9742708938179848,High
1.0,High
0.007488134898582887,Low
0.007561479397039517,Low
0.0111290957777492,Low
0.9750918392860578,High
0.999976108562691,High
0.011227074171032947,Low
0.9984709480122325,High
0.12776685597786516,Low
0.0045871559633027525,Low
1.0,High
1.0,High
0.9676696527111941,High
0.01231723847686213,Low
9.954765545361876e-06,Low
0.012028542303771662,Low
0.9960635566920104,High
0.0011467889908256881,Low
0.0,Low
0.010184196544672074,Low
0.9948035314304866,High
0.010883244449854263,Low
0.018208061170542068,Low
0.02720252508768665,Low
0.007765562013615375,Low
0.009629200075766946,Low
0.01051261330051702,Low
0.0,Low
0.00032502670151596214,Low
0.9789485113973273,High
1.0,High
1.0,High
0.02584796153740212,Low
0.010654811983534277,Low
0.00010702687633801192,Low
0.044094889482125636,Low
0.019137809611158015,Low
0.020593832994112216,Low
0.0,Low
0.00013192010778614353,Low
0.4456148973350808,Medium
0.010376273249764258,Low
1.0,High
0.0022935779816513763,Low
0.009330249901599474,Low
1.0,High
0.011032708173536028,Low
0.015596743115109316,Low
0.9984709480122324,High
0.010613358130930695,Low
0.01372870249017038,Low
0.009333110623484785,Low
0.01592096181188457,Low
0.01110885180221308,Low
0.0063229249574564324,Low
0.9894773422296357,High
0.6974197325185477,High
0.9981651376146788,High
0.515811125673511,High
0.9388036229132872,High
0.0002765820736167273,Low
0.01417045625317598,Low
0.011513868844393657,Low
1.0,High
0.6110419250894353,High
0.020498489649132555,Low
0.021667828488139744,Low
0.9730340760157274,High
0.9938837920489297,High
0.006742735184966912,Low
0.05673449531462286,Low
0.00016131219345051384,Low
0.031242139613699246,Low
0.010601094538754213,Low
0.011238192304754905,Low
0.004056011588604538,Low
0.872890568307136,High
1.0,High
0.010446701616426387,Low
0.0011109318888103544,Low
0.9856523955147809,High
0.011093292588938418,Low
0.897087697827112,High
1.0,High
0.942207757351704,High
0.3089949554936654,Medium
1.0,High
0.01093933574053246,Low
0.005792347857515085,Low
0.0030581039755351682,Low
0.0001239771881973717,Low
0.005323738379867478,Low
0.8773157431505684,High
0.0059672937048122305,Low
0.020117235997468556,Low
0.006635091441829688,Low
0.003937310299715715,Low
0.9999656392811738,High
0.002449074797575987,Low
0.9841310664039948,High
0.004431520314547838,Low
7.370982584545709e-05,Low
0.010297037136145715,Low
0.0,Low
0.009487778910093558,Low
0.01013340975865761,Low
0.014656953273422714,Low
0.0022935779816513763,Low
0.011565282639813965,Low
0.028479393510676673,Low
1.0,High
0.019465978698340203,Low
0.8031267089475376,High
0.9932339449541284,High
0.0,Low
1.0,High
0.03134249998083895,Low
0.005460796432143012,Low
0.013706226968911682,Low
0.9846730741226155,High
0.008391088806305883,Low
0.999585880916782,High
0.9949031600407747,High
0.0,Low
0.010312036103980578,Low
0.010979794052416544,Low
1.0,High
1.0,High
0.8097993789861045,High
1.0,High
0.011544879202488334,Low
0.012509382540524262,Low
0.0,Low
0.01052094287277908,Low
0.011212460340737095,Low
0.008493019834678945,Low
0.0004339927858123637,Low
9.255261502086107e-05,Low
0.016963679375785447,Low
0.013492379828683442,Low
0.9681174457550604,High
0.007718837739507884,Low
0.016406076740174774,Low
0.9725425950196593,High
0.0,Low
0.005714718050212066,Low
0.0010039659094086707,Low
0.005638792388660286,Low
0.005894617467224404,Low
0.9885867404437987,High
0.9800586136595312,High
0.9999656392811738,High
0.007123920542941455,Low
0.013901065521961601,Low
0.037959452559887134,Low
0.0038226299694189597,Low
0.013265251440337982,Low
0.9006698494062345,High
0.9984709480122324,High
0.007694584876028422,Low
0.018901293405059787,Low
0.017020060155667635,Low
0.0,Low
0.006250177910662643,Low
0.022862473589236276,Low
0.010399165695773498,Low
0.00962490918479089,Low
0.00115674375637105,Low
0.003293298306513797,Low
0.011969552971353424,Low
0.016429888013439402,Low
0.0009156634979588632,Low
1.0,High
0.00018075377346171888,Low
1.0,High
1.0,High
0.0022935779816513763,Low
0.9636380064043063,High
0.02000014204161549,Low
0.0018851709273640593,Low
0.009206103210173313,Low
0.010354867422652533,Low
0.0,Low
0.016701914293657413,Low
0.009676714722586282,Low
0.894350844400065,High
0.007377708267635025,Low
0.9988532110091743,High
0.9795578170105964,High
0.02143154729356403,Low
0.0,Low
0.0022935779816513763,Low
0.012197742875635789,Low
0.0003539349988449642,Low
1.0,High
0.9892966360856269,High
6.623888779447541e-05,Low
0.0,Low
0.009854843009376205,Low
0.005855047364226355,Low
0.007902608539201902,Low
0.0007658049999891864,Low
0.8256593979664119,High
0.0,Low
0.0011467889908256881,Low
0.0032110091743119264,Low
0.023728781992755743,Low
0.9830838788555526,High
0.7347708738763783,High
0.012771024763008815,Low
0.0007645259938837921,Low
0.0,Low
0.9835229804565997,High
0.006488276117510279,Low
0.9950805946998741,High
1.0,High
0.9906907717215326,High
0.009428465833733487,Low
1.0,High
0.1125300317959496,Low
0.004946504801882344,Low
0.022373487743005828,Low
1.0,High
1.0,High
0.010652881958167146,Low
0.009216938450022435,Low
0.02106391044109683,Low
0.008680843392775585,Low
0.09528412825595298,Low
0.0019324614483700957,Low
0.9812691131498472,High
0.010016591792748336,Low
0.0,Low
0.9989806320081549,High
0.0,Low
0.0,Low
0.0001456937267658101,Low
0.016861655709400625,Low
0.008548790658882402,Low
0.9479157565166741,High
0.006269113149847095,Low
0.988458683766199,High
0.8875155323148632,High
0.0,Low
0.8928723479280062,High
0.006525362208159011,Low
0.009186954547305328,Low
0.0005733944954128441,Low
0.010470507617581937,Low
0.007253481628635954,Low
0.005396654074473826,Low
1.0,High
0.0383772238650091,Low
0.9709370904325033,High
1.0,High
0.007645004399198958,Low
0.0,Low
0.01680537378335984,Low
0.8955960364070976,High
0.0,Low
0.0,Low
0.0,Low
0.6069602625592913,High
1.0,High
0.013226627140111325,Low
0.9634235505629952,High
0.9799821610601428,High
0.0,Low
0.012441079742675018,Low
0.0,Low
0.01161326325555422,Low
0.02793947836931621,Low
0.09980331939674342,Low
0.9696275946275946,High
0.9785936490891188,High
0.07433810841287591,Low
0.904087506099271,High
1.0,High
0.9935779816513761,High
0.006643785419339041,Low
0.005581429144548983,Low
0.01069688656912272,Low
0.9916088610427388,High
0.007049461558968616,Low
0.016703013961349412,Low
0.8969361670593726,High
0.033231396534148826,Low
0.031113070647542353,Low
0.5118423942630727,High
0.007735252242669547,Low
1.0,High
0.9826561817387506,High
0.8944620907391189,High
0.00011761938367442955,Low
1.0,High
0.04190568285742423,Low
0.006129571692158406,Low
0.0034092952497994902,Low
0.0,Low
0.0,Low
0.015341883561315224,Low
0.0045871559633027525,Low
0.010994771964498039,Low
0.005285184123343526,Low
0.011108210373978673,Low
0.9883230533504869,High
0.9954128440366973,High
0.0069367069321751955,Low
0.9998361730013107,High
0.015147979075091675,Low
0.0045871559633027525,Low
0.9994266055045872,High
0.01090019107626953,Low
0.9359387602774506,High
0.009579567961407815,Low
0.015905395681552522,Low
0.9969418960244647,High
0.013316934676077332,Low
0.022500178119631835,Low
0.00805287110284936,Low
0.0001442674180617437,Low
0.9946483180428134,High
4.2837603991976594e-05,Low
0.9926605504587156,High
0.9866103731356896,High
0.011853376202355709,Low
0.0038226299694189597,Low
0.07333738694917806,Low
0.010079854284986166,Low
0.004732278170742388,Low
0.0,Low
1.0,High
0.01324414825701898,Low
0.010709127903170442,Low
0.8781899688191656,High
0.9999735610607303,High
0.011446930221078564,Low
0.0,Low
0.009339824479638477,Low
0.020112888338858607,Low
0.0735155989001105,Low
0.016798179412844352,Low
0.019420463965955162,Low
0.0,Low
0.013580819772730818,Low
0.007052880577703147,Low
0.007686661572459306,Low
0.9918727562824092,High
0.005740784643674227,Low
5.582632517838941e-05,Low
0.9954128440366973,High
0.011055667496898682,Low
0.6480356162695613,High
0.005829270262487075,Low
5.582632517838941e-05,Low
1.0,High
0.011980652887830736,Low
0.01127637615199505,Low
0.001292506254678523,Low
0.0006652627603028979,Low
0.9986667403290891,High
0.0,Low
1.0,High
0.00796905810321334,Low
0.01471119680536646,Low
0.9403339888028011,High
0.04426007327225204,Low
0.007650128582670328,Low
0.0,Low
0.023115989515072086,Low
0.012134293042516543,Low
0.01177847585693656,Low
1.0,High
0.9691404543468761,High
0.006789842570044783,Low
0.006163465152322192,Low
0.9873853211009175,High
0.014586114211995054,Low
0.0064982394673017176,Low
0.006751327099401039,Low
0.011390786523574371,Low
0.01206548844090708,Low
0.005997394628693842,Low
0.0,Low
0.0,Low
0.006052664025596482,Low
0.01016300959657873,Low
0.010378645402907264,Low
0.0059514578479347565,Low
0.0,Low
0.08731441114543728,Low
0.9600407747196735,High
0.011193291342233378,Low
0.006121795007579485,Low
0.008465398935401958,Low
0.07909827252587116,Low
0.006194245680553337,Low
1.7425703596343558e-05,Low
0.004799461583484462,Low
0.0008776781118207385,Low
0.00010240823730407537,Low
0.0006925298475544001,Low
0.0089098042437287,Low
0.9994266055045872,High
0.010537384710701824,Low
1.0,High
0.01583392678817129,Low
0.0,Low
1.0,High
0.010410718021018069,Low
0.010481105543596088,Low
0.01306532995877188,Low
1.0,High
0.021427653850780208,Low
0.9884609913946376,High
0.0,Low
0.0,Low
0.0,Low
4.03537764975964e-05,Low
0.0009156634979588632,Low
0.022410312759709086,Low
0.014704357829822524,Low
0.9027925937802996,High
0.006420080683002691,Low
0.9782820265117719,High
0.007386513990151474,Low
0.9825360419397117,High
0.8173230564759529,High
0.015828576877865794,Low
0.0,Low
0.0025120398364377717,Low
0.010266782693541884,Low
0.0074105052067875,Low
1.0,High
0.00729170798330722,Low
0.9743111861444934,High
9.905887809459935e-05,Low
0.9954128440366973,High
0.08161656030526268,Low
0.889837136890501,High
0.8216360856269113,High
0.0009192467998355122,Low
0.026791149831550534,Low
0.011382108289242836,Low
0.0,Low
1.0,High
0.010642122892006202,Low
0.995326293924182,High
0.9486334992793476,High
0.0006514227729965307,Low
0.00497854922646163,Low
0.992354740061162,High
0.01372216971940427,Low
0.0020828027451202254,Low
0.9851890291709902,High
0.018217562254259502,Low
0.013583845378994552,Low
0.9543068297655453,High
0.006941678704877954,Low
0.0007115678644840231,Low
0.0030581039755351682,Low
0.7077968782940749,High
0.9387614678899083,High
0.04797005395583722,Low
0.004792841995562723,Low
0.0012909145018672069,Low
0.009905891537007784,Low
0.013216135280742808,Low
0.0,Low
0.9251001164991993,High
0.4623798602009612,Medium
0.0018502040440612438,Low
0.008854768067868514,Low
0.023875054608999562,Low
0.6400587268710203,High
0.018485913334039983,Low
0.007371519856038253,Low
0.017336513421048153,Low
0.010506853119986463,Low
0.021547852569896726,Low
0.0,Low
0.9984709480122324,High
0.004847131391712813,Low
1.0,High
0.005944150363272245,Low
0.00619582596527787,Low
0.0,Low
0.01036099132436489,Low
1.0,High
0.015407231956172827,Low
0.0,Low
7.88734021720643e-05,Low
0.0,Low
0.0007831729693443724,Low
0.011920065791586084,Low
0.006292964446532453,Low
0.0002632522665492849,Low
0.015217086313217016,Low
1.0,High
0.0028032619775739042,Low
0.01274386577779761,Low
0.9995829858215179,High
0.009895856327101616,Low
0.008283820842540975,Low
0.9799949031600408,High
0.0229840913419747,Low
0.010234446586926104,Low
